"genome","completeness","contamination"
"3300012893_3.fna",87.23,0.09
"3300012893_1.fna",71.08,1.36
"3300012900_3.fna",81.9,1.38
"3300012909_1.fna",93.97,3.45
"3300012912_3.fna",100,8.54
"3300012913_2.fna",94.83,3.88
"3300012915_4.fna",92.67,8.33
"3300012916_3.fna",75.83,2.37
"3300012958_12.fna",86.03,1.72
"3300012961_8.fna",89.07,4.02
"3300012984_5.fna",81.71,8.23
"3300012984_7.fna",99.04,1.01
"3300012984_4.fna",88.06,5.65
"3300012984_9.fna",81.33,3.78
"3300012985_8.fna",99.28,0.07
"3300012985_9.fna",76.28,1.23
"3300012986_12.fna",82.74,0.3
"3300012987_7.fna",91,0.69
"3300012988_6.fna",87.51,8.83
"3300012988_7.fna",99.43,4.48
"3300012989_7.fna",96.43,5.42
"3300012989_10.fna",79.59,2.23
"3300012989_14.fna",89.34,1.26
"3300013097_6.fna",95.61,1.36
"3300013097_2.fna",85.65,2.17
"3300013097_7.fna",73.45,2.23
"3300014151_11.fna",73.7,7.26
"3300014151_10.fna",88.6,3.42
"3300014151_15.fna",78,1.87
"3300014151_12.fna",94.19,4.19
"3300014152_20.fna",88.03,2.14
"3300014152_12.fna",84.52,2.9
"3300014152_10.fna",96.95,0.29
"3300014153_18.fna",70.31,7.98
"3300014153_11.fna",87.16,1.1
"3300014153_10.fna",91.61,3.55
"3300014155_16.fna",95.48,0.13
"3300014155_13.fna",77.49,1.71
"3300014155_17.fna",99.53,6.54
"3300014155_7.fna",94.84,3.55
"3300014156_11.fna",90,2.4
"3300014156_12.fna",93.3,0.65
"3300014156_8.fna",74.66,1.1
"3300014156_9.fna",75.91,1.21
"3300014156_10.fna",87.18,1.38
"3300014158_9.fna",82.76,1.72
"3300014158_12.fna",91.03,3.09
"3300014158_13.fna",90.08,1.33
"3300014159_14.fna",92.74,1.28
"3300014159_21.fna",81.78,0.93
"3300014159_15.fna",88.73,1.66
"3300014159_10.fna",93.89,1.1
"3300014160_13.fna",82.6,0.9
"3300014160_11.fna",82.84,0.11
"3300014161_15.fna",81,1.24
"3300014161_14.fna",89.27,1.32
"3300014162_12.fna",91.62,3.27
"3300014162_9.fna",88.37,4.42
"3300014162_10.fna",84.34,2.4
"3300014162_17.fna",81.78,0
"3300014162_15.fna",77.34,2.25
"3300014162_8.fna",82.35,1.1
"3300014164_7.fna",82.71,7.18
"3300014164_9.fna",97.44,1.28
"3300014165_9.fna",85.72,1.96
"3300014165_6.fna",94.32,7.27
"3300014167_3.fna",76.54,3.47
"3300014167_13.fna",79.06,1.52
"3300014167_7.fna",84.47,7.99
"3300014167_9.fna",84.25,0.68
"3300014168_13.fna",90.7,2.14
"3300014168_10.fna",98.9,0
"3300014199_9.fna",83.8,8.81
"3300014199_10.fna",97.83,0.88
"3300014199_13.fna",93.26,2.81
"3300014199_15.fna",78.95,0
"3300014199_29.fna",75.03,0
"3300014200_6.fna",76.05,0.67
"3300014200_10.fna",71.05,0.06
"3300014201_9.fna",86.32,4.71
"3300014490_12.fna",74.06,4.9
"3300014490_7.fna",89.34,5.02
"3300014490_8.fna",98.29,8.97
"3300014491_14.fna",95.15,0
"3300014491_11.fna",74.52,0.46
"3300014491_13.fna",70.65,3.37
"3300014491_12.fna",80.79,1.32
"3300014492_11.fna",93.46,2.12
"3300014492_10.fna",82.89,2.85
"3300014492_18.fna",75.28,0.1
"3300014493_13.fna",75.5,1.04
"3300014494_31.fna",73.19,0
"3300014494_16.fna",80.3,5.45
"3300014496_20.fna",72.67,4.87
"3300014496_18.fna",73.61,4.76
"3300014496_19.fna",74.15,0.99
"3300014498_9.fna",80.19,2.75
"3300014498_10.fna",79.83,2.14
"3300014501_21.fna",90,2.25
"3300014501_19.fna",71.74,0
"3300014501_17.fna",92.08,3.24
"3300014502_27.fna",81.74,4.66
"3300014502_29.fna",72.6,4.91
"3300014502_24.fna",70.01,9.72
"3300014502_30.fna",91.04,2.15
"3300014502_34.fna",84.09,7.43
"3300014502_16.fna",84.09,6.57
"3300014638_7.fna",97.77,3.96
"3300014638_10.fna",94.19,2.9
"3300014638_12.fna",91.45,1.28
"3300014654_13.fna",80.19,8.07
"3300014655_16.fna",82.63,2.25
"3300014655_9.fna",98.9,0
"3300014655_10.fna",93.84,2.05
"3300014655_21.fna",70.53,0
"3300014655_17.fna",82.17,0.8
"3300014655_8.fna",97.6,3.27
"3300014655_7.fna",98.85,1.15
"3300014838_20.fna",95.51,1.26
"3300014838_16.fna",98.6,2.57
"3300014838_30.fna",70.69,1.72
"3300014839_30.fna",74.07,2.22
"3300014839_37.fna",89.07,2.15
"3300014839_38.fna",89.88,2.01
"3300014839_21.fna",97.63,2.87
"3300014861_1.fna",90.27,9.13
"3300014881_2.fna",82.75,5.35
"3300015254_1.fna",71.46,0.9
"3300015256_2.fna",82.94,0
"3300017656_6.fna",86.89,4.26
"3300017789_11.fna",80.72,8.75
"3300017925_6.fna",87.03,3.28
"3300017925_8.fna",89.68,2.9
"3300017925_10.fna",93.69,2.91
"3300017925_13.fna",82.3,2.66
"3300017925_12.fna",96.13,1.29
"3300017929_17.fna",92.82,2.56
"3300017929_26.fna",96.26,0
"3300017929_15.fna",84.87,5.88
"3300017929_20.fna",96.7,0.99
"3300017929_13.fna",94.19,0
"3300017931_13.fna",89.67,2.56
"3300017931_16.fna",96.7,0.99
"3300017931_18.fna",92.4,0.8
"3300017931_12.fna",90.97,10
"3300017935_10.fna",98.28,8.35
"3300017935_14.fna",82.56,0.91
"3300017938_12.fna",90.97,4.68
"3300017938_23.fna",94.72,0
"3300017938_31.fna",72.77,0
"3300017938_25.fna",97.7,0.66
"3300017938_21.fna",96.76,3.88
"3300017938_18.fna",98.24,0.65
"3300017938_15.fna",89.55,0.64
"3300017938_17.fna",93.68,3.42
"3300017938_20.fna",96.7,0.99
"3300017940_12.fna",89.6,9.45
"3300017940_15.fna",79.99,0.36
"3300017940_18.fna",85.6,4.03
"3300017940_19.fna",88.8,3.2
"3300017940_17.fna",95.71,0.99
"3300017940_14.fna",90.76,4.69
"3300017941_21.fna",92.4,3.2
"3300017941_14.fna",93.68,2.62
"3300017941_12.fna",87.41,8.03
"3300017941_22.fna",95.31,1.94
"3300017941_28.fna",72.77,0
"3300017946_10.fna",90.69,0.98
"3300017946_9.fna",73.08,2.3
"3300017946_7.fna",96.45,0
"3300017946_5.fna",90.87,5.82
"3300017947_8.fna",75.85,1.96
"3300017948_9.fna",72.21,5.63
"3300017959_11.fna",80.91,7.91
"3300017961_13.fna",91.73,1.69
"3300017972_8.fna",72.41,3.45
"3300017972_12.fna",77.17,5.31
"3300017974_15.fna",73.39,9.94
"3300017975_12.fna",78.34,1.47
"3300017988_17.fna",92.13,2.25
"3300017988_48.fna",75.03,0
"3300017988_19.fna",87.57,8.58
"3300017988_24.fna",92.81,1.06
"3300017988_12.fna",95.72,5.48
"3300017988_23.fna",92.74,1.98
"3300017988_25.fna",82.26,2.25
"3300017988_26.fna",89.3,0.44
"3300017996_11.fna",95.48,1.34
"3300017996_13.fna",78.79,0.7
"3300017998_26.fna",97.25,2.91
"3300017998_33.fna",74.43,0
"3300017998_22.fna",85.49,0
"3300017998_25.fna",98,1.6
"3300017998_18.fna",92.24,2.59
"3300017998_16.fna",78.67,3.55
"3300017998_30.fna",72.77,0
"3300017998_12.fna",81.23,5.98
"3300017998_19.fna",71.67,5.13
"3300018002_14.fna",84.4,4.8
"3300018002_8.fna",79.24,6.47
"3300018002_12.fna",79.25,8.87
"3300018003_6.fna",94.84,4.19
"3300018003_5.fna",94.55,8.91
"3300018004_20.fna",84.11,1.4
"3300018004_19.fna",96.7,0.99
"3300018004_15.fna",93.68,3.42
"3300018004_16.fna",71.4,0
"3300018004_18.fna",87.72,3.23
"3300018005_23.fna",99.67,0.65
"3300018005_25.fna",98,1.6
"3300018005_26.fna",97.25,4.37
"3300018005_16.fna",86.13,4.44
"3300018005_37.fna",73.76,0
"3300018005_21.fna",94.52,5.94
"3300018005_9.fna",94.5,2.75
"3300018005_18.fna",94.86,0.93
"3300018008_13.fna",80.86,4.07
"3300018008_14.fna",86.8,0.8
"3300018008_11.fna",90.69,1.31
"3300018008_7.fna",95.48,2.9
"3300018008_10.fna",87.62,1.18
"3300018009_7.fna",95.48,6.45
"3300018009_9.fna",85.73,2.96
"3300018009_13.fna",73.6,0.8
"3300018009_12.fna",82.27,1.16
"3300018013_16.fna",89.79,1.33
"3300018013_21.fna",92.39,2.91
"3300018013_22.fna",72.41,0
"3300018013_19.fna",96.7,0
"3300018013_17.fna",96.28,1.14
"3300018013_14.fna",70.79,3.64
"3300018014_9.fna",88.06,1.63
"3300018014_10.fna",95.19,3.48
"3300018014_13.fna",70.69,0
"3300018014_12.fna",85.57,0
"3300018015_24.fna",98.22,6.8
"3300018015_28.fna",71.78,0
"3300018015_17.fna",84.48,3.45
"3300018015_23.fna",85.2,0.8
"3300018015_21.fna",99.67,0.87
"3300018015_14.fna",74.69,4.88
"3300018015_8.fna",91.51,7.29
"3300018015_9.fna",79.25,5.56
"3300018015_16.fna",92.82,2.56
"3300018015_25.fna",74.3,0.99
"3300018015_34.fna",80.46,0
"3300018016_11.fna",96.13,0.81
"3300018016_9.fna",87.74,4.84
"3300018017_5.fna",98.02,5.67
"3300018017_8.fna",96.77,3.87
"3300018017_6.fna",86.05,3.48
"3300018017_10.fna",87.09,1.96
"3300018018_17.fna",81.03,1.71
"3300018018_29.fna",94.44,0.65
"3300018018_23.fna",93.92,7.77
"3300018018_14.fna",90.84,3.28
"3300018018_16.fna",72.73,3.01
"3300018018_15.fna",89.68,2.47
"3300018018_20.fna",93.5,3.69
"3300018018_22.fna",93.97,0.86
"3300018019_13.fna",94.52,0.65
"3300018019_18.fna",89.94,0.8
"3300018019_11.fna",94.28,0
"3300018019_19.fna",82.69,2.91
"3300018019_16.fna",96.7,0.99
"3300018019_17.fna",79.34,0
"3300018020_20.fna",96.7,3.63
"3300018020_7.fna",95.48,9.37
"3300018020_33.fna",80.46,0
"3300018020_18.fna",92.82,3.42
"3300018020_24.fna",86.8,0.8
"3300018021_21.fna",85.64,0
"3300018021_23.fna",88.03,1.94
"3300018021_19.fna",91.11,2.56
"3300018021_13.fna",89.83,5.38
"3300018021_27.fna",71.78,0
"3300018022_12.fna",96.13,0.68
"3300018022_10.fna",79.03,3.89
"3300018022_13.fna",88.18,0.65
"3300018022_9.fna",92.9,3.55
"3300018023_9.fna",87.25,2.99
"3300018023_13.fna",86.83,1.29
"3300018023_10.fna",70.35,8.02
"3300018023_18.fna",96.2,0.99
"3300018023_14.fna",89.92,9.66
"3300018024_17.fna",86.5,1.68
"3300018024_22.fna",96.7,0.99
"3300018024_21.fna",98.6,3.74
"3300018024_20.fna",98.86,1.14
"3300018024_26.fna",90.65,1.4
"3300018024_19.fna",93.68,3.42
"3300018024_11.fna",89.19,7.99
"3300018025_13.fna",92.82,3.42
"3300018025_10.fna",92.86,6.72
"3300018025_20.fna",91.91,2.91
"3300018025_19.fna",79.94,1.16
"3300018025_21.fna",92.52,0.93
"3300018025_16.fna",87.76,4.31
"3300018026_17.fna",96.7,0.99
"3300018026_9.fna",80.78,4.55
"3300018026_13.fna",92.9,0.04
"3300018026_19.fna",87.6,1.6
"3300018026_8.fna",96.77,8.52
"3300018026_10.fna",86.57,5.73
"3300018026_14.fna",86.97,5.67
"3300018030_12.fna",88.13,7.76
"3300018030_18.fna",96.7,0.99
"3300018030_14.fna",86.55,3.36
"3300018032_7.fna",70.12,2.73
"3300018033_8.fna",96.45,0.65
"3300018033_14.fna",71.05,2.4
"3300018033_10.fna",95.92,0.65
"3300018033_11.fna",72.94,1.1
"3300018033_20.fna",80.88,0
"3300018034_7.fna",91.75,1.98
"3300018035_18.fna",82.71,0
"3300018035_13.fna",94.61,0.65
"3300018035_17.fna",74.79,0.85
"3300018035_10.fna",85.81,2.48
"3300018035_11.fna",81.95,2.2
"3300018035_6.fna",91.61,2.26
"3300018037_5.fna",83.05,4.4
"3300018037_8.fna",90.69,0.65
"3300018037_6.fna",95.48,0.97
"3300018038_8.fna",88.45,1.98
"3300018040_21.fna",76.52,0.99
"3300018040_27.fna",70.74,0.93
"3300018040_17.fna",77.78,0.43
"3300018040_15.fna",85.43,4.19
"3300018040_20.fna",83,2.09
"3300018042_8.fna",81.69,3.46
"3300018042_14.fna",79.6,0.93
"3300018043_8.fna",89.53,2.94
"3300018043_11.fna",86.76,0.65
"3300018043_10.fna",86.8,0.99
"3300018044_5.fna",87.61,2.93
"3300018044_9.fna",95.92,0.65
"3300018044_7.fna",87.74,1.33
"3300018046_10.fna",89.68,0.67
"3300018046_18.fna",76.32,6.54
"3300018046_14.fna",88.46,2.4
"3300018046_11.fna",95.92,0.65
"3300018047_7.fna",90.69,0.65
"3300018053_7.fna",85.33,4.56
"3300018056_7.fna",94.36,3.2
"3300018057_22.fna",92.82,3.42
"3300018057_21.fna",71.82,6.46
"3300018057_12.fna",94.19,5.67
"3300018057_17.fna",78.91,7.82
"3300018057_23.fna",81.85,4.18
"3300018057_24.fna",89.48,9.86
"3300018059_6.fna",96.59,2.27
"3300018060_4.fna",71.39,5.45
"3300018062_12.fna",93.14,2.61
"3300018063_20.fna",75.68,5.89
"3300018063_16.fna",92,0.26
"3300018064_7.fna",74.95,7.96
"3300018064_9.fna",78.76,7.07
"3300018068_6.fna",82.51,1.49
"3300018077_12.fna",85.31,2.2
"3300018079_15.fna",81.92,4.21
"3300018079_9.fna",97.74,1.1
"3300018079_10.fna",98.9,5.49
"3300018081_5.fna",77.08,7
"3300018082_7.fna",78.21,1.4
"3300018082_9.fna",97.74,0
"3300018084_4.fna",95.84,2.25
"3300018085_8.fna",84.83,7.52
"3300018088_18.fna",75.94,1.12
"3300018088_17.fna",78.06,0
"3300018088_20.fna",77.52,2.14
"3300018090_15.fna",92.94,3.42
"3300018090_18.fna",82.19,0.1
"3300018422_12.fna",77.02,0
"3300018429_8.fna",79.52,1.11
"3300018429_5.fna",70.36,4.77
"3300018429_7.fna",93.33,5.68
"3300018432_25.fna",71.36,1.46
"3300018432_9.fna",87,5.82
"3300018432_6.fna",89.79,6.49
"3300018920_4.fna",88.03,9.36
"3300018920_6.fna",94.87,0.85
"3300019082_16.fna",86.22,1.36
"3300019082_11.fna",96.13,2.74
"3300019082_6.fna",94.84,6.77
"3300019082_12.fna",83.08,1.83
"3300020131_6.fna",98.52,0
"3300020131_7.fna",83.29,3.63
"3300020131_5.fna",99.75,3.75
"3300020146_5.fna",77.43,1.75
"3300020146_4.fna",90.38,4.33
"3300020147_5.fna",97.93,3.46
"3300020152_7.fna",99.44,0.84
"3300020152_5.fna",92.89,4.63
"3300020152_8.fna",95.02,7.47
"3300020152_16.fna",80.46,0
"3300020154_4.fna",99.66,3.71
"3300020154_7.fna",80.17,0
"3300020156_8.fna",95.22,2.98
"3300020156_9.fna",95.18,3.92
"3300020156_11.fna",76.57,1.02
"3300020156_7.fna",99.05,0.48
"3300020156_17.fna",74.84,0
"3300020181_2.fna",88.46,5.77
"3300020202_17.fna",77.72,0
"3300020202_4.fna",83.51,1.51
"3300020202_5.fna",94.84,1.72
"3300020202_7.fna",75.41,0.91
"3300020215_14.fna",94.45,1.64
"3300020215_19.fna",71.21,1.54
"3300020215_9.fna",81.03,0
"3300020215_10.fna",89.28,3.23
"3300020215_25.fna",79.35,0
"3300020215_8.fna",77.93,1.91
"3300020215_6.fna",95.46,5.05
"3300020580_6.fna",80.65,0.33
"3300020580_5.fna",79.95,2.25
"3300020580_7.fna",89.32,0.85
"3300020582_11.fna",76.34,0
"3300020583_10.fna",95.4,0.17
"3300021057_10.fna",79.68,0
"3300021057_3.fna",99.4,2.08
"3300021057_4.fna",99.88,2.55
"3300021061_7.fna",74.45,1.85
"3300021062_4.fna",75.99,0
"3300021066_3.fna",80.72,5.94
"3300021066_4.fna",87.66,2.56
"3300021066_2.fna",84.82,5.36
"3300021067_4.fna",93.81,0.95
"3300021080_3.fna",78.22,0.9
"3300021081_4.fna",87.56,1.59
"3300021086_3.fna",99.01,1.48
"3300021090_7.fna",95.45,2.61
"3300021090_31.fna",77.01,5.96
"3300021090_10.fna",71.82,0
"3300021090_11.fna",76.33,3.36
"3300021168_6.fna",99.51,1.26
"3300021170_13.fna",72.19,1.1
"3300021170_8.fna",85.65,5.65
"3300021180_8.fna",95.71,1.9
"3300021181_16.fna",71.34,0.85
"3300021184_1.fna",95.55,8.25
"3300021339_7.fna",99.4,1.39
"3300021339_3.fna",94.87,3.47
"3300021401_7.fna",74.9,8.69
"3300021402_5.fna",96.67,0.48
"3300021403_4.fna",98.29,4.77
"3300021403_5.fna",89.93,2.13
"3300021404_9.fna",78.9,7.99
"3300021404_13.fna",83.46,1.69
"3300021406_8.fna",90.2,2.36
"3300021407_5.fna",97.78,0.99
"3300021420_9.fna",72.69,5.09
"3300021420_7.fna",76.64,0.27
"3300021432_18.fna",72.26,2.5
"3300021433_6.fna",89.66,0.49
"3300021444_5.fna",100,0.49
"3300021444_6.fna",100,0.74
"3300021444_7.fna",84.97,2.44
"3300021474_5.fna",84.98,3.84
"3300021477_12.fna",74.18,2.03
"3300021477_15.fna",70.09,1.71
"3300021478_22.fna",71.68,0
"3300021478_13.fna",87.79,0.39
"3300021478_8.fna",76.65,4.61
"3300021479_5.fna",71.67,2.22
"3300021559_8.fna",78.54,7.69
"3300021559_7.fna",71.69,0.58
"3300022824_1.fna",96.84,6.22
"3300022862_6.fna",84.89,0.25
"3300022876_5.fna",94.24,5.03
"3300022879_3.fna",99.97,7.57
"3300022879_4.fna",96.52,0.84
"3300022893_2.fna",70.83,0.93
"3300022895_6.fna",95.57,0.63
"3300022895_8.fna",88.19,2.67
"3300022899_3.fna",83.48,3.97
"3300023030_1.fna",80.17,1.76
"3300023046_1.fna",100,2.61
"3300023055_7.fna",84.64,5.17
"3300023055_12.fna",77.1,0
"3300023055_8.fna",90.55,1.92
"3300023055_10.fna",81.35,3.92
"3300023055_11.fna",73.31,0.92
"3300023059_6.fna",100,3.04
"3300023059_8.fna",85.66,4.25
"3300023059_11.fna",80.02,0.97
"3300023060_1.fna",78.62,3.89
"3300023065_8.fna",86.89,0
"3300023065_5.fna",98.52,0
"3300023073_1.fna",90.82,2.58
"3300023091_10.fna",86.05,3.27
"3300023091_7.fna",88.97,1.73
"3300023091_6.fna",92.71,5.56
"3300023091_9.fna",89.55,0.88
"3300023252_5.fna",94.4,1.35
"3300024179_1.fna",100,4.32
"3300024181_1.fna",94.66,1.28
"3300024186_2.fna",96.96,5.41
"3300024186_3.fna",91.45,4.44
"3300024186_1.fna",99.15,4.89
"3300024222_2.fna",90.6,3.47
"3300024222_3.fna",90.88,0.72
"3300024246_2.fna",98.29,7.79
"3300024254_1.fna",81.21,5.56
"3300024279_1.fna",93.82,6.03
"3300024283_2.fna",87.95,6.76
"3300024284_3.fna",81.03,4.27
"3300024290_3.fna",98.29,6.32
"3300024325_2.fna",100,4.56
"3300026366_1.fna",94.25,7.26
"3300026368_2.fna",99.46,0.14
"3300026368_3.fna",83.2,1.05
"3300028146_2.fna",97.44,3.7
"3300028331_1.fna",99.66,4.17
"3300028331_2.fna",99.66,0.11
"3300028431_1.fna",97.24,3.48
"3300028432_1.fna",99.66,3.48
"3300028438_1.fna",100,0.69
"3300028438_2.fna",99.66,4.17
"3300028439_2.fna",99.66,4.17
"3300028439_1.fna",100,0.69
"3300028440_2.fna",100,0.32
"3300028440_1.fna",99.66,3.48
"3300028441_2.fna",99.21,0.92
"3300028447_3.fna",92.28,7.98
"3300028449_3.fna",90.15,1.24
"3300028590_18.fna",86.17,1.99
"3300028592_10.fna",73.03,2.15
"3300028705_1.fna",82.61,2.68
"3300028709_1.fna",80.47,3.49
"3300028811_4.fna",73.66,0
"3300028878_7.fna",85.2,4.53
"3300029916_2.fna",79.37,1.37
"3300029919_3.fna",80.89,1.37
"3300029920_6.fna",82.37,4.75
"3300029956_7.fna",86.18,7.23
"3300029980_3.fna",88.76,9.49
"3300029981_4.fna",72.16,2.68
"3300029981_7.fna",79.57,2.35
"3300029981_9.fna",82.63,0.03
"3300029981_5.fna",88.6,1.17
"3300029981_20.fna",76.31,6.9
"3300029982_10.fna",94.64,0.89
"3300029982_11.fna",83.37,1.29
"3300029982_6.fna",98.03,0.99
"3300029982_14.fna",73.62,1.26
"3300029982_12.fna",85.05,4.29
"3300029983_4.fna",79.85,1.12
"3300029985_23.fna",76.57,3.37
"3300029985_7.fna",98.03,0.99
"3300029985_12.fna",75.99,3.61
"3300029985_11.fna",74.51,0.87
"3300029986_4.fna",73.53,7.87
"3300029986_8.fna",85.1,3.48
"3300029986_6.fna",97.34,0.99
"3300029986_10.fna",73.39,1.26
"3300029988_10.fna",75.63,1.99
"3300029992_12.fna",83.19,2.2
"3300029992_13.fna",82.29,2.6
"3300029993_10.fna",97.77,1.55
"3300029993_8.fna",80.3,5.26
"3300029994_8.fna",85.29,6.54
"3300029994_14.fna",81.24,0.87
"3300029994_13.fna",90.46,6.59
"3300029995_6.fna",85.84,8.86
"3300029995_5.fna",73.68,1.01
"3300029998_4.fna",93.87,0.94
"3300029998_5.fna",77.99,1.1
"3300030001_4.fna",80.32,2.75
"3300030004_7.fna",79.71,4.28
"3300030004_5.fna",98.03,0.99
"3300030005_3.fna",98.2,0.89
"3300030011_13.fna",85.71,0.55
"3300030011_11.fna",86.03,0.89
"3300030014_3.fna",83.29,0.59
"3300030041_13.fna",84.51,1.37
"3300030041_8.fna",97.54,0.99
"3300030041_12.fna",84.12,7.02
"3300030041_10.fna",82.19,1.37
"3300030041_9.fna",96.94,0.44
"3300030041_15.fna",78.54,2.71
"3300030042_10.fna",92.91,2.11
"3300030042_16.fna",71.29,0
"3300030043_10.fna",89.75,1.72
"3300030044_6.fna",98.03,0.99
"3300030044_7.fna",97.82,0.89
"3300030044_8.fna",80.36,7.21
"3300030045_6.fna",97.82,0.89
"3300030045_10.fna",72.6,4.59
"3300030047_8.fna",71.9,3.45
"3300030047_14.fna",77.59,9.09
"3300030048_5.fna",89.96,0.82
"3300030048_6.fna",71.31,1.78
"3300030048_8.fna",80.22,0
"3300030049_8.fna",89.33,3.45
"3300030049_5.fna",98.03,1.48
"3300030051_9.fna",74.14,0
"3300030054_6.fna",79.23,1.77
"3300030054_5.fna",94.44,3.7
"3300030057_3.fna",98.29,4.13
"3300030058_5.fna",76.41,2.08
"3300030058_6.fna",94.66,2.42
"3300030225_10.fna",88.64,0.97
"3300030225_9.fna",85.6,1.08
"3300030491_2.fna",87.16,4.12
"3300030492_7.fna",70.9,4.67
"3300030492_5.fna",86.43,4.05
"3300030492_6.fna",97.76,0.78
"3300030506_9.fna",78.42,1.41
"3300030506_7.fna",98.03,0.99
"3300030507_6.fna",97.54,1.48
"3300030507_9.fna",78.08,7.79
"3300030507_3.fna",72.28,4.71
"3300030508_5.fna",98.03,0.99
"3300030508_10.fna",77.96,3.22
"3300030510_1.fna",97.44,8.64
"3300030518_17.fna",84.19,2.66
"3300030519_12.fna",92.11,1.76
"3300030519_13.fna",75.86,0
"3300030519_10.fna",83.24,0
"3300030673_7.fna",93.99,2.01
"3300030673_9.fna",76.87,0
"3300030673_4.fna",92.67,3.91
"3300030685_5.fna",95.17,2.18
"3300030687_16.fna",89.75,1.34
"3300030687_17.fna",82.19,8.32
"3300030687_20.fna",71.29,0.99
"3300030687_11.fna",76.37,3.27
"3300030687_9.fna",84.23,9.23
"3300030746_13.fna",75.29,0
"3300030746_6.fna",75.05,9.06
"3300030746_10.fna",98.35,1.55
"3300031027_10.fna",79.29,6.08
"3300031184_2.fna",91.51,3.77
"3300031184_4.fna",76.85,0
"3300031198_2.fna",91.36,4.59
"3300031198_4.fna",76.67,0
"3300031233_8.fna",87.39,9.6
"3300031233_14.fna",97.77,3.88
"3300031455_7.fna",73.69,1.82
"3300031524_18.fna",87.37,2.01
"3300031524_17.fna",94.27,1.08
"3300031524_22.fna",78.95,1.75
"3300031524_24.fna",82.74,0.99
"3300031524_30.fna",100,2.25
"3300031524_25.fna",80.57,7.69
"3300031524_28.fna",72.68,3.49
"3300031525_30.fna",72.22,2.31
"3300031525_23.fna",92.16,6.31
"3300031525_28.fna",72.69,0.57
"3300031539_69.fna",71.78,0.99
"3300031539_14.fna",95.51,3.37
"3300031539_62.fna",71.33,1.43
"3300031539_34.fna",83.36,0.85
"3300031539_37.fna",78.83,0.86
"3300031539_44.fna",73.39,0.85
"3300031539_58.fna",73.29,2
"3300031539_16.fna",94.32,0
"3300031539_63.fna",71.83,4.49
"3300031539_42.fna",92.09,2.01
"3300031564_4.fna",97.63,0.7
"3300031565_30.fna",92.82,1.72
"3300031565_45.fna",89.54,2.94
"3300031565_61.fna",78.06,2.12
"3300031565_57.fna",76.21,4.55
"3300031565_60.fna",93.29,3.69
"3300031565_17.fna",84.09,3.41
"3300031565_21.fna",90.13,9.23
"3300031565_41.fna",77.15,2.56
"3300031565_63.fna",81.73,2.48
"3300031565_42.fna",75.4,4.21
"3300031565_36.fna",74.33,4.75
"3300031565_18.fna",97.74,0
"3300031565_40.fna",75.67,4.27
"3300031565_73.fna",71.78,2.09
"3300031566_24.fna",74.93,0
"3300031566_32.fna",79.52,5.98
"3300031566_61.fna",91.13,1.64
"3300031566_64.fna",72.58,4.87
"3300031566_43.fna",72.77,0
"3300031566_37.fna",80.57,0.9
"3300031566_58.fna",70.9,3.94
"3300031566_41.fna",85.31,5.49
"3300031566_48.fna",71.45,8.01
"3300031566_46.fna",94.37,1.47
"3300031566_44.fna",90.11,0
"3300031566_40.fna",96.7,2.2
"3300031566_20.fna",86.55,5.56
"3300031573_6.fna",99.62,0.47
"3300031577_4.fna",99.12,0
"3300031577_2.fna",98.72,1.63
"3300031577_5.fna",100,0.55
"3300031577_3.fna",96.84,1.72
"3300031578_17.fna",92.3,3.73
"3300031578_35.fna",85.89,8.77
"3300031578_20.fna",95.4,1.15
"3300031578_24.fna",86.16,2.18
"3300031578_16.fna",82.56,5.2
"3300031578_28.fna",85.71,0
"3300031578_34.fna",90.15,1.48
"3300031578_30.fna",75.89,1.96
"3300031669_46.fna",70.11,0
"3300031669_26.fna",75.53,2.38
"3300031669_19.fna",90.34,0.57
"3300031669_34.fna",84.16,1.09
"3300031669_22.fna",94.83,1.15
"3300031669_23.fna",85.59,7.51
"3300031670_37.fna",75.29,0
"3300031670_23.fna",88.64,2.22
"3300031670_36.fna",74.32,9.09
"3300031670_17.fna",75.99,0.99
"3300031670_27.fna",72.45,0.33
"3300031671_23.fna",75.69,3.47
"3300031671_39.fna",71.84,0.86
"3300031672_33.fna",87.07,1.6
"3300031672_27.fna",73.23,0
"3300031672_32.fna",73.52,5.9
"3300031672_22.fna",99.51,4.85
"3300031672_14.fna",72.94,8.36
"3300031672_25.fna",91.91,3.85
"3300031672_39.fna",75.29,0
"3300031673_44.fna",71.17,2.31
"3300031673_14.fna",98.85,9.58
"3300031673_47.fna",86.45,2.62
"3300031673_16.fna",71.44,7.56
"3300031673_21.fna",74.54,3.4
"3300031673_35.fna",92.91,0.79
"3300031673_26.fna",90.11,6.78
"3300031673_18.fna",97.73,3.41
"3300031673_11.fna",90.45,7.3
"3300031673_22.fna",98.85,1.15
"3300031673_19.fna",74.45,4.59
"3300031673_20.fna",93.81,5.21
"3300031673_29.fna",91.04,1.31
"3300031673_28.fna",75.66,2.42
"3300031673_45.fna",91.94,3.27
"3300031680_5.fna",85.15,0.29
"3300031681_5.fna",92.61,1.87
"3300031720_3.fna",75.21,9.89
"3300031726_9.fna",90.76,3.37
"3300031726_16.fna",98.81,0.97
"3300031748_4.fna",86.41,1.23
"3300031751_4.fna",88.45,0.5
"3300031753_7.fna",90.65,1.87
"3300031778_4.fna",97.84,7.96
"3300031788_20.fna",75.46,5.19
"3300031788_22.fna",84.96,2.81
"3300031788_17.fna",80.55,0.99
"3300031788_10.fna",94.27,1.08
"3300031819_6.fna",90.81,1.47
"3300031821_6.fna",97.87,1.98
"3300031821_7.fna",74.39,1.16
"3300031832_4.fna",98.97,4.95
"3300031837_21.fna",80.5,2.4
"3300031837_16.fna",97.77,1.55
"3300031837_13.fna",78.52,2.4
"3300031837_19.fna",88.08,0.29
"3300031837_24.fna",71.29,0.99
"3300031860_4.fna",74.96,0.47
"3300031902_23.fna",75.83,1.08
"3300031908_4.fna",83.17,2.11
"3300031938_6.fna",99.01,0.49
"3300031939_7.fna",73.22,4.52
"3300031941_5.fna",77.35,4.75
"3300031949_33.fna",92.64,7.39
"3300031949_31.fna",98.84,0
"3300031949_24.fna",94.14,0
"3300031949_35.fna",94.32,3.61
"3300031949_44.fna",75.56,1.75
"3300031949_30.fna",96.7,2.46
"3300031949_27.fna",96.91,3.24
"3300031949_47.fna",72.35,2.2
"3300031949_49.fna",96.6,1.05
"3300031949_25.fna",88.36,7.14
"3300031949_36.fna",83.52,1.1
"3300031965_39.fna",72.28,1.98
"3300031965_19.fna",98.58,0.91
"3300031965_24.fna",76.27,1.29
"3300031965_26.fna",79.66,3.54
"3300031965_23.fna",95.71,1.51
"3300031965_21.fna",84.03,1.68
"3300031996_7.fna",99.26,1.52
"3300032000_2.fna",73.87,2.37
"3300032008_3.fna",94.66,3.69
"3300032008_5.fna",82.58,2.8
"3300032009_4.fna",93.43,2.49
"3300032009_7.fna",80.48,1.29
"3300032010_4.fna",79.69,6.38
"3300032074_7.fna",82.23,1.97
"3300032144_10.fna",100,2.2
"3300032157_30.fna",75.84,2.25
"3300032157_11.fna",96.36,4.65
"3300032157_18.fna",85.71,0.63
"3300032157_15.fna",94.92,2.58
"3300032157_24.fna",72.42,1.69
"3300032157_14.fna",88.03,3.23
"3300032174_5.fna",74.84,4.61
"3300032180_7.fna",83.29,1.1
"3300032205_5.fna",70.22,9.29
"3300032770_10.fna",99.01,1.48
"3300032770_15.fna",96.28,6.31
"3300032770_26.fna",78.11,5.51
"3300032770_18.fna",92.12,0.99
"3300032770_20.fna",96.99,1.09
"3300032770_45.fna",77.27,0.56
"3300032770_13.fna",90.11,6.29
"3300032770_32.fna",72.58,5.02
"3300032770_19.fna",76.78,1.12
"3300032782_7.fna",71.92,6.7
"3300032783_18.fna",79.45,5
"3300032783_22.fna",74.54,1.58
"3300032805_15.fna",87.64,2.25
"3300032805_20.fna",80.21,1.63
"3300032805_11.fna",94.1,3.23
"3300032805_23.fna",78.97,0
"3300032829_27.fna",73.77,1.63
"3300032829_21.fna",78.11,9.44
"3300032829_16.fna",73.02,3.06
"3300032892_21.fna",91.72,5.97
"3300032892_19.fna",91.18,4.92
"3300032892_16.fna",95.6,1.1
"3300032895_16.fna",76.79,1.87
"3300032897_36.fna",77.78,1.71
"3300032897_28.fna",88.56,5.28
"3300032897_30.fna",87.9,0
"3300032897_18.fna",97.27,3.28
"3300032897_25.fna",91.57,4.79
"3300032897_32.fna",87.21,0
"3300032898_27.fna",75.23,2.18
"3300032954_9.fna",97.03,2.96
"3300032954_20.fna",86,1.6
"3300032954_11.fna",89.04,1.72
"3300032954_13.fna",89.23,6.38
"3300033004_15.fna",96.76,9.77
"3300033158_14.fna",74.44,2.76
"3300033158_12.fna",71.66,1.38
"3300033289_6.fna",99.39,0
"3300033289_7.fna",79.64,2.07
"3300033402_43.fna",81.31,2.8
"3300033402_32.fna",78.06,7.8
"3300033402_38.fna",90.9,0.89
"3300033402_36.fna",88.76,4.66
"3300033402_24.fna",99.83,6.74
"3300033402_27.fna",93.26,3.37
"3300033402_22.fna",93.46,5.14
"3300033402_31.fna",96.03,1.12
"3300033405_30.fna",85.29,1.12
"3300033405_32.fna",72.26,1.94
"3300033405_65.fna",74.92,0.93
"3300033405_19.fna",93.46,5.14
"3300033405_51.fna",83.96,1.87
"3300033405_39.fna",92.3,0.66
"3300033405_40.fna",71.85,3.23
"3300033405_44.fna",100,0.93
"3300033406_12.fna",96.49,0
"3300033406_8.fna",97.53,1.34
"3300033406_13.fna",98.39,1.61
"3300033406_19.fna",89.6,0.34
"3300033406_16.fna",100,0.85
"3300033413_19.fna",99.43,0
"3300033416_24.fna",79.9,1.41
"3300033427_1.fna",99.02,1.34
"3300033432_3.fna",99.43,0
"3300033433_22.fna",79.2,3.16
"3300033433_20.fna",82.81,4.4
"3300033433_15.fna",96.7,6.14
"3300033434_15.fna",70.69,0
"3300033434_13.fna",95.61,5.97
"3300033434_8.fna",98.72,1.34
"3300033481_9.fna",99.02,1.37
"3300033481_11.fna",86.77,2.09
"3300033481_15.fna",84.89,1.07
"3300033486_16.fna",74.8,3.73
"3300033501_5.fna",74.63,0.66
"3300033561_4.fna",74.36,0.85
"3300033561_5.fna",87.84,4.76
"3300033755_23.fna",72.63,0.93
"3300033755_22.fna",96.76,0.97
"3300033755_13.fna",76.92,1.99
"3300033755_12.fna",99.74,5.26
"3300033755_18.fna",92.97,0.65
"3300033755_14.fna",81.76,5.41
"3300033982_11.fna",95.51,3.75
"3300033982_16.fna",98.22,0.97
"3300033983_11.fna",94.94,2.25
"3300033983_10.fna",93.55,0
"3300033983_9.fna",89.09,7.05
"3300034000_2.fna",96.24,9.67
"3300034000_1.fna",95.75,4.76
"3300034000_3.fna",87.44,4.87
"3300034002_5.fna",88.21,2.74
"3300034002_3.fna",88.03,6.15
"3300034002_4.fna",91.14,4.33
"3300034003_1.fna",95.69,0.86
"3300034004_3.fna",97.05,3.87
"3300034004_6.fna",89.47,1.26
"3300034004_4.fna",96.53,5.18
"3300034008_4.fna",82.13,9.7
"3300034008_2.fna",93.85,6.94
"3300034024_3.fna",98.82,0.94
"3300034024_7.fna",90.77,1.27
"3300034024_4.fna",74.64,5.65
"3300034031_4.fna",95.37,0
"3300034031_7.fna",84.16,0.95
"3300034031_2.fna",98.47,2.63
"3300034031_6.fna",99.65,0
"3300034123_2.fna",99.09,3.82
"3300034124_4.fna",84,9.97
"3300034126_7.fna",92.77,2.94
"3300034126_2.fna",94.9,0.58
"3300034132_3.fna",85.69,1.72
"3300034133_1.fna",96.58,4.42
"3300034134_4.fna",99.7,8.7
"3300034134_6.fna",86.85,4.33
"3300034134_5.fna",93.11,1.37
"3300034136_1.fna",83.19,2.49
"3300034136_2.fna",98.9,5.49
"3300034136_3.fna",96.5,2.45
"3300034146_3.fna",97.86,2.88
"3300034155_4.fna",86.75,0.85
"3300034155_3.fna",89.6,2.56
"3300034158_6.fna",85.08,8.63
"3300034160_4.fna",100,0.55
"3300034163_6.fna",92.82,5.84
"3300034173_1.fna",97.88,2.73
"3300034173_4.fna",99.15,5.2
"3300034174_3.fna",84.62,4.34
"3300034174_2.fna",97.44,8.88
"3300034174_4.fna",90.58,1.09
"3300034199_4.fna",74.01,3.92
"3300034220_3.fna",99.15,0.4
"3300034220_2.fna",98.9,5.49
"3300034220_6.fna",99.51,3.1
"3300034281_4.fna",98.25,5.58
"3300034281_5.fna",83.13,5.93
"3300034281_6.fna",97.01,3.27
"3300034358_3.fna",93.84,0.49
"3300034376_2.fna",96.94,1.93
"3300034392_1.fna",97.44,5.18
"3300034393_1.fna",93.97,4.27
"3300034393_2.fna",75.32,0.47
"3300034630_2.fna",99.7,0
"3300034630_6.fna",99.95,6.47
"3300034630_3.fna",95.2,1.07
"3300034630_5.fna",99.69,0
"3300034630_4.fna",99.06,0.47
"3300034630_7.fna",99.68,0
"3300034631_8.fna",99.68,0.32
"3300034631_6.fna",100,0
"3300034631_4.fna",99.7,0.89
"3300034631_5.fna",99,0.75
"3300034631_7.fna",98.38,0.19
"3300035001_2.fna",99.84,0.47
"3300035001_5.fna",98.46,1.6
"3300035001_4.fna",98.37,0.83
"3300035005_2.fna",99.56,0.44
"3300035005_1.fna",99.51,1.93
"3300035010_10.fna",99.51,0.9
"3300035010_12.fna",100,0.65
"3300035010_6.fna",99.51,1.23
"3300035010_2.fna",96.28,5.01
"3300035010_7.fna",99.75,0
"3300035010_11.fna",99.49,0
"3300035010_3.fna",99.41,0.47
"3300035010_8.fna",100,0.49
"3300035010_5.fna",99.1,0.53
"3300035010_4.fna",100,0.49
"3300035010_9.fna",99.11,0.41
"3300035011_3.fna",100,0.41
"3300035011_4.fna",100,0.49
"3300035011_5.fna",75.69,1.35
"3300035011_1.fna",99.7,6.11
"3300035012_3.fna",100,0.49
"3300035012_2.fna",99.53,0.59
"3300035013_1.fna",99.76,1.18
"3300035013_4.fna",99.57,0
"3300035013_3.fna",92.97,2.67
"3300035013_2.fna",99.39,0.52
"3300035016_3.fna",98.82,0
"3300035016_7.fna",99.66,0.8
"3300035016_6.fna",99.7,0.74
"3300035016_5.fna",98.48,1.14
"3300035016_4.fna",98.91,1.16
"3300035019_4.fna",96.58,5.13
"3300035019_5.fna",98.58,0.59
"3300035019_2.fna",99.76,0.59
"3300035019_3.fna",98.9,8.79
"3300035020_2.fna",99.76,0.59
"3300035020_4.fna",98.99,1.01
"3300035020_3.fna",100,0.5
"3300035020_6.fna",82.41,0.71
"3300035073_4.fna",80.69,4.37
"3300035097_5.fna",95.58,5.18
"3300035109_6.fna",88.43,4.48
"3300035109_8.fna",99.52,2.56
"3300035168_6.fna",81.01,0.45
"3300035168_5.fna",96.58,2.85
"3300035168_7.fna",77.73,0.89
"3300035674_10.fna",90.11,2.49
"3300035674_7.fna",95.91,2.73
"3300035683_9.fna",91.41,2.73
"3300035684_8.fna",99.51,1.48
"3300035685_7.fna",98.18,8.28
"3300035686_7.fna",97.44,4.32
"3300035704_12.fna",72.24,0.68
"3300035704_7.fna",83.33,1.35
"3300036389_5.fna",99.35,0
"3300036389_2.fna",99.28,1.33
"3300036389_3.fna",100,0.6
"3300036390_1.fna",99.15,1.14
"3300036390_3.fna",97.02,0.46
"3300036390_6.fna",80.71,0
"3300036390_5.fna",99.66,0.34
"3300036390_4.fna",99.11,3.07
"3300036392_1.fna",100,1.33
"3300036392_3.fna",99.5,0
"3300036393_4.fna",99.76,2.65
"3300036393_3.fna",96.31,3.75
"3300036393_7.fna",77.03,1.04
"3300036393_5.fna",90.48,0.1
"3300036393_2.fna",97.78,0.9
"3300036395_2.fna",99.17,1.18
"3300036395_3.fna",83.08,0
"3300036402_6.fna",99.51,0.74
"3300036402_5.fna",72.07,1.1
"3300036407_3.fna",98.14,0.22
"3300036407_5.fna",98.99,2.7
"3300036407_6.fna",99.84,0.19
"3300036407_7.fna",97.39,0.01
"3300036407_2.fna",99.69,1.34
"3300036407_4.fna",98.7,0
"3300036443_4.fna",99.92,0.8
"3300036443_3.fna",99.11,2.67
"3300036443_2.fna",98.9,5.68
"3300036444_4.fna",99.56,0.78
"3300036444_6.fna",100,0.6
"3300036444_8.fna",99.37,0
"3300036444_7.fna",82.71,1.49
"3300036520_2.fna",99.04,0.52
"3300036520_3.fna",92.86,4.4
"3300036520_8.fna",95.91,0
"3300036520_7.fna",93.62,1.36
"3300036520_5.fna",98.11,2.04
"3300036521_7.fna",99.49,1.01
"3300036521_8.fna",70.37,0.51
"3300036521_5.fna",99.09,0.74
"3300036521_2.fna",96.28,5.01
"3300036521_3.fna",99.78,1.44
"3300036521_6.fna",98.59,0.12
"3300036645_4.fna",98.29,8.78
"3300036645_6.fna",96.64,0.84
"3300036665_1.fna",79.02,1.2
"3300036666_1.fna",83.59,2.27
"3300036667_1.fna",99.13,0
"3300036674_2.fna",72.52,2.66
"3300036717_11.fna",81.6,2.79
"3300036717_9.fna",88.16,6.27
"3300036771_7.fna",90.08,6.2
"3300036771_10.fna",99.14,1.29
"3300036771_9.fna",98.65,0.08
"3300036772_8.fna",74.75,0.7
"3300036773_6.fna",84.5,2.59
"3300036778_6.fna",80.04,6.98
"3300036780_12.fna",86.75,6.53
"3300036780_17.fna",81.83,1.72
"3300036780_8.fna",88.07,8.09
"3300036780_18.fna",90.76,2.03
"3300036780_13.fna",70.69,2.03
"3300036780_10.fna",90.28,0.93
"3300036781_12.fna",85.37,7.39
"3300036782_7.fna",92.86,0
"3300036782_8.fna",94.48,6.9
"3300036782_6.fna",73.82,4.19
"3300036783_8.fna",81.62,0.91
"3300036783_14.fna",97.12,0.52
"3300036785_4.fna",100,8.69
"3300036787_7.fna",85.15,2.29
"3300036787_9.fna",85.47,1.28
"3300036787_8.fna",95.92,1.31
"3300036790_20.fna",92.41,0
"3300036790_17.fna",83.72,0.85
"3300036790_15.fna",87.41,1.08
"3300036792_12.fna",72.77,0.99
"3300036792_7.fna",97.12,6.9
"3300036792_9.fna",82.03,0
"3300036792_8.fna",92.46,0.16
"3300036792_10.fna",78.4,0
"3300036792_6.fna",96.75,1.23
"3300036793_5.fna",99.66,0.55
"3300036793_6.fna",70.79,3.84
"3300036793_7.fna",94.55,4.29
"3300036793_10.fna",100,2.04
"3300036797_6.fna",98.54,2.13
"3300036798_4.fna",82.13,2.51
"3300036798_3.fna",98.13,0
"3300036800_14.fna",78.4,1.64
"3300036800_15.fna",86.99,1.03
"3300036800_24.fna",75.41,0.11
"3300036801_7.fna",96.28,2.93
"3300036804_9.fna",93.02,0.97
"3300036804_11.fna",80.78,0.86
"3300036804_6.fna",98.24,2.07
"3300036805_10.fna",79.21,1.7
"3300036806_6.fna",94.77,3.49
"3300036806_13.fna",96.28,0.9
"3300036815_5.fna",72.57,3.24
"3300036815_4.fna",82.61,1.76
"3300036816_6.fna",95.22,4.97
"3300036816_5.fna",99.97,0.11
"3300036816_4.fna",99.85,0.37
"3300036818_5.fna",97.3,3.38
"3300036821_4.fna",98.77,0.98
"3300036824_3.fna",97.77,0.15
"3300036827_7.fna",75,1.72
"3300036827_10.fna",70.08,3.58
"3300036828_7.fna",98.68,1.49
"3300036830_12.fna",72.97,2.03
"3300036830_22.fna",77.01,2.78
"3300036830_9.fna",87.93,2.38
"3300036831_4.fna",82.19,8.33
"3300036831_3.fna",88.89,4.27
"3300036834_4.fna",98.21,0.48
"3300036834_5.fna",100,8.28
"3300036836_10.fna",71.01,1.68
"3300036836_8.fna",77.41,8.97
"3300036837_10.fna",70.32,8.26
"3300036839_9.fna",76.51,8.43
"3300036840_8.fna",76.89,6.46
"3300036841_8.fna",83,0
"3300036845_8.fna",91.03,2.56
"3300036846_11.fna",100,2.6
"3300036846_13.fna",99.62,0
"3300036846_12.fna",79.77,4.12
"3300036847_10.fna",75.6,1.68
"3300036850_8.fna",98.06,1.94
"3300036850_9.fna",80.68,7.02
"3300036851_10.fna",96.47,0.2
"3300036852_15.fna",83.33,0
"3300036852_12.fna",100,0.97
"3300036852_17.fna",80.56,0.93
"3300036852_10.fna",70.32,2.93
"3300036855_5.fna",96.48,0.86
"3300036856_4.fna",98.36,0.57
"3300036857_7.fna",97.47,6.25
"3300036859_20.fna",74.69,0
"3300036859_10.fna",86.97,0.85
"3300036859_25.fna",80.93,0.93
"3300036859_18.fna",98.54,0.97
"3300036859_16.fna",97.44,0
"3300036859_26.fna",76.41,0
"3300036860_21.fna",78.66,0
"3300036860_9.fna",98.28,0.36
"3300036860_10.fna",96.59,1.14
"3300036861_24.fna",78.66,0
"3300036861_12.fna",96.59,1.14
"3300036861_13.fna",79.27,0.38
"3300036865_5.fna",88.02,6.17
"3300036867_3.fna",76.88,0.7
"3300036873_3.fna",96.98,1.64
"3300036876_12.fna",86.52,0.56
"3300036876_11.fna",81.82,1.89
"3300036876_9.fna",97.29,1.52
"3300036878_7.fna",96.15,0.43
"3300036878_6.fna",96.45,0.68
"3300036879_11.fna",75.11,1.94
"3300036879_12.fna",88.53,0.84
"3300036879_4.fna",92.16,4.99
"3300036879_8.fna",95.81,0.68
"3300036880_6.fna",81.69,4.84
"3300036880_10.fna",71.28,0
"3300036880_7.fna",96.45,1.33
"3300036880_13.fna",78.77,0.65
"3300036881_8.fna",86.78,0.32
"3300036883_7.fna",96.15,8.12
"3300036884_16.fna",95.71,0.99
"3300036884_17.fna",88.5,0.71
"3300036884_13.fna",98.86,1.14
"3300036884_7.fna",97.63,1.15
"3300036884_20.fna",89.71,1.96
"3300036884_11.fna",96.77,6.02
"3300036885_20.fna",76.04,5.89
"3300036885_13.fna",98.89,1.53
"3300036885_17.fna",72.68,0.99
"3300036885_7.fna",85.38,6.13
"3300036885_9.fna",90.87,5.39
"3300036886_17.fna",99.07,0.93
"3300036886_9.fna",95.48,4.73
"3300036886_10.fna",96.59,2.27
"3300036886_11.fna",95.34,4.64
"3300036886_22.fna",84.16,0.99
"3300036886_19.fna",94.44,0
"3300036886_12.fna",84.3,1.31
"3300036886_18.fna",91.4,1.08
"3300036886_13.fna",82.85,2.56
"3300036887_9.fna",97.09,0.97
"3300036887_7.fna",97.81,5.76
"3300036887_6.fna",90.74,1.47
"3300036887_8.fna",71.29,0.03
"3300036888_5.fna",96.45,7.78
"3300036888_6.fna",96.08,1.36
"3300036888_7.fna",100,0
"3300036889_9.fna",89.8,1.74
"3300036889_10.fna",93.58,2.81
"3300036889_8.fna",89.38,1.53
"3300036889_12.fna",86.89,0.1
"3300036894_12.fna",77.03,0.78
"3300036894_10.fna",70.95,2.11
"3300036894_7.fna",86.82,4.73
"3300036895_8.fna",98.88,2.25
"3300036895_7.fna",93.69,1.55
"3300036895_6.fna",80.97,0.68
"3300036898_4.fna",85.26,1.98
"3300036900_8.fna",73.57,3.94
"3300036901_8.fna",86.62,3.34
"3300036903_6.fna",92.91,4.22
"3300036905_6.fna",97.02,2.93
"3300036906_6.fna",93.56,2.25
"3300036906_9.fna",95.92,0.65
"3300036906_7.fna",73.15,2.33
"3300036906_8.fna",91.15,0
"3300036907_5.fna",92.32,1.63
"3300036907_7.fna",89.36,1
"3300036908_9.fna",88.4,6.54
"3300036908_12.fna",80.36,0.07
"3300036908_11.fna",78.25,0.31
"3300036909_8.fna",95.16,4.55
"3300036909_6.fna",86.9,1.14
"3300036909_9.fna",98.88,2.31
"3300036911_9.fna",84.22,5.14
"3300036911_6.fna",98.69,0.6
"3300036911_7.fna",82.8,0
"3300036911_5.fna",97.91,4.62
"3300036912_9.fna",79.35,3.99
"3300036912_8.fna",86.88,1.99
"3300036913_19.fna",80.46,0.16
"3300036913_14.fna",91.94,3.29
"3300036914_5.fna",92.51,0.68
"3300036914_4.fna",84.1,6.85
"3300036928_10.fna",85.61,3.85
"3300036929_5.fna",95.68,4.76
"3300036929_10.fna",89.96,1.99
"3300036929_8.fna",77.08,0.9
"3300036930_9.fna",88.77,5.52
"3300036930_12.fna",70.57,0
"3300036930_15.fna",73.92,2.14
"3300036930_10.fna",96.15,0.43
"3300036931_10.fna",97.25,7.19
"3300036931_14.fna",89.29,2.01
"3300036932_11.fna",74.7,3.64
"3300036933_6.fna",76.5,6.41
"3300036939_5.fna",96.58,5.13
"3300036989_4.fna",80.23,5.11
"3300036991_3.fna",98.45,2.71
"3300036993_3.fna",74.22,4.2
"3300037040_8.fna",98.07,4.65
"3300037049_11.fna",91.16,2.12
"3300037049_19.fna",79.15,0
"3300037049_16.fna",82.71,0.93
"3300037049_9.fna",92.61,4.75
"3300037049_8.fna",77.7,2.74
"3300037054_4.fna",95.44,1.5
"3300037054_6.fna",94.07,1.66
"3300037060_9.fna",95.07,1.94
"3300037060_5.fna",84.62,8.12
"3300037060_10.fna",91.62,1.33
"3300037061_8.fna",94.55,1.82
"3300037061_9.fna",88.98,1.96
"3300037062_11.fna",99.35,1.05
"3300037062_9.fna",92.73,6.55
"3300037062_13.fna",93.63,2.78
"3300037063_15.fna",84.95,0.97
"3300037063_14.fna",81.83,0.81
"3300037063_7.fna",93.92,5.08
"3300037063_9.fna",79,0.88
"3300037063_13.fna",87.99,1.46
"3300037064_8.fna",86.67,0.97
"3300037064_10.fna",71.91,1.61
"3300037065_7.fna",95.61,4.1
"3300037065_9.fna",99.2,3.2
"3300037065_11.fna",94.71,1.96
"3300037066_8.fna",85.38,2.23
"3300037076_30.fna",71.29,0
"3300037076_8.fna",97.74,0
"3300037076_11.fna",96.24,1.61
"3300037076_21.fna",84.08,1.12
"3300037076_25.fna",70.79,0.5
"3300037076_16.fna",99.07,5.61
"3300037076_33.fna",70.83,0.93
"3300037076_9.fna",96.11,1.72
"3300037076_10.fna",70.26,5.64
"3300037076_20.fna",94.64,0
"3300037076_18.fna",80.32,2.33
"3300037084_9.fna",86.44,0.33
"3300037084_6.fna",95.81,1.33
"3300037085_4.fna",81.95,2.76
"3300037086_8.fna",81.08,8.39
"3300037086_14.fna",75.77,1.61
"3300037086_13.fna",88.97,2.31
"3300037087_21.fna",72.19,5.36
"3300037087_20.fna",86.93,1.96
"3300037087_10.fna",97.63,1.15
"3300037087_14.fna",97.8,3.73
"3300037087_12.fna",98.06,7.96
"3300037087_17.fna",78.73,3.42
"3300037087_15.fna",86.02,2.42
"3300037088_14.fna",74.03,1.82
"3300037088_12.fna",88.39,9.73
"3300037089_14.fna",100,0
"3300037089_15.fna",91.4,1.08
"3300037089_13.fna",98.86,6.82
"3300037089_7.fna",96.77,8.39
"3300037089_12.fna",81.35,1.85
"3300037089_16.fna",74.08,4.67
"3300037090_7.fna",88.47,2.91
"3300037090_8.fna",96.77,5.59
"3300037090_15.fna",73.27,5.01
"3300037091_13.fna",88.71,0.81
"3300037091_11.fna",83.71,2.56
"3300037091_17.fna",71.33,2.97
"3300037091_14.fna",88.63,2.8
"3300037091_10.fna",93.29,0
"3300037091_8.fna",98.06,7.31
"3300037091_12.fna",88.09,4.64
"3300037092_7.fna",96.07,2.25
"3300037092_8.fna",88.35,0
"3300037092_6.fna",74.72,3.58
"3300037094_8.fna",95.61,2.81
"3300037095_6.fna",93.05,0.63
"3300037095_5.fna",95.16,0.68
"3300037095_8.fna",96.63,1.19
"3300037095_16.fna",73.9,0
"3300037095_7.fna",97.44,5.56
"3300037097_3.fna",95.27,9
"3300037099_17.fna",78.96,0
"3300037099_8.fna",100,3.93
"3300037100_7.fna",97.97,4.36
"3300037100_9.fna",81.93,8.97
"3300037101_7.fna",91.79,0.63
"3300037101_5.fna",88.71,5.39
"3300037101_8.fna",96.63,4.56
"3300037101_9.fna",80.3,3.99
"3300037101_6.fna",92.32,1.31
"3300037102_6.fna",98.28,7.05
"3300037102_7.fna",94.84,9.52
"3300037102_9.fna",96.63,2.25
"3300037102_11.fna",95.26,1.31
"3300037102_14.fna",82.33,1.12
"3300037103_10.fna",95.92,1.96
"3300037103_8.fna",95.3,2.99
"3300037103_6.fna",96.63,2.25
"3300037103_9.fna",85.75,1.49
"3300037104_17.fna",80.12,1.1
"3300037104_21.fna",75.03,2.61
"3300037104_11.fna",99.2,2.53
"3300037104_14.fna",97.8,2.2
"3300037104_15.fna",96.7,0.99
"3300037104_22.fna",91.75,0
"3300037104_19.fna",85.95,0.13
"3300037105_13.fna",81.43,1.82
"3300037106_12.fna",84.14,1.96
"3300037106_11.fna",89.05,7.9
"3300037107_8.fna",82.76,1.15
"3300037107_7.fna",99.94,4.95
"3300037107_9.fna",76.79,4.3
"3300037108_6.fna",88.18,5.91
"3300037108_7.fna",78.72,4.4
"3300037108_10.fna",83.16,0.85
"3300037109_9.fna",90.91,2.38
"3300037109_11.fna",94.64,1.79
"3300037109_19.fna",82.02,0
"3300037109_5.fna",84.55,1.1
"3300037109_8.fna",74.75,6.83
"3300037110_7.fna",92.38,0.94
"3300037110_6.fna",88.6,6.84
"3300037115_9.fna",83.33,1.28
"3300037115_6.fna",97.48,1.4
"3300037117_10.fna",75.87,3.09
"3300037129_8.fna",73.61,0
"3300037132_8.fna",93.97,1.29
"3300037132_15.fna",83.08,3.37
"3300037132_9.fna",87.1,9.35
"3300037132_13.fna",93.46,2.34
"3300037132_12.fna",98.88,2.43
"3300037132_22.fna",77.84,0
"3300037133_8.fna",99.46,0
"3300037134_11.fna",71.91,3.81
"3300037134_9.fna",74.89,5.08
"3300037136_8.fna",92.2,1.6
"3300037138_9.fna",82.74,0.65
"3300037139_5.fna",94.83,2.6
"3300037140_10.fna",86.02,1.72
"3300037141_6.fna",90.79,3.13
"3300037142_10.fna",95.2,3.2
"3300037147_7.fna",70.69,0.86
"3300037148_8.fna",76.85,2.31
"3300037149_6.fna",86.02,1.3
"3300037153_9.fna",70.01,6.01
"3300037155_22.fna",73.97,0.19
"3300037155_12.fna",93.86,2.91
"3300037155_16.fna",73.6,3.35
"3300037155_13.fna",94.64,0
"3300037155_10.fna",100,1.28
"3300037156_8.fna",98.69,0
"3300037156_13.fna",91.76,1.56
"3300037156_11.fna",91.49,6.45
"3300037156_10.fna",99.05,0.48
"3300037156_12.fna",92.15,1.37
"3300037157_4.fna",73.49,6.67
"3300037158_6.fna",97.26,9.25
"3300037159_6.fna",92.83,0.65
"3300037159_8.fna",95.58,2.64
"3300037160_6.fna",87.96,2.98
"3300037160_5.fna",86.32,5.04
"3300037161_7.fna",86.71,3.27
"3300037162_6.fna",92.17,3.69
"3300037162_8.fna",87.92,4.08
"3300037163_8.fna",83.92,6.54
"3300037164_15.fna",73.78,0
"3300037165_5.fna",86.11,6.64
"3300037165_8.fna",79.39,3.42
"3300037165_9.fna",90.11,2.36
"3300037165_10.fna",82.3,0.85
"3300037166_10.fna",97.19,3.37
"3300037166_9.fna",89.01,0.61
"3300037166_8.fna",83.73,3.38
"3300037167_8.fna",92.39,1.96
"3300037168_6.fna",89.18,5.49
"3300037169_7.fna",92.74,4
"3300037170_6.fna",96.45,4.28
"3300037171_6.fna",96.15,2.14
"3300037171_7.fna",91.31,2.55
"3300037171_5.fna",96.45,1.33
"3300037171_10.fna",92.81,1.31
"3300037171_8.fna",85.27,2.81
"3300037172_11.fna",82.8,2.14
"3300037174_7.fna",96.15,0.43
"3300037175_8.fna",96.15,0.43
"3300037175_7.fna",83.07,8.5
"3300037175_9.fna",84.19,5.56
"3300037175_6.fna",91.79,0.29
"3300037176_9.fna",96.45,1.97
"3300037176_13.fna",73.79,0.97
"3300037176_12.fna",93.3,1.03
"3300037176_11.fna",83.2,3.44
"3300037176_7.fna",81.19,1.75
"3300037180_6.fna",89.73,0.38
"3300037181_12.fna",75.85,1.28
"3300037182_9.fna",91.37,2.22
"3300037182_7.fna",87.8,1.65
"3300037184_7.fna",78.16,3.71
"3300037184_16.fna",76.85,0
"3300037185_12.fna",87.31,0.93
"3300037185_11.fna",83.61,6.18
"3300037185_7.fna",89.66,1.15
"3300037196_10.fna",98.63,2.24
"3300037196_14.fna",89.41,1.42
"3300037196_12.fna",70.53,2.67
"3300037196_13.fna",76.24,0
"3300037196_11.fna",94.61,0.81
"3300037198_20.fna",73.97,0
"3300037198_12.fna",75.52,6.8
"3300037198_9.fna",78.12,2.75
"3300037200_7.fna",96.3,0.85
"3300037200_6.fna",95.81,0.49
"3300037201_5.fna",71.69,4.99
"3300037205_9.fna",75.08,5.86
"3300037206_8.fna",92.28,4.35
"3300037207_10.fna",72.1,0.9
"3300037207_8.fna",98.06,0
"3300037207_11.fna",89.92,1.31
"3300037208_13.fna",73.76,0
"3300037208_6.fna",86.71,3.32
"3300037208_8.fna",88.98,0.8
"3300037209_4.fna",97.73,5.98
"3300037209_8.fna",95.16,2.64
"3300037210_13.fna",73.14,2.6
"3300037210_11.fna",84.59,1.31
"3300037212_7.fna",83.41,4.92
"3300037212_8.fna",74.29,1.72
"3300037212_4.fna",79.51,3.64
"3300037213_8.fna",87.14,9.89
"3300037213_7.fna",87.43,5.01
"3300037214_10.fna",78.19,2.8
"3300037215_6.fna",93.63,2.61
"3300037216_7.fna",75.76,4.4
"3300037216_11.fna",90.63,3.27
"3300037216_8.fna",94.38,4.88
"3300037218_7.fna",70.95,8.11
"3300037218_14.fna",79.53,4.63
"3300037221_4.fna",91.55,3.38
"3300037222_7.fna",94.13,0.16
"3300037222_4.fna",94.68,9.39
"3300037222_8.fna",98.15,0
"3300037222_12.fna",77.72,0.99
"3300037223_12.fna",78.1,6.59
"3300037223_13.fna",81.43,5.65
"3300037224_14.fna",88.85,1.54
"3300037224_12.fna",89.66,2.87
"3300037225_13.fna",90.33,9.85
"3300037225_15.fna",96.7,0
"3300037225_18.fna",88.1,9.89
"3300037225_25.fna",73.3,1.14
"3300037225_17.fna",98.86,1.14
"3300037225_16.fna",72.46,3.36
"3300037225_21.fna",91.07,0
"3300037226_12.fna",78.42,0.16
"3300037227_9.fna",85.15,7.73
"3300037228_9.fna",98.77,0.49
"3300037228_7.fna",98.65,6.15
"3300037231_17.fna",79.87,0.56
"3300037231_11.fna",79.25,1.85
"3300037231_15.fna",97.44,2.14
"3300037231_14.fna",98.52,1.06
"3300037232_8.fna",84.48,0
"3300037233_9.fna",98.77,1.48
"3300037233_10.fna",73.01,2.27
"3300037236_6.fna",87.83,4.02
"3300037236_5.fna",77.95,2.35
"3300037236_4.fna",88.73,0.65
"3300037237_7.fna",95.71,2.5
"3300037238_8.fna",81.55,5.13
"3300037239_6.fna",77.56,2.14
"3300037239_2.fna",97.22,2
"3300037241_7.fna",99.32,3.04
"3300037242_8.fna",97.64,2.7
"3300037243_8.fna",84.76,1.74
"3300037255_5.fna",80.82,2.05
"3300037256_4.fna",78.54,2.32
"3300037257_1.fna",89.37,4.09
"3300037258_29.fna",76.07,3.53
"3300037258_37.fna",73.61,0.93
"3300037258_14.fna",85.04,4.95
"3300037258_22.fna",87.18,0.57
"3300037258_34.fna",79.7,3.08
"3300037261_7.fna",98.9,4.5
"3300037262_8.fna",96.7,1.34
"3300037276_6.fna",84.18,3.94
"3300037276_8.fna",82.97,0.1
"3300037276_7.fna",72.07,2.19
"3300037278_12.fna",78.25,7.19
"3300037278_11.fna",91.3,1.64
"3300037279_8.fna",91.85,6.55
"3300037279_9.fna",77.45,2.74
"3300037316_10.fna",85.91,0.93
"3300037316_8.fna",85.38,7.85
"3300037349_10.fna",81.03,6.35
"3300037349_9.fna",86.64,2.14
"3300037349_7.fna",96.58,4.87
"3300037349_11.fna",91.55,0.68
"3300037353_10.fna",72.2,1.29
"3300037353_11.fna",75.21,3.85
"3300037355_2.fna",71.37,9.9
"3300037356_11.fna",92.13,0
"3300037356_8.fna",85.49,2.75
"3300037356_9.fna",92.86,1.79
"3300037358_12.fna",89.1,0.18
"3300037369_3.fna",97.44,5.25
"3300037392_1.fna",79.11,4.7
"3300037393_1.fna",93.68,4.77
"3300037401_5.fna",86.64,9.22
"3300037401_3.fna",99.05,0.95
"3300037402_4.fna",80.51,7.36
"3300037402_3.fna",99.05,1.43
"3300037403_6.fna",86.64,5.48
"3300037403_4.fna",99.05,1.21
"3300037432_2.fna",81.03,5.17
"3300037432_1.fna",90.35,2.64
"3300037434_2.fna",71.92,3.76
"3300037444_6.fna",78.68,4.79
"3300037446_2.fna",72.75,7.99
"3300037452_6.fna",87.1,3.54
"3300037463_6.fna",82.75,8.24
"3300037463_10.fna",88.89,1.11
"3300037473_11.fna",72.46,0.99
"3300037473_16.fna",74.34,3.31
"3300037474_6.fna",87.06,9.22
"3300037474_3.fna",78.06,5.8
"3300037503_4.fna",98.29,5.35
"3300037503_2.fna",98.29,2.56
"3300037503_5.fna",98.29,4.27
"3300037833_10.fna",99.51,0.49
"3300037833_2.fna",99.39,2.24
"3300037833_8.fna",93.16,5.13
"3300037833_5.fna",99.33,0.41
"3300037833_11.fna",72.18,1.09
"3300037833_6.fna",97.25,4.4
"3300037840_13.fna",93.24,1.35
"3300037840_6.fna",94.81,2.09
"3300037843_15.fna",79.22,8.06
"3300037843_24.fna",83.44,0.49
"3300037843_18.fna",92.31,6.67
"3300037843_13.fna",99.07,1.75
"3300037843_25.fna",81.57,1.31
"3300037846_5.fna",92.67,1.25
"3300037846_13.fna",76.48,2.16
"3300037846_7.fna",90.48,1.58
"3300037852_18.fna",84.23,1.28
"3300037852_57.fna",79.27,4.11
"3300037852_39.fna",81.75,6.84
"3300037852_19.fna",87.53,5.75
"3300037852_17.fna",74.44,0.68
"3300037852_41.fna",95.69,6.9
"3300037852_45.fna",96.24,1.38
"3300037852_47.fna",92.31,1.71
"3300037852_55.fna",90.74,0.93
"3300037852_8.fna",91.73,2.25
"3300037852_93.fna",72.65,5.95
"3300037852_62.fna",83.54,0.25
"3300037852_74.fna",94.49,6.28
"3300037852_71.fna",82.98,1.25
"3300037852_84.fna",71.21,0.71
"3300037993_37.fna",72.77,0
"3300037993_29.fna",98,1.6
"3300037993_24.fna",95.48,1.29
"3300037993_38.fna",78.74,0
"3300037993_22.fna",85.48,0
"3300037993_16.fna",87.06,7.97
"3300037993_23.fna",98.86,1.14
"3300037993_28.fna",75.74,2.24
"3300037993_25.fna",98.22,6.8
"3300037993_20.fna",98.85,1.15
"3300037993_17.fna",94.08,3.23
"3300037993_18.fna",97.32,2.63
"3300037993_26.fna",96.7,0.99
"3300038415_26.fna",93.01,0.13
"3300038415_25.fna",99.07,6.54
"3300038415_18.fna",85.81,5.81
"3300038415_20.fna",84.55,4.83
"3300038415_22.fna",92.82,3.42
"3300038415_28.fna",87.98,0.83
"3300038415_29.fna",98.22,4.85
"3300038415_32.fna",96.4,1.6
"3300038416_21.fna",90.39,0
"3300038416_25.fna",98.22,2.91
"3300038416_28.fna",77.47,1.68
"3300038416_37.fna",80.46,0
"3300038416_19.fna",76.13,0
"3300038416_18.fna",98.86,1.14
"3300038416_26.fna",100,0.93
"3300038416_20.fna",96.7,0.99
"3300038416_33.fna",72.77,0
"3300038417_25.fna",90.26,1.16
"3300038417_26.fna",76.86,8.25
"3300038417_24.fna",93.27,1.27
"3300038417_35.fna",72.77,0.99
"3300038417_31.fna",98.22,2.91
"3300038417_22.fna",72.11,3.06
"3300038417_29.fna",98,1.6
"3300038417_21.fna",92.82,3.42
"3300038418_10.fna",97.42,9.27
"3300038418_24.fna",100,0.93
"3300038418_23.fna",98,1.6
"3300038418_18.fna",98.06,0
"3300038418_17.fna",93.55,9.95
"3300038418_20.fna",88.97,4.27
"3300038418_22.fna",96.7,0.99
"3300038418_13.fna",86.41,5.64
"3300038418_31.fna",72.77,0.99
"3300038420_17.fna",96.7,0.99
"3300038420_13.fna",92.45,3.42
"3300038420_19.fna",97.6,8.4
"3300038420_14.fna",92.26,3.55
"3300038420_18.fna",72.8,0.97
"3300038423_25.fna",98.13,0
"3300038423_23.fna",96.7,0.99
"3300038423_15.fna",88.6,4.71
"3300038423_20.fna",90.97,2.9
"3300038423_16.fna",95.48,0
"3300038423_13.fna",92.88,3.87
"3300038423_22.fna",96.36,2.27
"3300038423_9.fna",81.3,1.72
"3300038424_19.fna",94.53,2.56
"3300038424_16.fna",70.92,0.1
"3300038424_13.fna",73.71,5.48
"3300038424_29.fna",98.22,2.91
"3300038424_23.fna",80.76,3.91
"3300038424_26.fna",75.08,2.75
"3300038424_20.fna",95.79,0.93
"3300038424_38.fna",70.79,0
"3300038424_14.fna",98.37,1.96
"3300038424_17.fna",97.1,0.97
"3300038424_28.fna",99.67,0.65
"3300038424_10.fna",98.25,9.19
"3300038425_23.fna",87.55,2.46
"3300038425_24.fna",74.03,1.51
"3300038425_28.fna",87.64,3.42
"3300038425_16.fna",96.55,1.15
"3300038425_37.fna",77.8,2.25
"3300038425_26.fna",92.06,1.4
"3300038425_33.fna",71.51,0
"3300038425_29.fna",99.67,1.31
"3300038426_14.fna",96.57,0.65
"3300038426_17.fna",79.03,0.04
"3300038426_11.fna",90.26,3.49
"3300038426_9.fna",77.73,1.15
"3300038426_25.fna",72.77,0
"3300038426_12.fna",99.07,8.41
"3300038426_18.fna",98.22,2.91
"3300038426_8.fna",87.54,4.25
"3300038426_13.fna",90.76,0
"3300038427_24.fna",72.73,8.36
"3300038427_37.fna",72.77,0
"3300038427_34.fna",87.09,0
"3300038427_23.fna",96.7,0.99
"3300038427_41.fna",80.46,0
"3300038427_33.fna",85.95,0
"3300038427_43.fna",70.33,6.69
"3300038427_16.fna",74.9,7.38
"3300038427_30.fna",98.22,2.91
"3300038427_25.fna",78.82,4.83
"3300038427_21.fna",99.54,0.65
"3300038427_32.fna",77.56,2.46
"3300038427_11.fna",94.19,5.99
"3300038427_29.fna",98.36,0.66
"3300038427_19.fna",86.64,2.59
"3300038428_21.fna",98,1.6
"3300038428_18.fna",97.1,0.97
"3300038428_16.fna",87.74,5.2
"3300038428_17.fna",80,0
"3300038428_19.fna",93.23,3.41
"3300038428_13.fna",94.59,3.7
"3300038428_12.fna",96.15,2.63
"3300038428_20.fna",95.71,0
"3300038429_23.fna",76.72,0.86
"3300038429_26.fna",98,1.6
"3300038429_29.fna",86.14,0.47
"3300038429_25.fna",88.25,0.65
"3300038429_18.fna",97.1,2.26
"3300038429_22.fna",89.29,3.42
"3300038429_20.fna",70.11,0.1
"3300038429_31.fna",72.28,0
"3300038429_24.fna",98.22,2.91
"3300038429_32.fna",78.74,1.72
"3300038429_21.fna",98.86,1.14
"3300038429_14.fna",98.25,3.67
"3300038429_19.fna",84.52,0
"3300038450_23.fna",98.22,2.91
"3300038450_19.fna",92.82,4.27
"3300038450_24.fna",73.52,0.08
"3300038450_10.fna",87.07,6.49
"3300038450_17.fna",77.16,1.44
"3300038450_26.fna",75.4,0
"3300038450_13.fna",86.41,5.85
"3300038450_22.fna",98.37,0.65
"3300038450_31.fna",71.78,0
"3300038450_8.fna",94.19,7.28
"3300038450_27.fna",70.02,0.8
"3300038450_9.fna",97.42,8.64
"3300038450_34.fna",80.46,0
"3300038451_46.fna",75.55,1.12
"3300038451_37.fna",89.38,1.48
"3300038451_39.fna",89.36,2.15
"3300038451_28.fna",75.56,2.02
"3300038451_30.fna",88.21,0
"3300038451_51.fna",80.46,0
"3300038451_44.fna",72.77,1.98
"3300038452_5.fna",85.47,0.85
"3300038553_4.fna",97.65,0.31
"3300038553_3.fna",98.7,0.41
"3300038553_1.fna",99.48,0
"3300038555_6.fna",99.49,0
"3300038555_4.fna",97.03,0.37
"3300038555_3.fna",99.37,0.16
"3300038555_5.fna",99.98,1.79
"3300038555_2.fna",99.46,1.27
"3300038557_8.fna",99.03,0
"3300038557_2.fna",99.56,0.85
"3300038557_4.fna",99.68,0.97
"3300038557_3.fna",81.03,0
"3300038557_5.fna",99.54,0.83
"3300038557_6.fna",79.58,0.68
"3300038619_20.fna",70.09,8.12
"3300038619_17.fna",90.69,0.65
"3300038619_9.fna",89.52,3.43
"3300038619_23.fna",71.8,1.41
"3300038619_18.fna",87.95,0.95
"3300038648_15.fna",89.9,2.85
"3300039305_6.fna",100,0.58
"3300039305_9.fna",99.51,0.49
"3300039305_7.fna",97.22,0
"3300039305_8.fna",100,0.99
"3300039305_10.fna",100,0.87
"3300039306_1.fna",97.1,1.29
"3300039306_8.fna",71.95,0.41
"3300039306_4.fna",99.7,0
"3300039306_2.fna",99.06,0.94
"3300039306_3.fna",98.94,0.61
"3300039306_6.fna",100,0
"3300039307_33.fna",78.74,0
"3300039307_16.fna",87.13,0.84
"3300039307_25.fna",88.79,0.47
"3300039307_20.fna",96.7,0.99
"3300039307_18.fna",98.86,1.14
"3300039307_15.fna",96.77,3.66
"3300039307_19.fna",92.82,2.56
"3300039308_5.fna",99.53,2.36
"3300039308_7.fna",86.64,3.77
"3300039308_8.fna",99.84,0.19
"3300039308_6.fna",96.58,5.18
"3300039308_9.fna",99.44,0.6
"3300039308_10.fna",99.25,5.43
"3300039309_10.fna",81.94,2.26
"3300039309_7.fna",95.05,9.17
"3300039309_9.fna",71.86,6.51
"3300039309_15.fna",98,1.6
"3300039309_11.fna",94.66,2.91
"3300039309_14.fna",97.22,0.65
"3300039310_16.fna",97.74,1.1
"3300039310_17.fna",95.92,0.65
"3300039310_18.fna",72.41,0.2
"3300039310_15.fna",75.6,1.75
"3300039310_14.fna",91.99,2.91
"3300039326_13.fna",90.29,2.91
"3300039326_18.fna",98,2.4
"3300039326_15.fna",86.76,2.82
"3300039326_19.fna",75.82,3.47
"3300039326_8.fna",82.76,1.15
"3300039326_12.fna",90.81,5.67
"3300039326_14.fna",80.65,2.9
"3300039412_30.fna",96.7,2.48
"3300039412_40.fna",85.98,0.93
"3300039412_34.fna",74.46,1.98
"3300039412_32.fna",82.04,2.91
"3300039412_28.fna",97.73,1.14
"3300039412_26.fna",86.28,7.19
"3300039412_29.fna",78.4,2.56
"3300039412_23.fna",92.9,0
"3300041782_3.fna",70.09,3.13
"3300041788_1.fna",77.6,1.19
"3300041802_8.fna",91.84,0.5
"3300041814_3.fna",70.61,3.37
"3300041823_5.fna",95.69,0
"3300041935_1.fna",84.71,0.58
"3300041970_3.fna",78.36,3.42
"3300041972_6.fna",88.22,1.46
"3300041973_3.fna",95.26,0.86
"3300041973_7.fna",95.56,6.84
"3300042538_10.fna",92.58,0.94
"3300042538_2.fna",96.99,0.56
"3300042538_5.fna",99.13,0.14
"3300042538_8.fna",97.24,1.99
"3300042538_9.fna",70.06,0
"3300042538_1.fna",98.58,1.02
"3300042904_48.fna",77.49,0.91
"3300042904_46.fna",95.31,6.3
"3300042904_69.fna",100,1.08
"3300042904_59.fna",98.21,0.45
"3300042904_44.fna",89.34,5.41
"3300042904_90.fna",81.98,1.45
"3300042904_79.fna",83.04,0.72
"3300042904_43.fna",81.26,2.04
"3300042904_111.fna",97.56,3.05
"3300042904_107.fna",77.77,7.76
"3300042904_14.fna",77.45,0
"3300042904_101.fna",92.67,3.02
"3300042904_113.fna",86.96,0
"3300042904_16.fna",88.95,1.16
"3300042904_74.fna",97.96,0.19
"3300042904_13.fna",85.9,1.71
"3300042904_56.fna",98.81,2.06
"3300042904_5.fna",92.23,2.91
"3300042904_51.fna",70.24,9.8
"3300042904_115.fna",87.7,2.22
"3300042904_110.fna",95.51,0.99
"3300042904_109.fna",95.68,0
"3300042904_19.fna",89.33,2.56
"3300042904_3.fna",98.9,0
"3300042904_71.fna",97.8,1.44
"3300042922_24.fna",70.17,0
"3300042922_46.fna",97.93,0
"3300042922_27.fna",94.41,2.35
"3300042922_50.fna",95.71,1.43
"3300042922_33.fna",76.17,1.34
"3300042922_23.fna",96,3.06
"3300042922_79.fna",72.41,0
"3300042922_99.fna",97.58,4.97
"3300042922_36.fna",87.52,9.93
"3300042922_40.fna",100,0
"3300042922_29.fna",99.11,0.78
"3300042922_117.fna",75,3.23
"3300042922_15.fna",86.68,2.58
"3300042922_112.fna",97.58,1.75
"3300042922_102.fna",73.86,5.22
"3300042922_17.fna",70.69,0
"3300042922_93.fna",99.48,0.77
"3300042922_142.fna",99.78,4.36
"3300042922_111.fna",72.94,0.28
"3300042922_59.fna",74.55,2.35
"3300042922_106.fna",76.6,0.09
"3300042922_44.fna",95.67,0.42
"3300042922_114.fna",73.68,0
"3300042922_67.fna",75.33,3.91
"3300042922_13.fna",87.61,1.78
"3300042922_105.fna",94.24,1.63
"3300042922_121.fna",82.03,0.04
"3300042922_62.fna",82.33,1.34
"3300042922_138.fna",99.53,0.47
"3300042922_136.fna",89.05,3.28
"3300042922_96.fna",79.94,4.91
"3300042923_12.fna",99.48,0.77
"3300042923_77.fna",83.39,1.42
"3300042923_105.fna",98.73,0.47
"3300042923_111.fna",77.45,0
"3300042923_8.fna",79.44,3.61
"3300042923_59.fna",99.51,0
"3300042923_11.fna",98.15,2.15
"3300042923_55.fna",74.12,0.71
"3300042923_122.fna",71.9,1.72
"3300042923_83.fna",99.49,0
"3300042923_109.fna",77.59,1.72
"3300042923_100.fna",98.89,0.9
"3300042923_41.fna",91.23,2.03
"3300042923_53.fna",73.15,5.17
"3300042923_33.fna",77.59,2.59
"3300042923_61.fna",72.65,0.33
"3300042923_15.fna",99.53,0.47
"3300042923_112.fna",86.95,2.26
"3300042923_56.fna",99.11,6.6
"3300042923_62.fna",89.17,5.43
"3300042923_125.fna",74.11,0.39
"3300042923_21.fna",89.7,0
"3300042923_139.fna",94.72,0.23
"3300042923_134.fna",99.29,3.9
"3300042923_124.fna",85.71,0.16
"3300042934_60.fna",87.31,6.71
"3300042934_50.fna",84.46,0.08
"3300042934_79.fna",99.29,0.77
"3300042934_103.fna",91.77,0.88
"3300042934_105.fna",91.94,7.08
"3300042934_84.fna",96.67,1.67
"3300042934_81.fna",97.82,0.11
"3300042934_11.fna",96.97,0.51
"3300042934_94.fna",97.89,0.76
"3300042934_101.fna",77.59,0
"3300042934_43.fna",81.03,3.45
"3300042934_107.fna",92.84,2.68
"3300042934_97.fna",88.53,1.15
"3300042934_34.fna",86.21,0.57
"3300042934_87.fna",100,0
"3300042934_69.fna",95.84,0.41
"3300042934_99.fna",94.44,0.57
"3300042934_110.fna",72.41,2.59
"3300042934_10.fna",92.84,3.47
"3300042934_24.fna",78.44,0.05
"3300042934_100.fna",83.61,1.68
"3300042934_39.fna",84.43,6.49
"3300042934_12.fna",98.9,0
"3300042934_67.fna",72.59,0.28
"3300042984_9.fna",96.12,1.29
"3300042984_3.fna",97.41,1.81
"3300042990_5.fna",77.06,4.4
"3300042994_19.fna",99.5,0.91
"3300042994_4.fna",100,0.58
"3300042994_16.fna",94.92,0.27
"3300042994_21.fna",97.7,2.2
"3300042994_20.fna",99.84,0.47
"3300042994_13.fna",100,0.97
"3300042994_10.fna",97.7,0.63
"3300042994_15.fna",96.35,1.09
"3300042994_12.fna",99.89,1.14
"3300042994_3.fna",97.22,0
"3300042994_14.fna",99.51,0.49
"3300042994_9.fna",90.79,1.18
"3300042994_7.fna",99.11,1.62
"3300042995_8.fna",98.89,0.52
"3300042995_5.fna",71.43,2.24
"3300042995_15.fna",99,1
"3300042995_19.fna",100,3.64
"3300042995_11.fna",98.39,0.54
"3300042995_12.fna",97.89,0.5
"3300042995_4.fna",99.49,0.25
"3300042995_7.fna",99.05,0.18
"3300042995_9.fna",75.86,0
"3300042995_10.fna",94.03,3.88
"3300042995_13.fna",80.34,0
"3300042995_14.fna",98.12,0.74
"3300042996_3.fna",99.5,0
"3300042996_6.fna",98.18,0
"3300042996_1.fna",99.76,2.71
"3300042996_2.fna",99.11,0.7
"3300042996_4.fna",98.99,2.22
"3300043100_10.fna",86.11,2.14
"3300043100_19.fna",94.65,7.87
"3300043100_27.fna",74.54,2.32
"3300043100_35.fna",78.56,9.19
"3300043100_39.fna",88.97,3.7
"3300043100_4.fna",80.25,1.6
"3300043100_22.fna",96.4,2.4
"3300043157_15.fna",98.43,1.71
"3300043157_2.fna",83.96,2.69
"3300043158_4.fna",96.36,4.8
"3300043158_13.fna",80.11,2.14
"3300043158_11.fna",88.08,7.98
"3300043159_11.fna",80.26,7.26
"3300043159_4.fna",98,7.81
"3300043160_15.fna",75.56,4.55
"3300043160_10.fna",86.58,5.24
"3300043161_14.fna",90.96,3.37
"3300043161_22.fna",85.21,0.85
"3300043162_20.fna",71.58,0.87
"3300043201_2.fna",97.58,1.71
"3300043201_6.fna",72.8,2.44
"3300043202_2.fna",81.85,1.26
"3300043206_1.fna",79.01,1.71
"3300043247_6.fna",98.43,1.71
"3300043247_11.fna",73.46,9.69
"3300043250_11.fna",81.55,2.04
"3300043251_16.fna",83.88,7.52
"3300043251_3.fna",90.17,2.56
"3300043251_12.fna",76.95,1.71
"3300043251_17.fna",91.72,0.68
"3300043253_7.fna",93.8,1.71
"3300043254_3.fna",93.96,3.42
"3300043254_2.fna",91.69,0.85
"3300043344_1.fna",90.92,0.86
"3300043349_5.fna",94.4,2.16
"3300043352_2.fna",97.38,2.56
"3300043353_4.fna",75.18,2.75
"3300043353_3.fna",98.8,0.07
"3300043357_9.fna",95.3,3.8
"3300043360_8.fna",97.18,1.69
"3300043360_1.fna",80.01,4.63
"3300043363_2.fna",84.05,8.2
"3300043365_1.fna",97.22,2.56
"3300043379_8.fna",76.25,2.87
"3300043382_1.fna",76.35,1.72
"3300043384_4.fna",78.95,7.18
"3300043384_5.fna",86.85,3.56
"3300043385_4.fna",79.82,5.46
"3300043388_3.fna",97.15,3.7
"3300043390_2.fna",93.38,3.69
"3300043390_3.fna",84.13,5.39
"3300043390_4.fna",88.07,2.55
"3300043471_4.fna",74.03,5.98
"3300043472_5.fna",82.67,0.43
"3300043472_4.fna",81.61,6.44
"3300043473_5.fna",94.36,1.74
"3300043473_4.fna",97.41,2.3
"3300043480_1.fna",96.58,4.49
"3300043481_3.fna",76.29,1.01
"3300043484_1.fna",73.05,0.43
"3300043485_9.fna",100,3.28
"3300043485_10.fna",95.69,0.86
"3300043485_6.fna",97.44,4.75
"3300043486_4.fna",98.71,1.72
"3300043493_7.fna",86.04,2.56
"3300043493_6.fna",85.29,3
"3300043494_2.fna",91.05,2.61
"3300043496_9.fna",96.98,0.86
"3300043497_1.fna",97.41,1.9
"3300043497_5.fna",84.78,4.36
"3300043497_6.fna",70.37,2.73
"3300043499_9.fna",91.67,0.86
"3300043499_18.fna",97.44,4.27
"3300043499_14.fna",83.26,2.2
"3300043502_3.fna",90.6,4.56
"3300043502_2.fna",96.24,3.02
"3300043502_5.fna",79.74,4.09
"3300043503_6.fna",97.44,7.69
"3300043503_1.fna",78.19,5.35
"3300043538_14.fna",97.97,2.7
"3300043538_11.fna",99.57,3.19
"3300043538_23.fna",93.37,5.71
"3300043538_15.fna",86.6,0.91
"3300043538_4.fna",77.38,1.22
"3300043578_4.fna",72.92,6.4
"3300043578_8.fna",95.69,2.3
"3300043579_1.fna",95.73,2.56
"3300043579_4.fna",96.59,2.27
"3300043580_4.fna",87.92,1.21
"3300043586_12.fna",84.42,3.39
"3300043586_14.fna",85.38,1.33
"3300043594_13.fna",87.88,2.26
"3300043595_1.fna",96.9,1.63
"3300043595_11.fna",96.74,1.28
"3300043595_8.fna",85.96,3.56
"3300043596_7.fna",96.55,0.86
"3300043598_17.fna",96.98,0.86
"3300043598_7.fna",100,4.73
"3300043598_5.fna",82.72,5.2
"3300043598_13.fna",97.44,3.04
"3300043598_9.fna",93.33,1.03
"3300043598_8.fna",97.3,2.93
"3300043598_3.fna",84,3.72
"3300043601_4.fna",87.62,6.11
"3300043602_5.fna",79.09,2.78
"3300043602_4.fna",78.76,0.86
"3300043602_8.fna",84.54,3.3
"3300043603_5.fna",74.92,9.83
"3300043603_3.fna",76.76,1.71
"3300043607_1.fna",90.88,7.51
"3300043607_4.fna",84.88,1.1
"3300043608_4.fna",80.7,2.01
"3300043610_8.fna",70.31,7.28
"3300043611_4.fna",72.84,0.6
"3300043613_3.fna",78.97,3.41
"3300043613_11.fna",71.19,8.54
"3300043616_2.fna",87.54,4.8
"3300043617_2.fna",95.26,2.59
"3300043618_6.fna",91.21,3.29
"3300043619_2.fna",81.68,3.42
"3300043620_5.fna",100,3.65
"3300043620_13.fna",91.81,1.72
"3300043621_4.fna",87.07,1.36
"3300043623_8.fna",77.7,6.31
"3300043625_1.fna",87.56,0.86
"3300043628_3.fna",95.73,1.71
"3300043629_1.fna",91.76,1.1
"3300043630_4.fna",100,2.2
"3300043631_8.fna",88.25,2.99
"3300043633_9.fna",95.67,1.71
"3300043633_2.fna",90.31,3.42
"3300043633_4.fna",86.59,1.52
"3300043637_4.fna",83.46,1.29
"3300043639_2.fna",98.9,0
"3300043640_13.fna",74.78,4.38
"3300043640_16.fna",80.34,0
"3300043640_3.fna",89.83,9.4
"3300043640_17.fna",98.7,0.48
"3300043640_32.fna",99.26,1.97
"3300043640_4.fna",97.8,2.2
"3300043640_36.fna",96.97,2.24
"3300043640_34.fna",70,1.75
"3300043640_49.fna",88.78,3.85
"3300043640_28.fna",94.86,1.3
"3300043642_14.fna",98.79,1.44
"3300043642_15.fna",95.67,1.11
"3300043642_8.fna",77.83,7.86
"3300043642_7.fna",97.44,1.99
"3300043648_3.fna",76.06,3.02
"3300043649_10.fna",93.64,2.56
"3300043649_11.fna",90.63,0.85
"3300043650_8.fna",95.72,3.57
"3300043652_17.fna",97.74,2.14
"3300043652_5.fna",90.75,2.58
"3300043652_12.fna",86.03,2.01
"3300043654_11.fna",93.16,2.56
"3300043654_8.fna",89.74,4.27
"3300043654_9.fna",86.84,3.67
"3300043654_1.fna",82.31,1.38
"3300043661_16.fna",87.65,1.32
"3300043661_45.fna",75.57,2.04
"3300043661_46.fna",76.57,0.57
"3300043661_30.fna",97.16,0
"3300043661_33.fna",81.26,8.12
"3300043661_40.fna",89.27,7.51
"3300043661_3.fna",94.97,3.59
"3300043661_7.fna",81.68,0
"3300043661_36.fna",88.12,4.32
"3300043661_8.fna",79.8,1.71
"3300043661_24.fna",78.93,1.71
"3300043661_29.fna",91.04,6.05
"3300043661_5.fna",91.42,1.99
"3300043661_26.fna",87.27,2.57
"3300043661_17.fna",94.02,4.27
"3300043664_6.fna",98.64,0.92
"3300043667_14.fna",98.65,2.7
"3300043667_18.fna",75.22,2.06
"3300043667_13.fna",86.11,1.16
"3300043667_3.fna",94.4,1.85
"3300043668_7.fna",93.92,2.7
"3300043668_11.fna",72.04,1.71
"3300043673_22.fna",78.4,4.87
"3300043673_4.fna",80.69,6.97
"3300043673_36.fna",96.3,0.43
"3300043673_20.fna",97.41,0.86
"3300043674_1.fna",88.81,6.59
"3300043674_4.fna",93.96,7.69
"3300043675_2.fna",95.87,1.71
"3300043676_3.fna",96.59,2.27
"3300043680_9.fna",70.84,1.39
"3300043682_1.fna",86.02,3.47
"3300043689_5.fna",93.26,3.06
"3300043690_9.fna",93.27,3.3
"3300043704_4.fna",71.55,3.45
"3300043708_2.fna",73.76,5.3
"3300043716_1.fna",95.45,0.61
"3300043717_12.fna",90.61,2.74
"3300043719_5.fna",82.79,1.4
"3300043720_1.fna",75.73,1.32
"3300043724_4.fna",86.99,4.01
"3300043734_2.fna",82.5,7.31
"3300043740_2.fna",97.24,2.07
"3300043743_5.fna",72.84,1.91
"3300043749_1.fna",72.06,6.2
"3300043750_2.fna",85.6,3.45
"3300043752_3.fna",71.55,6.12
"3300043754_17.fna",97.17,3.85
"3300043754_14.fna",91.08,1.18
"3300043754_18.fna",78.92,5.61
"3300043755_4.fna",80.73,4.18
"3300043756_11.fna",96.44,1.71
"3300043757_3.fna",87.78,1.85
"3300043757_4.fna",75.61,2.63
"3300043757_17.fna",73.43,0
"3300043757_11.fna",80.31,3.85
"3300043757_8.fna",71.63,3.43
"3300043760_13.fna",86.13,2.06
"3300043761_2.fna",85.34,2.56
"3300043762_8.fna",78.06,3.32
"3300043763_14.fna",78.9,0.05
"3300043764_7.fna",79.9,1.09
"3300043764_10.fna",95.26,7.61
"3300043764_9.fna",85.48,3.37
"3300043765_10.fna",100,2.7
"3300043766_12.fna",75.3,3.85
"3300043770_4.fna",95.21,4.61
"3300043770_1.fna",88.85,2.61
"3300043770_2.fna",94.83,0
"3300043771_13.fna",96.48,1.25
"3300043777_13.fna",71.63,3.45
"3300043777_51.fna",75.37,1.68
"3300043777_20.fna",87.84,3.07
"3300043777_44.fna",80.57,3.93
"3300043777_45.fna",85.2,2.2
"3300043777_41.fna",80,2.6
"3300043777_5.fna",78.7,4.02
"3300043777_24.fna",94.44,3.28
"3300043777_16.fna",86.61,9.83
"3300043778_30.fna",92.82,3.5
"3300043778_11.fna",90.25,1.51
"3300043778_2.fna",76.91,2.56
"3300043778_4.fna",86.35,8.55
"3300043778_28.fna",81.05,1.97
"3300043783_40.fna",98.15,0.93
"3300043783_4.fna",79.75,4.27
"3300043783_6.fna",76.1,4.06
"3300043787_32.fna",75.52,0.43
"3300043787_8.fna",84.4,2.56
"3300043787_13.fna",86.5,3.53
"3300043787_25.fna",82.16,6.02
"3300043788_8.fna",71.13,0.66
"3300043788_35.fna",98.77,0.49
"3300043788_32.fna",90.57,3.51
"3300043788_54.fna",99.32,2.03
"3300043811_42.fna",84.68,3
"3300043811_34.fna",78.38,6.08
"3300043811_40.fna",88.89,1.71
"3300043811_30.fna",93.96,0
"3300043811_53.fna",75.34,3.59
"3300043811_48.fna",79.39,5.05
"3300044248_1.fna",76.39,5.6
"3300044250_2.fna",82.84,5.38
"3300044250_6.fna",80.04,6.4
"3300044251_2.fna",99.51,0.41
"3300044251_7.fna",93.39,2.59
"3300044252_8.fna",99.32,3.76
"3300044252_3.fna",96.98,1.72
"3300044254_1.fna",96.42,1.66
"3300044255_2.fna",71.71,6.15
"3300044447_9.fna",97.44,2.68
"3300044455_9.fna",71.6,1.65
"3300044455_1.fna",92.31,3.42
"3300044457_5.fna",81.62,5.13
"3300044457_1.fna",91.24,6.93
"3300044457_2.fna",96.58,8.59
"3300044459_13.fna",88.04,1.55
"3300044459_4.fna",97.44,1.99
"3300044459_14.fna",74.75,2.56
"3300044459_15.fna",95.73,6.46
"3300044468_3.fna",96.55,1.72
"3300044470_8.fna",94.89,1.14
"3300044470_53.fna",82.38,1.1
"3300044470_28.fna",95.61,5.41
"3300044470_4.fna",93.23,2.58
"3300044470_65.fna",88.12,0.99
"3300044470_29.fna",100,1.1
"3300044470_39.fna",97.41,0.86
"3300044470_17.fna",97.7,1.15
"3300044470_32.fna",95.47,4.3
"3300044470_50.fna",100,6.41
"3300044470_55.fna",75.21,0
"3300044470_54.fna",93.55,2.8
"3300044470_51.fna",71.94,2.99
"3300044470_31.fna",97.98,2.56
"3300044470_24.fna",92.43,3.7
"3300044470_59.fna",74.61,1.72
"3300044470_41.fna",82.69,2.56
"3300044470_6.fna",81.4,2.14
"3300044470_56.fna",86.42,1.75
"3300044470_11.fna",97.22,2.56
"3300044470_45.fna",97.08,1.93
"3300044470_9.fna",99.12,0.88
"3300044470_48.fna",92.24,4.05
"3300044470_46.fna",88.53,1.71
"3300044470_58.fna",96.92,0
"3300044470_49.fna",88.98,0.27
"3300044470_43.fna",96.31,4.7
"3300044492_7.fna",96.58,5.04
"3300044492_3.fna",71.85,3.8
"3300044492_2.fna",76.36,5.27
"3300044494_1.fna",85.26,8.26
"3300044494_9.fna",97.26,1.19
"3300044494_4.fna",87.63,2.08
"3300044503_3.fna",75.04,9.55
"3300044506_10.fna",86.63,4.83
"3300044515_1.fna",98.43,2.65
"3300044515_2.fna",100,2.56
"3300044515_4.fna",86.76,5.6
"3300044515_20.fna",94.43,2.84
"3300044521_46.fna",77.87,3.42
"3300044521_8.fna",95.41,5.2
"3300044521_33.fna",73.43,0
"3300044521_52.fna",98.93,2.99
"3300044521_37.fna",97.39,0.78
"3300044521_24.fna",90.63,5.75
"3300044521_54.fna",95.6,6.59
"3300044521_61.fna",71.16,0
"3300044521_53.fna",95.51,0.85
"3300044521_30.fna",84.7,6.03
"3300044521_16.fna",87.5,1.72
"3300044521_60.fna",70,4.31
"3300044521_39.fna",79.12,2.56
"3300044521_1.fna",93.34,0.68
"3300044521_57.fna",72.07,2.97
"3300044521_21.fna",94.84,3.73
"3300044521_2.fna",94.59,2.09
"3300044521_56.fna",94.66,2.14
"3300044525_3.fna",95.53,1.32
"3300044525_2.fna",86.2,0
"3300044525_14.fna",83.23,5.05
"3300044525_4.fna",88.89,5.3
"3300044525_10.fna",98.1,1.37
"3300044526_3.fna",78.85,2.14
"3300044528_2.fna",71.04,2.49
"3300044529_27.fna",80.54,7.69
"3300044529_23.fna",84.65,9.4
"3300044529_3.fna",75.26,4.17
"3300044529_32.fna",93.16,3.42
"3300044529_17.fna",88.89,3.7
"3300044529_11.fna",84.31,1.94
"3300044541_16.fna",93.95,5.33
"3300044648_37.fna",92.24,1.16
"3300044648_79.fna",97.13,6.26
"3300044648_46.fna",80.34,2.59
"3300044648_12.fna",95.93,1.84
"3300044648_4.fna",87.89,0
"3300044648_22.fna",76.31,5.45
"3300044648_83.fna",75,3.88
"3300044648_8.fna",98.17,3.05
"3300044648_99.fna",81.87,0
"3300044648_13.fna",92.78,0.14
"3300044648_80.fna",82.28,0.8
"3300044648_47.fna",88.53,2.81
"3300044648_5.fna",94.93,1.2
"3300044648_36.fna",73.9,2.66
"3300044648_60.fna",86.01,0.91
"3300044648_56.fna",77.16,0.27
"3300044648_9.fna",98.02,7.09
"3300044648_76.fna",94.17,3.88
"3300044648_53.fna",76.09,7.69
"3300044652_29.fna",98.28,0.86
"3300044652_17.fna",94.39,1.67
"3300044652_2.fna",89.1,2.91
"3300044652_32.fna",95.12,7.85
"3300044653_12.fna",90.99,2.3
"3300044653_14.fna",75.57,1.72
"3300044653_7.fna",79.29,7.74
"3300044653_17.fna",88.89,8.55
"3300044654_20.fna",82.69,6.15
"3300044654_32.fna",74.07,0.72
"3300044654_35.fna",92.34,3.56
"3300044654_10.fna",74.76,2.44
"3300044654_28.fna",82.48,0.28
"3300044654_37.fna",91.81,2.48
"3300044667_25.fna",75.43,1.87
"3300044667_48.fna",87.74,2.33
"3300044667_26.fna",70.37,3.47
"3300044667_14.fna",94.54,0.86
"3300044667_3.fna",96.55,0.86
"3300044667_53.fna",80.7,7.02
"3300044667_47.fna",76.72,8.59
"3300044667_30.fna",82.53,3.64
"3300044667_1.fna",74.56,1.96
"3300044667_2.fna",89.35,2.86
"3300044667_12.fna",74.14,0
"3300044667_15.fna",99.15,3.42
"3300044677_21.fna",96.15,3.42
"3300044677_16.fna",97.84,2.59
"3300044677_14.fna",93.53,3.45
"3300044677_22.fna",92.79,3.78
"3300044679_15.fna",82.55,4.79
"3300044679_67.fna",84.05,3.62
"3300044679_31.fna",74.9,2.42
"3300044679_24.fna",89.04,2.1
"3300044679_18.fna",87.58,2.46
"3300044679_4.fna",97.39,0.71
"3300044679_52.fna",73.72,2.56
"3300044679_51.fna",91.05,4.19
"3300044679_23.fna",88.3,3.04
"3300044679_74.fna",99.42,0.14
"3300044679_48.fna",97.3,6.76
"3300044679_40.fna",96.91,0
"3300044679_79.fna",92.3,4.56
"3300044679_35.fna",91.51,1.53
"3300044679_25.fna",96.91,1.03
"3300044679_37.fna",70.59,2.27
"3300044679_38.fna",96.49,1.32
"3300044679_41.fna",93.03,1.13
"3300044679_43.fna",88.87,3.87
"3300044680_30.fna",93.12,2.74
"3300044680_31.fna",87.67,2.45
"3300044680_55.fna",90.98,5.7
"3300044680_50.fna",73.63,3.53
"3300044680_59.fna",83.13,7.01
"3300044680_51.fna",94.49,5.47
"3300044680_48.fna",93.13,4.65
"3300044680_42.fna",73.18,0.43
"3300044680_54.fna",95.61,4.73
"3300044680_29.fna",92.89,4.8
"3300044680_25.fna",98.61,0
"3300044680_2.fna",99.57,2.14
"3300044680_19.fna",90.09,3.55
"3300044680_32.fna",100,3.85
"3300044680_34.fna",93.73,2.66
"3300044680_21.fna",92.78,8.54
"3300044680_18.fna",87.84,3.57
"3300044682_50.fna",75.82,1.52
"3300044682_9.fna",72.41,1.72
"3300044682_52.fna",88.15,3.88
"3300044682_54.fna",74.46,2.78
"3300044682_10.fna",87.12,0.86
"3300044682_49.fna",94.69,1
"3300044682_25.fna",96.5,3.63
"3300044682_51.fna",78.75,0.75
"3300044682_7.fna",92.69,3.51
"3300044682_6.fna",91.83,0.86
"3300044682_37.fna",86.82,1.47
"3300044682_20.fna",78.06,3.45
"3300044682_17.fna",77.98,2.37
"3300044682_40.fna",73.61,7.07
"3300044682_26.fna",76.16,0.85
"3300044682_31.fna",96.27,6.47
"3300044682_32.fna",92.78,3.88
"3300044682_43.fna",88.72,1.85
"3300044685_18.fna",89.1,4.91
"3300044685_11.fna",87.66,6.07
"3300044685_8.fna",75.29,2.81
"3300044685_21.fna",77.64,3.4
"3300044686_5.fna",87.7,0.93
"3300044686_16.fna",77.53,2.07
"3300044686_21.fna",72.44,2.09
"3300044686_6.fna",99.39,3.62
"3300044687_19.fna",76.02,4.31
"3300044687_12.fna",71.59,1.38
"3300044688_17.fna",88.55,2.26
"3300044688_12.fna",78.79,2.85
"3300044689_1.fna",75.51,1.07
"3300044689_21.fna",94.33,2.36
"3300044689_8.fna",92.11,4.42
"3300044689_7.fna",74.61,1.45
"3300044690_13.fna",87.89,0
"3300044691_33.fna",85.84,0
"3300044691_1.fna",89.63,2.58
"3300044691_13.fna",99.75,0.76
"3300044691_21.fna",86.97,2.55
"3300044691_34.fna",72.77,4.46
"3300044691_14.fna",100,3.94
"3300044691_35.fna",92.52,5.91
"3300044691_19.fna",94.18,0.89
"3300044692_20.fna",86.17,3.19
"3300044692_30.fna",94.97,1.88
"3300044692_33.fna",98.06,3.32
"3300044692_40.fna",84.85,8.07
"3300044692_26.fna",71.95,3.96
"3300044692_1.fna",93.11,2.37
"3300044697_20.fna",89.69,0.85
"3300044697_57.fna",99.48,0.43
"3300044697_56.fna",88.87,2.05
"3300044697_21.fna",89.32,0
"3300044697_8.fna",95.77,1.52
"3300044697_54.fna",87.5,1.85
"3300044697_2.fna",70.4,2.34
"3300044697_23.fna",84.17,2.4
"3300044697_17.fna",96.58,3.85
"3300044697_55.fna",88.02,5.51
"3300044697_47.fna",88.31,3.38
"3300044697_63.fna",88.67,2.3
"3300044697_50.fna",89.92,1.21
"3300044697_64.fna",81.51,3.7
"3300044697_49.fna",98.93,1.71
"3300044697_33.fna",76.39,6.27
"3300044697_40.fna",97.07,0.46
"3300044697_5.fna",97.39,1.11
"3300044697_29.fna",89.12,7.94
"3300044697_46.fna",96.18,5.98
"3300044702_12.fna",76.66,4.33
"3300044702_4.fna",87.97,3.27
"3300044703_71.fna",96.8,2.05
"3300044703_72.fna",91.03,5.98
"3300044703_23.fna",94.02,2.99
"3300044703_13.fna",77.42,6.89
"3300044703_46.fna",96.98,2.16
"3300044703_37.fna",96.15,1.71
"3300044703_2.fna",90.99,4.13
"3300044703_40.fna",94.72,1.92
"3300044703_26.fna",94.02,1.8
"3300044703_20.fna",90.18,5.23
"3300044703_69.fna",97.94,0.95
"3300044703_27.fna",96.53,2.56
"3300044703_62.fna",91.39,6.25
"3300044703_16.fna",93.16,5.56
"3300044703_4.fna",90.37,3.73
"3300044703_66.fna",100,1.35
"3300044703_12.fna",94.87,2.31
"3300044703_33.fna",99.15,2.14
"3300044703_75.fna",87.23,7.02
"3300044703_73.fna",98.29,1.57
"3300044703_65.fna",73.31,2.75
"3300044703_1.fna",86.34,5.65
"3300044703_56.fna",96.58,5.18
"3300044703_57.fna",100,2.56
"3300044703_67.fna",73.46,1.71
"3300044703_38.fna",95.86,0
"3300044703_15.fna",98.82,0.29
"3300044703_74.fna",88.08,8.02
"3300044704_22.fna",78.19,4.17
"3300044704_32.fna",77.92,1.71
"3300044704_29.fna",98.29,1.28
"3300044704_18.fna",73.93,4.27
"3300044704_25.fna",100,1.71
"3300044704_34.fna",90.49,2.61
"3300044704_38.fna",89.86,3.75
"3300044704_8.fna",96.53,2.39
"3300044704_19.fna",99.02,7.56
"3300044704_36.fna",86.58,4.29
"3300044704_14.fna",99.07,0
"3300044705_15.fna",89.75,1.03
"3300044705_25.fna",76.6,3.85
"3300044705_16.fna",89.72,1.78
"3300044705_27.fna",97.84,0.86
"3300044705_7.fna",73.94,5.94
"3300044708_23.fna",72.6,5.13
"3300044708_26.fna",80,5.98
"3300044708_16.fna",91.61,3.12
"3300044708_36.fna",78.2,2.55
"3300044708_1.fna",84.49,1.85
"3300044708_41.fna",87.2,4.27
"3300044708_5.fna",84.49,5.7
"3300044708_25.fna",90.93,4.57
"3300044708_54.fna",88.52,2.8
"3300044708_49.fna",83.14,8.55
"3300044708_52.fna",97.19,2.85
"3300044708_48.fna",73.94,1.64
"3300044709_71.fna",76.81,7.86
"3300044709_39.fna",97.44,3.42
"3300044709_68.fna",87.9,2.26
"3300044709_50.fna",83.02,1.56
"3300044709_67.fna",79.28,2.75
"3300044709_59.fna",85.68,1.55
"3300044709_47.fna",84.49,4.19
"3300044709_2.fna",82.7,3.69
"3300044709_20.fna",94.02,2.56
"3300044709_51.fna",79.03,2.27
"3300044709_21.fna",93.82,4.01
"3300044709_33.fna",83.54,4.13
"3300044710_32.fna",89.11,3.88
"3300044710_11.fna",79.57,1.29
"3300044710_5.fna",93.06,1.7
"3300044710_42.fna",95.21,7.69
"3300044710_12.fna",81.25,1.71
"3300044710_52.fna",70.79,0
"3300044711_25.fna",73.67,4.7
"3300044711_24.fna",84.53,4.7
"3300044711_31.fna",79.63,5.63
"3300044711_47.fna",72.33,8.51
"3300044711_32.fna",98.68,1.32
"3300044711_46.fna",95.95,4.73
"3300044711_36.fna",96.58,0.85
"3300044711_10.fna",85.4,5.98
"3300044713_50.fna",95.01,0.85
"3300044713_22.fna",89.15,6.08
"3300044713_30.fna",82.43,6.03
"3300044713_29.fna",87.02,3.9
"3300044713_38.fna",81.86,6.64
"3300044713_59.fna",82.73,1.61
"3300044713_19.fna",99.15,2.56
"3300044713_33.fna",96.15,1.28
"3300044713_56.fna",96.75,1.65
"3300044713_16.fna",82.33,6.32
"3300044713_58.fna",77.44,3
"3300044713_51.fna",93.16,4.44
"3300044714_5.fna",94.44,0
"3300044714_16.fna",72.71,5.51
"3300044714_19.fna",79.65,2.62
"3300044714_22.fna",73.59,1.09
"3300044714_7.fna",87.39,3.16
"3300044717_22.fna",89.22,7
"3300044717_2.fna",92.31,7.74
"3300044717_3.fna",98.42,1.69
"3300044717_1.fna",96.05,1.32
"3300044717_26.fna",80.17,5.32
"3300044717_34.fna",99.57,5.98
"3300044717_25.fna",98.15,0
"3300044718_14.fna",90.93,2.01
"3300044718_28.fna",72.36,0
"3300044718_7.fna",94.29,0.93
"3300044718_36.fna",90.21,2.27
"3300044718_37.fna",93.07,0.99
"3300044718_33.fna",96.05,1.71
"3300044718_30.fna",75.69,2.78
"3300044718_5.fna",96.68,4.4
"3300044718_13.fna",98.43,1.64
"3300044718_15.fna",97.96,1.99
"3300044720_33.fna",77.78,2.85
"3300044720_20.fna",86.27,2.53
"3300044720_39.fna",95.73,1.71
"3300044720_17.fna",70.2,2.2
"3300044720_16.fna",99.12,0.88
"3300044720_22.fna",98.54,0.93
"3300044720_11.fna",90.09,2.59
"3300044720_45.fna",95.27,2.03
"3300044720_48.fna",96.45,0.53
"3300044720_37.fna",71.26,3.13
"3300044720_43.fna",98.8,0
"3300044720_8.fna",93.92,6.48
"3300044720_36.fna",99.13,0.06
"3300044720_50.fna",91.85,1.39
"3300044720_49.fna",88.89,3.47
"3300044720_9.fna",98.58,1.71
"3300044722_8.fna",89.22,5.6
"3300044722_6.fna",70.31,0.68
"3300044722_25.fna",96.58,2.56
"3300044722_30.fna",97.97,4.95
"3300044722_16.fna",70.92,3.45
"3300044722_31.fna",98.99,1.35
"3300044722_19.fna",94.59,0.68
"3300044722_13.fna",100,4.27
"3300044722_22.fna",88.03,4.27
"3300044722_17.fna",85.9,0.28
"3300044722_27.fna",73.29,0.96
"3300044725_1.fna",82.25,1.72
"3300044726_10.fna",97.44,4.37
"3300044726_11.fna",92.31,3.63
"3300044727_10.fna",92.55,2.93
"3300044734_35.fna",93.52,3.43
"3300044734_12.fna",95.26,6.42
"3300044734_41.fna",98.26,1.81
"3300044734_43.fna",98.47,1.74
"3300044734_5.fna",98.29,2.31
"3300044734_44.fna",90.1,1.89
"3300044734_37.fna",86.76,3
"3300044734_13.fna",82.3,2.03
"3300044734_42.fna",98.08,5.13
"3300044734_7.fna",94.09,5.13
"3300044734_52.fna",96.58,6.03
"3300044734_45.fna",71.58,8.55
"3300044734_25.fna",86.92,2.67
"3300044734_10.fna",90.62,9.27
"3300044736_65.fna",72.19,8.44
"3300044736_15.fna",95.83,0.86
"3300044736_49.fna",93.85,3.26
"3300044736_8.fna",75.07,9.15
"3300044736_38.fna",92.59,0
"3300044736_60.fna",86.01,0.86
"3300044736_62.fna",70.86,8.77
"3300044736_46.fna",98.77,0
"3300044736_40.fna",78.02,7.42
"3300044736_28.fna",92.31,0.85
"3300044736_17.fna",89.22,2.08
"3300044736_42.fna",78.26,5.56
"3300044736_29.fna",89.16,7.09
"3300044736_31.fna",92.31,2.14
"3300044736_43.fna",74.1,5.56
"3300044736_27.fna",94.02,1.71
"3300044736_51.fna",92.31,0
"3300044736_56.fna",96.69,0.23
"3300044736_30.fna",85.14,0.94
"3300044736_1.fna",86.81,4.56
"3300044736_11.fna",79.17,2.47
"3300044737_36.fna",94.87,3.42
"3300044737_43.fna",78.59,1.72
"3300044737_18.fna",88.4,0.8
"3300044737_25.fna",99.15,2.66
"3300044737_2.fna",97.84,0.86
"3300044737_17.fna",96.98,0.86
"3300044737_38.fna",79.45,0.87
"3300044737_33.fna",90.69,0.71
"3300044737_21.fna",82.43,4.26
"3300044737_58.fna",87.64,4.54
"3300044737_46.fna",98.75,0.54
"3300044737_22.fna",100,1.71
"3300044737_7.fna",93.16,0
"3300044737_16.fna",96.36,0.47
"3300044737_26.fna",99.15,2.14
"3300044737_47.fna",98.26,1.27
"3300044737_11.fna",98.61,0.51
"3300044737_44.fna",75.98,5.53
"3300044737_56.fna",98.08,5.18
"3300044737_51.fna",88.25,5.18
"3300044738_25.fna",78.74,0
"3300044738_9.fna",97.07,2.4
"3300044738_24.fna",93.49,7.48
"3300044738_15.fna",87.47,6.89
"3300044738_4.fna",95.58,3.5
"3300044738_34.fna",99.42,1.49
"3300044738_10.fna",84.26,1.85
"3300044738_16.fna",97.15,0
"3300044738_8.fna",97.44,4.27
"3300044738_32.fna",93.95,0.72
"3300044738_6.fna",97.74,0.29
"3300044738_31.fna",97.84,0.86
"3300044739_30.fna",92.74,5.98
"3300044739_32.fna",97.72,0.86
"3300044739_37.fna",84.74,2.4
"3300044739_50.fna",86.6,3.45
"3300044739_31.fna",99.1,5.62
"3300044739_7.fna",76.21,8.62
"3300044739_33.fna",93.61,3.28
"3300044739_26.fna",83.17,1.76
"3300044739_60.fna",76.35,0.86
"3300044739_56.fna",96.58,4.27
"3300044739_44.fna",97.74,0.29
"3300044739_9.fna",97.84,0.86
"3300044739_49.fna",85,9.25
"3300044739_8.fna",92.02,1.13
"3300044739_12.fna",94.85,3.14
"3300044739_21.fna",99.15,3.42
"3300044740_4.fna",72.42,0.74
"3300044740_38.fna",71.45,3.84
"3300044741_8.fna",88.61,1.99
"3300044741_33.fna",98.9,7.33
"3300044741_25.fna",88.72,0
"3300044741_16.fna",84.2,8.01
"3300044742_23.fna",79.99,3.37
"3300044742_21.fna",86.52,3.96
"3300044742_30.fna",78.39,3.3
"3300044742_18.fna",78.93,4.55
"3300044742_31.fna",88.89,2.56
"3300044742_22.fna",96.59,2.27
"3300044742_20.fna",98.29,3.42
"3300044744_11.fna",95.87,0.85
"3300044744_15.fna",73.12,2.35
"3300044744_13.fna",97.01,1.71
"3300044744_7.fna",92.06,2.42
"3300044744_9.fna",95.51,4.27
"3300044745_2.fna",96.15,7.69
"3300044745_1.fna",90.75,2.99
"3300044747_5.fna",85.16,0
"3300044750_8.fna",97.3,2.95
"3300044750_13.fna",98.02,1.9
"3300044750_14.fna",73.36,4.39
"3300044750_15.fna",85.89,0.84
"3300044756_8.fna",80.6,3.51
"3300044764_9.fna",78.72,5.29
"3300044764_5.fna",94.87,1.28
"3300044766_27.fna",90.16,0.86
"3300044766_9.fna",86.83,4
"3300044796_30.fna",96.62,0.23
"3300044796_69.fna",77.77,0
"3300044796_105.fna",77.84,0
"3300044796_74.fna",97.38,2.56
"3300044796_53.fna",95.99,0.93
"3300044796_98.fna",75.29,0
"3300044796_29.fna",87.25,8.17
"3300044796_123.fna",75.99,0
"3300044796_107.fna",93.55,7.17
"3300044796_18.fna",98.61,0
"3300044796_15.fna",96.96,5.41
"3300044796_35.fna",91.45,1.28
"3300044796_10.fna",87.9,0
"3300044796_94.fna",75.65,0.19
"3300044796_76.fna",95.73,2.14
"3300044796_23.fna",94.02,2.14
"3300044796_44.fna",92.95,0.27
"3300044796_117.fna",83.72,0.15
"3300044796_115.fna",97.97,3.72
"3300044796_92.fna",94.03,2.9
"3300044796_86.fna",99.15,1.28
"3300044796_79.fna",99.15,2.14
"3300044796_113.fna",98.29,2.99
"3300044796_95.fna",75.76,0
"3300044796_49.fna",86.75,0.85
"3300044796_96.fna",82.85,4.12
"3300044796_62.fna",71.28,1.28
"3300044796_27.fna",83.89,5.98
"3300044796_54.fna",98.34,1.09
"3300044796_102.fna",96.13,4.03
"3300044796_118.fna",92.03,4.85
"3300044796_7.fna",94.8,0
"3300044796_28.fna",95.81,2.23
"3300044796_47.fna",98.29,2.61
"3300044796_81.fna",87.21,1.7
"3300044796_5.fna",92.31,2.14
"3300044796_73.fna",96.11,0.93
"3300044796_80.fna",72.97,1.75
"3300044796_26.fna",82.01,1.99
"3300044796_8.fna",99.32,1.37
"3300044797_56.fna",96.15,7.94
"3300044797_49.fna",71.63,5.56
"3300044797_43.fna",89.6,1.66
"3300044797_1.fna",82.46,3.51
"3300044797_46.fna",93.68,1.53
"3300044797_33.fna",73.81,1.69
"3300044797_47.fna",84.02,4.63
"3300044797_45.fna",95.91,7.12
"3300044797_36.fna",82.38,0.93
"3300044797_30.fna",77.8,1.37
"3300044797_17.fna",80.81,5.04
"3300044797_22.fna",83.04,1.99
"3300044798_64.fna",86.25,2.52
"3300044798_58.fna",91.11,2.56
"3300044798_35.fna",97.27,3.64
"3300044798_65.fna",94.06,0
"3300044798_73.fna",95.45,2.27
"3300044798_9.fna",84.47,4.85
"3300044798_88.fna",78.3,3.85
"3300044798_56.fna",87.95,1.09
"3300044798_54.fna",79.48,8.92
"3300044798_51.fna",83.11,1.14
"3300044798_96.fna",89.04,5.48
"3300044798_30.fna",92.14,6.97
"3300044798_39.fna",95.71,1.98
"3300044798_27.fna",97.07,5.33
"3300044798_92.fna",90.44,2.47
"3300044798_19.fna",99.07,5.61
"3300044798_26.fna",83.6,3.2
"3300044798_91.fna",83.93,0
"3300044798_50.fna",99.67,0
"3300044798_23.fna",86.35,2.84
"3300044798_86.fna",100,4.55
"3300044798_45.fna",93.23,5.94
"3300044798_85.fna",77.97,0
"3300044798_12.fna",94.72,0.99
"3300044798_49.fna",71.29,0.03
"3300044798_16.fna",92.73,6.55
"3300044798_13.fna",89.77,0.11
"3300044798_47.fna",79.22,0.89
"3300044798_82.fna",70.96,1.49
"3300044798_48.fna",99.07,3.74
"3300044798_10.fna",99.2,1.6
"3300044799_51.fna",99.05,1.67
"3300044799_105.fna",75.51,0
"3300044799_94.fna",93.73,0.99
"3300044799_8.fna",86.97,4.27
"3300044799_67.fna",92.74,0
"3300044799_100.fna",87.79,0.11
"3300044799_101.fna",81.67,4.37
"3300044799_50.fna",81.25,0
"3300044799_47.fna",97.8,0
"3300044799_78.fna",87.16,8.42
"3300044799_54.fna",79.87,1.98
"3300044799_32.fna",97.19,0
"3300044799_99.fna",93.73,0
"3300044799_86.fna",99.2,1.6
"3300044799_96.fna",98.75,2.8
"3300044799_98.fna",90.43,5.13
"3300044799_97.fna",94.06,0.5
"3300044799_46.fna",90.19,4.05
"3300044799_73.fna",94.22,1.28
"3300044799_7.fna",98.8,1.14
"3300044799_60.fna",71.19,3.47
"3300044799_79.fna",97.27,3.64
"3300044799_59.fna",92.34,0.99
"3300044799_6.fna",82.24,0
"3300044799_12.fna",71,8.72
"3300044799_43.fna",94.87,1.51
"3300044799_4.fna",88.03,3.44
"3300044799_45.fna",97.73,1.14
"3300044799_38.fna",96.59,2.27
"3300044799_58.fna",71.1,3.9
"3300044799_39.fna",96.43,0
"3300044800_88.fna",98.86,2.27
"3300044800_87.fna",92.74,2.97
"3300044800_82.fna",93.55,3.23
"3300044800_5.fna",72.64,1.71
"3300044800_54.fna",85.29,2.52
"3300044800_96.fna",98.8,0
"3300044800_58.fna",91.28,4.27
"3300044800_55.fna",94.32,1.14
"3300044800_77.fna",95.83,1.39
"3300044800_47.fna",98.06,2.91
"3300044800_10.fna",87.85,2.34
"3300044800_80.fna",93.73,0
"3300044800_56.fna",97.27,5.64
"3300044800_90.fna",91.12,0.8
"3300044800_89.fna",98.1,5.43
"3300044800_79.fna",96.16,3.66
"3300044800_78.fna",83.76,2.26
"3300044800_60.fna",90,3.64
"3300044800_94.fna",85.5,7.45
"3300044800_108.fna",82.26,4.68
"3300044800_12.fna",97.44,6.89
"3300044800_63.fna",92.02,6.78
"3300044800_50.fna",90.29,3.33
"3300044800_95.fna",74.59,0.67
"3300044800_41.fna",94.44,1.71
"3300044800_22.fna",84.45,3.36
"3300044800_14.fna",82.14,0
"3300044800_61.fna",99.07,5.61
"3300044800_3.fna",82.42,0
"3300044800_24.fna",96.37,0.85
"3300044800_31.fna",77.3,1.28
"3300044800_72.fna",95.82,7.69
"3300044800_74.fna",96.7,0.99
"3300044800_28.fna",94.86,1.87
"3300044800_68.fna",90.41,8.97
"3300044801_60.fna",85.19,3.42
"3300044801_50.fna",94.84,1
"3300044801_33.fna",96.66,2.56
"3300044801_1.fna",70.19,5.88
"3300044801_34.fna",73.36,7.01
"3300044801_8.fna",78.75,0.85
"3300044801_46.fna",94.12,0.84
"3300044801_51.fna",96.45,0.32
"3300044801_30.fna",79.3,8.61
"3300044801_43.fna",86.11,1.71
"3300044801_64.fna",74.4,2.06
"3300044801_7.fna",97.02,1.1
"3300044801_32.fna",91.97,2.56
"3300044801_3.fna",95.73,6.84
"3300044801_36.fna",95.89,1.37
"3300044801_23.fna",98.29,1.28
"3300044801_2.fna",98.05,1.8
"3300044801_26.fna",97.3,4.42
"3300044801_25.fna",97.44,0.52
"3300044801_18.fna",70.56,1.71
"3300044801_57.fna",80.2,0.99
"3300044801_41.fna",95.02,4.35
"3300044801_28.fna",97.73,1.14
"3300044801_12.fna",72.01,1.37
"3300044801_19.fna",94.6,2.24
"3300044801_22.fna",92.9,1.94
"3300044801_16.fna",96.58,1.28
"3300044802_14.fna",74.84,0
"3300044802_17.fna",79.86,9.35
"3300044802_18.fna",92.73,7.27
"3300044802_25.fna",82.15,3.85
"3300044802_28.fna",89.62,7.74
"3300044802_13.fna",87.48,4.11
"3300044802_11.fna",82.34,5.12
"3300044802_31.fna",86.61,2.78
"3300044802_4.fna",95.69,7.52
"3300044802_19.fna",92.86,3.36
"3300044802_34.fna",92.53,3.95
"3300044807_6.fna",84.96,5
"3300044807_26.fna",88.82,1.07
"3300044807_32.fna",96.58,1.28
"3300044807_38.fna",76.23,1.82
"3300044807_22.fna",81.39,0.68
"3300044807_48.fna",92.52,3.69
"3300044807_55.fna",70.63,1.16
"3300044807_3.fna",89.66,8.2
"3300044807_5.fna",99.15,2.66
"3300044807_21.fna",99.15,2.99
"3300044807_16.fna",98.84,0.37
"3300044807_54.fna",78.58,2.56
"3300044807_8.fna",97.01,5.27
"3300044807_28.fna",87.53,1.59
"3300044807_4.fna",93.85,5.13
"3300044807_10.fna",73.81,3.79
"3300044808_1.fna",100,7.09
"3300044808_73.fna",94.02,4.27
"3300044808_21.fna",89.62,2.74
"3300044808_6.fna",89.57,2.14
"3300044808_18.fna",70.93,4.31
"3300044808_22.fna",71.08,0.85
"3300044808_23.fna",78.34,3.1
"3300044808_14.fna",97.44,5.13
"3300044808_20.fna",88.55,3.02
"3300044808_29.fna",82.91,3.42
"3300044808_15.fna",97.73,2.84
"3300044808_70.fna",83.11,2.36
"3300044808_34.fna",99.15,1.28
"3300044808_24.fna",98.29,0
"3300044808_62.fna",97.44,3.47
"3300044808_52.fna",87.78,0.85
"3300044808_50.fna",98.28,0.95
"3300044808_36.fna",92.31,5.56
"3300044808_28.fna",95.73,2.56
"3300044808_61.fna",94.44,0.93
"3300044808_32.fna",97.41,1.9
"3300044808_72.fna",99.15,0
"3300044808_48.fna",99.13,1.63
"3300044808_5.fna",84.21,2.99
"3300044808_46.fna",73.15,3.65
"3300044808_33.fna",98.29,0
"3300044808_38.fna",87.61,0.97
"3300044808_39.fna",95.32,4.27
"3300044808_37.fna",95.27,2.03
"3300044809_35.fna",82.44,4.97
"3300044809_37.fna",95.92,3.74
"3300044809_47.fna",92.66,6.19
"3300044809_11.fna",96.27,2.71
"3300044809_9.fna",86.39,2.39
"3300044809_42.fna",93.35,2.4
"3300044809_59.fna",89.22,7.61
"3300044809_12.fna",94.11,2.24
"3300044809_33.fna",72.6,1.56
"3300044809_21.fna",71.4,2.36
"3300044809_26.fna",94.02,3.47
"3300044809_22.fna",90.28,2.78
"3300044809_27.fna",83.39,7.94
"3300044810_28.fna",97.97,2.03
"3300044810_10.fna",86.88,0.46
"3300044810_17.fna",81.12,2.2
"3300044810_8.fna",82.68,3.73
"3300044810_24.fna",100,3.42
"3300044810_16.fna",83.41,2.79
"3300044811_30.fna",72.12,5.56
"3300044811_20.fna",83.96,6.41
"3300044811_28.fna",98.42,0.74
"3300044811_17.fna",75.91,9.61
"3300044811_24.fna",77.94,5.86
"3300044811_7.fna",98.99,0.72
"3300044811_35.fna",93.05,3.05
"3300044811_34.fna",98.17,1.08
"3300044812_37.fna",91.45,2.67
"3300044812_38.fna",96.02,3.12
"3300044812_39.fna",93.78,2.69
"3300044812_31.fna",75.88,1.71
"3300044812_40.fna",80,0.55
"3300044812_4.fna",96.62,2.7
"3300044812_12.fna",95.94,3.42
"3300044812_22.fna",76.59,3.92
"3300044812_13.fna",73.5,1.38
"3300044812_10.fna",97.17,1.71
"3300044812_18.fna",99.15,2.56
"3300044812_15.fna",97.97,1.58
"3300044812_35.fna",91.5,4.27
"3300044813_26.fna",95.76,1.32
"3300044813_37.fna",73.33,1.71
"3300044813_12.fna",95.58,2.56
"3300044813_18.fna",95.3,6.84
"3300044813_1.fna",95.73,0
"3300044813_3.fna",81.2,1.71
"3300044813_30.fna",72.22,1.38
"3300044813_28.fna",97.44,0.85
"3300044813_41.fna",87.32,5.26
"3300044813_14.fna",76.75,0.98
"3300044814_11.fna",96.53,3.42
"3300044814_24.fna",96.72,0
"3300044814_10.fna",72.89,2.54
"3300044814_6.fna",98.63,3.27
"3300044814_37.fna",97.83,3.85
"3300044815_14.fna",82.18,1.72
"3300044815_32.fna",96.98,2.3
"3300044815_20.fna",97.35,1.18
"3300044815_33.fna",88.97,3.59
"3300044815_30.fna",85.53,4.27
"3300044815_15.fna",88.84,3.42
"3300044816_43.fna",94.31,2.14
"3300044816_39.fna",89.57,3.42
"3300044816_40.fna",94.3,8.97
"3300044816_19.fna",85.4,3.04
"3300044816_5.fna",96.53,3.42
"3300044816_48.fna",97.57,4.42
"3300044816_26.fna",92.91,1
"3300044816_52.fna",100,2.36
"3300044816_58.fna",83.6,3.17
"3300044816_66.fna",88.79,0.86
"3300044816_57.fna",80.84,2.99
"3300044816_6.fna",98.29,1.28
"3300044817_8.fna",78.17,1.89
"3300044817_12.fna",98.29,6.03
"3300044817_5.fna",70.51,1.71
"3300044818_12.fna",95.44,4.32
"3300044818_10.fna",85.26,7.75
"3300044818_7.fna",89.93,3.06
"3300044819_9.fna",92.45,5.07
"3300044819_17.fna",86.73,0
"3300044819_30.fna",82.21,6.08
"3300044819_3.fna",98.52,0.9
"3300044819_31.fna",89.54,0.86
"3300044819_19.fna",72.95,2.54
"3300044819_25.fna",89.88,3.74
"3300044819_29.fna",81.11,8.42
"3300044820_23.fna",88.18,3.03
"3300044820_13.fna",83.61,3.74
"3300044821_13.fna",75.47,7.76
"3300044821_14.fna",70.85,3.45
"3300044821_36.fna",96.96,1.67
"3300044821_31.fna",95.14,3.18
"3300044821_11.fna",80.02,2.61
"3300044822_70.fna",91.62,4.35
"3300044822_71.fna",89.69,4
"3300044822_38.fna",80.41,1.3
"3300044822_16.fna",82.76,1.72
"3300044822_58.fna",91.67,3.58
"3300044822_57.fna",94.44,0.82
"3300044822_60.fna",86.11,1.9
"3300044822_46.fna",91.37,3.27
"3300044822_72.fna",81.05,9.83
"3300044822_73.fna",77.75,1.39
"3300044822_28.fna",79.83,3.45
"3300044822_44.fna",70.63,3.45
"3300044822_52.fna",72.48,9.69
"3300044822_34.fna",97.44,1.71
"3300044822_30.fna",86.47,3.23
"3300044822_61.fna",86.44,7.37
"3300044822_33.fna",92.73,2.03
"3300044822_47.fna",91.79,2.53
"3300044822_35.fna",92.02,2.28
"3300044823_7.fna",97.44,1.28
"3300044823_25.fna",98.28,5.6
"3300044823_60.fna",73.08,0.54
"3300044823_50.fna",97.77,1.96
"3300044823_45.fna",91.89,2.03
"3300044823_56.fna",99.12,0.88
"3300044823_53.fna",97.73,1.14
"3300044823_8.fna",85.47,4.7
"3300044823_61.fna",78.23,1.52
"3300044823_31.fna",93.23,3.23
"3300044823_20.fna",75.44,1.75
"3300044823_55.fna",92.66,9.03
"3300044823_33.fna",88.24,2.7
"3300044823_10.fna",91.28,1.83
"3300044823_54.fna",81.55,5.77
"3300044823_15.fna",83.88,0.55
"3300044823_11.fna",84.52,4.52
"3300044823_4.fna",86.54,4.62
"3300044823_39.fna",91.2,0.93
"3300044823_37.fna",96.11,4.05
"3300044823_32.fna",88.6,3.51
"3300044823_40.fna",93.66,0.88
"3300044823_42.fna",75.09,0
"3300044823_2.fna",80.14,1.75
"3300044823_6.fna",91.27,7.74
"3300044823_13.fna",87.86,0.86
"3300044823_24.fna",97.95,4.45
"3300044824_22.fna",95.83,0.93
"3300044824_8.fna",97.48,0.84
"3300044824_7.fna",98.61,2.78
"3300044824_21.fna",86.19,6.42
"3300044824_2.fna",89.78,5.03
"3300044824_24.fna",93.59,2.99
"3300044824_6.fna",94.26,6.53
"3300044824_18.fna",96.15,1.71
"3300044824_30.fna",74.98,1.71
"3300044824_27.fna",97.89,1.71
"3300044824_31.fna",97.97,2.39
"3300044824_34.fna",73.83,1.87
"3300044824_10.fna",95.48,0.32
"3300044824_19.fna",71.94,0.63
"3300044824_45.fna",92.12,2.26
"3300044824_25.fna",94.35,3.42
"3300044824_17.fna",87.05,3.35
"3300044824_36.fna",92.09,2.56
"3300044824_51.fna",94.68,3.23
"3300044824_32.fna",94.59,2.14
"3300044824_23.fna",86.5,0.85
"3300044824_37.fna",93.16,0.85
"3300044824_9.fna",97.15,1.28
"3300044824_38.fna",95.8,0.84
"3300044824_54.fna",97.7,1.72
"3300044824_5.fna",84.62,1.28
"3300044827_22.fna",94.06,0.87
"3300044827_4.fna",100,0
"3300044827_23.fna",74.8,5.17
"3300044827_45.fna",75.57,6.84
"3300044827_5.fna",94.66,4.77
"3300044827_44.fna",98.48,3.68
"3300044828_16.fna",95.3,3.42
"3300044829_13.fna",85.93,0.85
"3300044829_3.fna",74.59,5.11
"3300044829_18.fna",87.27,3.19
"3300044830_15.fna",95.69,1.72
"3300044830_14.fna",98.7,3.33
"3300044830_24.fna",97.69,0
"3300044830_4.fna",91.22,2.67
"3300044830_19.fna",96.11,0.86
"3300044830_8.fna",75.05,2.56
"3300044830_26.fna",92.74,0
"3300044831_18.fna",75.21,5.61
"3300044831_6.fna",96.15,3.42
"3300044831_30.fna",91.98,4.19
"3300044831_17.fna",95.06,0.93
"3300044831_27.fna",84.83,6.95
"3300044831_28.fna",77.92,1.99
"3300044832_33.fna",76.92,1.71
"3300044832_7.fna",78.41,2.85
"3300044832_23.fna",85.41,0
"3300044832_6.fna",95.37,0.93
"3300044832_16.fna",75.85,2.28
"3300044833_24.fna",98.29,0
"3300044833_42.fna",90.38,1.71
"3300044833_28.fna",76.08,7.4
"3300044833_23.fna",77.79,1.71
"3300044833_17.fna",79.32,4.01
"3300044833_43.fna",97.44,6.03
"3300044833_25.fna",96.07,1.67
"3300044833_19.fna",77.64,3.04
"3300044833_15.fna",79.71,3.58
"3300044833_48.fna",98.65,1.35
"3300044833_7.fna",98.99,6.53
"3300044833_9.fna",97.39,0.63
"3300044833_44.fna",96.76,2.11
"3300044834_81.fna",81.87,1.65
"3300044834_76.fna",96.41,0
"3300044834_9.fna",100,3.42
"3300044834_75.fna",96.98,0.86
"3300044834_57.fna",83.86,2.74
"3300044834_68.fna",70.46,3.94
"3300044834_78.fna",88.57,1.25
"3300044834_49.fna",82.38,1.71
"3300044834_65.fna",90.56,0.85
"3300044834_14.fna",95.68,0.81
"3300044834_42.fna",95.68,1.4
"3300044834_54.fna",74.83,1.22
"3300044834_71.fna",95.25,2.56
"3300044834_2.fna",97.97,0.68
"3300044834_73.fna",81.7,3.2
"3300044834_44.fna",97.47,0.47
"3300044834_66.fna",98.17,0
"3300044834_67.fna",73.17,2.7
"3300044834_30.fna",95.63,5.98
"3300044834_22.fna",90.48,3.16
"3300044834_13.fna",74.21,2.59
"3300044834_29.fna",87.13,3.42
"3300044834_27.fna",98.29,4.7
"3300044834_72.fna",95.27,0.43
"3300044835_20.fna",76.81,0.72
"3300044835_21.fna",87.07,3.87
"3300044835_27.fna",81.32,1.71
"3300044835_1.fna",99.32,2.25
"3300044836_27.fna",74.98,3.47
"3300044836_3.fna",98.61,0.28
"3300044836_16.fna",90.59,2.05
"3300044836_23.fna",98.7,0.3
"3300044836_24.fna",79.64,2.56
"3300044836_20.fna",88.29,8.55
"3300044836_9.fna",91.67,5.13
"3300044836_17.fna",92.31,5.18
"3300044836_4.fna",93.59,1.71
"3300044836_21.fna",94.87,4.27
"3300044836_8.fna",76.72,2.87
"3300044837_34.fna",75.61,2.14
"3300044837_31.fna",96.98,0.95
"3300044837_32.fna",95.83,0.95
"3300044837_1.fna",81.87,1.1
"3300044838_33.fna",70.88,0.85
"3300044838_24.fna",80.32,1.53
"3300044838_5.fna",100,3.38
"3300044838_28.fna",97.26,3.19
"3300044838_4.fna",93.57,2.56
"3300044838_31.fna",91.57,3.51
"3300044839_23.fna",86.27,7.94
"3300044839_13.fna",96.68,2.56
"3300044839_14.fna",85.48,2.02
"3300044839_11.fna",97.44,2.14
"3300044839_15.fna",89.83,5.04
"3300044839_4.fna",97.43,1.29
"3300044839_10.fna",100,2.36
"3300044839_31.fna",95.67,3.42
"3300044839_7.fna",91.83,6.41
"3300044839_16.fna",88.54,3.68
"3300044839_32.fna",97.3,1.41
"3300044839_35.fna",79.94,7.84
"3300044839_34.fna",78.86,2.94
"3300044840_17.fna",79.13,0.43
"3300044840_11.fna",100,3.42
"3300044840_3.fna",76.32,1.71
"3300044840_2.fna",76.43,1.47
"3300044840_21.fna",96.72,1.71
"3300044840_34.fna",97.73,2.59
"3300044840_16.fna",70.15,1.85
"3300044840_33.fna",83.16,2.7
"3300044841_3.fna",85.37,2.78
"3300044841_28.fna",98.29,3.42
"3300044841_38.fna",77.49,3.59
"3300044841_17.fna",95.87,1.71
"3300044841_24.fna",78.82,3.02
"3300044841_10.fna",70.63,0
"3300044854_28.fna",74.05,1.96
"3300044854_41.fna",76.79,4.43
"3300044854_44.fna",84.44,1.71
"3300044854_5.fna",95.94,0.87
"3300044854_14.fna",83.4,1.53
"3300044854_18.fna",78.1,3.47
"3300044854_33.fna",84.03,2.2
"3300044854_6.fna",97.44,3.7
"3300044854_10.fna",89.01,5.56
"3300044854_7.fna",89.74,2.63
"3300044854_48.fna",74.67,5.39
"3300044898_24.fna",96.3,2.14
"3300044898_16.fna",81.72,3.42
"3300044898_23.fna",98.65,1.35
"3300044898_12.fna",96.76,0
"3300044898_39.fna",74.86,1.55
"3300044898_11.fna",91.82,4.9
"3300044898_35.fna",97.17,2.56
"3300044898_7.fna",100,2.7
"3300044898_33.fna",83.15,8.93
"3300044899_39.fna",73.79,0
"3300044899_18.fna",83.55,3.42
"3300044899_22.fna",95.87,1.71
"3300044899_15.fna",93.56,0.79
"3300044899_25.fna",98.29,2.56
"3300044899_37.fna",95.21,3.21
"3300044899_38.fna",96.63,2.05
"3300044904_13.fna",96.94,1.77
"3300044904_19.fna",76.77,1.04
"3300044904_11.fna",75.86,1.72
"3300044904_69.fna",94.91,1.85
"3300044904_32.fna",78.51,0.85
"3300044904_8.fna",78.19,1.31
"3300044904_17.fna",88.89,1.28
"3300044904_16.fna",96.48,1.15
"3300044904_62.fna",93.92,1.28
"3300044904_60.fna",97.64,6.76
"3300044904_7.fna",82.14,1.68
"3300044904_56.fna",84.09,5.98
"3300044904_46.fna",96.15,1.76
"3300044904_35.fna",88.03,5.18
"3300044904_47.fna",97.3,3.97
"3300044904_36.fna",94.44,1.1
"3300044904_20.fna",96.1,3.42
"3300044904_41.fna",99.15,1.28
"3300044904_53.fna",95.25,4.27
"3300044904_54.fna",71.76,2.93
"3300044904_43.fna",90.67,3.33
"3300044904_79.fna",81.7,3.42
"3300044904_42.fna",95.47,0.5
"3300044904_45.fna",95.27,5.1
"3300044904_76.fna",95.26,2.59
"3300044904_83.fna",87.85,0.93
"3300044904_40.fna",100,3.51
"3300044904_70.fna",97.73,1.14
"3300044904_73.fna",92.31,3.3
"3300044904_78.fna",82.71,6.54
"3300044904_34.fna",96.58,2.56
"3300044908_6.fna",73.25,2.56
"3300044908_7.fna",72.53,0.58
"3300044946_26.fna",72.93,0.87
"3300044946_12.fna",70.77,2.93
"3300044946_54.fna",100,3.47
"3300044946_19.fna",81.84,3.28
"3300044946_8.fna",77.14,2.56
"3300044946_9.fna",87.96,3.42
"3300044946_27.fna",78.07,2.27
"3300044946_4.fna",83.89,4.46
"3300044946_45.fna",94.99,3.93
"3300044946_32.fna",96.23,3.11
"3300044946_46.fna",73.85,2.99
"3300044963_9.fna",84.67,3.2
"3300044964_10.fna",80.5,4.73
"3300044964_14.fna",71.44,1.55
"3300044964_18.fna",86.69,3.52
"3300044965_17.fna",76.85,3.28
"3300044977_21.fna",95.74,4.93
"3300044977_15.fna",99.07,0
"3300044977_6.fna",91.71,3.42
"3300044977_20.fna",79.72,6.27
"3300044977_40.fna",72.81,0.45
"3300044977_52.fna",98.15,0
"3300044977_56.fna",71.52,2.39
"3300044977_44.fna",93.53,7.77
"3300044977_48.fna",84.9,3.13
"3300044979_25.fna",82.33,1.67
"3300044979_13.fna",90.54,6.08
"3300044979_32.fna",77.64,1.55
"3300044979_22.fna",77.38,2.89
"3300044980_13.fna",94.42,5.88
"3300044980_2.fna",93.73,2.14
"3300044980_29.fna",87.46,4.11
"3300044981_43.fna",70.23,2.28
"3300044981_10.fna",73.63,2.61
"3300044981_16.fna",89.54,2.58
"3300044982_9.fna",77.37,1.09
"3300044982_15.fna",98.87,2.59
"3300044982_13.fna",84.76,2.53
"3300044982_31.fna",73.95,0.85
"3300044983_48.fna",80.81,2.08
"3300044983_44.fna",87.15,2.08
"3300044983_13.fna",71.86,5.38
"3300044983_1.fna",82.28,7.26
"3300044983_2.fna",89.64,1.86
"3300044983_63.fna",73,4.4
"3300044983_39.fna",90.62,2.56
"3300044983_9.fna",76.86,2.2
"3300044983_64.fna",83.1,7.76
"3300044983_40.fna",83.39,6.64
"3300044983_95.fna",81.08,4.18
"3300044983_97.fna",70.29,1.21
"3300044983_87.fna",74.72,3.03
"3300044983_96.fna",80.3,7.69
"3300044983_94.fna",80.46,3.85
"3300044983_91.fna",97.51,4.27
"3300044983_81.fna",100,0.22
"3300044983_90.fna",97.58,5.22
"3300044999_16.fna",73.56,1.58
"3300044999_8.fna",86.27,4.63
"3300044999_7.fna",92.55,3.28
"3300045000_21.fna",98.61,1.09
"3300045000_12.fna",88.52,2.55
"3300045000_10.fna",73.74,2.99
"3300045000_60.fna",98.29,7.05
"3300045000_32.fna",90.12,2.14
"3300045000_49.fna",74.13,0.38
"3300045000_40.fna",77.16,0
"3300045001_3.fna",77.72,1.39
"3300045001_23.fna",93.32,2.31
"3300045001_34.fna",71.91,2.14
"3300045001_5.fna",92.59,5.45
"3300045001_13.fna",82.74,1.71
"3300045001_15.fna",95.35,0.85
"3300045001_10.fna",83.29,3.35
"3300045001_1.fna",83.35,1.57
"3300045002_25.fna",79.08,2.28
"3300045002_19.fna",73.28,1.01
"3300045002_13.fna",73.27,4.7
"3300045002_7.fna",79.87,6.27
"3300045003_43.fna",92.55,4.65
"3300045003_62.fna",79.12,0.93
"3300045003_30.fna",80.48,1.71
"3300045003_25.fna",71.55,0.43
"3300045003_44.fna",94.59,8.78
"3300045003_56.fna",83.21,9.37
"3300045003_29.fna",99.14,1.72
"3300045003_57.fna",96.14,3.14
"3300045003_27.fna",77.13,0.86
"3300045003_14.fna",89.89,3.28
"3300045012_12.fna",75.83,2.22
"3300045012_3.fna",71.55,7.76
"3300045012_32.fna",84.53,3.7
"3300045012_27.fna",77.08,2.63
"3300045012_43.fna",93.76,3.3
"3300045013_13.fna",96.3,3.85
"3300045013_40.fna",86.49,1.71
"3300045013_19.fna",72.05,2.16
"3300045014_29.fna",73.29,1.42
"3300045014_30.fna",88.11,1.71
"3300045014_31.fna",89.77,1.92
"3300045020_33.fna",70.32,3.89
"3300045020_23.fna",77.9,0
"3300045020_28.fna",89.53,7.9
"3300045020_3.fna",77.85,0.93
"3300045020_15.fna",87.2,6.21
"3300045042_3.fna",83.97,4.24
"3300045044_6.fna",76.86,1.58
"3300045045_7.fna",74.03,5.2
"3300045085_8.fna",97.72,0.86
"3300045085_20.fna",96.58,1.19
"3300045085_5.fna",86.21,4.68
"3300045085_10.fna",79.13,3.3
"3300045085_7.fna",95.9,1.16
"3300045085_16.fna",76.41,2.6
"3300045108_11.fna",94.71,2.62
"3300045108_3.fna",96.12,0.86
"3300045109_14.fna",86.64,2.58
"3300045110_6.fna",95.57,1.29
"3300045110_13.fna",96.7,1.16
"3300045110_18.fna",92.5,3.97
"3300045119_32.fna",85.6,2.16
"3300045119_12.fna",91.95,0.86
"3300045119_10.fna",96.74,3.42
"3300045119_14.fna",91.87,3.42
"3300045119_28.fna",97.84,3.88
"3300045119_17.fna",93.91,4.37
"3300045120_13.fna",99.15,3.42
"3300045120_15.fna",81.25,1.38
"3300045120_14.fna",93.16,3.42
"3300045120_22.fna",97.97,1.35
"3300045120_7.fna",73.48,4.45
"3300045120_24.fna",76.44,2.18
"3300045120_20.fna",76.08,3.41
"3300045120_31.fna",95.83,0.93
"3300045141_11.fna",91.21,1.9
"3300045141_26.fna",90.63,5.39
"3300045141_3.fna",87.68,0.85
"3300045142_36.fna",70.42,2.85
"3300045142_42.fna",79.31,1.96
"3300045142_6.fna",75.22,1.74
"3300045240_19.fna",98.4,0.86
"3300045240_15.fna",71.58,0.1
"3300045240_6.fna",94.38,3.6
"3300045240_7.fna",93.16,0.93
"3300045240_2.fna",90.24,2.15
"3300045240_5.fna",91.38,0.8
"3300045240_3.fna",98.45,1.27
"3300045240_9.fna",79.22,1.63
"3300045240_16.fna",97.32,1.02
"3300045241_28.fna",97.38,3.42
"3300045241_16.fna",86.21,1.1
"3300045241_1.fna",89.14,4.23
"3300045241_8.fna",97.44,3.24
"3300045241_32.fna",71.37,1.28
"3300045241_6.fna",78.59,5.14
"3300045241_25.fna",81.22,7.33
"3300045241_23.fna",80.49,2.05
"3300045241_10.fna",70.4,1.71
"3300045242_1.fna",85.06,0.93
"3300045242_4.fna",96.37,3.77
"3300045242_3.fna",70.74,3.41
"3300045243_2.fna",96.79,4.27
"3300045243_1.fna",96.55,1.03
"3300045253_11.fna",96.12,0
"3300045253_2.fna",81.48,1.95
"3300045257_29.fna",82.76,8.07
"3300045257_24.fna",99.05,0
"3300045257_28.fna",75.67,5.99
"3300045257_8.fna",94.1,8.8
"3300045257_13.fna",97.81,0
"3300045257_15.fna",96.98,0.86
"3300045257_11.fna",74.39,1.71
"3300045258_8.fna",96.53,7.25
"3300045258_9.fna",77.37,7.39
"3300045258_6.fna",96.98,1.18
"3300045282_33.fna",97.44,4.56
"3300045282_7.fna",88.73,5.24
"3300045282_20.fna",95.61,2.54
"3300045282_16.fna",97.41,3.88
"3300045282_21.fna",80.73,3.67
"3300045282_2.fna",83.68,3.45
"3300045282_3.fna",90.75,2.9
"3300045282_19.fna",94.3,5.15
"3300045283_24.fna",98.29,5.13
"3300045283_37.fna",74.04,5.52
"3300045283_4.fna",91.19,4.06
"3300045283_27.fna",74.7,2.03
"3300045283_25.fna",100,3.42
"3300045283_8.fna",96.58,5.13
"3300045284_14.fna",99.32,1.35
"3300045284_9.fna",94.83,5.6
"3300045284_3.fna",70.13,5.85
"3300045284_16.fna",96.12,1.15
"3300045284_26.fna",96.58,8.6
"3300045284_38.fna",98.01,1.71
"3300045284_23.fna",80.44,3.6
"3300045284_33.fna",75.32,1.35
"3300045284_39.fna",79.66,5.13
"3300045284_40.fna",96.96,1.3
"3300045284_5.fna",82.18,0
"3300045284_41.fna",95.83,2.24
"3300045284_43.fna",80.36,4.83
"3300045285_6.fna",87.62,1.1
"3300045285_10.fna",89.5,2.76
"3300045285_12.fna",91.88,2.21
"3300045303_24.fna",77.13,0.95
"3300045303_8.fna",81.76,4.4
"3300045303_10.fna",84.95,4.84
"3300045303_13.fna",95.83,1.9
"3300045303_20.fna",90.31,1.99
"3300045303_26.fna",96.98,1.72
"3300045303_11.fna",74.18,2.75
"3300045303_4.fna",96.58,6.23
"3300045303_14.fna",75.29,0.43
"3300045303_17.fna",96.26,1.23
"3300045582_17.fna",85.2,8.82
"3300045582_20.fna",97.39,0.43
"3300045582_21.fna",83.62,2.59
"3300045698_7.fna",72.2,3.59
"3300045733_13.fna",98.41,0
"3300045733_20.fna",98.1,3.87
"3300045733_31.fna",93.45,5.32
"3300045733_21.fna",91.08,4.43
"3300045743_33.fna",72.81,3.51
"3300045743_16.fna",97.94,0.47
"3300045743_17.fna",98.42,0.58
"3300045743_28.fna",98.66,1.22
"3300045743_13.fna",88.3,1.34
"3300045744_21.fna",89.96,1.71
"3300045744_11.fna",76.66,1.8
"3300045764_10.fna",93.91,6.36
"3300045765_1.fna",98.1,2.86
"3300045766_6.fna",79.8,5.27
"3300045766_14.fna",76.55,1.95
"3300045766_5.fna",91.88,4.27
"3300045766_15.fna",93.21,2.47
"3300045766_8.fna",86.63,1.78
"3300045766_26.fna",72.27,5.56
"3300045767_8.fna",72.1,2.99
"3300045767_2.fna",90.56,0.46
"3300045767_3.fna",92.04,3.85
"3300045768_11.fna",89.59,3.87
"3300045768_6.fna",90.6,5.84
"3300045768_12.fna",84.92,3.85
"3300045768_14.fna",94.02,0.43
"3300045769_4.fna",90.4,8.9
"3300045769_6.fna",70.9,0
"3300045769_2.fna",95.05,5.81
"3300045769_15.fna",83.44,1.98
"3300045770_4.fna",71.9,2.87
"3300045770_14.fna",90.01,0.86
"3300045770_9.fna",89.85,2.56
"3300045770_10.fna",98.57,2.86
"3300045770_17.fna",88.93,1.99
"3300045770_13.fna",92.43,3.57
"3300045770_11.fna",87.33,5.83
"3300045771_13.fna",82.64,4.41
"3300045771_3.fna",93.58,3.38
"3300045772_3.fna",94.02,2.23
"3300045772_11.fna",77.32,1.2
"3300045772_8.fna",92.08,0.91
"3300045772_14.fna",94.87,1.28
"3300045772_4.fna",82.18,1.71
"3300045773_13.fna",82.31,2.63
"3300045773_4.fna",82.32,3.82
"3300045774_2.fna",93.78,4.7
"3300045774_11.fna",80.83,0.93
"3300045774_14.fna",94.18,1.77
"3300045774_7.fna",93.67,6.57
"3300045775_8.fna",84.62,1.28
"3300045775_17.fna",83.73,5.81
"3300045775_22.fna",95.73,1.28
"3300045775_12.fna",95.56,2.99
"3300045775_20.fna",97.01,1.71
"3300045775_2.fna",99.14,9.84
"3300045775_19.fna",98.49,0.86
"3300045776_26.fna",76.19,7.02
"3300045776_4.fna",93.93,5.06
"3300045776_28.fna",89.29,6.77
"3300045776_23.fna",96.58,3.94
"3300045777_1.fna",88.61,0.87
"3300045777_19.fna",79.29,3.9
"3300045777_17.fna",75.41,4.16
"3300045777_8.fna",91.52,5.42
"3300045777_5.fna",95.63,1.76
"3300045777_18.fna",93.62,4.39
"3300045777_10.fna",88.61,1.4
"3300045777_21.fna",72.77,9.91
"3300045778_9.fna",83.8,3.39
"3300045778_17.fna",96.22,0.86
"3300045778_23.fna",83.12,5.85
"3300045778_3.fna",87.93,0.98
"3300045778_2.fna",89.68,1.72
"3300045778_10.fna",87.39,0.85
"3300045778_20.fna",94.87,1.42
"3300045778_14.fna",71.46,0.54
"3300045779_15.fna",96.58,1.28
"3300045779_3.fna",92.74,5.56
"3300045779_19.fna",88.46,2.14
"3300045779_17.fna",83.08,3.28
"3300045779_16.fna",84.27,3.5
"3300045780_2.fna",86.61,1.28
"3300045780_18.fna",89.33,1.36
"3300045780_16.fna",78.08,1.72
"3300045780_6.fna",87.01,0.44
"3300045780_19.fna",81.57,2.64
"3300045780_4.fna",81.84,0.08
"3300045780_14.fna",83.35,5.07
"3300045781_14.fna",88.81,0.85
"3300045781_35.fna",97.63,0.86
"3300045781_16.fna",97.44,0.95
"3300045781_4.fna",76.96,1.85
"3300045781_7.fna",95.69,1.08
"3300045781_5.fna",86.95,0.43
"3300045781_3.fna",84.59,4.29
"3300045781_17.fna",70.79,3.09
"3300045781_28.fna",76.78,0.43
"3300045781_26.fna",92.31,2.42
"3300045781_27.fna",73.92,0.86
"3300045784_7.fna",96.93,4.24
"3300045784_2.fna",74.78,1.84
"3300045784_3.fna",78.83,1.08
"3300045784_11.fna",88.58,0.55
"3300045784_6.fna",98.22,1.72
"3300045786_6.fna",72.55,0.34
"3300045786_3.fna",84.02,3.99
"3300045786_5.fna",83.95,2.47
"3300045786_9.fna",87.44,1.68
"3300045787_11.fna",87.53,0.93
"3300045787_14.fna",93.16,4.27
"3300045787_8.fna",81.64,4.39
"3300045787_16.fna",96.79,4.72
"3300045787_7.fna",89.2,6.49
"3300045791_6.fna",96.49,1.8
"3300045791_10.fna",81.76,0.93
"3300045791_12.fna",85.49,3.06
"3300045791_4.fna",90.34,4.05
"3300045791_7.fna",87.06,3.62
"3300045791_9.fna",98.5,0.85
"3300045793_2.fna",75.7,9.8
"3300045794_10.fna",91.88,1.28
"3300045794_7.fna",74.06,4.13
"3300045795_19.fna",87.66,5.13
"3300045795_11.fna",90.36,0.93
"3300045795_20.fna",73.21,1.95
"3300045795_16.fna",94.82,0.85
"3300045795_21.fna",93.36,2.4
"3300045795_15.fna",86.31,7.89
"3300045796_1.fna",93.16,1.28
"3300045796_8.fna",93,0.86
"3300045797_12.fna",74.47,2.72
"3300045797_16.fna",98.49,0.86
"3300045797_9.fna",87.52,2.99
"3300045797_13.fna",75.94,4.52
"3300045797_1.fna",78.94,0.6
"3300045797_15.fna",84.68,6.87
"3300045798_6.fna",95.15,1.28
"3300045799_4.fna",97.12,3.02
"3300045800_9.fna",98.57,2.87
"3300045800_6.fna",96.76,0.93
"3300045800_13.fna",75.91,1.29
"3300045801_2.fna",85.47,3.47
"3300045801_3.fna",88.6,5.33
"3300045801_5.fna",92.44,0.76
"3300045802_6.fna",72.69,3.65
"3300045802_3.fna",93.63,4.71
"3300045802_5.fna",92.28,0.1
"3300045802_14.fna",93.91,2.01
"3300045802_8.fna",88.37,4.27
"3300045803_21.fna",93.57,6.9
"3300045803_23.fna",98.5,0.85
"3300045803_18.fna",93.04,0.63
"3300045803_15.fna",75.12,2.59
"3300045803_19.fna",84.75,1.28
"3300045803_12.fna",92.54,0.68
"3300045803_20.fna",93.86,0
"3300045803_24.fna",95.67,0.86
"3300045803_14.fna",85.47,3.08
"3300045803_9.fna",75.88,5.41
"3300045803_10.fna",76.79,0.47
"3300045803_11.fna",94.13,4.53
"3300045803_13.fna",90.24,2.08
"3300045805_5.fna",98.57,2.54
"3300045805_6.fna",89.35,5.26
"3300045805_3.fna",95.64,1.15
"3300045805_4.fna",95.57,1.71
"3300045806_34.fna",93.34,1.94
"3300045806_35.fna",93.92,0.65
"3300045806_18.fna",93.87,0.87
"3300045806_25.fna",84.91,0.71
"3300045806_28.fna",91.75,0.83
"3300045806_19.fna",71.85,0.49
"3300045806_10.fna",79.59,1.02
"3300045806_36.fna",85.44,4.3
"3300045806_31.fna",72.54,8.78
"3300045807_4.fna",79.07,2.74
"3300045814_5.fna",95.51,3.42
"3300045814_8.fna",85.64,1.28
"3300045814_4.fna",94.67,1.11
"3300045814_9.fna",81.44,2.57
"3300045819_13.fna",95.51,0.85
"3300045819_2.fna",94.92,2.17
"3300045819_6.fna",92.59,3.85
"3300045819_15.fna",72.15,6.25
"3300045819_12.fna",85.04,1.71
"3300045819_8.fna",92.74,0
"3300045820_17.fna",72.2,1.72
"3300045820_8.fna",95.26,0.86
"3300045820_13.fna",94.97,1.28
"3300045820_5.fna",74.22,1.36
"3300045820_15.fna",91.88,2.39
"3300045820_16.fna",97.44,1.71
"3300045820_10.fna",82.88,0.43
"3300045821_2.fna",97.63,5.22
"3300045821_9.fna",93.97,0.86
"3300045837_13.fna",74.89,2.34
"3300045837_39.fna",88.87,2.54
"3300045837_31.fna",74.86,1.72
"3300045837_46.fna",71.08,1.71
"3300045837_22.fna",93.7,0
"3300045837_9.fna",80.39,4.44
"3300045838_35.fna",91.1,0.85
"3300045838_29.fna",80.77,5.56
"3300045838_42.fna",89.54,2.56
"3300045838_43.fna",82.93,2.31
"3300045838_36.fna",72.16,9.15
"3300045855_9.fna",94.88,0.16
"3300045884_33.fna",93.18,2.5
"3300045884_6.fna",77.88,2.83
"3300045884_7.fna",95.5,4.79
"3300045884_17.fna",80.62,2.93
"3300045884_39.fna",78.32,6.09
"3300045884_48.fna",92.67,3.01
"3300045884_50.fna",88.03,2.56
"3300045884_38.fna",82.25,5.52
"3300045884_19.fna",79.8,3.49
"3300045884_46.fna",82.48,8.44
"3300045884_20.fna",73.72,5.67
"3300045884_37.fna",93.3,1.71
"3300045884_15.fna",75,4.49
"3300045884_4.fna",70.8,1.28
"3300045884_23.fna",89.05,2.44
"3300045885_17.fna",93.73,5.13
"3300045885_14.fna",94.87,6.7
"3300045885_32.fna",91.4,1.94
"3300045885_1.fna",97.58,1.88
"3300045885_34.fna",83.75,7.94
"3300045885_27.fna",81.84,2.85
"3300045885_7.fna",97.7,0
"3300045885_31.fna",97.13,0.57
"3300045885_8.fna",88.27,4.34
"3300045885_20.fna",77.59,3.63
"3300045886_5.fna",74.41,9.19
"3300045886_6.fna",79.97,2.74
"3300045886_4.fna",96.55,1.15
"3300045886_3.fna",77.78,3.5
"3300045886_17.fna",99.85,1.88
"3300045886_2.fna",88.77,2.44
"3300045886_13.fna",74.79,3.85
"3300045910_33.fna",76.69,1.29
"3300045910_31.fna",82.91,3.85
"3300045910_23.fna",72.65,7.05
"3300045910_26.fna",88.21,1.3
"3300045910_10.fna",72.34,2.58
"3300045910_32.fna",75.86,0
"3300045910_1.fna",94.13,5.12
"3300045910_19.fna",80.34,3.85
"3300045910_11.fna",90.66,3.45
"3300045910_20.fna",83.81,8.73
"3300045910_7.fna",90.54,4.5
"3300045910_9.fna",81.84,1.72
"3300045910_25.fna",91.69,4.27
"3300045920_45.fna",72.53,2.56
"3300045920_33.fna",92.31,2.56
"3300045920_42.fna",74.05,1.29
"3300045920_8.fna",85.8,0.57
"3300045920_3.fna",79.68,3.42
"3300045920_22.fna",88.03,2.78
"3300045920_7.fna",86.41,2.34
"3300045920_10.fna",82.53,4.38
"3300045920_25.fna",86.75,5.98
"3300045920_40.fna",95.67,4.53
"3300045920_34.fna",97.13,0.57
"3300045920_15.fna",86.54,4.38
"3300045920_16.fna",72.98,1.45
"3300045920_4.fna",93.95,2.56
"3300045920_38.fna",79.95,1.13
"3300045920_17.fna",82.28,0
"3300045920_13.fna",92.08,3.47
"3300045925_8.fna",81.26,4.27
"3300045925_3.fna",96.84,0.57
"3300045925_14.fna",82.52,2.26
"3300045925_6.fna",76.67,3.87
"3300045925_12.fna",96.07,0
"3300045925_4.fna",97.58,1.88
"3300045926_12.fna",83.23,2.04
"3300045926_14.fna",87.23,5.18
"3300045927_2.fna",70.18,2.22
"3300045927_18.fna",96.52,2.27
"3300045927_15.fna",97.7,0.57
"3300045927_16.fna",94.87,4.27
"3300045927_30.fna",92.31,4.4
"3300045927_34.fna",83.56,3.78
"3300045927_1.fna",97.44,4.49
"3300045927_22.fna",100,5.03
"3300045927_17.fna",82.91,3.41
"3300045928_13.fna",86.09,6.91
"3300045928_11.fna",99.85,1.88
"3300045928_16.fna",97.8,3.3
"3300045928_9.fna",95.6,1.1
"3300045928_7.fna",94.51,1.1
"3300045929_10.fna",99.62,2.33
"3300045929_19.fna",82.43,2.86
"3300045929_18.fna",77.47,4.4
"3300045929_5.fna",77.98,9.4
"3300045929_4.fna",92.31,3.63
"3300045930_23.fna",72.63,1.93
"3300045930_10.fna",79.35,1.81
"3300045930_3.fna",92.23,5.12
"3300045930_15.fna",94.31,0.55
"3300045930_6.fna",78.85,6.11
"3300045930_19.fna",93.59,5.34
"3300045931_8.fna",83.05,4.27
"3300045931_6.fna",96.04,0.73
"3300045931_3.fna",73.15,1.49
"3300045931_7.fna",71.01,2.03
"3300045931_16.fna",91.5,8.07
"3300045932_22.fna",71.78,2.31
"3300045932_15.fna",96.55,0
"3300045932_14.fna",90.6,3.85
"3300045932_4.fna",76.11,4.27
"3300045932_21.fna",96.53,5.34
"3300045932_2.fna",77.89,2.59
"3300045932_24.fna",89.56,4.4
"3300045932_9.fna",100,4.63
"3300045932_25.fna",85.15,4.62
"3300045933_4.fna",72.89,1.54
"3300045933_20.fna",90.6,4.91
"3300045933_6.fna",74.93,0.84
"3300045933_11.fna",88.85,3.23
"3300045933_7.fna",71.67,7.05
"3300045933_23.fna",92.96,4.2
"3300045934_22.fna",95.73,4.27
"3300045934_13.fna",84.9,1.15
"3300045934_14.fna",92.18,3.38
"3300045934_8.fna",85.29,6.2
"3300045934_6.fna",81.31,5.13
"3300045934_1.fna",84.48,9.16
"3300045934_4.fna",94.02,4.91
"3300045934_10.fna",74.29,0
"3300045935_9.fna",97.01,0.85
"3300045935_16.fna",92.45,5.75
"3300045936_22.fna",87.45,1.1
"3300045936_3.fna",85.87,2.3
"3300045936_15.fna",97.44,5.34
"3300045936_18.fna",77.37,2.63
"3300045936_8.fna",92.31,6.84
"3300045936_16.fna",77.73,3.36
"3300045936_19.fna",86.41,4.32
"3300045940_1.fna",81.48,6.21
"3300045940_14.fna",99.55,2.03
"3300045940_19.fna",90.39,3.66
"3300045940_20.fna",71.46,2.99
"3300045940_10.fna",85.21,3.3
"3300045940_7.fna",94.51,1.1
"3300045940_8.fna",81.9,1.72
"3300045941_14.fna",92.28,0
"3300045941_13.fna",95.23,4.27
"3300045941_16.fna",73.93,6.84
"3300045941_3.fna",94.78,2.8
"3300045941_15.fna",83.14,1.68
"3300045941_1.fna",80.34,2.99
"3300045941_8.fna",80.61,3.55
"3300045941_26.fna",89.32,6.04
"3300045941_9.fna",90.34,2.52
"3300045944_15.fna",82.72,1.01
"3300045944_30.fna",73.06,0.54
"3300045944_11.fna",93.07,3.38
"3300045944_34.fna",84.9,0
"3300045944_6.fna",98.85,0
"3300045944_20.fna",92.56,3.55
"3300045944_23.fna",73.34,5.13
"3300045944_21.fna",91.12,3.6
"3300045944_28.fna",94.78,3.26
"3300045944_27.fna",91.45,2.56
"3300045944_29.fna",91.45,5.34
"3300045944_32.fna",76.32,4.27
"3300045945_7.fna",74.77,2.03
"3300045945_18.fna",96.58,4.27
"3300045945_5.fna",91.98,5.34
"3300045945_29.fna",96.59,1.14
"3300045945_21.fna",85.29,3.57
"3300045945_2.fna",96.93,0.57
"3300045945_25.fna",93.11,4.7
"3300045945_3.fna",78.64,4.56
"3300045945_37.fna",95.09,5.48
"3300045945_36.fna",80.34,2.56
"3300045945_26.fna",70.32,2.43
"3300045945_39.fna",92.96,2.74
"3300045946_17.fna",78.23,5.41
"3300045946_3.fna",92.02,0
"3300045946_21.fna",94.17,6.24
"3300045946_7.fna",93.79,1.6
"3300045946_29.fna",88.03,4.27
"3300045946_10.fna",71.39,1.29
"3300045947_19.fna",89.21,3.14
"3300045947_27.fna",81.11,2.24
"3300045947_21.fna",80.06,5.77
"3300045947_30.fna",92.92,7.26
"3300045947_2.fna",83.07,5.98
"3300045947_23.fna",75.34,3.38
"3300045947_1.fna",77.25,2.8
"3300045947_18.fna",97.13,1.15
"3300045949_12.fna",82.32,6.73
"3300045949_10.fna",84.52,7.86
"3300045949_7.fna",86.26,5.89
"3300045949_26.fna",76.07,1.71
"3300045949_3.fna",82.46,0
"3300045949_8.fna",93.18,3.07
"3300045949_18.fna",85.75,0.94
"3300045949_14.fna",85.47,5.13
"3300045949_5.fna",88.35,2.99
"3300045952_39.fna",78.95,6.41
"3300045952_6.fna",79.62,7.21
"3300045952_19.fna",88.89,5.98
"3300045952_36.fna",76.27,2.78
"3300045952_34.fna",89.4,1.56
"3300045952_27.fna",86.28,2.28
"3300045952_21.fna",76.27,4.6
"3300045952_37.fna",72.4,2.84
"3300045952_22.fna",87.4,2.44
"3300045952_32.fna",79.96,5.45
"3300045952_17.fna",99.94,0
"3300045952_18.fna",89.74,4.27
"3300045952_38.fna",73.96,2.56
"3300045952_35.fna",94.82,4.49
"3300045952_15.fna",74.79,5.66
"3300045952_10.fna",77.96,2.52
"3300045953_17.fna",91.88,6.41
"3300045953_15.fna",89.05,1.56
"3300045953_25.fna",78.96,3.48
"3300045953_13.fna",81.38,1.29
"3300045953_10.fna",70.99,7.48
"3300045953_6.fna",77.21,0
"3300045953_20.fna",82.15,3.1
"3300045953_18.fna",91.45,7.91
"3300045953_9.fna",71.65,2.66
"3300045955_10.fna",90.78,3.38
"3300045955_11.fna",88.03,3.42
"3300045955_24.fna",86.36,2.38
"3300045955_23.fna",94.87,4.27
"3300045955_12.fna",71.19,7.1
"3300045955_4.fna",92.95,2.29
"3300045955_22.fna",98.85,6.9
"3300045955_42.fna",95.3,7.26
"3300045955_41.fna",89.4,1.91
"3300045955_40.fna",94.78,4.41
"3300045955_20.fna",97.73,1.14
"3300045955_7.fna",74.36,3.5
"3300045955_43.fna",92.04,1.94
"3300045955_31.fna",86.1,1.1
"3300045955_29.fna",94.06,7.05
"3300045955_25.fna",87.6,2.33
"3300045955_30.fna",91.33,0
"3300045958_15.fna",83.33,1.51
"3300045958_27.fna",94.44,0.94
"3300045958_6.fna",72.28,0.95
"3300045964_13.fna",83.39,6.2
"3300045964_6.fna",96.39,4.26
"3300045964_7.fna",78.02,1.1
"3300045965_6.fna",78.07,3.19
"3300045965_5.fna",76.36,1.19
"3300045965_17.fna",77.27,1.14
"3300045965_2.fna",93.56,1.97
"3300045965_20.fna",94.87,2.56
"3300045965_10.fna",88.99,1.56
"3300045966_17.fna",80.26,4.05
"3300045966_12.fna",73.02,1.53
"3300045966_3.fna",91.24,1.94
"3300045966_15.fna",75.45,8.33
"3300045966_5.fna",78.89,4.52
"3300045966_28.fna",88.89,2.66
"3300045966_23.fna",89.4,1.56
"3300045966_30.fna",87.93,0
"3300045966_2.fna",76.05,5.04
"3300045966_22.fna",90.6,8.97
"3300045967_18.fna",79.91,3.95
"3300045967_11.fna",86.32,5.56
"3300045967_8.fna",91.4,1.94
"3300045967_2.fna",75.64,1.03
"3300045967_6.fna",74.36,2.66
"3300045967_12.fna",88.9,1.1
"3300045967_27.fna",94.02,9.83
"3300045967_16.fna",89.05,1.56
"3300045967_17.fna",94.02,5.63
"3300045968_31.fna",93.3,7.98
"3300045968_11.fna",82.56,4.73
"3300045968_21.fna",82.71,5.56
"3300045968_26.fna",86.67,0
"3300045968_13.fna",97.13,0.57
"3300045968_2.fna",94.02,7.26
"3300045968_20.fna",97.44,3.51
"3300045968_7.fna",91.4,2.58
"3300045968_18.fna",84.05,3.99
"3300045968_12.fna",93.8,3.63
"3300045968_15.fna",71.62,6.09
"3300045968_17.fna",77.28,3.2
"3300045975_78.fna",93.02,3.72
"3300045975_5.fna",71.86,1.27
"3300045975_69.fna",89.74,6.41
"3300045975_49.fna",86.97,2.26
"3300045975_54.fna",94.52,4.54
"3300045975_72.fna",94.52,2.74
"3300045975_44.fna",87.14,4.15
"3300045975_38.fna",83.24,5.34
"3300045975_4.fna",77.87,6.84
"3300045975_67.fna",92.61,2.27
"3300045975_18.fna",82.28,3.56
"3300045975_37.fna",73.74,8.12
"3300045975_23.fna",95.5,4.77
"3300045975_79.fna",86.04,1.28
"3300045975_30.fna",83.71,5.13
"3300045975_25.fna",71.06,1.29
"3300045975_35.fna",87.4,0.17
"3300045975_36.fna",94.02,3.42
"3300045975_11.fna",88,0
"3300045977_57.fna",93.18,2.38
"3300045977_78.fna",85.68,6.94
"3300045977_74.fna",91.29,3.16
"3300045977_72.fna",94.14,4.41
"3300045977_42.fna",89.3,0
"3300045977_24.fna",92.31,2.56
"3300045977_75.fna",93.07,0.1
"3300045977_20.fna",87.32,4.49
"3300045977_66.fna",90.17,5.98
"3300045977_19.fna",75.02,8.55
"3300045977_21.fna",70.69,0.86
"3300045977_76.fna",91.13,4.68
"3300045977_51.fna",97.13,0.57
"3300045977_4.fna",87.14,1.1
"3300045977_26.fna",70.69,0
"3300045977_8.fna",76.64,3.1
"3300045977_82.fna",74.5,0.11
"3300045977_85.fna",76.56,1.16
"3300045977_10.fna",74.98,3.61
"3300045977_41.fna",72.41,0
"3300045977_14.fna",94.87,2.56
"3300045977_38.fna",90.17,3.42
"3300045977_33.fna",75.79,0.81
"3300045977_48.fna",77.59,2.7
"3300045977_58.fna",96.1,4.19
"3300045977_79.fna",77.54,1.71
"3300045977_65.fna",74.7,2.91
"3300045977_39.fna",86.7,4.52
"3300045977_32.fna",74.37,1.67
"3300045977_27.fna",95.45,3.41
"3300045977_37.fna",75.47,2.78
"3300045978_48.fna",85.47,3.42
"3300045978_84.fna",84.59,7.61
"3300045978_21.fna",82,7.9
"3300045978_55.fna",95.73,7.69
"3300045978_23.fna",94.32,2.27
"3300045978_38.fna",71.56,5.65
"3300045978_4.fna",91.08,2.15
"3300045978_15.fna",94.49,6.61
"3300045978_5.fna",88.92,1.14
"3300045978_75.fna",89.1,7.41
"3300045978_11.fna",93.43,4.49
"3300045978_33.fna",80.13,0.83
"3300045978_3.fna",73.24,5.24
"3300045978_82.fna",77.46,3.49
"3300045978_77.fna",70.56,3.85
"3300045978_30.fna",95.5,4.04
"3300045978_29.fna",83.94,1.1
"3300045978_67.fna",94.87,2.56
"3300045978_34.fna",97.29,0
"3300045978_73.fna",92.52,2.74
"3300045978_25.fna",87.18,4.99
"3300045978_36.fna",97.13,0.57
"3300045978_28.fna",80.32,4.76
"3300045978_74.fna",94.17,3.4
"3300045978_59.fna",98.85,0
"3300045978_62.fna",80.53,1.46
"3300045978_71.fna",89.69,4.7
"3300045978_31.fna",93.73,0
"3300045978_69.fna",85.47,5.56
"3300045978_68.fna",80.61,2.27
"3300045978_40.fna",79.31,1.72
"3300045978_72.fna",89.5,3.36
"3300045994_17.fna",89.43,1.34
"3300045994_34.fna",97.16,6.24
"3300045994_24.fna",82.75,2.41
"3300045994_20.fna",98.1,1.52
"3300045996_67.fna",95.2,0.9
"3300045996_100.fna",98.12,2.44
"3300045996_37.fna",76.61,1.82
"3300045996_205.fna",78.8,4.74
"3300045996_65.fna",97.8,0.2
"3300045996_374.fna",93.35,0.14
"3300045996_327.fna",89.32,2.56
"3300045996_482.fna",70.5,3.45
"3300045996_217.fna",95.19,0.19
"3300045996_227.fna",91.51,2.38
"3300045996_387.fna",89.81,0
"3300045996_156.fna",70.69,0.86
"3300045996_376.fna",99.32,2.28
"3300045996_423.fna",84.63,0
"3300045996_121.fna",89.48,0.97
"3300045996_389.fna",91.86,2.13
"3300045996_164.fna",99.4,0.6
"3300045996_418.fna",91.45,2.91
"3300045996_189.fna",81.08,6.29
"3300045996_105.fna",97.05,4.13
"3300045996_119.fna",97.08,3.63
"3300045996_95.fna",91.41,1.59
"3300045996_45.fna",99.14,0.54
"3300045996_412.fna",75.16,5.17
"3300045996_162.fna",88.77,3.17
"3300045996_328.fna",100,0
"3300045996_39.fna",92.14,2.38
"3300045996_308.fna",73.41,2.68
"3300045996_273.fna",76.76,2.15
"3300045996_377.fna",91.91,1.79
"3300045996_304.fna",70.41,8.23
"3300045996_44.fna",98.1,2.06
"3300045996_420.fna",96.12,1.29
"3300045996_118.fna",95.3,7.69
"3300045996_381.fna",100,0.32
"3300045996_249.fna",97.62,0.57
"3300045996_143.fna",93.33,1.71
"3300045996_153.fna",89.32,2.02
"3300045996_385.fna",92.47,0
"3300045996_167.fna",73.52,1.3
"3300045996_436.fna",81.51,2.97
"3300045996_386.fna",99.01,2.38
"3300045996_141.fna",90.2,0.88
"3300045996_148.fna",93.31,1.01
"3300045996_326.fna",80.14,0
"3300045996_47.fna",77.04,0.19
"3300045996_139.fna",88.49,5.69
"3300045996_241.fna",86.26,4.51
"3300045996_57.fna",71.87,4.31
"3300045996_38.fna",83.04,9.11
"3300045996_354.fna",71.93,5.75
"3300045996_353.fna",86.34,5.23
"3300045996_144.fna",100,0
"3300045996_112.fna",96.21,2.84
"3300045996_403.fna",97.57,1.94
"3300045996_176.fna",98.38,2.8
"3300045996_341.fna",97.51,1.69
"3300045996_342.fna",82.2,6.94
"3300045996_188.fna",79.12,3.3
"3300045996_149.fna",97.62,0.63
"3300045996_312.fna",89.81,6.11
"3300045996_175.fna",82.34,2.16
"3300045996_400.fna",88.36,0
"3300045996_346.fna",93.95,0.73
"3300045996_339.fna",99.51,0.49
"3300045996_180.fna",95.38,0.85
"3300045996_32.fna",84.98,1.89
"3300045996_394.fna",97.39,0.73
"3300045996_314.fna",71.65,1.89
"3300045996_424.fna",72.59,1.42
"3300045996_390.fna",80.15,4.49
"3300045996_401.fna",81.03,3.61
"3300045996_399.fna",88.32,0
"3300045996_410.fna",75.74,2.27
"3300045996_137.fna",89.98,0.15
"3300045996_329.fna",80.03,2.34
"3300045996_28.fna",83.96,2.83
"3300045996_391.fna",89.78,6.79
"3300045996_392.fna",84.67,4.72
"3300046365_2.fna",70.87,0
"3300046372_4.fna",88.27,1.19
"3300046373_17.fna",98.33,1.83
"3300046373_11.fna",97.3,0.82
"3300046373_22.fna",93.41,3.11
"3300046373_16.fna",89.66,9.45
"3300046373_28.fna",74.84,2.78
"3300046373_8.fna",98.06,1.18
"3300046373_25.fna",86.21,2.13
"3300046374_3.fna",87.77,9.44
"3300046376_2.fna",90.57,9.52
"3300046376_12.fna",84.83,0.43
"3300046383_3.fna",94.72,5.2
"3300046383_4.fna",86.41,7.69
"3300046384_3.fna",93.54,8.31
"3300046384_4.fna",84.76,5.09
"3300046390_1.fna",86.45,6.75
"3300046394_3.fna",83.39,0.94
"3300046402_2.fna",83.39,8.47
"3300046408_1.fna",93.08,1.09
"3300046409_2.fna",83.84,2.12
"3300046478_64.fna",88.27,0.15
"3300046478_30.fna",93.59,2.56
"3300046478_68.fna",93,2.94
"3300046478_27.fna",87.16,1.71
"3300046478_73.fna",93.67,5.22
"3300046478_7.fna",82.93,8.45
"3300046478_40.fna",93.56,5.81
"3300046478_8.fna",94.32,0
"3300046478_12.fna",92.67,1.69
"3300046478_74.fna",97.97,6.55
"3300046478_43.fna",92.02,0
"3300046478_21.fna",98.48,4.55
"3300046478_14.fna",87.67,2.74
"3300046478_41.fna",72.95,1.66
"3300046478_24.fna",87.18,2.56
"3300046478_18.fna",75.62,5.27
"3300046478_63.fna",91.6,0.85
"3300046478_65.fna",99.15,1.71
"3300046478_11.fna",75.05,2.78
"3300046478_54.fna",86.51,4.68
"3300046478_52.fna",77.97,0.85
"3300046478_17.fna",73.3,1.14
"3300046478_15.fna",91.72,4.7
"3300046478_55.fna",87.18,4.27
"3300046478_62.fna",91.11,2.81
"3300046478_61.fna",83.67,1.72
"3300046479_38.fna",82.91,2.99
"3300046479_63.fna",86.67,2.14
"3300046479_58.fna",94.88,4.03
"3300046479_11.fna",93.38,1.71
"3300046479_4.fna",79.82,2.99
"3300046479_5.fna",98.28,0
"3300046479_45.fna",94.74,1.32
"3300046479_7.fna",93.52,1.39
"3300046479_21.fna",98.7,0
"3300046479_59.fna",95.23,4.42
"3300046479_12.fna",97.22,0.39
"3300046479_48.fna",91.64,2.05
"3300046479_14.fna",76.18,0
"3300046479_3.fna",94.41,4.52
"3300046479_68.fna",73.68,0
"3300046479_69.fna",80.52,0.86
"3300046479_15.fna",89.22,1.37
"3300046479_13.fna",72.55,4.46
"3300046479_29.fna",95.29,2.16
"3300046479_54.fna",72.16,3.56
"3300046480_12.fna",83.28,6.83
"3300046480_9.fna",72.95,2.73
"3300046480_19.fna",92.02,1.29
"3300046480_29.fna",70.05,9.94
"3300046480_10.fna",72.25,7.02
"3300046480_2.fna",86.3,3.42
"3300046480_20.fna",98.49,0.86
"3300046480_3.fna",93.23,2.8
"3300046480_8.fna",74.34,0.29
"3300046481_2.fna",73.34,1.29
"3300046481_7.fna",78.87,6.77
"3300046481_5.fna",82.53,1.04
"3300046481_6.fna",94.55,2.85
"3300046482_42.fna",76.54,2.56
"3300046482_36.fna",90.39,1.94
"3300046482_19.fna",90.02,3.13
"3300046482_43.fna",94.36,5.13
"3300046482_27.fna",80.43,0
"3300046482_39.fna",81.36,3.73
"3300046482_4.fna",85.78,6.96
"3300046482_44.fna",89.77,1.14
"3300046482_34.fna",88.51,8.76
"3300046482_33.fna",87.13,7.26
"3300046482_22.fna",70.93,3.87
"3300046482_17.fna",92.25,7.41
"3300046482_38.fna",88.87,1.75
"3300046482_10.fna",95.26,5.25
"3300046482_15.fna",87.18,3.47
"3300046482_11.fna",96.58,4.27
"3300046483_4.fna",77.1,1.82
"3300046483_1.fna",80.98,2.17
"3300046483_5.fna",88.39,5.86
"3300046484_43.fna",80.87,5.19
"3300046484_16.fna",76.24,2.48
"3300046484_5.fna",73.15,2.91
"3300046484_14.fna",77.11,0.93
"3300046484_28.fna",78.23,5.34
"3300046484_24.fna",86.12,7.02
"3300046484_26.fna",98.41,4.52
"3300046484_3.fna",89.73,0.27
"3300046484_13.fna",88.95,0.55
"3300046485_15.fna",90.98,6.85
"3300046485_31.fna",94.91,2.25
"3300046485_41.fna",88.43,3.09
"3300046485_35.fna",82.07,1.72
"3300046485_22.fna",75.62,2.77
"3300046485_1.fna",95.22,8.12
"3300046485_13.fna",70.57,1.72
"3300046485_23.fna",83.17,0.95
"3300046485_18.fna",87.17,1.71
"3300046486_1.fna",90.16,4.1
"3300046487_7.fna",80.58,4.71
"3300046487_22.fna",97.1,2.42
"3300046487_27.fna",88.95,0.54
"3300046487_29.fna",98.75,5.61
"3300046487_36.fna",93.27,0.43
"3300046487_32.fna",89.53,4.15
"3300046487_5.fna",77.92,6.04
"3300046488_36.fna",87.26,2.1
"3300046488_4.fna",72.43,1.26
"3300046488_30.fna",74.16,1.64
"3300046488_26.fna",87.37,1.08
"3300046488_45.fna",77.23,1.82
"3300046488_35.fna",91.28,3.01
"3300046488_18.fna",87.21,3.32
"3300046488_9.fna",86.73,2.78
"3300046488_2.fna",85,1.81
"3300046488_34.fna",95.54,4.17
"3300046489_9.fna",75.1,1.89
"3300046489_7.fna",93.78,8.33
"3300046490_25.fna",71.11,6.84
"3300046490_13.fna",79.5,8.12
"3300046490_6.fna",81.36,2.65
"3300046490_12.fna",81.08,3.57
"3300046493_3.fna",98.29,3.85
"3300046493_10.fna",79.07,2.73
"3300046493_2.fna",81.01,1.68
"3300046493_11.fna",81.08,5.57
"3300046493_21.fna",84.49,5.19
"3300046493_17.fna",88.04,2.27
"3300046494_3.fna",85.91,3.78
"3300046494_4.fna",92.71,2.14
"3300046496_1.fna",80.79,3.87
"3300046497_13.fna",89.65,3.36
"3300046502_14.fna",83.06,4.42
"3300046503_5.fna",92.14,4.12
"3300046503_1.fna",98.1,2.87
"3300046503_8.fna",85.23,4.48
"3300046504_11.fna",89.32,1.14
"3300046504_35.fna",80.46,0
"3300046504_16.fna",71.97,1.18
"3300046504_34.fna",81.25,2.2
"3300046504_15.fna",90.27,1.08
"3300046504_32.fna",70.88,3.82
"3300046504_14.fna",86.12,6.25
"3300046504_20.fna",99.14,5.8
"3300046505_33.fna",81.93,5.36
"3300046505_47.fna",92.05,2.27
"3300046505_49.fna",94.09,0
"3300046505_40.fna",94.19,3.25
"3300046505_27.fna",91.28,8.24
"3300046505_50.fna",92.57,3.04
"3300046505_63.fna",97.27,1.82
"3300046505_55.fna",96.59,2.27
"3300046505_31.fna",92.05,0
"3300046505_11.fna",82.95,6.47
"3300046505_2.fna",75.32,3.15
"3300046505_15.fna",98.63,5.65
"3300046505_42.fna",98.1,2.38
"3300046505_14.fna",77.96,1.1
"3300046508_14.fna",74.98,1.35
"3300046508_38.fna",81.74,6.39
"3300046508_16.fna",85.49,1.71
"3300046508_48.fna",91.21,4.4
"3300046508_22.fna",90.8,3.01
"3300046508_43.fna",94.83,6.72
"3300046508_5.fna",75.04,1.14
"3300046508_41.fna",78.07,7.44
"3300046508_24.fna",76.22,9.72
"3300046509_7.fna",89.08,1.68
"3300046509_25.fna",94.44,5.41
"3300046509_12.fna",86.65,8.79
"3300046509_30.fna",84.45,1.29
"3300046509_24.fna",70.73,0.85
"3300046509_6.fna",77.6,2.9
"3300046509_20.fna",93.5,3.65
"3300046510_4.fna",94,6.89
"3300046510_11.fna",70.69,2.59
"3300046510_10.fna",93.94,2.69
"3300046643_12.fna",72.95,2.05
"3300046643_19.fna",84.92,5.22
"3300046643_2.fna",82.43,4.19
"3300046652_39.fna",99.15,5.98
"3300046652_2.fna",82.72,8.97
"3300046652_17.fna",97.25,2.2
"3300046652_30.fna",96.76,0
"3300046652_26.fna",88.89,2.99
"3300046652_9.fna",72.64,1.52
"3300046653_31.fna",88.64,1.92
"3300046653_20.fna",94.39,1.04
"3300046653_14.fna",80.25,0.92
"3300046653_19.fna",77.79,1.15
"3300046653_1.fna",74.86,1.8
"3300046653_6.fna",96.72,4.37
"3300046654_12.fna",98.71,0.86
"3300046654_4.fna",80.74,0.64
"3300046656_2.fna",82.21,1.57
"3300046656_19.fna",89.29,1.14
"3300046656_37.fna",92.83,1.71
"3300046656_25.fna",93.41,4.4
"3300046656_5.fna",89.6,5.03
"3300046656_6.fna",93.21,1.99
"3300046656_35.fna",92.79,4.06
"3300046657_14.fna",70.34,1.82
"3300046657_20.fna",95.69,0
"3300046658_5.fna",87.16,2.4
"3300046659_4.fna",87.61,6.43
"3300046668_2.fna",88.38,8.02
"3300046673_51.fna",89.74,0
"3300046673_60.fna",85.51,2.34
"3300046673_10.fna",93.72,0.86
"3300046673_39.fna",77.59,0
"3300046673_13.fna",95.73,4.46
"3300046673_59.fna",96.58,3.85
"3300046673_42.fna",98.29,2.14
"3300046673_40.fna",93.66,3.55
"3300046673_37.fna",96.96,3.42
"3300046673_38.fna",85.04,0
"3300046673_61.fna",93.73,3.42
"3300046673_41.fna",73.34,0
"3300046673_47.fna",89.89,0.63
"3300046673_16.fna",84.64,2.81
"3300046673_57.fna",94.15,0.73
"3300046673_34.fna",95.07,3.51
"3300046673_24.fna",100,0.88
"3300046673_23.fna",95.91,3.45
"3300046673_22.fna",97.3,6.08
"3300046673_44.fna",70.04,0
"3300046673_26.fna",92.67,1.72
"3300046673_28.fna",82.58,1.12
"3300046673_53.fna",85.19,0.41
"3300046685_27.fna",78.82,1.29
"3300046685_3.fna",86.5,1.86
"3300046685_11.fna",94.51,2.75
"3300046686_25.fna",74.68,0
"3300046686_8.fna",85.71,2.2
"3300046686_18.fna",97.62,2.38
"3300046686_15.fna",92.18,2.27
"3300046686_17.fna",84.62,0.52
"3300046686_12.fna",99.15,5.13
"3300046686_10.fna",94.59,2.14
"3300046686_23.fna",75.5,5.31
"3300046687_10.fna",78.45,1.72
"3300046687_23.fna",73.06,4.92
"3300046687_1.fna",94.59,6.36
"3300046687_6.fna",98.57,6.19
"3300046687_11.fna",71.24,3.33
"3300046687_26.fna",78.21,6.9
"3300046687_22.fna",76.88,4.7
"3300046688_3.fna",85.06,6.84
"3300046697_16.fna",95.73,1.28
"3300046697_40.fna",98.29,2.14
"3300046697_15.fna",89.01,0.86
"3300046697_2.fna",94.23,0
"3300046697_14.fna",93.98,0
"3300046697_5.fna",77.43,1.28
"3300046697_44.fna",77.97,0
"3300046697_45.fna",76.85,0
"3300046697_27.fna",100,0.88
"3300046697_23.fna",90,1.33
"3300046697_10.fna",81.68,0
"3300046697_17.fna",84.62,0
"3300046697_39.fna",81.21,0
"3300046697_42.fna",97.44,3.85
"3300046697_31.fna",95.61,4.43
"3300046697_25.fna",93.66,3.55
"3300046697_43.fna",97.19,3.37
"3300046698_44.fna",80.08,0
"3300046698_40.fna",87.83,5.56
"3300046698_23.fna",98.29,2.14
"3300046698_42.fna",95.26,2.59
"3300046698_11.fna",91.22,6.84
"3300046698_16.fna",95.94,0.85
"3300046698_15.fna",96.58,3.85
"3300046698_39.fna",86.57,2.81
"3300046698_24.fna",97.65,2.14
"3300046698_14.fna",92.37,3.55
"3300046698_53.fna",94.12,6.42
"3300046698_3.fna",97.69,5.56
"3300046698_41.fna",98.65,3.72
"3300046698_5.fna",100,0.88
"3300046698_38.fna",90.97,0.68
"3300046698_29.fna",75.17,0
"3300046698_32.fna",93.82,3.47
"3300046699_6.fna",83.81,1.94
"3300046700_21.fna",94.96,1.64
"3300046700_6.fna",78.74,4.37
"3300046700_15.fna",85.79,2.2
"3300046700_3.fna",78.21,3.23
"3300046700_17.fna",90.21,0.51
"3300046701_25.fna",98.06,2.9
"3300046701_5.fna",96.12,1.72
"3300046701_14.fna",78.69,2.73
"3300046701_34.fna",88.58,6.73
"3300046701_18.fna",94.34,1.04
"3300046701_20.fna",88.21,4.63
"3300046701_38.fna",99.95,0.86
"3300046701_32.fna",90.58,5.59
"3300046701_39.fna",89.89,3.6
"3300046701_40.fna",86.69,1.46
"3300046702_1.fna",76.91,0.87
"3300046703_27.fna",89.66,7.79
"3300046703_41.fna",98.72,1.71
"3300046703_58.fna",98.41,6.43
"3300046703_28.fna",80.21,2.78
"3300046703_26.fna",94.72,0
"3300046703_50.fna",75.71,0
"3300046703_60.fna",83.77,4.39
"3300046703_29.fna",88.56,3.37
"3300046703_61.fna",84.88,3.42
"3300046703_57.fna",98.72,1.71
"3300046703_37.fna",89.2,1.14
"3300046703_6.fna",100,5.41
"3300046703_38.fna",85.61,1.98
"3300046703_8.fna",95.37,1.85
"3300046703_56.fna",96.76,0.93
"3300046703_59.fna",74.06,1.94
"3300046703_30.fna",81.62,7.1
"3300046703_22.fna",93.31,3.01
"3300046703_24.fna",81.03,3.45
"3300046703_1.fna",90,2.22
"3300046704_26.fna",94.44,2.83
"3300046704_16.fna",94.55,4.55
"3300046704_1.fna",84.07,0.55
"3300046704_3.fna",94.29,2.86
"3300046704_11.fna",95.61,8.14
"3300046704_4.fna",96.37,5.84
"3300046705_5.fna",73.65,0.05
"3300046705_9.fna",71.1,0.3
"3300046706_9.fna",97.91,4.27
"3300046706_12.fna",72.82,2
"3300046706_13.fna",99.15,4.27
"3300046707_43.fna",88.79,2.1
"3300046707_33.fna",98.28,0.86
"3300046707_15.fna",93.55,6.81
"3300046707_1.fna",73.77,5.49
"3300046707_13.fna",71.1,4.27
"3300046707_35.fna",100,2.75
"3300046707_19.fna",91.41,0.6
"3300046707_25.fna",76.44,3.02
"3300046707_2.fna",93.16,3.59
"3300046707_10.fna",84.35,1.01
"3300046708_7.fna",97.38,2.56
"3300046708_4.fna",76.78,0.85
"3300046708_6.fna",81.62,1.64
"3300046709_25.fna",86.84,1.71
"3300046709_24.fna",95.33,5.49
"3300046709_12.fna",74.25,3.42
"3300046709_28.fna",84.07,3.23
"3300046709_26.fna",90.09,4.33
"3300046709_20.fna",87.64,2.01
"3300046709_3.fna",77.76,2.16
"3300046709_10.fna",97.41,1.72
"3300046710_47.fna",92.41,3.59
"3300046710_4.fna",94.25,1.14
"3300046710_21.fna",99.05,4.62
"3300046710_7.fna",95.37,1.85
"3300046710_28.fna",98.72,1.71
"3300046710_43.fna",96.7,2.75
"3300046710_34.fna",96.31,3.28
"3300046710_53.fna",98.06,1.31
"3300046710_5.fna",97.72,6.32
"3300046710_22.fna",70.37,1.92
"3300046710_23.fna",92.74,0.11
"3300046710_25.fna",98.72,1.71
"3300046710_26.fna",88.9,1.76
"3300046710_16.fna",80.59,0
"3300046710_52.fna",98.58,1.48
"3300046711_22.fna",81.77,2.42
"3300046711_20.fna",93.05,3.65
"3300046711_2.fna",79.31,3.61
"3300046711_28.fna",100,2.56
"3300046711_13.fna",100,0.85
"3300046711_6.fna",76.02,2.56
"3300046711_5.fna",71.74,4.48
"3300046712_10.fna",91.74,0.87
"3300046712_11.fna",96.62,2.7
"3300046712_39.fna",93.94,1.85
"3300046712_20.fna",98.01,1.71
"3300046712_31.fna",95.47,2.27
"3300046712_28.fna",96.62,1.72
"3300046712_14.fna",88.9,6.67
"3300046712_16.fna",97.42,8.78
"3300046712_40.fna",90.6,0.93
"3300046712_32.fna",78.6,0
"3300046712_18.fna",91.03,0.28
"3300046712_13.fna",86.99,2.74
"3300046712_42.fna",73.08,2.21
"3300046712_24.fna",86.58,0.86
"3300046712_22.fna",94.88,4.03
"3300046713_11.fna",85.52,0.85
"3300046713_25.fna",73.84,6.07
"3300046713_24.fna",85.98,4.57
"3300046713_27.fna",71.98,5.03
"3300046713_2.fna",91.09,2.67
"3300046713_30.fna",91.93,4.27
"3300046713_22.fna",81.53,1.87
"3300046713_14.fna",93.38,4.62
"3300046713_7.fna",79.77,3.7
"3300046713_12.fna",94.43,9.14
"3300046714_31.fna",92.9,4.73
"3300046714_6.fna",93.44,5.09
"3300046714_12.fna",92.24,5.18
"3300046714_11.fna",99.15,2.85
"3300046714_13.fna",89.76,3.42
"3300046715_15.fna",75.85,8.91
"3300046715_17.fna",73.41,1.47
"3300046715_11.fna",84.8,5.79
"3300046716_2.fna",93.71,1.72
"3300046717_43.fna",94.7,4.27
"3300046717_11.fna",95.69,0.86
"3300046717_15.fna",81.24,3.42
"3300046717_42.fna",96.58,2.56
"3300046717_39.fna",70.17,1.85
"3300046717_35.fna",86.18,2.88
"3300046717_44.fna",76.84,4.23
"3300046718_40.fna",80.76,3.23
"3300046718_75.fna",81.74,1.99
"3300046718_56.fna",78.69,5.98
"3300046718_41.fna",77.9,0.71
"3300046718_61.fna",87.32,2.86
"3300046718_73.fna",89.05,4.49
"3300046718_31.fna",98.65,1.35
"3300046718_9.fna",80.42,2.91
"3300046718_77.fna",83.93,6.45
"3300046718_67.fna",94.89,0
"3300046718_10.fna",92.31,8.97
"3300046718_13.fna",75.82,3.3
"3300046718_32.fna",93.4,2.15
"3300046718_37.fna",76.37,6.01
"3300046718_63.fna",72.22,1.07
"3300046718_35.fna",76.66,6.29
"3300046718_59.fna",93.49,5.06
"3300046718_70.fna",74.18,1.78
"3300046720_1.fna",85.24,1.87
"3300046721_10.fna",87.52,2.74
"3300046721_2.fna",77.16,4.31
"3300046721_11.fna",75,0
"3300046721_20.fna",96.59,2.27
"3300046721_28.fna",83.03,1.7
"3300046721_6.fna",86.97,2.56
"3300046721_14.fna",87,5.51
"3300046721_32.fna",78.63,3.32
"3300046721_9.fna",98.2,8.69
"3300046721_30.fna",94.18,3.3
"3300046721_25.fna",80.55,8.72
"3300046722_46.fna",93.8,2.56
"3300046722_56.fna",84.94,0.95
"3300046722_2.fna",90.54,5.43
"3300046722_67.fna",82.19,2.36
"3300046722_8.fna",96.58,5.3
"3300046722_55.fna",71.68,2.96
"3300046722_50.fna",92.1,0.86
"3300046722_32.fna",82.22,1.82
"3300046722_40.fna",85.99,1.34
"3300046722_4.fna",95.73,3.42
"3300046722_35.fna",73.44,1.28
"3300046722_29.fna",83.82,1.94
"3300046722_33.fna",95.66,4.03
"3300046722_49.fna",76.56,4.4
"3300046723_27.fna",94.83,0
"3300046723_30.fna",83.18,1.69
"3300046723_5.fna",73.89,0.16
"3300046723_16.fna",79.34,7.09
"3300046723_19.fna",74.64,0.43
"3300046724_9.fna",82.76,3.45
"3300046724_67.fna",71.67,3.84
"3300046724_31.fna",96.1,4.4
"3300046724_36.fna",91.67,0
"3300046724_45.fna",97.73,1.14
"3300046724_8.fna",97.44,5.41
"3300046724_14.fna",75.8,5.53
"3300046724_41.fna",97.86,1.71
"3300046724_26.fna",92.63,4.06
"3300046725_3.fna",95.04,1.72
"3300046727_5.fna",92.06,0.86
"3300046727_50.fna",95.6,6.59
"3300046727_26.fna",94.09,4.3
"3300046727_52.fna",87.32,3.42
"3300046727_32.fna",72.28,2.59
"3300046727_10.fna",94.28,6.41
"3300046727_21.fna",76.71,0.48
"3300046727_16.fna",75.57,3.7
"3300046729_4.fna",80.66,0.33
"3300046729_5.fna",94.39,4.33
"3300046732_6.fna",70.7,8.9
"3300046732_19.fna",75.42,4.14
"3300046732_15.fna",82.71,2.62
"3300046732_8.fna",89.52,6.13
"3300046735_4.fna",84.7,4.94
"3300046736_13.fna",90.18,1.94
"3300046736_15.fna",80.09,0.86
"3300046737_23.fna",70.33,2.2
"3300046737_7.fna",91.57,2.23
"3300046737_10.fna",72.43,1.7
"3300046737_24.fna",88.36,2.73
"3300046737_1.fna",83.61,2.07
"3300046737_3.fna",91.91,1.71
"3300046738_3.fna",86.25,2.98
"3300046739_44.fna",96.79,0.85
"3300046739_50.fna",78.56,2.27
"3300046739_30.fna",71.44,8.55
"3300046739_4.fna",76.35,5.13
"3300046739_11.fna",77.01,1.1
"3300046739_28.fna",97.72,2.59
"3300046739_54.fna",96.58,3.28
"3300046739_55.fna",84.19,4
"3300046739_26.fna",95.6,4.4
"3300046739_39.fna",86.61,2.03
"3300046739_8.fna",71.12,6.1
"3300046740_22.fna",95.26,2.16
"3300046740_25.fna",77.66,0.85
"3300046740_23.fna",72.48,1.29
"3300046740_41.fna",98.31,3.41
"3300046740_2.fna",92.32,1.61
"3300046740_50.fna",72.7,1.29
"3300046740_20.fna",81.81,1.72
"3300046740_46.fna",80.34,2.85
"3300046740_27.fna",81.01,4.19
"3300046740_15.fna",74.79,3.3
"3300046740_30.fna",89.74,2.56
"3300046740_47.fna",94.09,3.29
"3300046740_28.fna",100,5.07
"3300046740_34.fna",97.41,7.76
"3300046740_31.fna",98.29,1.03
"3300046740_35.fna",91.41,0.13
"3300046740_3.fna",83.93,0.86
"3300046741_9.fna",88.92,3.09
"3300046747_17.fna",95.28,2.2
"3300046747_27.fna",87.69,7.62
"3300046747_63.fna",75.25,2.75
"3300046747_44.fna",78.24,6.04
"3300046747_14.fna",72.17,4.85
"3300046747_7.fna",85.1,2.02
"3300046747_9.fna",89.74,4.27
"3300046747_41.fna",93.39,3.25
"3300046747_15.fna",86.24,2.56
"3300046747_26.fna",75.72,2.99
"3300046747_33.fna",93.85,2.14
"3300046747_50.fna",79.49,1.99
"3300046747_39.fna",82.76,2.59
"3300046747_48.fna",75.16,5.86
"3300046747_21.fna",87.36,1.87
"3300046747_53.fna",78.63,4.42
"3300046747_6.fna",84.62,2.33
"3300046747_54.fna",73.16,1.79
"3300046780_44.fna",99.58,1.87
"3300046780_53.fna",95.58,7.61
"3300046780_18.fna",71.23,3.42
"3300046780_23.fna",79.12,4.06
"3300046780_11.fna",96.95,3.55
"3300046780_39.fna",88.92,2.9
"3300046781_1.fna",94.65,4.68
"3300046782_29.fna",74.11,0.97
"3300046782_52.fna",88.29,1.34
"3300046782_26.fna",97.41,1.72
"3300046782_51.fna",77.75,4.05
"3300046782_31.fna",78.1,0.43
"3300046782_7.fna",93.41,2.2
"3300046782_34.fna",79.24,1.68
"3300046783_6.fna",88.19,3.22
"3300046784_1.fna",84.32,1.86
"3300046788_42.fna",78.38,3.57
"3300046788_67.fna",74.71,3.16
"3300046788_13.fna",93.99,2.22
"3300046788_61.fna",70.24,3.23
"3300046788_34.fna",84.58,9.05
"3300046788_19.fna",87.14,6.41
"3300046788_31.fna",95.73,5.56
"3300046788_7.fna",76.65,2.03
"3300046788_56.fna",84.12,3.3
"3300046788_65.fna",90.74,3.5
"3300046788_36.fna",72.41,1.72
"3300046788_29.fna",100,2.2
"3300046788_41.fna",72.9,2.61
"3300046789_4.fna",98.29,1.71
"3300046789_7.fna",100,0.5
"3300046790_5.fna",88.75,7.03
"3300046790_3.fna",92.53,3.38
"3300046790_7.fna",97.41,0.86
"3300046791_44.fna",96.98,2.16
"3300046791_19.fna",83.36,5.17
"3300046791_27.fna",84.62,9.83
"3300046791_45.fna",73.28,1.71
"3300046791_3.fna",95.45,2.27
"3300046791_20.fna",95.08,0.4
"3300046791_2.fna",74.62,4.75
"3300046792_14.fna",92.17,2.56
"3300046792_27.fna",84.17,1.15
"3300046792_1.fna",85.56,7.76
"3300046792_19.fna",92.24,1.61
"3300046792_28.fna",79.34,0.86
"3300046792_6.fna",72.7,2.33
"3300046792_35.fna",94.32,2.27
"3300046792_29.fna",89.74,7.44
"3300046792_26.fna",81.66,1.72
"3300046792_8.fna",88.8,5.49
"3300046795_12.fna",71.64,2.16
"3300046795_1.fna",75.9,1.1
"3300046796_5.fna",73.86,4.64
"3300046796_13.fna",72.47,1.29
"3300046796_19.fna",95.7,2.25
"3300046796_23.fna",85.54,4.04
"3300046796_42.fna",89.75,2.7
"3300046796_25.fna",70.1,0.63
"3300046796_18.fna",97.84,0.86
"3300046796_32.fna",92.16,0.43
"3300046796_4.fna",77.51,6.03
"3300046796_31.fna",97.59,2.85
"3300046796_9.fna",95.37,0.63
"3300046797_5.fna",76.31,1.38
"3300046797_4.fna",75.86,6.65
"3300046798_20.fna",70.2,3.85
"3300046798_9.fna",81.16,5.07
"3300046798_10.fna",94.52,3.55
"3300046798_11.fna",88.75,3.42
"3300046799_6.fna",82.49,7.06
"3300046799_8.fna",77.39,2.16
"3300046811_36.fna",89.96,0.48
"3300046811_25.fna",91.27,2.2
"3300046811_33.fna",84.37,4.94
"3300046811_30.fna",83.55,9.99
"3300046811_24.fna",77.01,8.55
"3300046811_28.fna",97.36,3.95
"3300046811_44.fna",71.55,2.59
"3300046812_24.fna",77.8,3.03
"3300046812_15.fna",72.01,6.84
"3300046812_29.fna",79.94,1.94
"3300046812_26.fna",96.7,4.4
"3300046812_25.fna",96.96,1.99
"3300046812_39.fna",75.69,0.43
"3300046813_3.fna",92.96,1.72
"3300046813_5.fna",73.66,1.77
"3300046813_11.fna",78.91,3.02
"3300046813_8.fna",97.84,1.72
"3300046816_53.fna",90.17,3.85
"3300046816_43.fna",83.34,7.82
"3300046816_20.fna",75.55,3.08
"3300046816_8.fna",98.1,2.19
"3300046816_48.fna",70.69,1.72
"3300046816_19.fna",85.05,3.55
"3300046817_66.fna",95.01,7.12
"3300046817_13.fna",92.36,5.17
"3300046817_56.fna",80.47,7.12
"3300046817_61.fna",81.2,1.03
"3300046817_14.fna",74.26,4.95
"3300046817_4.fna",88.46,1.1
"3300046817_17.fna",84.14,5.68
"3300046817_37.fna",86.57,3.58
"3300046817_32.fna",93.8,1.71
"3300046817_70.fna",83.62,0.85
"3300046817_34.fna",77.74,3.38
"3300046817_21.fna",77.59,0
"3300046817_25.fna",94.83,1.03
"3300046817_68.fna",87.7,1.6
"3300046817_33.fna",83.33,2.91
"3300046822_31.fna",81.54,5.63
"3300046822_4.fna",87.08,3.7
"3300046822_39.fna",72.48,1.08
"3300046822_49.fna",89.4,6.72
"3300046822_3.fna",84.54,3.83
"3300046822_5.fna",99.58,2.7
"3300046822_19.fna",79.9,3.3
"3300046823_39.fna",74.81,2.23
"3300046823_48.fna",94.51,4.4
"3300046823_52.fna",74.79,9.25
"3300046823_31.fna",97.47,9.99
"3300046823_26.fna",91.45,1.71
"3300046823_51.fna",83.54,3.47
"3300046824_9.fna",84.82,0.59
"3300046824_11.fna",76.88,2.59
"3300046824_13.fna",84.49,4.54
"3300046825_4.fna",94.89,9.94
"3300046829_13.fna",87.91,3.36
"3300046829_4.fna",89.58,4.06
"3300046829_34.fna",82.21,6.83
"3300046829_15.fna",76.9,1.24
"3300046829_17.fna",88.03,2.85
"3300046829_38.fna",98.01,1.15
"3300046829_21.fna",85.39,7.24
"3300046829_8.fna",77.48,2.14
"3300046829_32.fna",75.6,1.71
"3300046834_7.fna",80.05,2.86
"3300046835_7.fna",75.4,7.93
"3300046836_44.fna",91.88,2.37
"3300046836_16.fna",79.87,2.01
"3300046836_47.fna",95.56,3.66
"3300046836_14.fna",72.36,9.64
"3300046836_40.fna",81.68,5.59
"3300046836_37.fna",96.28,2.36
"3300046836_39.fna",96.84,5.26
"3300046836_8.fna",95.24,0.16
"3300046836_31.fna",74.76,1.14
"3300046836_7.fna",81.62,1.74
"3300046836_34.fna",82.36,3.88
"3300046836_26.fna",85.87,5.66
"3300046837_24.fna",92.3,1.14
"3300046837_33.fna",86.4,3.42
"3300046837_42.fna",91.81,5.69
"3300046837_31.fna",93.16,4.33
"3300046837_38.fna",75.13,1.6
"3300046837_49.fna",72.11,0.91
"3300046837_28.fna",80.02,2.73
"3300046837_19.fna",84.51,2.55
"3300046838_21.fna",96.98,0
"3300046838_17.fna",98.15,2.36
"3300046838_33.fna",72.76,5.56
"3300046838_36.fna",95.6,3.3
"3300046838_7.fna",88.36,1.94
"3300046838_40.fna",80.16,4.43
"3300047053_2.fna",70.84,3.42
"3300047053_5.fna",100,1.71
"3300047089_8.fna",96.3,8.04
"3300047089_55.fna",78.48,0.97
"3300047089_42.fna",76.92,4.4
"3300047089_5.fna",99.58,1.55
"3300047089_18.fna",92.31,3.42
"3300047089_50.fna",73.06,1.07
"3300047089_16.fna",75.57,1.03
"3300047089_26.fna",76.9,2.85
"3300047089_40.fna",79.15,7.55
"3300047090_51.fna",90.64,9.27
"3300047090_45.fna",88.36,1.1
"3300047090_34.fna",73.5,1.28
"3300047090_35.fna",91.86,2.75
"3300047090_52.fna",78.36,3.93
"3300047090_25.fna",96.63,2.26
"3300047090_17.fna",79.13,2.99
"3300047092_6.fna",85.05,6.54
"3300047093_9.fna",83.99,2.38
"3300047093_2.fna",96.12,0.86
"3300047310_4.fna",74.45,6.99
"3300047310_45.fna",95.73,6.89
"3300047310_35.fna",86.36,4.21
"3300047310_56.fna",83.41,4.31
"3300047310_53.fna",96.7,4.4
"3300047310_23.fna",86.04,8.4
"3300047310_8.fna",80.48,6.25
"3300047310_41.fna",93.52,8.58
"3300047310_18.fna",78.56,2.56
"3300047310_49.fna",74.14,3.45
"3300047310_55.fna",78.63,1.28
"3300047310_12.fna",77.97,4.76
"3300047310_22.fna",76.41,0
"3300047310_21.fna",100,1.99
"3300047310_59.fna",74.14,6.9
"3300047311_11.fna",72.66,3.08
"3300047311_9.fna",82.16,2.78
"3300047311_24.fna",87.97,3.02
"3300047312_3.fna",86.97,2.75
"3300047312_4.fna",76.33,1.72
"3300047312_42.fna",92.46,2.76
"3300047312_29.fna",84.47,5.07
"3300047312_47.fna",96.59,3.41
"3300047312_52.fna",75.37,5.65
"3300047313_24.fna",75.65,1.71
"3300047313_6.fna",86.73,4.27
"3300047313_14.fna",93.16,2.56
"3300047313_27.fna",72.1,0.43
"3300047313_33.fna",75.99,9.9
"3300047314_59.fna",87.27,2.33
"3300047314_49.fna",92.98,3.71
"3300047314_57.fna",73.75,5.27
"3300047314_10.fna",74.13,2.14
"3300047314_26.fna",73.12,2.59
"3300047314_37.fna",94.87,3.42
"3300047314_53.fna",95.6,6.14
"3300047314_41.fna",96.98,0.86
"3300047314_21.fna",90.22,2.56
"3300047314_39.fna",87.38,7.93
"3300047314_44.fna",75.15,4.65
"3300047314_3.fna",95.73,2.56
"3300047314_13.fna",87.12,6.14
"3300047314_38.fna",72.97,4.82
"3300047314_32.fna",79.1,1.71
"3300047316_58.fna",84.69,9.05
"3300047316_46.fna",89.47,4.82
"3300047316_39.fna",78.44,3.73
"3300047316_10.fna",76.36,1.76
"3300047316_49.fna",91.76,3
"3300047316_7.fna",97.36,4.27
"3300047316_70.fna",83.91,7.4
"3300047316_32.fna",85.34,2.27
"3300047316_5.fna",87.89,6.37
"3300047316_23.fna",77.42,3.01
"3300047316_27.fna",80.42,5.49
"3300047439_4.fna",92.67,3.45
"3300047440_35.fna",71.79,3.13
"3300047440_33.fna",93.96,5.49
"3300047440_6.fna",80.65,3.41
"3300047467_2.fna",91.45,3.42
"3300047467_9.fna",90.17,3.61
"3300047468_6.fna",81.72,2.59
"3300047468_4.fna",74.86,4.05
"3300047578_19.fna",97.44,0.9
"3300047578_9.fna",92.93,7.26
"3300047624_2.fna",78.81,0.12
"3300047625_4.fna",83.6,5.48
"3300047625_2.fna",82.69,7.22
"3300047626_5.fna",70.73,7.87
"3300047629_9.fna",81.52,1.72
"3300047629_4.fna",83.63,3.3
"3300047629_5.fna",78.38,0
"3300047629_11.fna",85.08,3.72
"3300047631_2.fna",71.83,8.55
"3300047631_3.fna",77.67,5.4
"3300047634_2.fna",99.09,2.66
"3300047636_13.fna",95.96,2.12
"3300047636_5.fna",91.41,1.88
"3300047637_9.fna",90.73,3.86
"3300047672_6.fna",86.49,4.6
"3300048084_14.fna",93.01,1.1
"3300048086_25.fna",79.07,2.75
"3300048086_23.fna",71.61,2.45
"3300048086_39.fna",78.3,3.85
"3300048510_13.fna",84.81,0.94
"3300048512_5.fna",86.55,0.96
"3300048513_2.fna",79.55,6.91
"3300048514_7.fna",70.94,1.71
"3300048595_23.fna",70.35,1.2
"3300048595_5.fna",95.21,1.21
"3300048609_32.fna",70.12,2.62
"3300048609_19.fna",79.49,1.65
"3300048610_11.fna",76.88,4.8
"3300048610_9.fna",71.57,1.29
"3300048610_7.fna",76.75,2.83
"3300048611_14.fna",88.53,2.56
"3300048611_13.fna",84.1,2.57
"3300048611_16.fna",78.52,5.39
"3300048611_21.fna",74.72,1.69
"3300048612_16.fna",80.38,0
"3300048612_4.fna",77.26,3.16
"3300048612_12.fna",87.48,5.36
"3300048612_7.fna",78.57,0
"3300048613_2.fna",78.9,1.49
"3300048614_8.fna",72.25,1.45
"3300048614_6.fna",71.55,0.43
"3300048615_1.fna",81.54,0.86
"3300048615_17.fna",73.28,9.87
"3300048615_13.fna",88.64,1.14
"3300048615_9.fna",74.39,1.53
"3300048615_11.fna",87.33,3.87
"3300048615_15.fna",88.15,2.27
"3300048615_8.fna",81.2,4.7
"3300048616_19.fna",70.07,8.97
"3300048616_8.fna",93.16,3.68
"3300048618_12.fna",81.48,1.33
"3300048618_11.fna",81.3,0.93
"3300048618_2.fna",81.95,8.55
"3300048623_5.fna",88.34,2.26
"3300048687_8.fna",87.73,5.98
"3300048687_13.fna",77.03,6.61
"3300048687_7.fna",95.84,1.39
"3300048687_5.fna",94.83,2.73
"3300048759_25.fna",72.89,2.58
"3300048759_18.fna",94.2,0.94
"3300048759_2.fna",95.07,4.93
"3300048759_21.fna",90.94,2.85
"3300048759_12.fna",83.69,0.85
"3300048759_34.fna",95.73,2.99
"3300048759_17.fna",82.9,4.72
"3300048759_1.fna",86.35,1.8
"3300048759_41.fna",94.02,4.27
"3300048759_10.fna",86.6,0.43
"3300048759_30.fna",79.2,1.71
"3300048759_20.fna",98.01,0
"3300048759_7.fna",98.29,1.28
"3300048759_11.fna",78.37,2.16
"3300048760_11.fna",90.32,0.65
"3300048760_22.fna",86.15,1.14
"3300048760_7.fna",82.6,2.25
"3300048760_4.fna",90.91,1.01
"3300048760_17.fna",90.83,9.91
"3300048760_20.fna",74.56,0.99
"3300048762_33.fna",98.49,1.72
"3300048762_23.fna",80.48,0
"3300048762_43.fna",97.48,0.84
"3300048762_39.fna",97.7,5.96
"3300048762_37.fna",97.15,2.14
"3300048762_21.fna",98.29,2.99
"3300048762_20.fna",96.32,1
"3300048762_6.fna",99.72,2.14
"3300048762_40.fna",98.29,0.43
"3300048762_2.fna",94.08,8.78
"3300048762_7.fna",76.45,5.14
"3300048762_27.fna",93.98,0.93
"3300048762_8.fna",96.57,0.16
"3300048762_12.fna",99.15,1.28
"3300048762_14.fna",86.33,3.85
"3300048763_11.fna",76.13,0.86
"3300048763_13.fna",95.43,3.54
"3300048763_34.fna",90.43,3.06
"3300048763_25.fna",82.19,0
"3300048763_10.fna",92.47,3.42
"3300048763_23.fna",70.94,1.28
"3300048763_36.fna",93.49,1.74
"3300048763_2.fna",89.22,4.27
"3300048763_15.fna",70.94,7.88
"3300048763_31.fna",97.22,0.85
"3300048763_28.fna",88.03,2.56
"3300048763_3.fna",98.65,2.01
"3300048763_35.fna",92.31,2.56
"3300048764_39.fna",95.27,5.57
"3300048764_16.fna",82.33,5.26
"3300048764_11.fna",97.22,3.42
"3300048764_4.fna",82.91,5.73
"3300048764_49.fna",91.78,0.86
"3300048764_34.fna",96.15,0
"3300048764_14.fna",80.47,1.8
"3300048764_15.fna",96.58,0.49
"3300048764_41.fna",77.17,1.1
"3300048764_35.fna",81.07,2.56
"3300048764_25.fna",81.91,4.31
"3300048764_59.fna",94.39,3.25
"3300048764_29.fna",88.46,3.85
"3300048764_56.fna",72.55,3.42
"3300048764_61.fna",73.04,1.74
"3300048764_40.fna",95.81,5.13
"3300048764_26.fna",84.33,1.28
"3300048764_22.fna",77.61,7.69
"3300048764_58.fna",92.22,2.56
"3300048764_50.fna",95.02,0.75
"3300048764_63.fna",94.02,6.7
"3300048764_60.fna",95.73,1.28
"3300048764_53.fna",76.92,1.71
"3300048764_8.fna",99.12,0.5
"3300048764_51.fna",95.06,0
"3300048765_37.fna",84.6,7.91
"3300048765_17.fna",96.15,2.14
"3300048765_42.fna",87.92,1.14
"3300048765_36.fna",94.66,9.83
"3300048765_32.fna",90.92,2.63
"3300048765_1.fna",92.17,6.14
"3300048765_6.fna",99.35,6.09
"3300048765_33.fna",74.45,0
"3300048765_10.fna",78.49,4.7
"3300048765_3.fna",78.58,1.71
"3300048765_25.fna",93.75,6.76
"3300048765_27.fna",97.84,6.9
"3300048765_24.fna",91.88,4.7
"3300048767_4.fna",95.45,5.68
"3300048767_12.fna",80.27,1.71
"3300048768_11.fna",79.49,0
"3300048768_12.fna",75.92,1.31
"3300048768_15.fna",81.72,1.37
"3300048768_29.fna",99.12,3.51
"3300048768_5.fna",91.67,1.85
"3300048768_25.fna",90.27,6.45
"3300048768_18.fna",81.82,3.87
"3300048768_22.fna",98.3,1.14
"3300048769_19.fna",85.98,3.72
"3300048769_26.fna",99.78,1.72
"3300048769_3.fna",76.58,2.16
"3300048769_23.fna",83.47,2.4
"3300048769_10.fna",86.75,1.71
"3300048769_41.fna",77.69,3.01
"3300048769_27.fna",87.05,2.01
"3300048769_16.fna",84.63,9.07
"3300048769_11.fna",94.18,6.16
"3300048769_25.fna",92.62,3.12
"3300048769_4.fna",87.24,2.58
"3300048769_37.fna",96.08,1.31
"3300048769_38.fna",90,0
"3300048769_39.fna",92.59,2.99
"3300048770_18.fna",96.43,3.85
"3300048770_21.fna",89.49,0.99
"3300048770_35.fna",94.32,7.76
"3300048770_23.fna",81.91,0.43
"3300048770_5.fna",98.43,7.59
"3300048770_3.fna",89.74,3.85
"3300048770_39.fna",82.91,1.28
"3300048770_38.fna",97.96,1.88
"3300048770_8.fna",88.8,1
"3300048770_20.fna",97.44,2.14
"3300048770_22.fna",76.45,1.8
"3300048770_34.fna",71.92,2.03
"3300048770_14.fna",85.53,2.14
"3300048770_4.fna",97.64,6.08
"3300048771_28.fna",95.61,0
"3300048771_25.fna",89.12,6.41
"3300048771_45.fna",85.75,7.69
"3300048771_3.fna",96.15,0
"3300048771_26.fna",95.26,7.33
"3300048771_5.fna",96.48,2.59
"3300048771_40.fna",95.73,2.14
"3300048771_6.fna",89.86,0.68
"3300048771_30.fna",98.65,3.38
"3300048771_19.fna",92.95,7.43
"3300048771_21.fna",86.75,2.14
"3300048771_13.fna",81.48,4.79
"3300048771_1.fna",93.84,0.91
"3300048771_37.fna",91.88,3.42
"3300048771_31.fna",88.32,2.56
"3300048771_33.fna",87.22,6.42
"3300048772_15.fna",70.28,0.05
"3300048772_42.fna",92.52,1.71
"3300048772_30.fna",94.31,2.56
"3300048772_46.fna",76.94,0
"3300048772_9.fna",92.74,3.85
"3300048772_45.fna",97.84,1.72
"3300048772_4.fna",74.7,0
"3300048772_10.fna",91.55,2.39
"3300048772_29.fna",77.75,5.42
"3300048772_41.fna",98.29,2.99
"3300048772_21.fna",91.94,0.68
"3300048772_7.fna",79.76,0.63
"3300048772_6.fna",96.28,4.73
"3300048772_11.fna",91.57,2.91
"3300048772_20.fna",93.82,0.86
"3300048772_16.fna",86.43,1.97
"3300048772_48.fna",79.44,2.14
"3300048772_5.fna",82.02,0
"3300048772_17.fna",92.89,0
"3300048773_2.fna",76.07,0.43
"3300048773_13.fna",85.33,0.85
"3300048773_3.fna",99.32,2.03
"3300048773_5.fna",83.04,8.19
"3300048773_18.fna",90.97,3.87
"3300048773_23.fna",77.12,7.78
"3300048773_24.fna",91.71,1.25
"3300048773_9.fna",91.04,0
"3300048773_26.fna",82.82,1.28
"3300048773_12.fna",94.87,1.28
"3300048774_18.fna",94.59,7.09
"3300048774_8.fna",84.7,0
"3300048774_7.fna",78.21,1.28
"3300048774_16.fna",84.79,3.46
"3300048774_28.fna",90.84,7.59
"3300048774_36.fna",80.27,7.38
"3300048774_6.fna",85.6,3.76
"3300048774_23.fna",70.07,3.42
"3300048774_4.fna",96.48,2.59
"3300048774_22.fna",95.61,4.73
"3300048774_24.fna",97.86,4.7
"3300048774_20.fna",88.79,2.56
"3300048775_45.fna",78.22,4.22
"3300048775_20.fna",77.71,0.43
"3300048775_41.fna",99.15,2.99
"3300048775_28.fna",89.87,3.45
"3300048775_15.fna",90.54,7.77
"3300048775_26.fna",89.12,1.72
"3300048775_43.fna",72.24,5.37
"3300048775_31.fna",95.28,5.4
"3300048775_7.fna",96.15,0
"3300048775_9.fna",93.52,0.08
"3300048775_16.fna",94.66,6.25
"3300048775_2.fna",94.85,0.86
"3300048776_6.fna",95.44,5.77
"3300048776_35.fna",88.54,2.99
"3300048776_41.fna",98.29,1.28
"3300048776_23.fna",96.12,1.72
"3300048776_32.fna",88.82,9.54
"3300048776_33.fna",88.25,0.86
"3300048776_15.fna",98.29,1.62
"3300048776_22.fna",94.71,1.72
"3300048776_26.fna",96.79,0.17
"3300048776_39.fna",99.15,4.7
"3300048776_20.fna",97.97,9.46
"3300048776_19.fna",84.8,4.81
"3300048776_38.fna",98.29,2.14
"3300048776_16.fna",96.28,5.41
"3300048776_10.fna",85.58,1.75
"3300048777_8.fna",94.18,1.78
"3300048777_51.fna",74.49,0.68
"3300048777_24.fna",74.95,2.55
"3300048777_22.fna",98.29,2.99
"3300048777_27.fna",92.78,5.09
"3300048777_3.fna",97.84,3.45
"3300048777_32.fna",92.36,0.85
"3300048777_19.fna",88.15,3.02
"3300048777_43.fna",93.16,4.7
"3300048777_29.fna",96.28,5.41
"3300048777_2.fna",95.09,0
"3300048777_7.fna",86.42,8.62
"3300048777_13.fna",95.61,3.6
"3300048777_35.fna",90.37,7.97
"3300048777_1.fna",90.09,1.72
"3300048778_45.fna",73.25,3.02
"3300048778_4.fna",97.97,6.08
"3300048778_11.fna",81.66,0
"3300048778_8.fna",72.31,1.08
"3300048778_42.fna",94.02,2.99
"3300048778_14.fna",87.11,2.85
"3300048778_5.fna",81.9,1.72
"3300048778_36.fna",97.2,0.65
"3300048778_34.fna",90.01,4.74
"3300048778_17.fna",97.44,1.38
"3300048778_24.fna",89.99,4.74
"3300048778_32.fna",98.29,2.14
"3300048778_3.fna",95.61,4.73
"3300048778_6.fna",96.98,0.86
"3300048778_15.fna",84.7,0.92
"3300048779_28.fna",89.74,0.85
"3300048779_7.fna",92.04,7.94
"3300048779_6.fna",93.16,3.85
"3300048779_12.fna",89.5,5.42
"3300048779_16.fna",90.47,0
"3300048779_26.fna",86.64,3.42
"3300048779_29.fna",87.36,2.99
"3300048779_27.fna",87.76,2.14
"3300048779_14.fna",80.45,0
"3300048779_19.fna",74.89,2.59
"3300048780_61.fna",85.86,2.14
"3300048780_6.fna",92.37,2.26
"3300048780_48.fna",77.89,5.3
"3300048780_18.fna",94.52,0.68
"3300048780_15.fna",78.42,1.72
"3300048780_38.fna",90.73,2.59
"3300048780_56.fna",81.6,2.99
"3300048780_45.fna",86.52,4.49
"3300048780_11.fna",95.73,5.56
"3300048780_26.fna",71.51,5.13
"3300048780_40.fna",88.51,5.31
"3300048780_19.fna",98.29,5.13
"3300048780_39.fna",97.3,6.08
"3300048780_2.fna",75.86,4.31
"3300048780_29.fna",94.02,1.71
"3300048780_21.fna",97.44,1.28
"3300048780_34.fna",94.59,8.11
"3300048780_37.fna",100,0
"3300048780_25.fna",98.61,1.85
"3300048780_36.fna",97.84,2.59
"3300048780_32.fna",92.05,2.27
"3300048784_22.fna",82.32,1.72
"3300048784_12.fna",82.89,1.14
"3300048784_4.fna",70.91,0
"3300048784_13.fna",94.62,1.08
"3300048784_25.fna",87.36,1.1
"3300048784_23.fna",93.16,7.74
"3300048784_14.fna",80.64,0.85
"3300048785_31.fna",94.91,0
"3300048785_19.fna",98.29,2.14
"3300048785_18.fna",97.69,1.85
"3300048785_11.fna",100,1.01
"3300048785_30.fna",89.42,2.19
"3300048785_16.fna",80.91,0
"3300048785_6.fna",95.37,0
"3300048785_39.fna",93.56,0.93
"3300048785_15.fna",93.16,6.19
"3300048785_8.fna",96.58,1.28
"3300048785_28.fna",100,2.7
"3300048785_21.fna",72.12,3.02
"3300048786_1.fna",88.06,2.86
"3300048786_16.fna",96.59,5.68
"3300048786_7.fna",86.49,2.56
"3300048787_5.fna",83.89,0
"3300048787_2.fna",85.34,7.69
"3300048788_13.fna",91.76,7.95
"3300048788_4.fna",93.52,0.93
"3300048788_8.fna",79.41,2.02
"3300048788_2.fna",85.16,4.52
"3300048788_3.fna",92.58,2.99
"3300048789_5.fna",90.51,3.66
"3300048789_3.fna",90.08,5.74
"3300048790_33.fna",89.66,6.9
"3300048790_30.fna",82.1,0.25
"3300048790_31.fna",89.32,0
"3300048790_18.fna",94.17,3.15
"3300048790_24.fna",76.78,1.28
"3300048790_27.fna",89.23,3.9
"3300048790_35.fna",95.86,3.83
"3300048790_21.fna",93.62,1.4
"3300048790_19.fna",79.49,0.43
"3300048790_36.fna",86.05,5.95
"3300048790_20.fna",77.85,0
"3300048790_4.fna",74.88,2.74
"3300048790_39.fna",76.82,2.56
"3300048790_11.fna",79.48,0
"3300048790_8.fna",93.24,2.03
"3300048790_16.fna",77.03,0
"3300048791_4.fna",84.39,0.86
"3300048791_19.fna",89.87,0
"3300048791_39.fna",91.38,0.05
"3300048791_7.fna",96.12,2.16
"3300048791_2.fna",95.26,1.72
"3300048791_20.fna",98.25,0
"3300048791_25.fna",75.65,1.31
"3300048791_21.fna",96.15,0
"3300048791_27.fna",87.61,1.28
"3300048791_32.fna",89.2,3.38
"3300048791_16.fna",97.3,6.94
"3300048791_48.fna",89.33,1.72
"3300048791_12.fna",90.94,0
"3300048791_3.fna",95.09,0.52
"3300048791_34.fna",94.76,2.59
"3300048791_11.fna",89.89,7.89
"3300048791_33.fna",91.88,2.99
"3300048792_17.fna",77.96,3.8
"3300048792_20.fna",94.4,1.06
"3300048792_31.fna",97.69,1.85
"3300048792_30.fna",89.81,3.7
"3300048792_5.fna",100,1.38
"3300048792_16.fna",96.76,0.93
"3300048793_45.fna",71.54,4.78
"3300048793_19.fna",73.53,0.85
"3300048793_42.fna",98.29,2.14
"3300048793_41.fna",92.28,1.1
"3300048793_9.fna",95.61,2.7
"3300048793_11.fna",96.76,9.36
"3300048793_10.fna",93.59,0.85
"3300048793_4.fna",77.32,7.53
"3300048793_35.fna",74,2.97
"3300048793_34.fna",97.3,2.03
"3300048793_7.fna",99.32,6.42
"3300048793_39.fna",98.77,0.93
"3300048793_2.fna",98.28,8.62
"3300048793_43.fna",80.12,3.85
"3300048793_18.fna",94.26,7.41
"3300048793_29.fna",89.19,2.17
"3300048793_8.fna",88.06,3.91
"3300048793_28.fna",99.32,1.35
"3300048793_37.fna",84.72,0.93
"3300048794_45.fna",82.76,0
"3300048794_41.fna",87.66,2.4
"3300048794_40.fna",95.49,4.19
"3300048794_34.fna",81.38,3.42
"3300048794_10.fna",91.88,0.94
"3300048794_1.fna",90.22,6.84
"3300048794_35.fna",83.62,9.06
"3300048794_31.fna",100,0.85
"3300048794_2.fna",85.4,5.98
"3300048794_54.fna",81.23,3.29
"3300048794_23.fna",95.1,7.34
"3300048794_7.fna",82,1.71
"3300048794_50.fna",92.17,4.27
"3300048794_8.fna",82.53,4.12
"3300048794_39.fna",86.77,1.85
"3300048794_53.fna",91.61,1.6
"3300048794_46.fna",90.3,2.59
"3300048794_51.fna",70.15,1.39
"3300048795_56.fna",94.02,5.65
"3300048795_59.fna",85.36,3.42
"3300048795_7.fna",92.74,0.85
"3300048795_8.fna",92.25,1.5
"3300048795_33.fna",91.11,1.03
"3300048795_19.fna",77.07,4.27
"3300048795_48.fna",75.01,4.48
"3300048795_15.fna",74.57,4.27
"3300048795_25.fna",72.38,0
"3300048795_29.fna",96.58,3.85
"3300048795_20.fna",86.32,3.59
"3300048795_43.fna",89.03,1.71
"3300048795_54.fna",85.46,5.56
"3300048795_45.fna",71.94,0.85
"3300048795_44.fna",90.77,4.01
"3300048796_16.fna",94.14,0
"3300048796_27.fna",72.77,3.85
"3300048796_37.fna",96.37,1.71
"3300048796_44.fna",93.43,3.67
"3300048796_41.fna",70.16,4.31
"3300048796_40.fna",91,4.91
"3300048796_1.fna",94.75,0
"3300048796_48.fna",96.14,0
"3300048796_47.fna",70.73,3.47
"3300048796_42.fna",78.24,0.1
"3300048797_4.fna",89.51,6.02
"3300048797_23.fna",77.19,0
"3300048797_11.fna",87.28,1.29
"3300048797_62.fna",96.62,4.39
"3300048797_59.fna",89.81,2.78
"3300048797_45.fna",96.04,0.99
"3300048797_33.fna",95.28,1.06
"3300048797_64.fna",83.64,0.93
"3300048797_35.fna",98.86,2.99
"3300048797_57.fna",98.29,7.69
"3300048797_56.fna",98.15,0
"3300048797_40.fna",98.93,0.85
"3300048797_17.fna",96.15,1.71
"3300048797_10.fna",90.28,0
"3300048797_19.fna",93.06,2.16
"3300048797_52.fna",95.8,1.68
"3300048797_50.fna",78.16,6.07
"3300048797_26.fna",89.14,6.32
"3300048797_20.fna",95.74,0.93
"3300048797_46.fna",92.31,4.04
"3300048797_28.fna",97.69,0
"3300048798_19.fna",100,1.71
"3300048798_25.fna",76.77,3.16
"3300048798_18.fna",96.91,0.46
"3300048798_17.fna",87.51,2.84
"3300048798_22.fna",80.16,4.74
"3300048798_27.fna",72.29,2.56
"3300048798_34.fna",93.4,2.94
"3300048798_11.fna",79.39,0
"3300048798_39.fna",95.73,2.56
"3300048798_6.fna",93.59,3.28
"3300048798_3.fna",82.37,4.74
"3300048798_12.fna",91.67,1.39
"3300048798_15.fna",82.63,5.39
"3300048799_46.fna",97.39,0
"3300048799_11.fna",93.21,3.81
"3300048799_3.fna",97.95,1.37
"3300048799_23.fna",97.22,0.93
"3300048799_19.fna",88.21,1.47
"3300048799_1.fna",83.21,4.15
"3300048799_41.fna",88.82,4.46
"3300048799_14.fna",71.71,2.36
"3300048799_32.fna",88.03,0.28
"3300048799_15.fna",93.82,4.56
"3300048799_33.fna",89.65,0.93
"3300048800_20.fna",71.12,1.09
"3300048800_29.fna",90.36,3.02
"3300048800_27.fna",97.69,0.93
"3300048800_54.fna",99.54,4.71
"3300048800_18.fna",87.5,6.4
"3300048800_11.fna",89.89,2.03
"3300048800_41.fna",97.27,4
"3300048800_12.fna",84.8,3.42
"3300048800_69.fna",72.38,1.76
"3300048800_30.fna",80.3,0.94
"3300048800_37.fna",98.65,2.7
"3300048800_13.fna",92.74,0.5
"3300048800_66.fna",96.44,8.6
"3300048800_61.fna",95.8,1.68
"3300048800_24.fna",96.37,0.85
"3300048800_65.fna",74.57,3.04
"3300048800_34.fna",97.86,1.71
"3300048800_64.fna",98.72,1.71
"3300048800_55.fna",99.37,0.5
"3300048800_38.fna",96.58,1.03
"3300048800_52.fna",91.01,4.4
"3300048800_67.fna",82.18,1.77
"3300048800_60.fna",97.44,1.85
"3300048800_15.fna",98.93,2.56
"3300048800_51.fna",92.31,2.2
"3300048800_68.fna",84,5.2
"3300048800_53.fna",95.73,0.6
"3300048800_63.fna",96.44,2.96
"3300048800_59.fna",96.3,0
"3300048800_58.fna",98.05,1.94
"3300048801_3.fna",78.36,2.82
"3300048801_11.fna",74.5,1.81
"3300048802_24.fna",71.05,4.09
"3300048802_2.fna",83.97,3.59
"3300048802_20.fna",95.38,1.71
"3300048802_3.fna",79.09,8.56
"3300048802_1.fna",82.66,3.42
"3300048802_17.fna",77.75,1.31
"3300048803_17.fna",99.52,1.9
"3300048803_13.fna",95.6,3.3
"3300048803_9.fna",81.96,3.38
"3300048804_10.fna",98.25,4.82
"3300048804_1.fna",92.62,3.54
"3300048804_22.fna",94.66,6.04
"3300048804_17.fna",87.43,0
"3300048804_21.fna",75.81,2.27
"3300048805_16.fna",85.84,1.87
"3300048805_2.fna",90.34,1.8
"3300048805_9.fna",75.82,0.55
"3300048806_24.fna",77.66,1.85
"3300048806_1.fna",95.79,4.67
"3300048806_14.fna",71.22,4.4
"3300048806_4.fna",73.67,2.28
"3300048806_18.fna",70.34,2.44
"3300048806_15.fna",82.1,7.54
"3300048806_26.fna",70.89,2.46
"3300048807_18.fna",93.16,6.87
"3300048807_11.fna",75.57,0
"3300048807_29.fna",70.22,1.41
"3300048807_16.fna",88.68,1.71
"3300048807_26.fna",89.46,0.43
"3300048807_13.fna",97.22,0
"3300048808_29.fna",84.62,1.71
"3300048808_30.fna",96.03,5.41
"3300048808_22.fna",80.01,7.57
"3300048808_9.fna",89.74,0.43
"3300048808_15.fna",77.49,0
"3300048808_16.fna",97.95,2.17
"3300048808_25.fna",95.51,5.21
"3300048808_12.fna",98.05,7.46
"3300048809_32.fna",93.25,1.11
"3300048809_50.fna",94.02,2.99
"3300048809_26.fna",75.86,0.34
"3300048809_19.fna",96.15,1.28
"3300048809_20.fna",97.39,6.09
"3300048809_30.fna",86.86,2.14
"3300048809_15.fna",88.53,8
"3300048809_5.fna",96.62,7.09
"3300048809_44.fna",73.35,3.41
"3300048809_38.fna",82.43,2.87
"3300048809_45.fna",88.03,6.41
"3300048809_41.fna",95.73,2.99
"3300048809_47.fna",93.15,1.74
"3300048809_4.fna",85.05,6.52
"3300048809_7.fna",85.04,6.62
"3300048809_35.fna",75.81,0.85
"3300048809_51.fna",87.18,2.56
"3300048809_40.fna",96.15,0
"3300048809_24.fna",77.56,3.63
"3300048809_37.fna",98.65,2.01
"3300048809_28.fna",96.79,0.17
"3300048809_33.fna",86.19,2.54
"3300048810_12.fna",71.78,4.05
"3300048810_17.fna",91.45,3.94
"3300048810_3.fna",98.29,1.28
"3300048810_15.fna",97.86,3.42
"3300048810_35.fna",91.83,1.24
"3300048810_30.fna",91.38,0.86
"3300048810_2.fna",97.44,1.28
"3300048810_29.fna",98.26,4.35
"3300048810_20.fna",95.73,3.85
"3300048810_34.fna",86.66,3.46
"3300048810_39.fna",97.44,1.71
"3300048810_40.fna",96.15,0
"3300048810_23.fna",98.88,1.71
"3300048810_22.fna",83.4,3.77
"3300048810_50.fna",86.09,6.51
"3300048810_48.fna",92.11,0.88
"3300048810_28.fna",93.73,5.13
"3300048810_7.fna",95.8,0.84
"3300048810_49.fna",88.89,3.85
"3300048810_37.fna",97.78,4.78
"3300048811_18.fna",96.58,1
"3300048811_39.fna",82.91,4.7
"3300048811_26.fna",72.64,4.27
"3300048811_33.fna",97.22,0
"3300048811_24.fna",83.76,5.18
"3300048811_17.fna",93.16,1.71
"3300048811_21.fna",92.31,0
"3300048811_15.fna",82.34,2.23
"3300048811_19.fna",74.7,2.04
"3300048812_9.fna",87.75,4.7
"3300048812_18.fna",98.29,1.71
"3300048812_16.fna",95.51,2.14
"3300048812_27.fna",95.91,2.38
"3300048812_6.fna",74.09,1.97
"3300048812_14.fna",86.98,3.38
"3300048812_3.fna",98.53,8.78
"3300048812_15.fna",94.66,1.71
"3300048812_17.fna",97.79,2.87
"3300048813_31.fna",96.59,2.27
"3300048813_17.fna",77.63,5.8
"3300048813_29.fna",95.27,7.09
"3300048813_28.fna",81.14,4.68
"3300048813_6.fna",96.15,1.71
"3300048813_35.fna",96.62,3.38
"3300048813_21.fna",98.29,3.85
"3300048813_18.fna",98.88,1.71
"3300048813_41.fna",90.95,0.86
"3300048813_36.fna",87.07,6.89
"3300048813_37.fna",97.22,0.85
"3300048813_15.fna",89.46,4.4
"3300048813_49.fna",94.87,1.28
"3300048813_22.fna",97.3,3.55
"3300048813_43.fna",92.61,2.49
"3300048813_20.fna",94.02,1.71
"3300048813_48.fna",93.91,2.61
"3300048813_44.fna",76.92,1.09
"3300048813_12.fna",96.15,0
"3300048813_10.fna",92.33,8.12
"3300048813_11.fna",97.01,0.75
"3300048813_4.fna",91.19,5.53
"3300048813_38.fna",94.44,0
"3300048814_11.fna",88.89,3.42
"3300048814_4.fna",85.19,8.21
"3300048814_13.fna",93.56,0.86
"3300048814_49.fna",99.5,0.5
"3300048814_50.fna",88.89,4.27
"3300048814_36.fna",92.27,0
"3300048814_42.fna",92.92,2.48
"3300048814_39.fna",96.62,6.08
"3300048814_20.fna",81.86,1.71
"3300048814_31.fna",91.59,0
"3300048814_56.fna",84.7,1.72
"3300048814_48.fna",93.93,3.42
"3300048814_24.fna",97.37,3.56
"3300048814_28.fna",84.51,1.71
"3300048814_40.fna",96.68,7.54
"3300048814_47.fna",72.75,3.7
"3300048814_6.fna",90.37,0.86
"3300048814_54.fna",96.52,0.75
"3300048814_32.fna",96.58,0.85
"3300048814_53.fna",96.59,2.27
"3300048814_44.fna",100,2.99
"3300048814_23.fna",79.82,4.7
"3300048814_59.fna",91.88,2.14
"3300048814_37.fna",97.84,0.86
"3300048814_25.fna",95.3,3.85
"3300048814_26.fna",82.91,0.85
"3300048815_12.fna",99.79,0.85
"3300048815_23.fna",95.3,0
"3300048815_46.fna",95.9,3.85
"3300048815_35.fna",97.26,1.37
"3300048815_6.fna",74.67,0.49
"3300048815_5.fna",89.49,2.31
"3300048815_30.fna",80.58,3.48
"3300048815_43.fna",86.32,1.71
"3300048815_45.fna",74.27,0.85
"3300048815_26.fna",76.51,3.79
"3300048815_28.fna",93.16,3.42
"3300048815_2.fna",81.99,3.82
"3300048815_40.fna",97.44,2.99
"3300048815_15.fna",88.67,2.14
"3300048815_13.fna",93.73,0
"3300048816_35.fna",95.89,1.37
"3300048816_34.fna",93.16,5.98
"3300048816_10.fna",91.03,0
"3300048816_13.fna",72.44,5.84
"3300048816_37.fna",81.41,4.42
"3300048816_36.fna",87.18,2.56
"3300048816_27.fna",91.79,3.85
"3300048816_19.fna",87.86,7.84
"3300048816_23.fna",96.97,1.28
"3300048816_15.fna",99.09,1.71
"3300048816_9.fna",88.18,5.2
"3300048817_48.fna",81.41,3.42
"3300048817_5.fna",79.22,0.05
"3300048817_32.fna",86.66,7.73
"3300048817_54.fna",83.96,1.71
"3300048817_2.fna",82.05,2.99
"3300048817_34.fna",95.99,0
"3300048817_35.fna",84.78,1.85
"3300048817_30.fna",78.84,4.4
"3300048817_33.fna",86.32,3.09
"3300048817_64.fna",72.41,0
"3300048817_53.fna",83.43,2.56
"3300048817_44.fna",87.81,2.69
"3300048817_62.fna",87.94,4.52
"3300048817_46.fna",90.17,1.71
"3300048817_1.fna",88.68,0
"3300048817_28.fna",85.64,1.63
"3300048817_25.fna",94.78,0.87
"3300048817_19.fna",89.37,4.7
"3300048817_23.fna",96.07,3.74
"3300048817_61.fna",93.84,1.8
"3300048818_22.fna",93.86,2.24
"3300048818_64.fna",100,2.99
"3300048818_14.fna",93.41,2.2
"3300048818_12.fna",95.73,3.42
"3300048818_55.fna",80.29,2.56
"3300048818_34.fna",88.89,0.43
"3300048818_29.fna",93.06,0.93
"3300048818_36.fna",90.2,2.56
"3300048818_23.fna",96.47,3.85
"3300048818_54.fna",99.15,0.43
"3300048818_21.fna",82.02,0.68
"3300048818_28.fna",99.15,2.14
"3300048818_38.fna",93.38,1.71
"3300048818_46.fna",85.34,8
"3300048818_5.fna",72.69,3.41
"3300048818_48.fna",89.86,3.65
"3300048818_35.fna",92.31,1.71
"3300048818_49.fna",79.49,1.28
"3300048819_7.fna",70.48,1.42
"3300048819_27.fna",95.73,1.85
"3300048819_30.fna",86.19,3.62
"3300048819_16.fna",75.09,5.34
"3300048819_14.fna",94.87,2.85
"3300048819_10.fna",96.44,4.38
"3300048819_21.fna",81.49,2.63
"3300048819_19.fna",77.5,1.28
"3300048819_18.fna",95.3,1.28
"3300048820_40.fna",92.17,9.03
"3300048820_27.fna",91.16,0.86
"3300048820_19.fna",98.43,6.5
"3300048820_26.fna",97.44,1.28
"3300048820_5.fna",93.73,3.85
"3300048820_20.fna",99.15,1.28
"3300048820_16.fna",96.43,3.85
"3300048820_31.fna",76.56,2.3
"3300048820_25.fna",85.53,0.88
"3300048820_33.fna",96.28,5.41
"3300048820_23.fna",74.32,3.41
"3300048820_21.fna",81.77,1.28
"3300048820_14.fna",88.1,0
"3300048820_4.fna",88.56,0
"3300048820_6.fna",96.58,2.99
"3300048820_8.fna",88.25,2.59
"3300048820_10.fna",80.34,3.42
"3300048820_39.fna",97.38,2.46
"3300048820_38.fna",95.96,2.63
"3300048821_51.fna",97.3,6.08
"3300048821_47.fna",92.84,1.72
"3300048821_50.fna",92.1,2.59
"3300048821_20.fna",80.51,1.88
"3300048821_17.fna",74.5,0
"3300048821_37.fna",98.29,4.7
"3300048821_49.fna",76.51,0.06
"3300048821_13.fna",77.83,5.98
"3300048821_57.fna",92.53,4.31
"3300048821_32.fna",76.71,0
"3300048821_16.fna",83.33,1.28
"3300048821_19.fna",93.92,4.73
"3300048821_43.fna",92.7,8.11
"3300048821_45.fna",98.68,0
"3300048821_22.fna",94.87,3.42
"3300048821_4.fna",93.3,1.12
"3300048821_54.fna",80.7,3.71
"3300048821_25.fna",95.39,3.56
"3300048821_34.fna",83.67,0
"3300048821_38.fna",98.29,2.99
"3300048822_25.fna",78,1.85
"3300048822_9.fna",85.06,5.22
"3300048822_19.fna",90.41,0.82
"3300048822_43.fna",76.07,2.56
"3300048822_17.fna",82.71,8.7
"3300048822_29.fna",82.28,0.43
"3300048822_11.fna",71,1.72
"3300048822_37.fna",96.36,0.95
"3300048822_31.fna",71.8,6.14
"3300048822_52.fna",89.26,3.42
"3300048822_46.fna",87.44,3.38
"3300048822_22.fna",89.59,3.41
"3300048823_52.fna",95.38,6.99
"3300048823_54.fna",97.44,1.28
"3300048823_3.fna",84.4,3.06
"3300048823_23.fna",71.06,2.32
"3300048823_35.fna",86.15,1.28
"3300048823_11.fna",89.89,7.43
"3300048823_57.fna",81.41,1.75
"3300048823_34.fna",79.48,0
"3300048823_48.fna",77.55,0.85
"3300048823_7.fna",95.73,3.85
"3300048823_21.fna",89.37,6.96
"3300048823_19.fna",87.68,4.54
"3300048823_24.fna",95.73,4.7
"3300048823_20.fna",94.34,0.91
"3300048823_25.fna",96.15,0
"3300048823_26.fna",81.6,3.76
"3300048823_8.fna",86.82,2.58
"3300048824_20.fna",70.08,1.6
"3300048824_5.fna",89.48,0.05
"3300048824_30.fna",85.67,2.59
"3300048824_10.fna",91.94,1.33
"3300048824_27.fna",86.11,1.55
"3300048824_36.fna",93.43,0.43
"3300048824_57.fna",96.88,2.47
"3300048824_4.fna",95.31,7.72
"3300048824_29.fna",94.12,0.93
"3300048824_41.fna",92.95,0.85
"3300048824_21.fna",85.49,6.9
"3300048824_32.fna",73.68,1.75
"3300048824_6.fna",94.87,3.85
"3300048824_37.fna",80.74,1.52
"3300048824_51.fna",87.12,4.27
"3300048824_43.fna",88.88,5.79
"3300048824_15.fna",96.15,0
"3300048824_2.fna",95.65,1.74
"3300048824_8.fna",82.72,3.06
"3300048824_17.fna",94.02,2.14
"3300048825_41.fna",94.59,9.46
"3300048825_26.fna",95.91,1.72
"3300048825_47.fna",99.15,3.85
"3300048825_6.fna",97.44,1.28
"3300048825_40.fna",81.06,0.05
"3300048825_23.fna",92.58,0.68
"3300048825_46.fna",86.75,1.28
"3300048825_51.fna",94.18,0.86
"3300048825_35.fna",95.61,6.08
"3300048825_45.fna",96.96,6.76
"3300048825_38.fna",70.44,3.38
"3300048825_32.fna",70.42,3.23
"3300048825_49.fna",96.58,2.31
"3300048825_58.fna",88.16,0.79
"3300048825_29.fna",88.3,0
"3300048825_57.fna",81.01,6.53
"3300048825_42.fna",91.9,9.29
"3300048825_14.fna",89.32,3.42
"3300048825_18.fna",95.73,1.71
"3300048825_43.fna",94.4,5.6
"3300048826_22.fna",97.44,3.16
"3300048826_20.fna",78.6,3.09
"3300048826_24.fna",78.68,1.15
"3300048826_23.fna",97.81,0
"3300048826_18.fna",93.16,1.28
"3300048826_25.fna",90.27,2.99
"3300048826_7.fna",93.16,4.7
"3300048826_10.fna",93.87,0.68
"3300048826_12.fna",89.59,5.43
"3300048826_26.fna",79.47,3.79
"3300048826_33.fna",90.15,3.58
"3300048826_38.fna",86.78,9.04
"3300048826_9.fna",92.57,7.43
"3300048826_4.fna",70.41,0
"3300048826_29.fna",92.67,1.72
"3300048826_34.fna",91.26,0.97
"3300048826_36.fna",93.89,1.72
"3300048826_6.fna",96.28,4.73
"3300048826_42.fna",73.55,0
"3300048826_39.fna",88.89,0.46
"3300048827_5.fna",92.04,5.32
"3300048827_6.fna",99.15,1.45
"3300048827_43.fna",81.82,4.31
"3300048827_34.fna",73.22,0.85
"3300048827_37.fna",70.18,1.75
"3300048827_7.fna",94.02,0.85
"3300048827_9.fna",91.45,1.28
"3300048827_64.fna",97.22,0.93
"3300048827_32.fna",90.17,5.9
"3300048827_30.fna",96.12,1.05
"3300048827_45.fna",95.91,0.86
"3300048827_62.fna",100,2.99
"3300048827_59.fna",89.93,1.04
"3300048827_22.fna",91.45,1.28
"3300048827_61.fna",97.44,2.99
"3300048827_19.fna",93.32,8.62
"3300048827_40.fna",95.95,4.42
"3300048827_44.fna",97.17,1.71
"3300048827_29.fna",96.62,8.78
"3300048827_15.fna",93.16,1.28
"3300048827_2.fna",91.03,6.84
"3300048827_10.fna",93.55,0.68
"3300048827_13.fna",93.04,1.96
"3300048888_3.fna",83.36,2.78
"3300048888_59.fna",85.47,0.97
"3300048888_12.fna",76.58,2.75
"3300048888_58.fna",96.98,1.29
"3300048888_40.fna",76.24,5.92
"3300048888_45.fna",96.12,0
"3300048888_52.fna",91.64,1.91
"3300048888_2.fna",83.43,2.56
"3300048888_50.fna",73.99,2.42
"3300048888_41.fna",92.3,4.48
"3300048888_46.fna",74.24,0.43
"3300048888_47.fna",86.04,1.71
"3300048889_3.fna",80.1,3.48
"3300048889_71.fna",96.12,0
"3300048889_72.fna",95.77,3.48
"3300048889_35.fna",84.53,6.94
"3300048889_36.fna",72.47,3.36
"3300048889_40.fna",71.97,4.69
"3300048889_51.fna",83.19,2.99
"3300048889_43.fna",89.03,3.61
"3300048889_64.fna",96.12,1.29
"3300048890_16.fna",88.31,2.9
"3300048890_23.fna",76.21,4.25
"3300048890_70.fna",78.45,6.43
"3300048890_51.fna",74.66,6.52
"3300048890_37.fna",70.85,3.45
"3300048890_38.fna",70.33,3.01
"3300048890_61.fna",76.57,1.54
"3300048890_68.fna",81.84,0.85
"3300048890_45.fna",80.04,3.67
"3300048890_48.fna",87.71,3.42
"3300048890_64.fna",84.7,5.16
"3300048890_34.fna",97.74,0.99
"3300048890_5.fna",75.88,1.23
"3300048890_33.fna",79.27,2.58
"3300048890_52.fna",95.37,1.69
"3300048890_24.fna",83.03,5.32
"3300048890_9.fna",83.39,5.3
"3300048890_69.fna",100,7.12
"3300048890_29.fna",96.12,0.86
"3300048890_53.fna",96.1,2.52
"3300048891_5.fna",98.29,2.56
"3300048891_6.fna",96.12,0.86
"3300048891_23.fna",70.02,3.27
"3300048891_8.fna",88.09,2.74
"3300048891_50.fna",95.94,1.14
"3300048891_45.fna",71.79,2.2
"3300048891_51.fna",92.41,3.62
"3300048891_53.fna",70.69,5.33
"3300048891_29.fna",70.8,4.27
"3300048891_44.fna",83.39,3.51
"3300048891_28.fna",78.95,5.98
"3300048892_39.fna",98.18,1.6
"3300048892_41.fna",76.44,0
"3300048892_58.fna",82.25,8.29
"3300048892_70.fna",92.65,1.71
"3300048892_22.fna",95.17,6.67
"3300048892_36.fna",97.67,5.3
"3300048892_63.fna",95.58,0.85
"3300048892_53.fna",76.72,3.45
"3300048892_23.fna",83.25,3.66
"3300048893_70.fna",72.41,1.72
"3300048893_5.fna",87.18,4.27
"3300048893_6.fna",76.79,5.46
"3300048893_78.fna",82.73,2.62
"3300048893_47.fna",81.28,0.85
"3300048893_49.fna",76.3,2.2
"3300048893_21.fna",91.03,1.71
"3300048893_15.fna",71.14,4.59
"3300048893_37.fna",97.44,2.56
"3300048893_35.fna",97.41,9.56
"3300048893_36.fna",87.61,7.75
"3300048893_72.fna",79.14,2.96
"3300048894_27.fna",78.8,4.06
"3300048894_20.fna",88.18,6.55
"3300048894_29.fna",70.07,2.29
"3300048894_53.fna",75,1.76
"3300048894_4.fna",87.84,5.48
"3300048894_2.fna",77.38,7.47
"3300048894_14.fna",89.27,5.98
"3300048895_44.fna",95.69,0.86
"3300048895_62.fna",80.92,5.72
"3300048895_8.fna",86.01,0.48
"3300048895_72.fna",90.85,5.82
"3300048895_64.fna",79.08,4.27
"3300048895_53.fna",89.45,3.88
"3300048895_73.fna",77.27,3.83
"3300048895_15.fna",74.82,2.78
"3300048895_34.fna",79.68,2.76
"3300048895_1.fna",84.8,4.4
"3300048895_35.fna",92.37,7.24
"3300048896_18.fna",96.55,0.86
"3300048896_52.fna",73.81,2.62
"3300048896_53.fna",81.74,1.67
"3300048896_48.fna",79.37,5.13
"3300048896_47.fna",78.79,5.84
"3300048896_14.fna",84.27,5.03
"3300048896_49.fna",83.68,5.04
"3300048896_13.fna",71.59,4.47
"3300048896_3.fna",75,2.76
"3300048896_20.fna",96.12,1.29
"3300048896_56.fna",88.41,0
"3300048896_44.fna",80.03,2.03
"3300048896_51.fna",70.74,1.23
"3300048896_25.fna",72.67,7.48
"3300048896_5.fna",95.69,2.67
"3300048896_27.fna",86.03,2.3
"3300048896_58.fna",76.74,1.15
"3300048896_50.fna",96.39,3.13
"3300048897_54.fna",76.21,2.54
"3300048897_55.fna",74.86,6.37
"3300048897_57.fna",80.68,5.61
"3300048897_59.fna",73.61,9.19
"3300048897_36.fna",90.34,2.87
"3300048897_50.fna",96.15,1.71
"3300048897_42.fna",100,2.88
"3300048898_43.fna",72.62,2.05
"3300048898_6.fna",74.16,1.43
"3300048898_1.fna",94.44,1.71
"3300048898_26.fna",100,3.46
"3300048898_18.fna",74.45,1.57
"3300048898_9.fna",71.99,2.33
"3300048898_42.fna",96.21,1.87
"3300048899_11.fna",76.2,3.1
"3300048899_21.fna",94.52,9.62
"3300048899_42.fna",96.98,0.86
"3300048899_58.fna",73.24,3.11
"3300048899_39.fna",83.62,7.54
"3300048900_6.fna",80.05,4.52
"3300048900_28.fna",86.75,5.25
"3300048900_42.fna",71.38,3.75
"3300048900_32.fna",74.82,2.02
"3300048901_15.fna",80.91,5.49
"3300048901_28.fna",77.44,6.48
"3300048901_56.fna",85.1,7.46
"3300048901_50.fna",78.63,3.45
"3300048901_39.fna",89.87,3.45
"3300048901_27.fna",78.82,4.58
"3300048901_45.fna",78.17,4.97
"3300048901_59.fna",97.84,1.72
"3300048901_3.fna",71.81,2.07
"3300048901_48.fna",94.72,5.36
"3300048902_37.fna",80.96,4.53
"3300048902_61.fna",73.62,7.01
"3300048902_24.fna",97.84,1.72
"3300048902_19.fna",72.75,5.32
"3300048902_57.fna",88.7,5.75
"3300048902_45.fna",84.77,4.31
"3300048902_31.fna",82.45,6.47
"3300048902_25.fna",90.53,5.47
"3300048902_47.fna",81.48,2.85
"3300048902_44.fna",72.95,9.08
"3300048931_22.fna",76.29,3.45
"3300048931_29.fna",74.77,2.05
"3300048931_15.fna",90.76,4.81
"3300048931_2.fna",79.72,5.02
"3300048995_33.fna",92.45,2.18
"3300048995_2.fna",73.9,7.81
"3300048995_39.fna",72.28,5.63
"3300048996_36.fna",79.94,3.06
"3300048996_25.fna",86.11,6.94
"3300048996_49.fna",98.88,2.46
"3300048996_24.fna",96.82,1.12
"3300048996_45.fna",92.29,7.12
"3300048996_17.fna",100,2.91
"3300048996_23.fna",71.44,2.75
"3300048997_51.fna",83.65,9.67
"3300048997_55.fna",99.79,7.74
"3300048997_23.fna",100,3.85
"3300048997_19.fna",89.92,2.06
"3300048997_40.fna",97.18,3.61
"3300048997_42.fna",94.93,1.49
"3300048997_44.fna",96.26,6.33
"3300048997_30.fna",76.8,7.09
"3300048997_34.fna",90.95,6.8
"3300048997_82.fna",98.29,3.85
"3300048997_57.fna",98.64,1.15
"3300048997_26.fna",78.14,1.7
"3300048998_43.fna",79.81,6.9
"3300048998_36.fna",71.91,3.4
"3300048998_34.fna",71.03,3.11
"3300048998_5.fna",75.86,0
"3300048998_21.fna",72.85,5.98
"3300048998_6.fna",80.43,0.41
"3300048998_33.fna",98.72,8.55
"3300048998_22.fna",94.12,2.55
"3300048998_3.fna",95.6,1.11
"3300048998_25.fna",85.67,0.89
"3300048998_15.fna",71.81,0.97
"3300048998_19.fna",99.29,3.99
"3300048999_84.fna",90.81,5.18
"3300048999_75.fna",83.43,0.86
"3300048999_54.fna",74.5,1.6
"3300048999_66.fna",81.7,1.78
"3300048999_63.fna",95.29,5.65
"3300048999_15.fna",85,0.58
"3300048999_55.fna",77.92,2.14
"3300048999_27.fna",71.38,7.24
"3300048999_83.fna",96.19,1.21
"3300049000_35.fna",99.5,0.43
"3300049000_24.fna",94.02,5.13
"3300049000_7.fna",71.01,3.03
"3300049000_5.fna",93.38,1.18
"3300049000_17.fna",90.5,1.68
"3300049000_11.fna",82.16,2.39
"3300049001_25.fna",74.35,7.03
"3300049001_40.fna",92.8,3.42
"3300049001_10.fna",94.83,7.21
"3300049001_19.fna",86.53,5.13
"3300049001_27.fna",79.33,4.27
"3300049001_51.fna",78.47,3.69
"3300049001_4.fna",81.2,5.98
"3300049002_20.fna",81.48,2.56
"3300049002_6.fna",71.06,0.59
"3300049002_10.fna",97.86,1
"3300049002_29.fna",86.09,6.27
"3300049002_28.fna",82.95,3.42
"3300049002_22.fna",83.57,5.98
"3300049002_2.fna",86.25,6.04
"3300049002_21.fna",95.44,6.78
"3300049003_2.fna",95.39,5.18
"3300049003_21.fna",97.49,1.89
"3300049003_7.fna",89.39,5.98
"3300049003_36.fna",71.26,2.23
"3300049003_9.fna",73.33,6.82
"3300049003_33.fna",71.09,1.14
"3300049004_54.fna",78.77,3.42
"3300049004_26.fna",81.15,4.31
"3300049004_43.fna",72.36,2.56
"3300049004_33.fna",96.79,5.13
"3300049004_24.fna",71.05,2.08
"3300049004_4.fna",93.08,6.78
"3300049004_46.fna",94.08,4.01
"3300049004_36.fna",91.19,7.46
"3300049004_15.fna",90.81,5.13
"3300049005_31.fna",95.15,2.75
"3300049005_3.fna",77.48,2.98
"3300049005_27.fna",75.46,5.32
"3300049005_36.fna",79.65,2.84
"3300049005_8.fna",81.73,7.28
"3300049005_21.fna",82.91,1.28
"3300049005_35.fna",98.03,2.48
"3300049005_22.fna",88.79,3.42
"3300049005_11.fna",72.71,0
"3300049006_29.fna",95.3,5.98
"3300049006_30.fna",75.02,4.19
"3300049006_23.fna",76.24,2.02
"3300049006_15.fna",71.6,4.13
"3300049006_2.fna",93.84,7.91
"3300049007_6.fna",97.44,1.28
"3300049007_5.fna",79.53,2.18
"3300049135_13.fna",74.56,1.18
"3300049136_17.fna",95.44,0.58
"3300049136_16.fna",83.38,5.44
"3300049136_39.fna",81.18,1.33
"3300049136_28.fna",93.96,0.18
"3300049136_14.fna",95.95,1.16
"3300049136_38.fna",91.39,2.04
"3300049136_9.fna",95.19,0.82
"3300049136_33.fna",75.72,8.19
"3300049136_43.fna",96.28,0.43
"3300049136_41.fna",85.87,1.11
"3300049136_11.fna",72.41,1.72
"3300049136_35.fna",99.5,0.5
"3300049137_6.fna",91.05,8.52
"3300049137_22.fna",90.96,1.59
"3300049137_8.fna",97.57,0.34
"3300049137_24.fna",94.74,9.42
"3300049137_32.fna",95.44,2.59
"3300049137_10.fna",96,0.49
"3300049138_13.fna",91.73,3.01
"3300049139_10.fna",82.1,2.64
"3300049140_33.fna",87.46,2.17
"3300049140_1.fna",92.48,1
"3300049140_32.fna",93.43,1.25
"3300049140_25.fna",76.21,2.78
"3300049140_14.fna",94.03,4.89
"3300049140_5.fna",87.88,3.9
"3300049140_27.fna",98.46,2.37
"3300049140_15.fna",94.61,1.48
"3300049141_11.fna",89.11,1.24
"3300049141_14.fna",100,0.5
"3300049141_7.fna",92.48,0.86
"3300049142_4.fna",94.94,1.9
"3300049142_16.fna",81.47,2.07
"3300049142_2.fna",76.42,0.63
"3300049143_6.fna",97.18,0.38
"3300049144_13.fna",88.12,1.26
"3300049144_3.fna",71.32,0.94
"3300049147_5.fna",82.01,3.54
"3300049148_7.fna",77.03,7.04
"3300049153_4.fna",90.55,2.56
"3300049153_2.fna",77.14,4.56
"3300049164_4.fna",97.05,1.34
"3300049164_5.fna",83.77,5.91
"3300049164_20.fna",84.84,2.39
"3300049165_33.fna",72.46,3.23
"3300049165_13.fna",96.15,1.7
"3300049166_14.fna",92.99,1.65
"3300049166_15.fna",97.4,0.73
"3300049166_4.fna",76.52,3.87
"3300049166_13.fna",90.23,1.48
"3300049166_12.fna",96.39,2.02
"3300049167_41.fna",87.45,1.37
"3300049167_48.fna",76.25,0
"3300049167_3.fna",72.41,1.72
"3300049167_37.fna",97.98,0.07
"3300049167_14.fna",88.36,1.42
"3300049167_47.fna",87.06,0.5
"3300049167_43.fna",96.24,0.57
"3300049167_17.fna",98.97,2.24
"3300049167_4.fna",100,0.49
"3300049167_25.fna",85.57,1.8
"3300049167_23.fna",74.31,0.24
"3300049168_11.fna",93.57,2.46
"3300049169_19.fna",96.4,1.06
"3300049169_7.fna",98.61,0.14
"3300049169_10.fna",78.38,2.42
"3300049169_3.fna",92.58,1.01
"3300049170_18.fna",90.33,1.66
"3300049170_13.fna",93.89,0.78
"3300049170_21.fna",93.21,5.79
"3300049170_19.fna",72.86,3.45
"3300049170_20.fna",82.61,0.76
"3300049170_36.fna",97.65,0.31
"3300049170_9.fna",89.03,8.11
"3300049170_5.fna",89.38,5.58
"3300049170_15.fna",72.57,0.82
"3300049170_37.fna",94.87,8.29
"3300049170_11.fna",91.35,0.94
"3300049170_10.fna",84.48,0
"3300049170_30.fna",98.77,1.78
"3300049171_28.fna",94.12,0.75
"3300049171_30.fna",99.88,0.8
"3300049171_26.fna",99.11,0.45
"3300049171_33.fna",97,0.47
"3300049171_34.fna",92.94,0.53
"3300049171_24.fna",94.17,5.1
"3300049171_2.fna",99,1
"3300049171_7.fna",96,2
"3300049171_15.fna",99.03,3.42
"3300049171_40.fna",79.85,0.55
"3300049171_13.fna",100,0.49
"3300049171_8.fna",97.18,0.63
"3300049172_28.fna",98.77,0.75
"3300049172_38.fna",98.11,0
"3300049172_2.fna",91.88,1.89
"3300049172_7.fna",75.75,0.9
"3300049172_23.fna",99.7,0
"3300049172_18.fna",77.34,1.56
"3300049172_31.fna",87.91,1.24
"3300049172_19.fna",94.38,2.91
"3300049172_33.fna",97.39,0
"3300049172_29.fna",97.09,2.4
"3300049172_4.fna",82.98,8.97
"3300049172_14.fna",96.83,3.79
"3300049172_15.fna",96.23,0.47
"3300049173_16.fna",93.56,2.03
"3300049173_15.fna",95.81,2.1
"3300049173_11.fna",72.76,3.79
"3300049173_6.fna",95.4,2.07
"3300049173_9.fna",96.96,0
"3300049175_2.fna",77.14,1.13
"3300049229_2.fna",78.34,4.37
"3300049235_1.fna",78.5,2.91
"3300049243_2.fna",77.67,5.83
"3300049248_1.fna",80.58,2.91
"3300049249_10.fna",91.09,3.88
"3300049249_14.fna",78.8,4.85
"3300049249_9.fna",81.52,0.97
"3300049249_13.fna",83.32,1.05
"3300049250_8.fna",89.89,9.74
"3300049250_9.fna",96.98,0.86
"3300049250_7.fna",82.2,1.94
"3300049251_7.fna",82.69,3.88
"3300049259_74.fna",98.29,3.7
"3300049259_95.fna",77.56,3.42
"3300049259_1.fna",91.85,1.29
"3300049259_57.fna",70.26,6.58
"3300049259_67.fna",96.77,1.88
"3300049259_73.fna",100,0.03
"3300049259_16.fna",72.03,2.27
"3300049259_51.fna",82.76,0
"3300049259_45.fna",83.4,4.73
"3300049259_42.fna",99.15,1.71
"3300049259_59.fna",71.5,5.6
"3300049259_52.fna",81.42,5.37
"3300049259_50.fna",82.92,8.62
"3300049259_28.fna",97.04,0.49
"3300049259_26.fna",70.61,0.67
"3300049259_20.fna",90.07,0.99
"3300049260_34.fna",97.86,1.71
"3300049260_26.fna",77.08,5.28
"3300049260_22.fna",87.63,2.62
"3300049260_24.fna",96.79,0.53
"3300049263_2.fna",72.25,4.85
"3300049265_3.fna",72.93,2.91
"3300049265_6.fna",86.08,2.91
"3300049266_8.fna",77.41,0.96
"3300049269_8.fna",76.46,2.91
"3300049270_2.fna",87.07,4.17
"3300049271_4.fna",93.56,3.61
"3300049271_13.fna",77.67,3.4
"3300049272_4.fna",82.77,2.91
"3300049272_9.fna",81.8,7.23
"3300049272_12.fna",70.89,9.48
"3300049273_11.fna",96.6,2.91
"3300049273_10.fna",99.74,2.11
"3300049273_8.fna",84.18,4.8
"3300049274_1.fna",80.42,3.88
"3300049275_3.fna",74.47,8.84
"3300049276_15.fna",75.46,1.68
"3300049276_1.fna",71.6,2.24
"3300049276_6.fna",91.38,1.8
"3300049277_5.fna",78.64,3.88
"3300049277_1.fna",92.1,1.8
"3300049279_10.fna",93.1,6.06
"3300049295_4.fna",88.19,2.5
"3300049296_6.fna",83.98,8.74
"3300049297_5.fna",94.68,0.84
"3300049297_12.fna",78.48,1.94
"3300049297_4.fna",86.53,0.88
"3300049298_1.fna",100,4.01
"3300049301_4.fna",93.53,2.66
"3300049303_6.fna",92.24,3.92
"3300049305_6.fna",86.78,3.1
"3300049306_8.fna",88.83,2.6
"3300049306_7.fna",82.24,5.36
"3300049307_9.fna",88.99,3.62
"3300049308_4.fna",91.95,1.29
"3300049309_8.fna",90.95,1.87
"3300049311_10.fna",71.82,2.14
"3300049311_11.fna",97.41,0.09
"3300049311_14.fna",90.95,2.3
"3300049317_2.fna",90.52,0.43
"3300049318_1.fna",77.17,1.29
"3300049320_19.fna",89.35,2.86
"3300049320_22.fna",85.06,1.81
"3300049320_3.fna",88.51,0
"3300049323_1.fna",95.73,4.32
"3300049324_5.fna",96.55,1.72
"3300049324_3.fna",79.98,2.17
"3300049324_11.fna",72.19,3.49
"3300049324_16.fna",88.46,3.42
"3300049324_8.fna",81.14,1.14
"3300049324_14.fna",73.43,3.87
"3300049330_1.fna",80.21,3.88
"3300049331_2.fna",80.99,3.88
"3300049334_3.fna",71.36,5.02
"3300049336_5.fna",85.36,3.24
"3300049347_2.fna",70.14,4.91
"3300049349_3.fna",87.44,2.44
"3300049351_4.fna",85.2,7.05
"3300049361_4.fna",84.66,9.72
"3300049362_3.fna",83.62,2.89
"3300049374_2.fna",91.81,7.47
"3300049379_5.fna",83.48,9.48
"3300049380_5.fna",76.02,4.55
"3300049381_2.fna",82.6,8.62
"3300049438_2.fna",87.84,4.65
"3300049440_65.fna",85.1,5.48
"3300049440_26.fna",92.49,5.49
"3300049440_2.fna",74.75,2.42
"3300049440_17.fna",100,3.92
"3300049440_63.fna",94.4,3.53
"3300049440_35.fna",86.97,4.63
"3300049440_7.fna",90.61,2.91
"3300049440_62.fna",75.86,0
"3300049440_16.fna",96.14,4.36
"3300049440_27.fna",86.11,8.55
"3300049440_56.fna",85.45,0
"3300049440_51.fna",95.75,1.61
"3300049440_64.fna",93.29,8.54
"3300049440_31.fna",92.96,2.87
"3300049440_49.fna",86.43,8.97
"3300049440_46.fna",97.97,3.72
"3300049440_47.fna",98.9,2.75
"3300049440_5.fna",73.11,8.9
"3300049441_1.fna",86.26,3.66
"3300049442_12.fna",85.95,4.4
"3300049442_31.fna",77.99,5.18
"3300049442_7.fna",96.98,1.29
"3300049442_19.fna",98.29,1.03
"3300049442_18.fna",94.92,1.48
"3300049442_10.fna",72.33,2.2
"3300049442_9.fna",70.72,2.59
"3300049442_24.fna",88.59,2.48
"3300049442_15.fna",79.32,2.37
"3300049442_26.fna",71.23,2.11
"3300049443_8.fna",78.13,4.22
"3300049444_13.fna",72.05,7.87
"3300049444_6.fna",96.12,2.16
"3300049444_10.fna",77.58,2.24
"3300049445_11.fna",95.6,5.49
"3300049445_6.fna",96.24,3.83
"3300049445_49.fna",86.73,1.94
"3300049445_25.fna",81.51,2.99
"3300049445_26.fna",75.07,2.03
"3300049445_28.fna",70.78,1.67
"3300049445_34.fna",78.29,2.13
"3300049445_2.fna",98.95,1.55
"3300049446_26.fna",93.91,6.2
"3300049447_8.fna",70.39,1.28
"3300049447_28.fna",79.68,2.1
"3300049447_22.fna",95.69,1.72
"3300049448_4.fna",89.01,0
"3300049448_3.fna",79.35,0.68
"3300049448_15.fna",97.2,2.03
"3300049448_9.fna",80.5,4.91
"3300049450_16.fna",96.15,8.31
"3300049450_35.fna",98,2.03
"3300049450_36.fna",77.18,2.17
"3300049450_23.fna",73.75,2
"3300049451_2.fna",81.37,3.09
"3300049455_20.fna",72.89,1.05
"3300049455_11.fna",76.04,2.31
"3300049455_23.fna",79.45,9.91
"3300049456_39.fna",98.96,3.42
"3300049456_30.fna",96.3,1.71
"3300049456_2.fna",90.57,6.05
"3300049457_23.fna",79.53,4.7
"3300049457_5.fna",78.94,4.4
"3300049457_7.fna",97.8,0
"3300049598_10.fna",88.15,4.53
"3300049599_9.fna",71.31,0
"3300049599_11.fna",92.72,3.72
"3300049601_3.fna",84.71,3.88
"3300049603_5.fna",79.13,2.67
"3300049605_1.fna",80.52,2.16
"3300049606_6.fna",90.09,2.23
"3300049607_5.fna",82.36,2.91
"3300049607_2.fna",88.79,1.72
"3300049608_4.fna",93.53,2.66
"3300049716_13.fna",75.23,3.68
"3300049716_25.fna",75.59,1.18
"3300049716_1.fna",71.93,7.02
"3300049716_4.fna",87.58,5.16
"3300049716_14.fna",89.95,1.65
"3300049717_8.fna",91.43,2.58
"3300049717_9.fna",94.59,3.42
"3300049717_19.fna",73.71,1.95
"3300049717_15.fna",78.23,3.14
"3300049717_26.fna",72.27,1.6
"3300049717_18.fna",97.25,1.91
"3300049717_22.fna",91.76,2.05
"3300049717_25.fna",87.7,8.91
"3300049717_10.fna",93.87,4.54
"3300049717_20.fna",82.73,2.73
"3300049717_11.fna",84.8,3.77
"3300049717_16.fna",93.23,1.86
"3300049717_5.fna",77.42,2.73
"3300049717_35.fna",76.83,0.85
"3300049718_2.fna",92.51,0
"3300049718_27.fna",94.91,0.93
"3300049718_18.fna",91.67,1.78
"3300049718_26.fna",91.51,2.74
"3300049718_21.fna",93.3,3.85
"3300049718_22.fna",78.08,0
"3300049718_37.fna",96.73,0.65
"3300049718_10.fna",93.86,6.45
"3300049718_35.fna",92.26,2.77
"3300049718_17.fna",76.5,0.86
"3300049718_8.fna",86.45,2.8
"3300049718_40.fna",82.48,3.03
"3300049718_33.fna",90.72,0.98
"3300049719_6.fna",87.84,3.76
"3300049719_24.fna",84.86,3.47
"3300049719_29.fna",99.05,2.86
"3300049719_7.fna",90.94,2.14
"3300049719_40.fna",84.93,8.94
"3300049719_1.fna",79.09,5
"3300049719_35.fna",90.14,4.15
"3300049719_49.fna",84.98,3.96
"3300049719_44.fna",80.88,1.96
"3300049719_39.fna",92.74,2.96
"3300049719_4.fna",90.65,8.06
"3300049719_38.fna",90.43,0
"3300049719_26.fna",93.23,1.33
"3300049719_8.fna",97.69,1.16
"3300049719_28.fna",99.73,1.72
"3300049719_12.fna",75.57,0.09
"3300049719_3.fna",73.13,2.41
"3300049719_9.fna",95.95,3.75
"3300049719_41.fna",84.23,2.26
"3300049720_12.fna",78.17,2.14
"3300049721_19.fna",93.22,2.27
"3300049721_17.fna",83.22,2.61
"3300049721_3.fna",80.97,4.52
"3300049721_10.fna",88.89,1.85
"3300049722_11.fna",74.61,9.94
"3300049722_1.fna",89.17,0.91
"3300049722_5.fna",89.38,7.26
"3300049722_15.fna",86.89,1.8
"3300049722_28.fna",92.13,2.78
"3300049722_29.fna",88.87,8.72
"3300049722_30.fna",86.73,3.82
"3300049722_6.fna",96.1,3.47
"3300049723_1.fna",83.83,3.76
"3300049724_27.fna",95.63,4.37
"3300049724_30.fna",95.38,6.3
"3300049724_19.fna",91.13,3.85
"3300049724_18.fna",79.12,1.61
"3300049724_21.fna",97.73,5.68
"3300049724_2.fna",86.73,5.3
"3300049724_15.fna",71.89,3.63
"3300049725_26.fna",72.68,2.69
"3300049725_7.fna",86.48,2.99
"3300049725_18.fna",90.14,2
"3300049725_11.fna",83.98,4.84
"3300049725_10.fna",99.12,1.8
"3300049725_20.fna",82.02,2.26
"3300049725_3.fna",80.46,0
"3300049725_5.fna",83.11,2.51
"3300049725_17.fna",96.59,5.68
"3300049725_1.fna",82.41,5.94
"3300049726_5.fna",81.62,1.28
"3300049726_13.fna",96.49,4.39
"3300049726_10.fna",79.33,2.69
"3300049726_28.fna",96.16,2.46
"3300049726_23.fna",81.81,2.96
"3300049726_18.fna",97.8,4.92
"3300049726_8.fna",74.52,3.87
"3300049726_22.fna",80.33,4.66
"3300049727_35.fna",78.2,0
"3300049727_34.fna",94.68,3.95
"3300049727_16.fna",99.15,0.43
"3300049727_30.fna",94.59,2.99
"3300049727_21.fna",74.19,9.35
"3300049727_44.fna",98.88,1.24
"3300049727_40.fna",89.66,0
"3300049727_12.fna",96.58,3.42
"3300049727_41.fna",84.55,0.86
"3300049727_42.fna",90.65,0
"3300049727_4.fna",74.28,3.64
"3300049727_7.fna",91.67,0.85
"3300049727_8.fna",86.85,2.16
"3300049727_1.fna",80.97,3.13
"3300049727_37.fna",93.75,2.59
"3300049727_11.fna",74.14,1.72
"3300049728_23.fna",72.65,4.39
"3300049728_30.fna",70.47,0.86
"3300049728_4.fna",89.04,0
"3300049728_17.fna",97.24,1.05
"3300049728_2.fna",89.01,1.72
"3300049728_13.fna",97.3,4.73
"3300049728_39.fna",88.03,1.36
"3300049728_42.fna",92.35,2.14
"3300049728_38.fna",85.36,1.72
"3300049728_41.fna",71.72,1.96
"3300049728_6.fna",91.24,0.85
"3300049728_45.fna",89.1,6.76
"3300049728_51.fna",75.29,0
"3300049728_8.fna",84.26,1.85
"3300049729_20.fna",87.72,0.86
"3300049729_23.fna",94.5,9.12
"3300049729_12.fna",70.69,0
"3300049729_22.fna",86.02,0.86
"3300049729_49.fna",83.87,0.86
"3300049729_5.fna",77.53,2.01
"3300049729_25.fna",93.91,0
"3300049729_14.fna",94.88,4.03
"3300049729_39.fna",93.47,8.12
"3300049729_51.fna",89.74,1.71
"3300049729_24.fna",93.73,2.99
"3300049729_53.fna",96.55,9.25
"3300049729_47.fna",76.46,0.68
"3300049729_40.fna",99.15,0.43
"3300049747_1.fna",98.04,0.75
"3300049748_3.fna",97.98,1.59
"3300049748_6.fna",91.64,1.92
"3300049751_1.fna",71.12,0.81
"3300049780_1.fna",73.23,1.72
"3300049780_9.fna",92.44,3.54
"3300049780_12.fna",99.06,0.6
"3300049780_17.fna",89.83,3.04
"3300049781_10.fna",96.06,0.25
"3300049781_19.fna",96.68,2.52
"3300049782_18.fna",96.92,5.06
"3300049782_16.fna",76.72,3.45
"3300049782_17.fna",95.36,6.12
"3300049782_7.fna",98.74,0
"3300049782_3.fna",82.43,0
"3300049787_2.fna",78.02,6.88
"3300049792_7.fna",73.89,5.28
"3300049793_17.fna",99.84,1.36
"3300049793_21.fna",97.93,3.61
"3300049793_23.fna",98.71,0
"3300049793_15.fna",77.78,2.99
"3300049793_11.fna",82.56,5.71
"3300049793_8.fna",96.98,1.72
"3300049793_32.fna",81.05,2.06
"3300049793_28.fna",80.78,0
"3300049793_34.fna",98.77,0.19
"3300049794_42.fna",80.76,2.56
"3300049794_2.fna",84.25,2.75
"3300049794_6.fna",84.5,3.82
"3300049794_25.fna",91.61,3.42
"3300049795_20.fna",89.85,5.98
"3300049795_21.fna",76.19,5.39
"3300049795_26.fna",91.58,7.69
"3300049795_37.fna",78.99,2.19
"3300049796_4.fna",81.07,3.58
"3300049796_7.fna",90.34,6.1
"3300049796_10.fna",96.58,5.98
"3300049889_13.fna",70.58,2.49
"3300049889_3.fna",88.46,0.85
"3300049889_2.fna",73.84,3.4
"3300049889_11.fna",91.38,2.44
"3300049896_7.fna",74.64,2.26
"3300049897_3.fna",77.43,5.9
"3300049926_9.fna",71.98,1.43
"3300049926_15.fna",96.93,0.4
"3300049927_13.fna",75.34,2.28
"3300049927_15.fna",87.96,3.09
"3300049927_22.fna",76.42,7.08
"3300049928_7.fna",83.04,1.12
"3300049930_10.fna",79.79,0.1
"3300049930_13.fna",92.41,9.77
"3300049930_9.fna",97.65,2.25
"3300049930_15.fna",73.77,1.97
"3300049982_75.fna",71.84,0.49
"3300049982_46.fna",97.15,1.76
"3300049982_22.fna",95.89,2.18
"3300049982_47.fna",74.02,1.96
"3300049982_32.fna",93.97,2.51
"3300049982_50.fna",78.79,0.86
"3300049982_40.fna",94.02,0.85
"3300049982_56.fna",75,4.31
"3300049982_68.fna",94.35,2.46
"3300049982_33.fna",95.26,4.05
"3300049982_74.fna",97.39,6.74
"3300049982_44.fna",98.53,1.18
"3300049982_73.fna",99.68,1.89
"3300050009_31.fna",80.22,2.46
"3300050009_13.fna",79.78,2.2
"3300050009_3.fna",78.24,0.93
"3300050009_26.fna",76.64,5.56
"3300050009_5.fna",82.9,3.87
"3300050009_38.fna",96.15,8.97
"3300050009_30.fna",84.48,1.31
"3300050009_40.fna",75.23,8.12
"3300050009_42.fna",92.74,3.55
"3300050009_7.fna",91.89,3.75
"3300050009_36.fna",97.73,5.68
"3300050010_3.fna",70.18,1.75
"3300050010_19.fna",80.53,8.92
"3300050010_31.fna",92.23,0.68
"3300050010_30.fna",88.1,0.27
"3300050010_8.fna",77.46,4.05
"3300050010_28.fna",84.27,3.37
"3300050010_49.fna",97.97,5.41
"3300050010_26.fna",71.98,1.39
"3300050010_35.fna",72.88,2.25
"3300050010_5.fna",94.59,2.14
"3300050011_20.fna",95.57,1.18
"3300050011_70.fna",99.15,4.27
"3300050011_42.fna",94.66,1.71
"3300050011_55.fna",95.87,2.56
"3300050011_26.fna",88.78,2.78
"3300050011_43.fna",97.69,0
"3300050011_71.fna",95.73,1.28
"3300050011_49.fna",100,4.05
"3300050011_41.fna",91.26,0
"3300050011_38.fna",99.07,0.93
"3300050011_44.fna",98.29,1.38
"3300050011_72.fna",72.69,0
"3300050011_47.fna",87.78,2.85
"3300050011_37.fna",93.24,1.14
"3300050011_29.fna",99.07,2.14
"3300050011_13.fna",95.83,0.93
"3300050011_17.fna",92.74,3.52
"3300050011_30.fna",86.21,2.52
"3300050011_33.fna",98.99,6.59
"3300050011_75.fna",88.46,2.56
"3300050011_27.fna",92.18,5.36
"3300050011_74.fna",77.19,0
"3300050011_73.fna",96.58,2.56
"3300050012_28.fna",96.48,0
"3300050012_27.fna",96.15,1.57
"3300050012_22.fna",75.59,1.23
"3300050012_29.fna",99.32,1.51
"3300050012_19.fna",81.05,1.28
"3300050012_32.fna",94.02,0
"3300050012_21.fna",86.32,5.98
"3300050012_13.fna",94.02,4.82
"3300050012_12.fna",79.4,3.34
"3300050013_42.fna",89.82,0
"3300050013_14.fna",72.42,8.33
"3300050013_36.fna",99.72,2.14
"3300050013_35.fna",86.64,0.86
"3300050013_39.fna",80,1.74
"3300050013_7.fna",96.02,0.75
"3300050013_44.fna",83.62,0
"3300050013_34.fna",92.74,1.28
"3300050013_19.fna",71.82,6.48
"3300050013_52.fna",81.24,1.85
"3300050013_12.fna",70.32,8.55
"3300050013_21.fna",95.89,0.68
"3300050013_28.fna",82.97,0
"3300050013_30.fna",97.15,2.56
"3300050013_9.fna",95.8,0.84
"3300050013_17.fna",95.44,1.72
"3300050013_15.fna",98.9,2.14
"3300050013_8.fna",98.29,2.14
"3300050013_18.fna",91.51,5.04
"3300050013_23.fna",99.15,1.28
"3300050014_34.fna",72.7,0
"3300050014_15.fna",71.75,2.64
"3300050014_30.fna",99.72,2.14
"3300050014_9.fna",89.47,5.41
"3300050014_43.fna",83.9,0.15
"3300050014_78.fna",97.42,0
"3300050014_54.fna",82.33,6.97
"3300050014_1.fna",75.84,0
"3300050014_40.fna",87.5,0.08
"3300050014_77.fna",77.07,0.43
"3300050014_75.fna",99.38,1.04
"3300050014_37.fna",95.52,0.84
"3300050014_48.fna",76.57,0
"3300050014_5.fna",89.87,0.65
"3300050014_47.fna",92.86,1.28
"3300050014_70.fna",90.87,0
"3300050014_46.fna",79.48,0.8
"3300050015_40.fna",81.31,8.91
"3300050015_98.fna",90.14,1.08
"3300050015_101.fna",71.45,0
"3300050015_59.fna",74.84,2.9
"3300050015_50.fna",99.46,1.61
"3300050015_18.fna",75.16,1.72
"3300050015_97.fna",90.09,2.01
"3300050015_4.fna",87.07,0
"3300050015_100.fna",94.51,5.68
"3300050015_16.fna",83.87,1.51
"3300050015_5.fna",84.42,0
"3300050015_28.fna",82.32,4.4
"3300050015_65.fna",87.1,2.25
"3300050015_14.fna",95.95,5.41
"3300050015_49.fna",80.08,0
"3300050015_31.fna",89.52,1.08
"3300050015_42.fna",83.83,3.96
"3300050015_57.fna",94.4,5.68
"3300050015_52.fna",90.46,0
"3300050015_15.fna",87.6,2.25
"3300050015_21.fna",70.59,1.72
"3300050015_32.fna",77.87,0
"3300050016_49.fna",94.87,0.43
"3300050016_58.fna",89.02,4.04
"3300050016_32.fna",72.65,1.71
"3300050016_19.fna",100,2.7
"3300050016_55.fna",95.67,1.54
"3300050016_39.fna",73.19,0.86
"3300050016_15.fna",96.45,1.35
"3300050016_22.fna",97.27,2.37
"3300050016_65.fna",98.93,1.71
"3300050016_30.fna",85.16,1.75
"3300050016_66.fna",77.81,0.31
"3300050016_13.fna",97.69,1.85
"3300050016_11.fna",95.83,2.22
"3300050016_28.fna",96.7,2.2
"3300050016_60.fna",91.05,3.49
"3300050016_64.fna",91.21,3.3
"3300050016_21.fna",77.71,6.92
"3300050017_3.fna",73.59,2.1
"3300050017_31.fna",92.81,2.23
"3300050017_44.fna",94.16,4.27
"3300050017_22.fna",76.59,1.9
"3300050017_48.fna",97.22,0.85
"3300050017_26.fna",94.02,5.92
"3300050017_57.fna",93.37,1.58
"3300050017_68.fna",88.32,2.14
"3300050017_63.fna",70.52,0
"3300050017_41.fna",88.36,0.86
"3300050017_37.fna",98.65,2.01
"3300050017_51.fna",89.4,5.98
"3300050017_55.fna",97.01,0
"3300050017_20.fna",85.68,2.14
"3300050017_9.fna",98.7,3.48
"3300050017_5.fna",88.89,3.42
"3300050017_40.fna",96.77,0.05
"3300050017_8.fna",73.1,2.14
"3300050017_62.fna",96.31,1.71
"3300050017_58.fna",74.22,0
"3300050017_66.fna",94.83,6.58
"3300050017_64.fna",86.59,2.14
"3300050017_14.fna",71.55,1.72
"3300050017_11.fna",89.57,0
"3300050017_7.fna",82.84,1.92
"3300050017_61.fna",97.44,0.85
"3300050017_13.fna",73.43,2.56
"3300050018_22.fna",97.01,1.28
"3300050018_10.fna",95.73,0.43
"3300050018_27.fna",97.22,0.85
"3300050018_28.fna",77.31,0.93
"3300050018_1.fna",98.29,1.28
"3300050018_41.fna",95.47,1.72
"3300050018_38.fna",94.3,0.4
"3300050019_45.fna",98.29,2.35
"3300050019_28.fna",90.38,0.85
"3300050019_35.fna",94.53,1.74
"3300050019_29.fna",97.69,1.85
"3300050019_33.fna",96.28,7.71
"3300050019_37.fna",85.47,1.76
"3300050019_52.fna",94.91,1.49
"3300050019_57.fna",73.03,6.2
"3300050019_51.fna",82.87,0
"3300050019_7.fna",85.29,0.93
"3300050019_60.fna",92.31,0.43
"3300050019_64.fna",100,2.7
"3300050019_61.fna",96.03,0.16
"3300050019_40.fna",94.51,8.79
"3300050019_58.fna",94.29,0.19
"3300050019_38.fna",84.94,5.39
"3300050019_12.fna",99.15,2.14
"3300050019_24.fna",72.13,2.56
"3300050019_14.fna",81.13,9.35
"3300050019_3.fna",76.63,1.98
"3300050019_19.fna",84.21,5.94
"3300050020_51.fna",79.83,3.28
"3300050020_37.fna",88.6,2.56
"3300050020_28.fna",94.13,1.79
"3300050020_36.fna",71.43,0
"3300050020_18.fna",71.03,0
"3300050020_5.fna",74.35,1.72
"3300050020_34.fna",92.31,1.71
"3300050020_74.fna",88.43,3.05
"3300050020_60.fna",96.58,2.99
"3300050020_13.fna",86.65,7.06
"3300050020_27.fna",94.87,1.14
"3300050020_33.fna",97.69,1.85
"3300050020_71.fna",99.09,2.4
"3300050020_9.fna",97.86,2.42
"3300050020_75.fna",90.03,1.31
"3300050020_48.fna",83.99,9.12
"3300050020_8.fna",99.72,2.14
"3300050020_56.fna",90.38,2.59
"3300050020_69.fna",92.02,2.14
"3300050020_22.fna",98.51,2.4
"3300050020_45.fna",90.29,2.14
"3300050020_41.fna",100,2.7
"3300050020_40.fna",96.14,0
"3300050020_46.fna",94.59,2.56
"3300050020_4.fna",96.49,6.21
"3300050020_19.fna",99.15,1.28
"3300050020_6.fna",95.48,3.49
"3300050020_59.fna",83.49,1.18
"3300050020_43.fna",97.44,2.99
"3300050020_21.fna",99.15,1.28
"3300050020_23.fna",90.79,9.8
"3300050020_31.fna",80.2,0.48
"3300050021_87.fna",73.42,1.08
"3300050021_68.fna",92.9,0.65
"3300050021_76.fna",95.01,2.74
"3300050021_69.fna",96.05,5.17
"3300050021_64.fna",85.81,0.65
"3300050021_55.fna",92.31,1.28
"3300050021_40.fna",93.62,5.26
"3300050021_36.fna",87.36,5.07
"3300050021_12.fna",100,1.75
"3300050021_39.fna",96.28,6.08
"3300050021_49.fna",71.91,0
"3300050021_15.fna",98.29,4.7
"3300050021_41.fna",91.92,0
"3300050021_29.fna",98.29,2.14
"3300050021_25.fna",90.86,1.61
"3300050021_18.fna",97.3,4.05
"3300050021_63.fna",97.48,0.84
"3300050021_50.fna",97.15,1.71
"3300050021_48.fna",70.42,0
"3300050021_54.fna",77.59,0
"3300050021_35.fna",96.09,1.68
"3300050021_24.fna",89.66,2.8
"3300050021_45.fna",75.39,0.85
"3300050021_62.fna",86.89,3.85
"3300050021_59.fna",73.03,6.63
"3300050021_53.fna",88.41,1.28
"3300050021_43.fna",94.02,0.43
"3300050021_52.fna",94.82,3.42
"3300050023_28.fna",82.75,1.85
"3300050023_12.fna",92.94,5.33
"3300050023_6.fna",90.55,3.83
"3300050023_35.fna",95.6,2
"3300050023_7.fna",93.23,2.73
"3300050023_36.fna",97.73,5.68
"3300050023_38.fna",79.03,2.53
"3300050023_42.fna",79.33,5.89
"3300050024_43.fna",99.52,2.38
"3300050024_17.fna",99.16,0.34
"3300050024_7.fna",93.15,2.74
"3300050024_18.fna",88.79,2.41
"3300050024_46.fna",87.51,1.97
"3300050024_42.fna",94.35,1.08
"3300050024_50.fna",89.08,3.02
"3300050024_54.fna",91.59,1.72
"3300050024_24.fna",96.81,0.24
"3300050024_55.fna",90.91,2.12
"3300050024_15.fna",86.75,3.85
"3300050024_51.fna",93.04,1.14
"3300050024_21.fna",89.61,1.88
"3300050024_56.fna",87.85,3.23
"3300050024_34.fna",72.72,0.46
"3300050024_1.fna",83.94,4.55
"3300050024_38.fna",72.94,5.94
"3300050024_30.fna",80.75,0.3
"3300050024_12.fna",82.77,3.27
"3300050024_36.fna",89.44,3.41
"3300050024_16.fna",94.87,0.43
"3300050025_12.fna",92.1,2.93
"3300050025_36.fna",86.87,3.27
"3300050025_5.fna",88.7,3.42
"3300050025_1.fna",78.58,0.7
"3300050025_8.fna",96.73,1.31
"3300050025_6.fna",99.73,1.72
"3300050025_34.fna",75.73,1.91
"3300050025_26.fna",94.59,4.42
"3300050025_28.fna",77.31,3.23
"3300050025_48.fna",91.94,8.08
"3300050025_32.fna",77.12,8.18
"3300050025_7.fna",83.94,0.18
"3300050025_52.fna",92.74,2.56
"3300050025_37.fna",83.28,0.29
"3300050025_19.fna",84.05,2.86
"3300050025_31.fna",85.92,1.72
"3300050025_54.fna",82.85,1.39
"3300050025_23.fna",85.14,1.88
"3300050025_15.fna",91.63,2.14
"3300050025_47.fna",80.07,3.15
"3300050026_31.fna",98.15,0.93
"3300050026_27.fna",93.55,0.58
"3300050026_32.fna",93.57,0.85
"3300050026_53.fna",94.02,6.41
"3300050026_8.fna",93.24,2.03
"3300050026_51.fna",98.29,2.14
"3300050026_34.fna",99.07,5.14
"3300050026_49.fna",95.61,4.73
"3300050026_26.fna",94.63,0.86
"3300050026_22.fna",82.33,0
"3300050026_28.fna",97.63,0.86
"3300050026_5.fna",88.6,2.63
"3300050026_48.fna",84.62,0
"3300050026_38.fna",75.62,0.86
"3300050026_3.fna",97.97,6.08
"3300050026_35.fna",94.23,0.85
"3300050026_15.fna",95.62,0.86
"3300050026_44.fna",94.58,0.65
"3300050026_18.fna",77.59,0.69
"3300050026_10.fna",98.49,0.05
"3300050026_24.fna",98.86,2.14
"3300050027_44.fna",99.57,2.99
"3300050027_45.fna",74,3.51
"3300050027_6.fna",94.76,5.17
"3300050027_53.fna",97.42,6.82
"3300050027_48.fna",77.84,0.65
"3300050027_40.fna",95.95,4.42
"3300050027_52.fna",97.51,0
"3300050027_4.fna",99.15,1.28
"3300050027_54.fna",97.3,4.73
"3300050027_13.fna",83.43,7.76
"3300050027_1.fna",77.58,0
"3300050027_11.fna",91.2,0.88
"3300050027_14.fna",76.5,1.67
"3300050027_59.fna",88.35,3.85
"3300050027_10.fna",87.44,3.02
"3300050027_38.fna",79.87,1.88
"3300050027_22.fna",77.35,2.47
"3300050027_21.fna",98.29,2.56
"3300050027_33.fna",74.97,2.3
"3300050027_3.fna",97.09,0.97
"3300050027_16.fna",79.17,0.93
"3300050027_27.fna",89.87,2.59
"3300050027_35.fna",95.94,9.26
"3300050027_32.fna",92.18,4
"3300050027_9.fna",83.48,5.17
"3300050028_22.fna",99.15,2.99
"3300050028_68.fna",78.59,2.78
"3300050028_24.fna",76.64,2.14
"3300050028_50.fna",93.33,0.8
"3300050028_23.fna",94.19,0
"3300050028_71.fna",84.11,2.68
"3300050028_54.fna",86.38,2.14
"3300050028_28.fna",91.91,2.19
"3300050028_12.fna",75.38,0.86
"3300050028_65.fna",95.95,4.42
"3300050028_13.fna",97.44,1.28
"3300050028_57.fna",99.15,3.16
"3300050028_46.fna",97.37,0
"3300050028_47.fna",97.63,5.17
"3300050028_15.fna",91.86,0.97
"3300050028_62.fna",86.49,6.22
"3300050028_34.fna",99.15,1.28
"3300050028_58.fna",93.52,1.85
"3300050028_41.fna",82.84,0
"3300050028_61.fna",92.7,1.72
"3300050028_51.fna",77.48,0.08
"3300050028_38.fna",71.55,0
"3300050028_37.fna",85.8,0
"3300050028_60.fna",93.92,7.43
"3300050028_36.fna",90.52,2.59
"3300050029_10.fna",91.61,0.54
"3300050029_1.fna",97.86,3.28
"3300050029_24.fna",96.15,1.71
"3300050029_28.fna",98.29,7.69
"3300050029_32.fna",84.09,6.91
"3300050029_16.fna",97.48,2.94
"3300050029_18.fna",70.08,2.88
"3300050029_39.fna",84.26,1.85
"3300050029_33.fna",95.83,7.41
"3300050029_7.fna",98.93,1.71
"3300050029_38.fna",85.96,0.93
"3300050029_46.fna",78.4,3.86
"3300050029_62.fna",97,0.5
"3300050029_73.fna",76.85,0
"3300050029_30.fna",81.73,2.99
"3300050029_25.fna",87.04,0
"3300050029_60.fna",77.53,1.85
"3300050029_47.fna",95.6,6.59
"3300050029_67.fna",96.3,2.14
"3300050029_72.fna",92.98,8.77
"3300050029_42.fna",96.58,9.4
"3300050031_13.fna",79.22,6.34
"3300050031_55.fna",97.97,4.05
"3300050031_53.fna",95.62,7.76
"3300050031_47.fna",90.64,0.85
"3300050031_54.fna",96.12,1.72
"3300050031_33.fna",73.82,2.64
"3300050031_67.fna",96.26,3.21
"3300050031_48.fna",90.54,5.41
"3300050031_8.fna",100,1.75
"3300050031_12.fna",94.59,2.99
"3300050031_52.fna",91.55,6.76
"3300050031_30.fna",91.22,2.15
"3300050031_27.fna",97.61,3.39
"3300050031_61.fna",96.28,5.41
"3300050031_60.fna",94.52,2.05
"3300050031_40.fna",91.88,1.28
"3300050031_39.fna",92.22,1.57
"3300050031_56.fna",84.9,5.56
"3300050031_29.fna",96.12,0.92
"3300050031_69.fna",74.56,3.51
"3300050031_73.fna",70.67,4.27
"3300050031_63.fna",86.83,4.7
"3300050031_41.fna",94.02,5.13
"3300050031_46.fna",96.15,0
"3300050032_39.fna",100,4.02
"3300050032_62.fna",87.7,0.93
"3300050032_42.fna",93.92,8.11
"3300050032_40.fna",95.95,6.08
"3300050032_45.fna",95.73,0.85
"3300050032_52.fna",89.01,0.86
"3300050032_67.fna",89.34,2.67
"3300050032_35.fna",99.15,3.85
"3300050032_23.fna",72.53,6.9
"3300050032_37.fna",70.85,1.72
"3300050032_53.fna",92.58,0.68
"3300050032_47.fna",77.49,0
"3300050032_50.fna",96.31,2.56
"3300050032_46.fna",94.96,3.59
"3300050032_59.fna",84.15,7.23
"3300050032_22.fna",75.07,1.71
"3300050032_19.fna",91.81,2.59
"3300050032_63.fna",86.99,6.41
"3300050033_89.fna",81.29,2.74
"3300050033_69.fna",98.12,0.27
"3300050033_72.fna",90.74,3.97
"3300050033_74.fna",93.16,3.42
"3300050033_87.fna",90.09,1.28
"3300050033_18.fna",96.67,0.83
"3300050033_22.fna",91.37,8.29
"3300050033_11.fna",98.65,7.43
"3300050033_86.fna",97.22,3.42
"3300050033_23.fna",95.73,1.99
"3300050033_64.fna",92.88,1.8
"3300050033_2.fna",73.63,5.63
"3300050033_60.fna",95.09,5.13
"3300050033_13.fna",93.73,0
"3300050033_4.fna",83.46,2.74
"3300050033_6.fna",92.05,1.75
"3300050033_90.fna",96.62,2.07
"3300050033_51.fna",85.01,4.42
"3300050033_92.fna",93.21,5.36
"3300050033_37.fna",97.48,0.84
"3300050033_31.fna",96.58,3.85
"3300050033_5.fna",77.59,0
"3300050033_17.fna",87.5,1.05
"3300050033_50.fna",96.09,1.68
"3300050033_91.fna",89.29,0
"3300050033_47.fna",99.07,5.14
"3300050033_40.fna",100,0.88
"3300050033_54.fna",96.76,2.78
"3300050033_38.fna",75.86,0
"3300050033_25.fna",89.25,1.6
"3300050034_9.fna",79.28,0
"3300050034_50.fna",97.65,0
"3300050034_45.fna",76.91,3.63
"3300050034_38.fna",70.51,0.43
"3300050034_3.fna",94.46,2.24
"3300050034_72.fna",89.28,7.76
"3300050034_18.fna",99.15,0.43
"3300050034_39.fna",92.24,1.72
"3300050034_21.fna",88.1,1.29
"3300050034_54.fna",99.5,0.5
"3300050034_48.fna",92.09,2.56
"3300050034_67.fna",79.29,1.88
"3300050034_5.fna",92.89,2.16
"3300050034_37.fna",95.51,1.71
"3300050034_60.fna",94.59,2.99
"3300050034_35.fna",100,0
"3300050034_61.fna",78.7,0.93
"3300050034_55.fna",94.31,0
"3300050034_30.fna",90.88,2.7
"3300050034_4.fna",81.74,2.81
"3300050034_59.fna",84.96,1.75
"3300050035_26.fna",82.57,0.86
"3300050035_31.fna",90.32,1.61
"3300050035_12.fna",96.34,0.86
"3300050035_55.fna",90.45,2.25
"3300050035_5.fna",100,0
"3300050035_1.fna",94.4,1.72
"3300050035_57.fna",90.74,1.11
"3300050035_14.fna",72.75,3.88
"3300050035_2.fna",94.25,0
"3300050035_48.fna",99.5,0.75
"3300050035_3.fna",97.17,1.71
"3300050035_39.fna",95.01,5.33
"3300050035_35.fna",72.53,1.62
"3300050035_61.fna",78.58,0.93
"3300050035_27.fna",75.84,0
"3300050035_9.fna",85.6,0.85
"3300050035_40.fna",74.18,0
"3300050035_28.fna",99.15,0.43
"3300050035_73.fna",83.33,0.93
"3300050044_26.fna",78.77,0.85
"3300050044_30.fna",77.55,6.27
"3300050044_10.fna",91.4,4.27
"3300050044_16.fna",89.46,2.28
"3300050044_14.fna",97.69,2.78
"3300050044_18.fna",98.08,3.42
"3300050044_13.fna",89.32,4.56
"3300050044_17.fna",71.87,4.31
"3300050045_24.fna",83.12,2.56
"3300050045_20.fna",74.32,3.47
"3300050045_26.fna",83.39,5.13
"3300050045_15.fna",98.93,2.56
"3300050045_3.fna",88.89,6.38
"3300050045_4.fna",83.52,2.05
"3300050045_5.fna",91.2,1.85
"3300050045_29.fna",87.34,6.14
"3300050045_31.fna",91.88,1.28
"3300050116_17.fna",78.67,2.54
"3300050116_22.fna",79.83,2.59
"3300050116_59.fna",78.77,2.21
"3300050116_49.fna",91.45,1.79
"3300050116_46.fna",86.85,2.19
"3300050116_66.fna",89.73,1.71
"3300050116_70.fna",96.52,0
"3300050116_2.fna",97.22,0
"3300050116_1.fna",76.92,0.85
"3300050116_64.fna",98.77,0.93
"3300050116_61.fna",96.52,0.87
"3300050116_34.fna",84.59,1.37
"3300050116_30.fna",96.44,3.85
"3300050116_5.fna",81.01,1.37
"3300050116_43.fna",89.34,4.54
"3300050116_11.fna",92.48,4.27
"3300050116_35.fna",71.64,2.4
"3300050116_54.fna",72.57,2.54
"3300050116_26.fna",82.19,0.85
"3300050116_67.fna",92,0.85
"3300050116_4.fna",91.86,5.05
"3300050116_41.fna",94.09,2.17
"3300050116_39.fna",87.32,5.98
"3300050116_29.fna",91.38,6.88
"3300050116_32.fna",74.12,0.85
"3300050116_75.fna",83.62,2.59
"3300050116_74.fna",91.9,4.36
"3300050116_73.fna",94.09,5
"3300050116_38.fna",76.86,5.34
"3300050117_61.fna",93.04,4.02
"3300050117_20.fna",96.68,6.41
"3300050117_22.fna",97.44,4.8
"3300050117_13.fna",94.3,9.27
"3300050117_3.fna",72.57,5.17
"3300050117_17.fna",95.81,5.87
"3300050117_50.fna",92.56,0.07
"3300050117_9.fna",93.48,4.48
"3300050117_5.fna",93.36,1.95
"3300050117_11.fna",97.22,0.85
"3300050117_12.fna",93.74,0
"3300050117_7.fna",88.89,2.99
"3300050117_28.fna",94.72,3.33
"3300050117_34.fna",99.15,3.28
"3300050117_44.fna",84.25,0.68
"3300050117_43.fna",98.93,1.71
"3300050117_38.fna",95.45,2.27
"3300050117_51.fna",93.92,6.08
"3300050117_16.fna",93.16,2.56
"3300050117_14.fna",87.84,3.22
"3300050117_41.fna",87.77,1.28
"3300050117_55.fna",95.73,1.57
"3300050117_42.fna",97.44,2.31
"3300050117_47.fna",96.79,0
"3300050117_37.fna",79.83,6.58
"3300050117_23.fna",93.88,8.78
"3300050117_39.fna",94.64,1.52
"3300050117_36.fna",95.45,4.55
"3300050117_57.fna",84.19,1.71
"3300050117_56.fna",90.63,0.93
"3300050118_28.fna",87.61,0.68
"3300050118_58.fna",98.29,4.8
"3300050118_46.fna",75.35,2.7
"3300050118_42.fna",88.05,2.99
"3300050118_51.fna",87.3,2.2
"3300050118_40.fna",93.12,4.46
"3300050118_57.fna",97.29,5.98
"3300050118_11.fna",93.49,0.68
"3300050118_44.fna",89.99,3.74
"3300050118_60.fna",96.37,5.13
"3300050118_10.fna",85.1,3.42
"3300050118_23.fna",86.17,0
"3300050118_7.fna",98.12,3.04
"3300050118_36.fna",92.25,0.57
"3300050118_5.fna",74.52,2.16
"3300050118_32.fna",86.02,7.95
"3300050118_18.fna",98.15,0
"3300050118_49.fna",99.15,3.16
"3300050118_54.fna",97.22,0.85
"3300050118_61.fna",87.88,5.64
"3300050118_9.fna",82.17,0
"3300050118_48.fna",99.15,3.85
"3300050118_47.fna",99.15,3.16
"3300050118_3.fna",80.3,2.48
"3300050118_17.fna",89.77,2.34
"3300050118_6.fna",87.79,8.42
"3300050118_59.fna",95.81,0
"3300050119_46.fna",88.64,4.33
"3300050119_18.fna",86.59,4.7
"3300050119_61.fna",94.8,4.22
"3300050119_4.fna",85.35,2.7
"3300050119_35.fna",91.17,5.56
"3300050119_28.fna",71.79,0
"3300050119_43.fna",85.7,3.93
"3300050119_59.fna",80.51,4.19
"3300050119_5.fna",89.19,3.39
"3300050119_22.fna",95.83,0.93
"3300050119_40.fna",87.52,2.99
"3300050119_15.fna",80.6,0.89
"3300050119_36.fna",78.15,1.11
"3300050119_64.fna",81.2,2.14
"3300050119_58.fna",84.69,6.84
"3300050119_30.fna",99.13,6.96
"3300050119_71.fna",74.14,0
"3300050119_63.fna",83.1,4.27
"3300050119_9.fna",74.57,6.84
"3300050119_72.fna",95.8,0.84
"3300050119_51.fna",85.78,1.72
"3300050119_10.fna",70.79,1.39
"3300050120_15.fna",97.49,2.62
"3300050120_35.fna",100,0.7
"3300050120_16.fna",99.27,0
"3300050120_7.fna",97.62,0.71
"3300050120_12.fna",85.06,1.41
"3300050120_27.fna",99.34,0.4
"3300050120_17.fna",100,0
"3300050120_36.fna",97.13,0.58
"3300050120_8.fna",84.6,1.3
"3300050120_29.fna",72.88,1.24
"3300050120_34.fna",98.3,0.58
"3300050120_33.fna",97.73,0
"3300050120_9.fna",82.07,4.31
"3300050120_5.fna",81.27,0.48
"3300050120_39.fna",95.71,0.95
"3300050120_20.fna",97.03,5.12
"3300050120_30.fna",98.49,1.72
"3300050121_10.fna",94.46,4.53
"3300050121_26.fna",99.12,0.88
"3300050121_39.fna",96.53,1.6
"3300050121_31.fna",82.2,5.11
"3300050121_42.fna",87.6,0.79
"3300050121_20.fna",89.29,0
"3300050121_38.fna",94.09,1.06
"3300050121_30.fna",94.02,1.28
"3300050121_3.fna",79.92,2.74
"3300050121_15.fna",93.07,1.67
"3300050121_4.fna",97.08,2.08
"3300050121_37.fna",98.74,0.67
"3300050122_21.fna",91.38,2.31
"3300050122_32.fna",91.82,1.63
"3300050122_18.fna",72.08,0
"3300050122_26.fna",98.23,1.31
"3300050122_13.fna",86.33,2.74
"3300050122_4.fna",97.92,2.36
"3300050122_25.fna",78.02,1.2
"3300050122_14.fna",76.35,7.44
"3300050122_12.fna",73.51,0
"3300050122_34.fna",90.4,2.19
"3300050123_13.fna",81.68,0.86
"3300050123_15.fna",79.53,0.16
"3300050123_3.fna",79.57,5.3
"3300050123_16.fna",94.58,2.36
"3300050123_21.fna",94.61,0.82
"3300050123_2.fna",82.99,1.45
"3300050123_31.fna",92.01,1.5
"3300050123_18.fna",85.23,2.12
"3300050123_28.fna",92.25,1.03
"3300050124_28.fna",97.08,3.19
"3300050124_38.fna",92.62,7.84
"3300050124_35.fna",74.02,1.31
"3300050124_27.fna",81.9,0.89
"3300050124_23.fna",98.13,5.14
"3300050124_31.fna",77.7,1.65
"3300050124_6.fna",95.43,1.09
"3300050124_21.fna",94.83,2.16
"3300050124_36.fna",77.65,0.51
"3300050124_40.fna",74.99,0.63
"3300050124_34.fna",71.64,1.77
"3300050125_18.fna",97.22,6.48
"3300050125_6.fna",93.01,2.14
"3300050125_9.fna",96.76,0
"3300050125_7.fna",82.48,1.28
"3300050125_19.fna",97.95,0.68
"3300050125_21.fna",70.99,3.42
"3300050125_17.fna",95.73,0.85
"3300050125_16.fna",90.26,0.85
"3300050126_28.fna",97.44,2.99
"3300050126_26.fna",97.29,3.49
"3300050126_20.fna",95.73,0.85
"3300050126_22.fna",88.8,1.66
"3300050126_15.fna",91.76,0
"3300050126_32.fna",91.1,1.37
"3300050126_14.fna",94.02,0.85
"3300050126_1.fna",91.45,0.43
"3300050126_13.fna",98.29,1.88
"3300050127_4.fna",98.93,5.13
"3300050127_17.fna",97.59,2.81
"3300050127_22.fna",92.92,1.71
"3300050127_32.fna",92.12,6.64
"3300050127_23.fna",86.32,2.56
"3300050127_24.fna",96.15,1.71
"3300050127_15.fna",93.68,4.42
"3300050127_33.fna",91.6,2.56
"3300050127_8.fna",80.91,1.71
"3300050128_37.fna",91.6,7.69
"3300050128_9.fna",91,0.05
"3300050128_42.fna",93.16,5.13
"3300050128_12.fna",99.15,1.28
"3300050128_19.fna",91.03,0.14
"3300050128_41.fna",93.52,2.99
"3300050128_52.fna",97.26,2.4
"3300050128_50.fna",93.09,2.03
"3300050128_49.fna",94.87,1.28
"3300050128_46.fna",98.15,8.33
"3300050128_51.fna",96.01,2.37
"3300050128_6.fna",86.62,8.07
"3300050128_32.fna",91.45,6.98
"3300050128_8.fna",93.83,2.35
"3300050128_44.fna",94.91,1.85
"3300050129_15.fna",84.56,1.4
"3300050129_44.fna",89.04,2.53
"3300050129_43.fna",90.6,2.56
"3300050129_26.fna",78.35,4.7
"3300050129_14.fna",94.78,1.74
"3300050129_46.fna",78.25,1.75
"3300050129_5.fna",93.27,2.87
"3300050129_41.fna",97.44,0.85
"3300050129_19.fna",93.86,8.33
"3300050129_35.fna",97.01,0
"3300050129_48.fna",94.87,2.99
"3300050129_11.fna",81.29,3.26
"3300050130_7.fna",90.03,8.01
"3300050130_49.fna",72.68,2.78
"3300050130_14.fna",91.28,0.85
"3300050130_26.fna",98.42,9.02
"3300050130_28.fna",82.96,2.39
"3300050130_6.fna",92.31,7.14
"3300050130_30.fna",90.6,4.87
"3300050130_53.fna",90.15,0.85
"3300050130_5.fna",85.23,2.99
"3300050130_47.fna",93.08,2.14
"3300050130_58.fna",83.6,4.22
"3300050130_57.fna",90.74,4.44
"3300050130_29.fna",80.8,1.1
"3300050130_23.fna",94.98,2.17
"3300050130_18.fna",79.73,0.82
"3300050130_45.fna",91.03,1.28
"3300050130_44.fna",87.21,1.81
"3300050130_12.fna",88.89,0.52
"3300050130_35.fna",74.48,0
"3300050130_20.fna",93.53,0.86
"3300050130_19.fna",96.91,0
"3300050130_41.fna",96.81,0.45
"3300050131_18.fna",99.32,5.1
"3300050131_30.fna",70.09,0.43
"3300050131_52.fna",98.29,2.14
"3300050131_9.fna",84.72,2.04
"3300050131_3.fna",96.52,0.39
"3300050131_15.fna",88.89,0.43
"3300050131_44.fna",75.19,3.38
"3300050131_37.fna",76.47,7.43
"3300050131_7.fna",97.28,8.95
"3300050131_54.fna",73.3,4.38
"3300050131_8.fna",87.57,2.03
"3300050131_16.fna",97.48,0.84
"3300050131_11.fna",75,0
"3300050131_26.fna",98.29,5.13
"3300050131_39.fna",95.73,2.07
"3300050132_57.fna",96.58,1.28
"3300050132_54.fna",85.63,0
"3300050132_49.fna",97.08,2.08
"3300050132_47.fna",95.09,2.16
"3300050132_53.fna",99.52,1.58
"3300050132_43.fna",74.04,0
"3300050132_30.fna",98.97,1.72
"3300050132_46.fna",81.48,2.5
"3300050132_61.fna",74.11,2.5
"3300050132_55.fna",96.14,0
"3300050132_22.fna",96.54,0
"3300050132_38.fna",71.92,2.91
"3300050132_3.fna",92.31,1.1
"3300050132_15.fna",72.67,1.8
"3300050132_65.fna",73.38,1.4
"3300050132_28.fna",95.69,4.74
"3300050132_29.fna",95.03,2.57
"3300050132_27.fna",88.33,2.08
"3300050132_21.fna",96.8,1.72
"3300050132_41.fna",98,2.06
"3300050132_24.fna",98.34,2.37
"3300050132_18.fna",76.85,0
"3300050132_13.fna",85.86,1.86
"3300050132_20.fna",77,2.03
"3300050133_21.fna",74.68,0
"3300050133_8.fna",96.64,0
"3300050133_12.fna",96.58,8.83
"3300050133_16.fna",73.43,1.12
"3300050133_17.fna",97.2,1.31
"3300050133_5.fna",94.18,3.41
"3300050134_11.fna",95.72,3.8
"3300050134_9.fna",98.65,5.2
"3300050134_18.fna",82.54,1.61
"3300050134_14.fna",87.1,3.3
"3300050134_20.fna",72.12,2.91
"3300050135_17.fna",88.18,2.05
"3300050135_13.fna",76.11,3.61
"3300050135_4.fna",95.09,4.82
"3300050135_16.fna",94.02,0.85
"3300050136_17.fna",97.03,1.54
"3300050136_27.fna",98.86,4.7
"3300050136_6.fna",87.26,0.54
"3300050136_44.fna",90.06,0
"3300050136_34.fna",77.14,2.56
"3300050136_30.fna",91.03,0.09
"3300050136_4.fna",91.78,2.05
"3300050136_20.fna",71.94,0.85
"3300050136_43.fna",98.65,2.7
"3300050136_38.fna",85.33,5.56
"3300050136_45.fna",98.05,6.58
"3300050136_25.fna",99.15,1.28
"3300050136_24.fna",85.23,0.93
"3300050136_26.fna",79.41,7.58
"3300050136_8.fna",93.16,4.7
"3300050137_19.fna",98.35,2.2
"3300050137_15.fna",77.62,1.03
"3300050137_23.fna",94.06,3.8
"3300050137_27.fna",72.12,2.2
"3300050137_52.fna",94.83,2.71
"3300050137_14.fna",97.86,1.14
"3300050137_30.fna",85.73,4.1
"3300050137_51.fna",75.81,3.16
"3300050137_17.fna",87.75,5.13
"3300050137_20.fna",95.27,5.41
"3300050137_41.fna",91.03,2.14
"3300050137_40.fna",99.79,0.85
"3300050137_25.fna",93.98,0.93
"3300050137_58.fna",96.64,0.84
"3300050137_26.fna",89.6,0.15
"3300050137_28.fna",89.09,3.03
"3300050137_50.fna",100,3.42
"3300050137_39.fna",71.79,2.56
"3300050137_54.fna",93.09,1.57
"3300050138_56.fna",84.05,0
"3300050138_9.fna",93.12,2.73
"3300050138_48.fna",93.06,6.48
"3300050138_61.fna",99.7,2.61
"3300050138_22.fna",100,0.68
"3300050138_23.fna",97.86,1.99
"3300050138_66.fna",74.69,1.71
"3300050138_55.fna",98.01,2.14
"3300050138_49.fna",92.61,2.17
"3300050138_27.fna",85.47,1.28
"3300050138_7.fna",71.32,1.24
"3300050138_18.fna",87.01,3.36
"3300050138_8.fna",81.16,1.78
"3300050138_6.fna",74.45,1.28
"3300050138_65.fna",93.67,0
"3300050138_2.fna",98.29,2.56
"3300050138_25.fna",98.65,4.42
"3300050138_33.fna",82.23,7.14
"3300050138_4.fna",81.51,5.98
"3300050138_53.fna",100,4.7
"3300050139_66.fna",97.14,1.67
"3300050139_70.fna",90.03,0.95
"3300050139_8.fna",92.38,0
"3300050139_7.fna",99.05,1.11
"3300050139_60.fna",99.72,2.14
"3300050139_19.fna",93.13,4.27
"3300050139_73.fna",98.28,2.92
"3300050139_10.fna",95.21,2.24
"3300050139_62.fna",98.31,6.08
"3300050139_32.fna",92.91,0.53
"3300050139_43.fna",99.09,1.63
"3300050139_14.fna",76.43,0
"3300050139_6.fna",97.3,4.39
"3300050139_40.fna",71.59,2.2
"3300050139_34.fna",98.86,2.99
"3300050139_38.fna",97.27,2.59
"3300050139_11.fna",78.7,1.35
"3300050139_54.fna",78.87,1.66
"3300050139_37.fna",99.15,1.28
"3300050139_57.fna",98.82,2.56
"3300050139_24.fna",95.69,0.86
"3300050139_25.fna",87.18,7.26
"3300050139_59.fna",77.88,1.55
"3300050139_5.fna",98.29,1.28
"3300050139_53.fna",84.66,2.14
"3300050140_37.fna",87.8,0.11
"3300050140_19.fna",76.53,0.83
"3300050140_7.fna",95.69,2.16
"3300050140_22.fna",97.41,0
"3300050140_10.fna",97.77,1.64
"3300050140_8.fna",96.12,0.86
"3300050140_32.fna",91.01,1.31
"3300050140_2.fna",95.15,8.25
"3300050140_6.fna",81.9,1.72
"3300050140_21.fna",84.04,0.64
"3300050141_14.fna",86.64,4.25
"3300050141_30.fna",88.24,1.31
"3300050141_22.fna",85.55,0
"3300050190_35.fna",94.11,3.41
"3300050190_17.fna",75.49,0.99
"3300050190_20.fna",94.02,1.28
"3300050190_16.fna",81.51,1.31
"3300050190_1.fna",97.6,0.8
"3300050191_47.fna",95.97,7.44
"3300050191_13.fna",92.81,8.55
"3300050191_10.fna",93.08,5.56
"3300050191_48.fna",91.01,0.28
"3300050191_29.fna",72.96,3.31
"3300050191_24.fna",91.03,2.99
"3300050191_23.fna",94.76,2.22
"3300050191_51.fna",93.75,0.87
"3300050191_20.fna",94.27,7.88
"3300050191_5.fna",87.68,2.99
"3300050191_25.fna",92.95,2.56
"3300050191_27.fna",77.14,8.97
"3300050191_32.fna",98.86,3.18
"3300050191_40.fna",96.45,0
"3300050191_18.fna",99.79,5.98
"3300050191_30.fna",91.11,0.05
"3300050191_46.fna",99.15,2.14
"3300050191_34.fna",88.08,4.53
"3300050191_52.fna",90.18,4.81
"3300050192_61.fna",98.93,1.71
"3300050192_37.fna",79.81,2.05
"3300050192_68.fna",77.59,0
"3300050192_72.fna",87.2,3.85
"3300050192_57.fna",79.92,3.3
"3300050192_29.fna",97.44,2.99
"3300050192_66.fna",77.48,4.65
"3300050192_56.fna",83.31,3.87
"3300050192_64.fna",96.62,5.77
"3300050192_31.fna",92.47,2.4
"3300050192_10.fna",92.31,3.85
"3300050192_4.fna",97.22,8.33
"3300050192_71.fna",97.01,0
"3300050192_51.fna",89.77,4.68
"3300050192_49.fna",96.52,0
"3300050192_78.fna",97.3,7.57
"3300050192_3.fna",89.66,9.77
"3300050192_55.fna",97.05,4.35
"3300050192_9.fna",94,2.78
"3300050192_79.fna",90.56,4.56
"3300050192_1.fna",86.84,1.71
"3300050192_77.fna",91.03,1.28
"3300050192_13.fna",79.03,6.01
"3300050214_14.fna",71.45,1.09
"3300050214_10.fna",72.25,4.1
"3300050215_4.fna",86.04,0.9
"3300050215_3.fna",93.49,2.56
"3300050215_28.fna",79.11,5.49
"3300050215_13.fna",83.1,3.36
"3300050215_18.fna",95.94,3.7
"3300050216_68.fna",91.03,2.31
"3300050216_4.fna",87.38,5.09
"3300050216_41.fna",82.56,5.83
"3300050216_39.fna",71.79,0.34
"3300050216_19.fna",93.08,2.68
"3300050216_23.fna",71.63,0.8
"3300050216_32.fna",76.84,0.85
"3300050216_9.fna",80.65,1.85
"3300050216_65.fna",88.15,6.25
"3300050216_11.fna",82.54,3.6
"3300050216_33.fna",99.15,3.04
"3300050216_31.fna",80.4,0.7
"3300050216_64.fna",95.17,1.44
"3300050216_40.fna",98.66,4.47
"3300050216_43.fna",82.73,5.93
"3300050216_44.fna",76.28,3.11
"3300050216_56.fna",99.74,4.23
"3300050216_14.fna",97.01,2.56
"3300050216_50.fna",85.6,9.95
"3300050216_29.fna",95.05,0.82
"3300050217_15.fna",80.6,8.88
"3300050217_11.fna",74.99,1.54
"3300050218_15.fna",86.04,2.33
"3300050218_13.fna",74.09,5.4
"3300050218_38.fna",80.1,1.84
"3300050218_2.fna",96.53,2.56
"3300050219_5.fna",74.44,1.45
"3300050219_37.fna",91.27,8.85
"3300050219_28.fna",94.02,1.96
"3300050219_24.fna",94.72,3.1
"3300050219_36.fna",93.1,1.54
"3300050219_38.fna",85.44,2.74
"3300050219_26.fna",72.24,0
"3300050220_33.fna",94.47,2.12
"3300050220_16.fna",74.81,0.99
"3300050220_35.fna",96.33,3.17
"3300050220_56.fna",89.68,1.79
"3300050220_51.fna",80.88,2.14
"3300050220_25.fna",79.31,0
"3300050220_43.fna",85.51,5.13
"3300050220_32.fna",85.52,7.24
"3300050220_31.fna",93.81,0.62
"3300050221_11.fna",96.95,0.61
"3300050221_24.fna",82.98,6.93
"3300050221_23.fna",89.59,9.58
"3300050221_22.fna",96.1,3.42
"3300050221_60.fna",71.9,3.45
"3300050221_6.fna",97.36,1.98
"3300050221_52.fna",88.75,6.84
"3300050221_53.fna",93.19,1.83
"3300050221_16.fna",84.93,0.58
"3300050221_7.fna",95.94,3.23
"3300050221_51.fna",99.32,7.63
"3300050222_15.fna",97,0.64
"3300050222_29.fna",79.74,1.72
"3300050222_3.fna",91.73,3.75
"3300050222_52.fna",91.17,3.42
"3300050222_45.fna",96.7,7.26
"3300050222_18.fna",97.94,3.19
"3300050222_6.fna",97.72,1.39
"3300050222_40.fna",98.79,0
"3300050222_50.fna",93.33,1.3
"3300050222_48.fna",99.1,1.8
"3300050222_21.fna",83.55,7.98
"3300050222_66.fna",70.01,1.24
"3300050222_47.fna",96.08,1.21
"3300050222_37.fna",92.31,0.85
"3300050222_61.fna",92.47,3.39
"3300050222_77.fna",85.28,0.7
"3300050222_58.fna",98.41,0.63
"3300050222_71.fna",94.44,2.04
"3300050222_75.fna",99.15,3.42
"3300050222_5.fna",86.35,3.96
"3300050222_72.fna",94.84,2.55
"3300050222_49.fna",88.97,0.17
"3300050222_8.fna",89.75,2.76
"3300050222_51.fna",96.61,2.04
"3300050222_7.fna",97.44,7.31
"3300050223_18.fna",98.28,1.29
"3300050224_10.fna",92.38,1.7
"3300050224_13.fna",71.27,1.33
"3300050225_39.fna",92.12,5.47
"3300050225_4.fna",75.57,2.88
"3300050225_20.fna",97.24,2.47
"3300050225_15.fna",91.58,3.42
"3300050225_11.fna",99.13,1.63
"3300050225_13.fna",83.66,1.49
"3300050225_17.fna",79.48,5.17
"3300050225_3.fna",95.81,2.56
"3300050226_27.fna",91.96,9.62
"3300050226_10.fna",78.56,9.49
"3300050226_36.fna",74.89,4.27
"3300050226_57.fna",95.3,2.56
"3300050226_2.fna",83.7,3.57
"3300050226_17.fna",89.71,0.03
"3300050226_54.fna",74.34,7.15
"3300050226_21.fna",91.64,2.29
"3300050226_48.fna",93.64,2.73
"3300050226_26.fna",72.58,1.29
"3300050226_53.fna",94.83,3.13
"3300050226_41.fna",97.84,4.05
"3300050226_38.fna",82.73,1.09
"3300050226_14.fna",92.68,1.71
"3300050226_47.fna",86.63,3.13
"3300050226_4.fna",97.36,3.96
"3300050226_49.fna",91.15,4.27
"3300050226_40.fna",84.54,0
"3300050227_30.fna",94,3.46
"3300050227_27.fna",97.53,3.8
"3300050227_26.fna",95.87,4.49
"3300050227_48.fna",94.79,1.67
"3300050227_32.fna",89.83,9.83
"3300050227_6.fna",72.11,1.55
"3300050227_63.fna",89.81,0.37
"3300050227_42.fna",98.53,0
"3300050227_59.fna",95.44,7.76
"3300050227_23.fna",72.41,1.72
"3300050227_67.fna",94.44,2.04
"3300050227_69.fna",98.79,0
"3300050227_34.fna",72.44,6.02
"3300050227_72.fna",94.87,0.85
"3300050227_13.fna",75.86,0
"3300050227_62.fna",93.33,2.17
"3300050230_12.fna",71.07,1.52
"3300050230_35.fna",77.38,2.98
"3300050230_45.fna",89.81,0.93
"3300050230_40.fna",85.19,3.06
"3300050230_24.fna",83.47,2.73
"3300050230_9.fna",95.73,6.5
"3300050230_14.fna",81.51,7.44
"3300050230_21.fna",100,4.55
"3300050231_34.fna",94.55,2.27
"3300050231_35.fna",93.56,2.93
"3300050231_48.fna",89.11,2.56
"3300050231_49.fna",89.07,3.42
"3300050231_14.fna",88.1,2.58
"3300050231_30.fna",80.42,2.25
"3300050231_38.fna",86.81,6.15
"3300050231_18.fna",95.93,2.38
"3300050231_17.fna",85.81,0.97
"3300050231_43.fna",100,3.38
"3300050231_44.fna",96.58,0.85
"3300050231_11.fna",87.16,6.01
"3300050232_63.fna",96.3,0.56
"3300050232_64.fna",84.26,0.37
"3300050232_49.fna",83.21,0.93
"3300050232_44.fna",96.95,1.91
"3300050232_62.fna",84.26,2.78
"3300050232_46.fna",90.46,7.95
"3300050232_37.fna",81.93,1.38
"3300050232_58.fna",98.55,3.64
"3300050232_59.fna",83.35,1.09
"3300050232_18.fna",95.73,4.27
"3300050232_4.fna",85.86,0.99
"3300050232_55.fna",94.08,0.85
"3300050232_3.fna",87.54,0.26
"3300050232_30.fna",95.34,6.58
"3300050232_51.fna",89.83,1.42
"3300050232_53.fna",84.49,1.5
"3300050232_52.fna",97.24,0.21
"3300050234_14.fna",73.19,2.24
"3300050234_7.fna",99,2.11
"3300050235_37.fna",91.88,4.27
"3300050235_39.fna",89.91,1.29
"3300050235_121.fna",92.24,2.97
"3300050235_105.fna",97.22,0
"3300050235_30.fna",90.95,3.56
"3300050235_32.fna",76.61,0.97
"3300050235_42.fna",87.96,0.93
"3300050235_122.fna",96.08,2.56
"3300050235_3.fna",97.44,0.85
"3300050235_116.fna",91.09,7.21
"3300050235_4.fna",94.4,0.86
"3300050235_107.fna",99.73,2.96
"3300050235_103.fna",95.73,0
"3300050235_56.fna",98.9,3.3
"3300050235_27.fna",94.3,3.12
"3300050235_117.fna",83.91,0.81
"3300050235_20.fna",99.75,0.25
"3300050235_118.fna",74.73,2.2
"3300050235_124.fna",94.8,6.11
"3300050235_106.fna",98.57,3.04
"3300050235_108.fna",98.29,1.71
"3300050235_22.fna",97.66,0
"3300050235_115.fna",90.69,3.02
"3300050235_114.fna",96.58,3.85
"3300050235_44.fna",97.73,0
"3300050235_123.fna",89,2.75
"3300050235_1.fna",81.64,3.64
"3300050235_7.fna",94.02,4.27
"3300050235_83.fna",87.08,5.57
"3300050235_26.fna",83.22,2.48
"3300050235_66.fna",91.88,1.8
"3300050235_111.fna",98.35,2.13
"3300050235_112.fna",93.18,2.27
"3300050235_51.fna",99.22,1.04
"3300050235_73.fna",96.76,2.64
"3300050235_70.fna",96.58,2.99
"3300050235_109.fna",98.45,1.59
"3300050235_13.fna",71.6,0.76
"3300050235_41.fna",95.3,3.56
"3300050235_47.fna",97.44,2.14
"3300050235_87.fna",94.02,0.85
"3300050235_17.fna",92.53,4.31
"3300050235_69.fna",87.75,0.95
"3300050235_45.fna",99.5,1.09
"3300050235_64.fna",91.74,0.92
"3300050235_110.fna",97.44,1.28
"3300050236_38.fna",95.72,0
"3300050236_37.fna",94.87,1.71
"3300050236_33.fna",98.28,5.41
"3300050236_36.fna",94.48,1.87
"3300050236_3.fna",95.83,0.93
"3300050236_30.fna",85.47,4.56
"3300050236_49.fna",94.48,2.14
"3300050236_7.fna",97.13,1.29
"3300050236_35.fna",81.38,0.53
"3300050236_34.fna",75.34,0
"3300050236_45.fna",99.89,3.79
"3300050236_42.fna",98.29,8.83
"3300050236_46.fna",89.8,8.7
"3300050236_54.fna",96.58,1.71
"3300050236_15.fna",97.22,0
"3300050236_17.fna",96.58,0.85
"3300050236_26.fna",72.41,3.45
"3300050236_29.fna",94.06,6.91
"3300050236_25.fna",90.76,1.98
"3300050236_40.fna",98.35,3.3
"3300050236_16.fna",94.9,1.9
"3300050236_51.fna",98.08,1.67
"3300050236_22.fna",95.69,1.72
"3300050236_1.fna",84.48,4.76
"3300050236_53.fna",93.16,2.56
"3300050236_21.fna",76.31,2.05
"3300050239_76.fna",93.73,2.97
"3300050239_9.fna",96.58,2.99
"3300050239_78.fna",79.11,0.97
"3300050239_47.fna",98.28,6.22
"3300050239_44.fna",97.44,2.56
"3300050239_72.fna",95.26,1.87
"3300050239_12.fna",94.87,0
"3300050239_53.fna",98.29,0.85
"3300050239_79.fna",78.88,2.09
"3300050239_52.fna",95.83,0.93
"3300050239_1.fna",88.77,3.08
"3300050239_13.fna",95.61,2.28
"3300050239_48.fna",96.29,0
"3300050239_10.fna",92.86,3.3
"3300050239_80.fna",75.04,2.56
"3300050239_14.fna",98.15,0
"3300050239_39.fna",95.69,1.72
"3300050239_40.fna",95.47,0
"3300050239_21.fna",97.57,1.11
"3300050239_30.fna",97.13,0.86
"3300050239_2.fna",83.87,1.04
"3300050239_33.fna",96.58,0.85
"3300050239_15.fna",97.2,0
"3300050239_3.fna",97.44,7.98
"3300050240_5.fna",91.8,1.82
"3300050240_54.fna",95.73,2.56
"3300050240_131.fna",87.39,6.52
"3300050240_42.fna",95.73,0
"3300050240_130.fna",87.04,7.25
"3300050240_52.fna",87.96,0.93
"3300050240_46.fna",84.38,3.41
"3300050240_125.fna",99.55,3.8
"3300050240_100.fna",85.08,0
"3300050240_4.fna",91.42,3.57
"3300050240_48.fna",95.19,0
"3300050240_126.fna",99.5,1.09
"3300050240_117.fna",79.02,4.05
"3300050240_49.fna",96.86,2.09
"3300050240_137.fna",93.62,1.85
"3300050240_38.fna",87.18,2.2
"3300050240_110.fna",92.03,5.99
"3300050240_107.fna",79.49,2.85
"3300050240_128.fna",86.67,7.69
"3300050240_14.fna",90.11,2.2
"3300050240_80.fna",96.26,3.02
"3300050240_78.fna",96.55,0.35
"3300050240_59.fna",96.58,1.4
"3300050240_98.fna",99.15,1.28
"3300050240_105.fna",99.1,1.2
"3300050240_39.fna",90.95,3.56
"3300050240_133.fna",83.48,2.42
"3300050240_68.fna",95.45,2.27
"3300050240_108.fna",91.45,1.71
"3300050240_85.fna",97.44,0.85
"3300050240_17.fna",90.91,2.73
"3300050240_97.fna",98.11,5.08
"3300050240_102.fna",97.22,0
"3300050240_26.fna",95.69,0.86
"3300050240_96.fna",97.23,1.55
"3300050240_36.fna",94.82,7.74
"3300050240_121.fna",99.22,1.04
"3300050240_56.fna",97.24,1.78
"3300050240_64.fna",84.49,1.29
"3300050240_101.fna",98.29,1.28
"3300050240_27.fna",94.54,1.29
"3300050240_57.fna",70.67,1.82
"3300050240_79.fna",96.58,2.99
"3300050240_58.fna",91.74,0.92
"3300050240_22.fna",98.19,0.6
"3300050240_90.fna",96.58,0.85
"3300050240_88.fna",95.16,3.42
"3300050240_8.fna",98.09,3.5
"3300050240_74.fna",81.48,0.85
"3300050240_89.fna",98.36,1.99
"3300050240_6.fna",100,1.28
"3300050240_34.fna",79.12,4.4
"3300050240_61.fna",97.54,2.01
"3300050241_99.fna",98.7,1.73
"3300050241_51.fna",87.18,5.21
"3300050241_45.fna",95.73,1.71
"3300050241_28.fna",80.45,4.35
"3300050241_40.fna",98.29,3.42
"3300050241_42.fna",94.58,5.81
"3300050241_39.fna",73.77,3.3
"3300050241_73.fna",82.3,1.09
"3300050241_82.fna",78.9,1.08
"3300050241_83.fna",98.29,3.56
"3300050241_25.fna",96.12,3.19
"3300050241_22.fna",96.95,3.75
"3300050241_53.fna",92.9,0
"3300050241_72.fna",98.9,3.3
"3300050241_48.fna",96.68,2.06
"3300050241_24.fna",88.93,1.96
"3300050241_19.fna",91.55,1.71
"3300050241_62.fna",96.96,0
"3300050241_47.fna",93.28,0.53
"3300050241_10.fna",96.06,5.46
"3300050241_50.fna",89.89,1.39
"3300050241_2.fna",98.29,7.98
"3300050241_67.fna",98.73,1.77
"3300050241_61.fna",78.45,0.86
"3300050241_16.fna",97.44,3.13
"3300050241_12.fna",93.59,2.89
"3300050241_89.fna",98.9,3.48
"3300050241_85.fna",89.81,2.96
"3300050241_86.fna",97.44,2.99
"3300050241_56.fna",95.92,3.88
"3300050242_3.fna",74.89,0.26
"3300050242_33.fna",91.19,5.56
"3300050242_30.fna",90.7,0
"3300050242_21.fna",80.27,6.61
"3300050242_44.fna",79.59,1.71
"3300050242_41.fna",96.98,2.5
"3300050242_14.fna",81.42,6.2
"3300050242_26.fna",80.77,6.16
"3300050242_22.fna",97.95,1.14
"3300050242_66.fna",85.57,1.71
"3300050242_65.fna",96.58,2.56
"3300050242_71.fna",77.66,2.2
"3300050242_2.fna",91.52,1.29
"3300050242_19.fna",82.76,0
"3300050242_5.fna",73.68,1.71
"3300050242_7.fna",94.82,1.72
"3300050242_63.fna",77.2,3.85
"3300050242_67.fna",98.29,0.85
"3300050242_61.fna",99.95,1.71
"3300050242_23.fna",95.73,2.56
"3300050242_59.fna",94.87,2.56
"3300050242_49.fna",93.67,5.26
"3300050242_9.fna",86.59,2.61
"3300050242_47.fna",74.18,6.69
"3300050345_53.fna",91.98,3.23
"3300050345_48.fna",74.35,1
"3300050345_34.fna",94.87,2.56
"3300050345_59.fna",73.08,1.99
"3300050345_38.fna",85.68,4.04
"3300050345_33.fna",86.83,2.01
"3300050345_31.fna",95.51,6.04
"3300050345_30.fna",76.64,0.85
"3300050345_40.fna",72.65,4.27
"3300050345_45.fna",95.32,2.04
"3300050345_42.fna",97.97,1.28
"3300050345_5.fna",89.04,1.03
"3300050345_44.fna",94.54,9.87
"3300050345_32.fna",98.4,1.6
"3300050345_9.fna",74.31,0
"3300050345_23.fna",76.95,0.85
"3300050346_40.fna",77.89,3.06
"3300050346_17.fna",83.84,2.29
"3300050346_27.fna",99.13,3.91
"3300050346_49.fna",94.44,0.85
"3300050346_45.fna",82.17,3.17
"3300050346_23.fna",98.77,1.39
"3300050346_53.fna",91.45,0
"3300050346_50.fna",98.29,2.99
"3300050346_43.fna",72.98,1.75
"3300050346_47.fna",98.65,2.01
"3300050346_56.fna",94.65,3.92
"3300050346_22.fna",90.53,1.03
"3300050346_29.fna",87.72,7.88
"3300050346_37.fna",85.47,1.28
"3300050346_30.fna",78.89,9.4
"3300050346_35.fna",86.04,5.13
"3300050346_7.fna",84.18,1.75
"3300050346_19.fna",99.15,9.83
"3300050347_30.fna",86.32,2.56
"3300050347_55.fna",83.33,2.65
"3300050347_46.fna",80.34,0
"3300050347_38.fna",89.69,1.93
"3300050347_51.fna",88.18,6.11
"3300050347_11.fna",87.23,4.27
"3300050347_20.fna",97.26,2.05
"3300050347_45.fna",88.89,5.98
"3300050347_36.fna",78.12,2.41
"3300050347_5.fna",77.01,1.88
"3300050347_7.fna",95.69,1.72
"3300050347_27.fna",91.48,3.39
"3300050347_21.fna",98.01,5.84
"3300050347_4.fna",75.06,4.38
"3300050347_28.fna",93.59,2.42
"3300050347_10.fna",95.73,3.42
"3300050347_22.fna",75.9,1.85
"3300050347_3.fna",73.5,1.68
"3300050347_48.fna",81.91,1.85
"3300050347_1.fna",77.01,2.61
"3300050347_15.fna",84.32,8.55
"3300050349_26.fna",80.27,0.71
"3300050349_42.fna",82.91,3.71
"3300050349_3.fna",88.64,6.34
"3300050349_31.fna",94.44,0.93
"3300050349_65.fna",98.06,0.93
"3300050349_28.fna",77.89,7.74
"3300050349_21.fna",96.37,4.27
"3300050349_23.fna",82.59,6.08
"3300050349_18.fna",87.75,0
"3300050349_37.fna",71.97,6.52
"3300050349_44.fna",81.99,3.51
"3300050349_62.fna",89.32,3.42
"3300050349_58.fna",93.9,4.4
"3300050349_39.fna",94.14,2.65
"3300050349_19.fna",70.76,1.72
"3300050349_5.fna",98.26,0
"3300050349_64.fna",94.86,1.71
"3300050349_68.fna",79.61,2.76
"3300050349_43.fna",86.21,0.93
"3300050349_46.fna",75.81,1.37
"3300050350_45.fna",92.6,5.8
"3300050350_24.fna",94.56,6.07
"3300050350_33.fna",98.29,1.28
"3300050350_60.fna",84.01,1.71
"3300050350_42.fna",97.69,3.7
"3300050350_29.fna",90.37,0
"3300050350_7.fna",93.1,5.02
"3300050350_38.fna",98.77,0.93
"3300050350_28.fna",82.32,3.91
"3300050350_49.fna",77.99,1.1
"3300050350_22.fna",74.29,4.31
"3300050350_40.fna",91.49,2.9
"3300050350_62.fna",91.72,2.6
"3300050350_21.fna",96.87,4.91
"3300050350_10.fna",89.07,7.43
"3300050350_36.fna",82.22,5.84
"3300050350_55.fna",97.69,1.23
"3300050350_57.fna",77.97,1.74
"3300050350_13.fna",90.37,4.39
"3300050350_61.fna",97.69,9.26
"3300050350_5.fna",79.45,3.42
"3300050350_48.fna",81.79,2.09
"3300050350_54.fna",96.58,5.13
"3300050350_12.fna",80.91,0
"3300050350_56.fna",92.33,3.13
"3300050351_19.fna",94.92,5.24
"3300050351_6.fna",87.74,3.87
"3300050351_16.fna",75.95,7.02
"3300050351_29.fna",78.95,1.71
"3300050351_21.fna",84.18,3.11
"3300050351_39.fna",84.48,7.28
"3300050351_15.fna",72.33,3.34
"3300050351_23.fna",75.71,2.97
"3300050351_30.fna",77.15,1.95
"3300050351_25.fna",75.53,3.24
"3300050351_7.fna",70.24,6.53
"3300050351_22.fna",93.92,2.7
"3300050352_7.fna",90.67,7.12
"3300050352_15.fna",72.41,6.9
"3300050352_37.fna",93.01,7.21
"3300050352_6.fna",82.92,6.89
"3300050352_20.fna",94.59,3.85
"3300050352_24.fna",96.59,5.68
"3300050353_37.fna",94.59,8.58
"3300050353_15.fna",89.87,0.91
"3300050353_46.fna",89.17,0
"3300050353_11.fna",71.61,2.15
"3300050353_4.fna",84.57,8.25
"3300050353_30.fna",70.78,1.29
"3300050353_6.fna",98.63,2.74
"3300050353_7.fna",84.57,1.8
"3300050353_5.fna",92.64,5.18
"3300050353_50.fna",84.66,0
"3300050353_47.fna",98.29,2.56
"3300050455_1.fna",79.4,4.06
"3300050457_6.fna",78.55,2.56
"3300050457_5.fna",94.88,1.91
"3300050458_2.fna",87.21,1.54
"3300050459_2.fna",85.4,0.86
"3300050463_4.fna",71.02,4.01
"3300050464_6.fna",87.22,3.42
"3300050467_2.fna",89.74,6.44
"3300050467_1.fna",77.92,5.73
"3300050471_10.fna",88.07,1.87
"3300050471_1.fna",97.89,5.55
"3300050471_3.fna",79.83,7.26
"3300050471_6.fna",83.89,1.85
"3300050472_8.fna",74.98,0.5
"3300050472_1.fna",97.97,2.03
"3300050472_6.fna",98.29,3.28
"3300050473_3.fna",82.74,6.58
"3300050473_7.fna",88.89,3.42
"3300050474_2.fna",92.1,5.24
"3300050475_11.fna",73.06,0.93
"3300050475_3.fna",85.19,2.31
"3300050477_5.fna",96.98,0.86
"3300050478_9.fna",75.57,0.93
"3300050478_4.fna",87.99,1.78
"3300050479_1.fna",97.86,1.14
"3300050481_5.fna",73.96,1.85
"3300050485_15.fna",98.62,1.24
"3300050485_12.fna",86.38,2.78
"3300050573_10.fna",81,1.51
"3300050573_1.fna",89.26,1.88
"3300050573_17.fna",94.02,2.64
"3300050574_13.fna",96.38,1.81
"3300050574_17.fna",96.31,4.27
"3300050575_19.fna",88.64,7.24
"3300050575_14.fna",74.14,7.68
"3300050575_11.fna",96.98,0.86
"3300050575_7.fna",82,3.04
"3300050575_16.fna",100,3.3
"3300050648_10.fna",96.55,2.16
"3300050648_13.fna",92.79,5.72
"3300050648_23.fna",71.88,1.4
"3300050648_17.fna",86.51,0.86
"3300050648_15.fna",78.21,3.42
"3300050649_28.fna",72.51,2.56
"3300050649_30.fna",81.42,2.2
"3300050649_14.fna",100,0
"3300050649_4.fna",83.61,2.96
"3300050649_31.fna",77.05,6.89
"3300050649_12.fna",89.23,7.32
"3300050650_9.fna",85.92,2.13
"3300050650_12.fna",77.87,3.42
"3300050650_20.fna",71.2,1.2
"3300050651_22.fna",95.69,2.41
"3300050651_24.fna",73.95,3.42
"3300050651_18.fna",97.84,0.86
"3300050651_23.fna",98.29,3.47
"3300050651_9.fna",97.85,2.69
"3300050652_6.fna",76.83,2.07
"3300050653_4.fna",82.67,2.53
"3300050653_9.fna",96.12,0
"3300050653_11.fna",96.63,5.92
"3300050653_5.fna",71.33,3.36
"3300050654_17.fna",92.66,0.92
"3300050654_16.fna",87.22,1.59
"3300050654_27.fna",88.48,3.42
"3300050654_14.fna",85.9,6.96
"3300050654_13.fna",76.9,7.87
"3300050655_10.fna",94.91,0.93
"3300050655_23.fna",98.9,2.8
"3300050655_28.fna",83.57,9.88
"3300050655_8.fna",99.32,3.38
"3300050655_25.fna",95.73,0.93
"3300050656_3.fna",85.06,1.79
"3300050656_16.fna",78.84,1.82
"3300050656_1.fna",99.15,2.56
"3300050657_29.fna",76.97,7.86
"3300050657_21.fna",73.68,2.44
"3300050657_27.fna",100,4.81
"3300050657_11.fna",87.33,6.4
"3300050657_8.fna",74.02,2.15
"3300050657_13.fna",99.15,1.28
"3300050658_15.fna",81.71,2.08
"3300050659_24.fna",96.55,0.86
"3300050659_21.fna",97.86,7.23
"3300050659_6.fna",92.05,3.42
"3300050659_25.fna",96.12,0
"3300050659_1.fna",81.36,3.52
"3300050659_2.fna",86.87,3.45
"3300050659_12.fna",78.89,2.36
"3300050660_4.fna",88.17,2.71
"3300050661_12.fna",95.51,3.42
"3300050661_20.fna",83.58,3.73
"3300050661_3.fna",94.83,5.75
"3300050662_6.fna",78.41,2.32
"3300050662_11.fna",96.98,1.72
"3300050663_22.fna",71.25,5.04
"3300050663_17.fna",71.37,2.99
"3300050663_16.fna",83.01,4.3
"3300050663_30.fna",97.44,4.27
"3300050663_26.fna",85.26,2.29
"3300050664_21.fna",86.93,1.14
"3300050664_10.fna",94.51,3.05
"3300050664_9.fna",97.41,0.17
"3300050664_11.fna",78.6,2.47
"3300050664_22.fna",90.43,0.86
"3300050664_8.fna",86.99,3.61
"3300050664_4.fna",93.38,6.84
"3300050665_12.fna",96.98,0.86
"3300050665_4.fna",70.12,0
"3300050665_1.fna",85.76,2.13
"3300050666_12.fna",95.71,1.29
"3300050666_2.fna",82.81,2.29
"3300050667_11.fna",79.82,2.4
"3300051063_4.fna",96.58,0
"3300051063_1.fna",86.3,5.74
"3300051078_9.fna",95.6,0
"3300051078_7.fna",79.24,3.85
"3300051079_9.fna",78.49,4.3
"3300051082_12.fna",94.83,9.25
"3300051082_9.fna",77.45,1.34
"3300051088_1.fna",94.32,1.03
"3300051089_3.fna",93.38,1.71
"3300051089_1.fna",73.77,7.89
"3300051089_22.fna",72.49,3.64
"3300051089_6.fna",81.82,3.19
"3300051089_18.fna",80.77,1.02
"3300051089_7.fna",85.92,9.9
"3300051089_8.fna",97.44,1.71
"3300051090_10.fna",86.92,1.69
"3300051090_7.fna",96.53,2.74
"3300051090_17.fna",85.23,2.73
"3300051090_12.fna",82.62,2.64
"3300051091_1.fna",73.99,3.09
"3300051091_3.fna",98.24,1.88
"3300051092_11.fna",85.93,2.73
"3300051092_2.fna",95.06,3.59
"3300051094_22.fna",97.38,3.42
"3300051094_58.fna",82.31,2.66
"3300051094_48.fna",98.21,1.71
"3300051094_73.fna",89.53,2.73
"3300051094_62.fna",87.18,2.14
"3300051094_50.fna",92.95,1.28
"3300051094_67.fna",96.93,4.31
"3300051094_90.fna",85.98,0
"3300051094_71.fna",79.84,2.56
"3300051094_135.fna",94.87,5.98
"3300051094_18.fna",96.57,1.1
"3300051094_131.fna",96.62,4.19
"3300051094_16.fna",82.4,3.38
"3300051094_133.fna",92.18,0.55
"3300051094_44.fna",93.6,8.31
"3300051094_102.fna",98.67,1.88
"3300051094_91.fna",80.82,9.05
"3300051094_63.fna",95.1,2.08
"3300051094_21.fna",92.26,1.61
"3300051094_132.fna",96.62,3.72
"3300051094_93.fna",99,0.25
"3300051094_19.fna",93.23,1.45
"3300051094_116.fna",97.3,8.78
"3300051094_96.fna",75.76,0
"3300051094_100.fna",92.7,1.49
"3300051094_118.fna",75.79,1.71
"3300051094_119.fna",71.16,0.91
"3300051094_112.fna",97.17,2.78
"3300051094_36.fna",98.65,2.03
"3300051094_64.fna",88.7,0.92
"3300051094_92.fna",97.09,1.94
"3300051094_86.fna",96.59,3.11
"3300051094_82.fna",95.84,0.16
"3300051094_98.fna",95.98,1.94
"3300051094_110.fna",96.58,3.07
"3300051094_34.fna",96.15,1.76
"3300051094_85.fna",97.4,1.68
"3300051094_129.fna",97.37,2.74
"3300051094_89.fna",97.69,0
"3300051094_79.fna",82.97,1.85
"3300051094_20.fna",98.01,3.42
"3300051094_35.fna",84.91,1.75
"3300051094_94.fna",93.11,1.71
"3300051094_80.fna",96.7,0.99
"3300051094_83.fna",99.15,1.28
"3300051094_77.fna",97.51,0.75
"3300051094_25.fna",96.34,0.86
"3300051095_30.fna",98.59,0
"3300051095_2.fna",75.86,0
"3300051095_3.fna",93.59,2.56
"3300051096_61.fna",93.89,7.89
"3300051096_55.fna",70.79,5.47
"3300051096_12.fna",94.91,5.38
"3300051096_67.fna",71.52,3.89
"3300051096_66.fna",99.35,2.2
"3300051096_11.fna",99.32,3.38
"3300051096_68.fna",96.96,6.93
"3300051096_107.fna",92.14,1.64
"3300051096_121.fna",98.29,0.85
"3300051096_116.fna",96.42,2.64
"3300051096_46.fna",97.64,4.39
"3300051096_21.fna",96.4,3.86
"3300051096_133.fna",78.51,2.63
"3300051096_51.fna",94.18,3.69
"3300051096_103.fna",73.08,4.35
"3300051096_128.fna",82.91,0.85
"3300051096_104.fna",96.57,2.73
"3300051096_47.fna",86.24,3.18
"3300051096_73.fna",98.11,1.08
"3300051096_18.fna",95.09,3.17
"3300051096_126.fna",95.4,4.71
"3300051096_49.fna",95.09,0.88
"3300051096_17.fna",96.58,1.71
"3300051096_135.fna",91.38,2.04
"3300051096_27.fna",88.82,6.19
"3300051096_20.fna",95.73,5.98
"3300051096_97.fna",75.27,5.08
"3300051096_44.fna",96.58,1.71
"3300051096_81.fna",90.46,2.24
"3300051096_161.fna",81.36,2.97
"3300051096_169.fna",82.44,1.24
"3300051096_79.fna",94.16,5.74
"3300051096_69.fna",72.28,0
"3300051096_45.fna",99.32,2.7
"3300051096_122.fna",100,1.97
"3300051096_157.fna",87.5,0.8
"3300051096_153.fna",96.51,4.15
"3300051096_78.fna",99.09,1.71
"3300051096_134.fna",86.72,1.15
"3300051096_64.fna",96.06,1.23
"3300051096_164.fna",86.58,4.21
"3300051096_62.fna",97.41,2.63
"3300051096_124.fna",98.02,7.69
"3300051096_92.fna",99.15,4.27
"3300051096_141.fna",87.99,4.27
"3300051096_154.fna",93.24,2.75
"3300051096_88.fna",95.73,2.56
"3300051096_93.fna",98.9,3.3
"3300051096_94.fna",97.73,3.1
"3300051096_139.fna",91.03,3.31
"3300051096_76.fna",97.44,1.71
"3300051097_52.fna",84.96,1.55
"3300051097_30.fna",94.02,3.42
"3300051097_9.fna",91.27,1.64
"3300051097_27.fna",95.05,9.82
"3300051097_54.fna",75.68,7.12
"3300051097_34.fna",72.45,1.61
"3300051097_42.fna",97.69,1.39
"3300051097_19.fna",78.08,6.82
"3300051098_41.fna",98.29,4.32
"3300051098_38.fna",72.97,2.9
"3300051098_4.fna",91.52,5.13
"3300051098_15.fna",79.27,4.27
"3300051098_25.fna",89.93,4.04
"3300051098_36.fna",86.21,0.86
"3300051098_5.fna",95.11,1.85
"3300051098_10.fna",94.87,2.56
"3300051098_9.fna",78.74,1.1
"3300051098_2.fna",75.47,0.51
"3300051098_18.fna",72.46,4.66
"3300051098_14.fna",94.32,1.14
"3300051099_17.fna",90.93,3.04
"3300051099_36.fna",86.86,2
"3300051099_55.fna",90.16,0.43
"3300051099_45.fna",87.16,1.98
"3300051099_21.fna",100,0
"3300051099_20.fna",96.67,1.6
"3300051099_88.fna",100,3.04
"3300051099_32.fna",94.44,6.46
"3300051099_97.fna",89.41,1.96
"3300051099_9.fna",79.59,0.65
"3300051099_150.fna",98.33,7.57
"3300051099_158.fna",99.32,5.07
"3300051099_135.fna",79.67,2.97
"3300051099_30.fna",82.62,2.35
"3300051099_25.fna",77.82,0.99
"3300051099_49.fna",95.01,0.69
"3300051099_122.fna",72.6,3.74
"3300051099_52.fna",98.24,2.56
"3300051099_53.fna",84.26,0.93
"3300051099_128.fna",88.89,0.85
"3300051099_133.fna",98.13,0.77
"3300051099_76.fna",75.1,0.85
"3300051099_39.fna",98.93,3
"3300051099_24.fna",77.86,5.74
"3300051099_82.fna",96.58,3.42
"3300051099_123.fna",86.47,0.85
"3300051099_166.fna",80.86,0.93
"3300051099_101.fna",96.34,1.67
"3300051099_37.fna",85.79,8.01
"3300051099_164.fna",81.26,2.53
"3300051099_147.fna",99.74,0
"3300051099_81.fna",93.66,0.69
"3300051099_145.fna",88.06,1.13
"3300051099_104.fna",96.58,0.85
"3300051099_154.fna",71.21,0
"3300051099_100.fna",93.48,8.2
"3300051099_159.fna",95.64,8.46
"3300051099_115.fna",82.75,3.88
"3300051099_114.fna",92.2,1.83
"3300051099_160.fna",97.86,1.71
"3300051099_141.fna",77.96,6.99
"3300051099_107.fna",95.05,0.7
"3300051099_14.fna",80.1,4.95
"3300051099_78.fna",85.3,5.13
"3300051099_77.fna",79.39,2.91
"3300051100_15.fna",92.62,3.54
"3300051100_10.fna",93.17,5.87
"3300051100_2.fna",84.23,3.18
"3300051100_13.fna",82.2,5.33
"3300051100_37.fna",78.92,2.8
"3300051100_25.fna",92.31,3.3
"3300051100_4.fna",90.8,4.54
"3300051100_6.fna",95.23,0.88
"3300051101_15.fna",75.64,9.4
"3300051101_21.fna",98.9,2.2
"3300051101_11.fna",73.69,4.06
"3300051103_13.fna",85.82,1.67
"3300051103_41.fna",80.49,1.87
"3300051103_40.fna",81.93,4.51
"3300051104_11.fna",73.88,1.76
"3300051104_4.fna",92.7,2.16
"3300051104_10.fna",87.29,7.53
"3300051104_13.fna",80.04,2.2
"3300051158_39.fna",97.44,2.67
"3300051158_35.fna",94.87,5.3
"3300051158_36.fna",81.12,2.2
"3300051158_31.fna",96.72,1.72
"3300051158_2.fna",86.54,3.42
"3300051166_1.fna",83.06,2.16
"3300051166_6.fna",95.73,0.8
"3300051166_4.fna",91.59,3.45
"3300051166_2.fna",94.18,4.31
"3300051166_7.fna",98.64,2.04
"3300051175_13.fna",93.33,2.12
"3300051176_8.fna",96.7,1.1
"3300051178_1.fna",86.74,3.47
"3300051179_3.fna",95.73,2.81
"3300051182_3.fna",70.76,8.64
"3300051182_9.fna",83.52,1.14
"3300051184_8.fna",77.08,5.13
"3300051184_4.fna",75.9,5.13
"3300051184_17.fna",88.67,7.44
"3300051187_4.fna",72.44,0.99
"3300051187_7.fna",99.15,3.7
"3300051188_15.fna",97.05,1.71
"3300051188_24.fna",93.7,0
"3300051188_16.fna",82.15,3.98
"3300051189_8.fna",87.34,8.55
"3300051189_29.fna",98.9,2.9
"3300051189_3.fna",74.66,5.41
"3300051189_31.fna",80.46,5.13
"3300051190_1.fna",97.22,1.76
"3300051191_2.fna",74.42,0
"3300051192_20.fna",82.6,3.76
"3300051192_6.fna",94.14,1.28
"3300051192_16.fna",78.12,0.34
"3300051192_27.fna",81.36,2.56
"3300051192_3.fna",79.03,9.05
"3300051192_5.fna",92.04,0.73
"3300051192_24.fna",85.38,5.13
"3300051192_22.fna",83.79,4.27
"3300051193_14.fna",82.85,4.44
"3300051193_6.fna",94.87,1.71
"3300051193_12.fna",91.24,2.56
"3300051193_11.fna",92.82,7.74
"3300051194_22.fna",96.15,1.71
"3300051194_11.fna",73.72,1.62
"3300051194_17.fna",90.08,0.85
"3300051194_30.fna",91.67,4.44
"3300051194_20.fna",81.41,2.56
"3300051194_15.fna",88.68,1.91
"3300051194_27.fna",71.99,1.01
"3300051194_10.fna",78.92,3.29
"3300051195_13.fna",90.68,3.64
"3300051195_16.fna",89.7,2.74
"3300051195_19.fna",98.24,1.88
"3300051196_5.fna",79.7,2.02
"3300051196_58.fna",77.07,2.37
"3300051196_41.fna",98.77,1.23
"3300051196_51.fna",85.34,3.4
"3300051196_77.fna",88.52,0.26
"3300051196_31.fna",91.69,3.08
"3300051196_63.fna",91.32,5.15
"3300051196_92.fna",92.07,2.25
"3300051196_66.fna",89.66,1.12
"3300051196_26.fna",87.58,0.65
"3300051196_86.fna",70.18,1.75
"3300051196_68.fna",85.66,9.81
"3300051196_72.fna",92.7,8.46
"3300051196_79.fna",84.11,1.87
"3300051196_60.fna",80.84,4.67
"3300051196_10.fna",77.59,0
"3300051196_59.fna",75.6,0
"3300051196_17.fna",97.24,1.42
"3300051196_2.fna",72.53,6.84
"3300051196_12.fna",98.72,2.24
"3300051196_88.fna",70.48,1.29
"3300051196_16.fna",99.07,5.14
"3300051200_68.fna",91.45,1.28
"3300051200_65.fna",84.39,0.97
"3300051200_62.fna",98.9,5.49
"3300051200_76.fna",94.02,1.71
"3300051200_29.fna",79.49,0.85
"3300051200_69.fna",98.15,0
"3300051200_75.fna",87.18,0
"3300051200_3.fna",70.88,2.2
"3300051200_71.fna",97.2,0.23
"3300051200_34.fna",86.12,3.61
"3300051200_81.fna",80.51,4.27
"3300051200_77.fna",95.69,0.86
"3300051200_46.fna",90.95,3.56
"3300051200_64.fna",72.41,2.59
"3300051200_73.fna",87.13,1.9
"3300051200_27.fna",78.61,3.77
"3300051200_36.fna",97.44,0.85
"3300051200_25.fna",99.5,0.91
"3300051200_23.fna",84.28,2.31
"3300051200_63.fna",92.27,3.64
"3300051200_41.fna",92.77,2.14
"3300051200_13.fna",95,2.73
"3300051200_16.fna",96.58,2.99
"3300051200_24.fna",85.4,5.24
"3300051200_33.fna",94.44,0.93
"3300051200_60.fna",85.84,5.16
"3300051200_9.fna",95.37,0.93
"3300051200_14.fna",81.72,2.16
"3300051200_72.fna",99.15,1.28
"3300051200_53.fna",92.31,0.43
"3300051200_48.fna",70.34,0
"3300051200_55.fna",95.73,0
"3300051200_51.fna",96.58,1.18
"3300051200_82.fna",93.58,0
"3300051201_69.fna",94.44,1.11
"3300051201_66.fna",94.68,2.14
"3300051201_33.fna",97.44,2.14
"3300051201_73.fna",98.29,3.56
"3300051201_58.fna",95.73,0
"3300051201_32.fna",70.68,0
"3300051201_27.fna",76.45,4.13
"3300051201_72.fna",98.9,3.3
"3300051201_29.fna",90.76,0.99
"3300051201_63.fna",87.28,2.15
"3300051201_17.fna",95.78,2.76
"3300051201_64.fna",75.95,3.05
"3300051201_16.fna",85.04,4.27
"3300051201_31.fna",97.43,1.4
"3300051201_54.fna",93.16,2.99
"3300051201_62.fna",90.95,0.86
"3300051201_1.fna",98.9,3.48
"3300051201_76.fna",91.2,3.23
"3300051201_50.fna",94.95,0
"3300051201_19.fna",89.73,9.72
"3300051201_14.fna",95.63,5.49
"3300051201_13.fna",83.97,5.14
"3300051201_77.fna",77.39,5.48
"3300051201_34.fna",97.44,8.21
"3300051201_61.fna",84.48,0.87
"3300051201_40.fna",75.69,0
"3300051201_46.fna",97.87,5.27
"3300051202_12.fna",96.58,3.42
"3300051202_10.fna",96.58,6.1
"3300051202_15.fna",93.06,2.01
"3300051202_17.fna",70,1.94
"3300051203_5.fna",71.86,0
"3300051203_18.fna",95.73,1.71
"3300051204_44.fna",96.34,1.79
"3300051204_53.fna",72.67,4.7
"3300051204_57.fna",100,2.61
"3300051204_58.fna",98.11,0.8
"3300051204_61.fna",97.86,1.71
"3300051204_73.fna",72.74,1.73
"3300051204_25.fna",88.44,9.51
"3300051204_36.fna",94.51,4.14
"3300051204_68.fna",77.2,1.05
"3300051204_9.fna",95.44,5.72
"3300051204_52.fna",83.19,3.05
"3300051204_47.fna",99.74,1.04
"3300051204_3.fna",78.85,4.27
"3300051204_32.fna",80.26,2.58
"3300051204_24.fna",79.75,2.85
"3300051204_14.fna",96.93,0.17
"3300051204_26.fna",83.41,6.7
"3300051238_203.fna",97.7,0
"3300051238_204.fna",96.03,7.81
"3300051238_124.fna",70.09,0
"3300051238_118.fna",70.33,3.51
"3300051238_199.fna",96.7,5.2
"3300051238_116.fna",94.87,2.56
"3300051238_26.fna",100,0.49
"3300051238_44.fna",95.21,8.42
"3300051238_111.fna",96.58,1.71
"3300051238_50.fna",73.2,4.32
"3300051238_35.fna",94.26,1.76
"3300051238_140.fna",74.52,0
"3300051238_202.fna",94.06,5.35
"3300051238_201.fna",72.41,0
"3300051238_48.fna",99.15,5.13
"3300051238_12.fna",89.77,6.71
"3300051238_43.fna",99.35,2.52
"3300051238_129.fna",99.68,2.5
"3300051238_103.fna",96.21,6.4
"3300051238_14.fna",93.98,5.14
"3300051238_11.fna",75.82,4.48
"3300051238_32.fna",84.24,3.02
"3300051238_79.fna",96.77,5.45
"3300051238_143.fna",94.59,1.32
"3300051238_144.fna",97.95,6.32
"3300051238_197.fna",79.25,0
"3300051238_119.fna",96.58,1.71
"3300051238_6.fna",84.81,3.08
"3300051238_58.fna",94.87,8.97
"3300051238_163.fna",84.43,0
"3300051238_89.fna",93.68,1.38
"3300051238_179.fna",97.52,2.5
"3300051238_138.fna",94.98,1.75
"3300051238_191.fna",90.66,0.86
"3300051238_141.fna",95.4,1.72
"3300051238_139.fna",86.32,1.71
"3300051238_16.fna",94.63,1.03
"3300051238_193.fna",100,3.38
"3300051238_69.fna",90.64,3.43
"3300051238_166.fna",76.52,0.47
"3300051238_86.fna",99.19,1.08
"3300051238_108.fna",88.99,1.83
"3300051238_161.fna",99.32,1.69
"3300051238_95.fna",93.73,1.76
"3300051238_102.fna",98.77,3.6
"3300051238_51.fna",89.38,0
"3300051238_189.fna",99.15,4.27
"3300051238_75.fna",85.28,0.38
"3300051238_57.fna",94.02,2.14
"3300051238_196.fna",97.97,2.7
"3300051238_70.fna",71.01,3.06
"3300051238_99.fna",81.85,0.82
"3300051238_172.fna",98.31,4.39
"3300051238_180.fna",92.17,1.44
"3300051238_170.fna",79.66,0
"3300051238_159.fna",85.3,2.72
"3300051238_17.fna",88.36,9.31
"3300051238_82.fna",74.31,3.3
"3300051238_87.fna",97.44,6.84
"3300051238_151.fna",99.56,1.03
"3300051238_74.fna",80.15,1.54
"3300051238_175.fna",95.18,1.75
"3300051238_73.fna",74.54,0.33
"3300051238_72.fna",99.32,3.38
"3300051238_153.fna",73.94,3.41
"3300051238_150.fna",88.08,5.13
"3300051238_155.fna",95.66,1.71
"3300051239_35.fna",96.74,1.27
"3300051456_4.fna",97.54,2.52
"3300051460_3.fna",74.29,0.43
"3300051464_6.fna",72.46,0
"3300051469_12.fna",71.53,1.71
"3300051470_4.fna",74.36,2.35
"3300051519_14.fna",74.52,3.74
"3300051519_11.fna",83.37,5.18
"3300051520_19.fna",93.72,3.45
"3300051520_5.fna",79.27,0.64
"3300051520_8.fna",85.49,3.88
"3300051520_24.fna",82.49,1.26
"3300051520_18.fna",82.43,4.86
"3300051520_21.fna",77.28,3.42
"3300051521_19.fna",86.32,4.27
"3300051521_18.fna",98.15,2.04
"3300051521_75.fna",83.97,1.99
"3300051521_62.fna",91.31,7.74
"3300051521_31.fna",92.44,2.88
"3300051521_49.fna",87.07,0.78
"3300051521_68.fna",73.69,2.3
"3300051521_25.fna",97.69,0.93
"3300051523_14.fna",86.43,1.7
"3300051523_7.fna",95.15,0.97
"3300051524_6.fna",93.4,2.14
"3300051525_1.fna",95.09,2.75
"3300051525_2.fna",98.36,0
"3300051525_18.fna",97.5,1.76
"3300051525_8.fna",95.51,1.71
"3300051525_4.fna",97.13,0.78
"3300051525_15.fna",97.46,0.82
"3300051658_8.fna",79.48,0.93
"3300051659_9.fna",92.41,2.27
"3300051659_8.fna",83.23,2.31
"3300051663_4.fna",88.53,9
"3300051663_7.fna",77.62,5.65
"3300051664_9.fna",87.47,3.42
"3300051664_13.fna",94.87,2.56
"3300051665_3.fna",80.99,3.63
"3300051667_7.fna",75.86,0.42
"3300051667_9.fna",79.88,3.64
"3300051668_13.fna",85.9,5.48
"3300051668_5.fna",76.37,1.61
"3300051668_20.fna",93.33,0.46
"3300051669_9.fna",94.02,4.37
"3300051670_11.fna",86.57,0
"3300051670_2.fna",82.8,1.71
"3300051670_5.fna",83.48,1.04
"3300051671_15.fna",87.56,0.93
"3300051671_16.fna",75.42,2.75
"3300051672_6.fna",88.89,4.27
"3300051672_4.fna",84.83,0
"3300051847_3.fna",73.75,1.92
"3300051855_1.fna",84.69,3.42
"3300051855_31.fna",73.11,1.35
"3300051855_13.fna",77.02,4.6
"3300051855_32.fna",80.95,9.69
"3300051855_17.fna",97.97,5.41
"3300051855_7.fna",96.06,4.85
"3300051855_29.fna",85.25,1.42
"3300051855_3.fna",73.5,0.85
"3300051855_25.fna",71.46,3.39
"3300051855_11.fna",84.2,2.14
"3300051855_12.fna",86.88,1.01
"3300051855_26.fna",87.13,7.84
"3300052273_1.fna",76.76,5.56
"3300052274_4.fna",99.51,0.25
"3300052303_12.fna",89.66,1.09
"3300052303_13.fna",98.29,1.99
"3300052303_15.fna",87.78,1.39
"3300052303_9.fna",97.44,0.85
"3300052304_85.fna",74.59,4.17
"3300052304_76.fna",74.85,7.01
"3300052304_26.fna",87.32,0.57
"3300052304_2.fna",72.41,3.45
"3300052304_12.fna",95.32,2.31
"3300052304_54.fna",75.91,0.86
"3300052304_18.fna",78.62,4.39
"3300052304_16.fna",77.56,2.01
"3300052304_60.fna",80.39,0.81
"3300052304_57.fna",98.77,0
"3300052304_40.fna",88.68,0.68
"3300052304_13.fna",95.71,6.37
"3300052304_59.fna",91.13,0.87
"3300052304_95.fna",87.93,7.23
"3300052304_97.fna",72.99,8.55
"3300052304_87.fna",89.22,7.76
"3300052304_29.fna",79.78,9.82
"3300052304_93.fna",77.78,3.85
"3300052317_4.fna",98.28,1.72
"3300052317_22.fna",80,8.65
"3300052317_14.fna",73.39,0.54
"3300052318_13.fna",93.33,0.86
"3300052318_3.fna",91.89,2.03
"3300052319_16.fna",82.18,4
"3300052319_9.fna",96.55,0.86
"3300052321_11.fna",96.17,1.71
"3300052321_8.fna",77.53,1.75
"3300052321_5.fna",93.66,0.85
"3300052321_7.fna",92.45,5.27
"3300052652_15.fna",95.23,2.71
"3300052652_4.fna",86.47,0.79
"3300052652_12.fna",96.58,1.71
"3300052652_21.fna",92.02,6.3
"3300052652_22.fna",81.02,1.94
"3300052792_2.fna",87.69,2.7
"3300052792_1.fna",76.59,4.67
"3300052793_2.fna",87.61,1.96
"3300052793_4.fna",79.17,6.57
"3300052794_3.fna",84.08,2.79
"3300052797_5.fna",72.2,1.88
"3300052797_2.fna",81.86,4.75
"3300052798_6.fna",89.21,3.05
"3300052799_3.fna",70.09,8.91
"3300052800_5.fna",93.7,3.9
"3300052802_3.fna",88.35,3.89
"3300052894_8.fna",95.55,4.99
"3300052894_10.fna",84.84,2.17
"3300052894_11.fna",86.32,4.97
"3300052894_12.fna",97.44,2.56
"3300052896_7.fna",82.29,3.38
"3300052896_2.fna",96.67,0.95
"3300052901_10.fna",89.05,4.48
"3300052901_7.fna",89.81,2.29
"3300052901_3.fna",90.81,2.63
"3300052901_8.fna",95.01,2.04
"3300052901_4.fna",79.99,1.13
"3300052901_6.fna",84.68,2.94
"3300052902_3.fna",96.98,1.72
"3300052902_2.fna",87.25,1.28
"3300052903_5.fna",75.93,2.07
"3300052903_2.fna",97.41,8.46
"3300052903_1.fna",96.53,4.27
"3300052904_1.fna",95.51,1.85
"3300052905_8.fna",86.47,0
"3300052905_11.fna",84.73,3.15
"3300052907_10.fna",96.53,5.47
"3300052907_9.fna",78.02,0.43
"3300052907_12.fna",94.73,3.09
"3300052908_6.fna",82.74,3.37
"3300052908_3.fna",96.55,0
"3300052918_36.fna",95.83,1.85
"3300052918_37.fna",89.66,1.15
"3300052918_35.fna",96.76,1.85
"3300052918_32.fna",80.45,2.73
"3300052918_29.fna",95.13,0.65
"3300052918_46.fna",97.27,2.45
"3300052918_51.fna",96.63,3.37
"3300052918_64.fna",96.7,0
"3300052918_21.fna",96.47,7.86
"3300052918_40.fna",96.9,0
"3300052918_41.fna",87.63,1.2
"3300052918_39.fna",93.11,3.42
"3300052918_14.fna",96.77,3.01
"3300052918_26.fna",98.86,1.14
"3300052918_16.fna",96.7,1.1
"3300052918_18.fna",79.51,0.93
"3300052918_60.fna",99.52,1.9
"3300052918_59.fna",83.53,0.54
"3300052918_61.fna",94.79,3.28
"3300052918_17.fna",94.55,1.82
"3300052918_27.fna",97.98,0.85
"3300052918_6.fna",92.74,1.98
"3300052918_58.fna",99.12,0.88
"3300052918_7.fna",96.13,1.02
"3300052924_3.fna",72.21,5.69
"3300052924_8.fna",81.48,2.2
"3300052931_2.fna",98.29,5.13
"3300052932_6.fna",91.91,4.61
"3300052932_5.fna",81.73,3.39
"3300052933_5.fna",96.26,6.03
"3300052934_5.fna",76.55,1.28
"3300052934_9.fna",93.59,2.08
"3300052935_20.fna",97,4.65
"3300052935_31.fna",70.69,1.72
"3300052935_9.fna",97.94,1.67
"3300052936_27.fna",90.27,6.9
"3300052936_2.fna",95.69,1.21
"3300052936_7.fna",94.69,9.81
"3300052936_28.fna",98.19,2
"3300052993_4.fna",98.28,1.72
"3300052993_13.fna",81.71,3.91
"3300052994_2.fna",89.18,4.82
"3300052994_1.fna",76.71,2.08
"3300052995_12.fna",85.85,3.51
"3300052995_6.fna",71.56,0.68
"3300052995_33.fna",75.75,2.25
"3300052995_34.fna",80.42,3.56
"3300052996_14.fna",95.3,0.85
"3300052997_5.fna",74.14,1.27
"3300052998_10.fna",96.98,0
"3300052998_16.fna",81.03,6.11
"3300052998_13.fna",92.82,1.29
"3300052998_23.fna",93.97,2.59
"3300052998_19.fna",94.83,7.21
"3300052998_7.fna",78.19,0
"3300053032_20.fna",86.43,1.1
"3300053032_7.fna",79.9,3.73
"3300053036_22.fna",99.13,1.04
"3300053036_10.fna",99.59,0.38
"3300053036_34.fna",99.39,1.74
"3300053036_30.fna",99.77,0.93
"3300053036_17.fna",99.66,0.16
"3300053036_24.fna",99.11,0.7
"3300053036_12.fna",99.51,0.49
"3300053036_25.fna",100,0
"3300053036_7.fna",82.59,0.39
"3300053036_35.fna",99.51,0.49
"3300053036_8.fna",99.51,0.03
"3300053036_16.fna",84.31,0.32
"3300053036_11.fna",99.01,0
"3300053036_29.fna",98.21,0.16
"3300053036_15.fna",71.93,0
"3300053036_13.fna",99.01,0.49
"3300053036_27.fna",99.64,0.45
"3300053036_28.fna",99.39,0.14
"3300053037_18.fna",100,0.16
"3300053037_3.fna",100,0.43
"3300053037_12.fna",100,0.79
"3300053037_11.fna",99.98,0.5
"3300053037_22.fna",99.25,0.41
"3300053037_9.fna",99.7,0.33
"3300053037_5.fna",99.01,0.49
"3300053037_17.fna",98.03,0.49
"3300053037_19.fna",99.89,0
"3300053037_23.fna",99.37,0
"3300053037_7.fna",99.06,0.78
"3300053037_14.fna",100,0.47
"3300053037_20.fna",99.77,0.93
"3300053037_6.fna",99.68,0
"3300053037_4.fna",100,0.65
"3300053037_15.fna",99.84,0.49
"3300053061_6.fna",83.91,2.59
"3300053061_30.fna",78.98,2.75
"3300053061_4.fna",75.22,3.08
"3300053062_25.fna",75.2,1.71
"3300053062_12.fna",72.38,3.11
"3300053062_10.fna",73.3,3.02
"3300053062_3.fna",95.83,0.93
"3300053063_27.fna",79.17,2.93
"3300053063_16.fna",75.35,5.81
"3300053063_28.fna",100,3.42
"3300053063_12.fna",80.27,3.08
"3300053070_30.fna",73.99,1.1
"3300053070_36.fna",74.35,5.51
"3300053070_25.fna",96.12,0.57
"3300053070_15.fna",99.15,1.71
"3300053070_8.fna",90.52,0.86
"3300053070_18.fna",72.98,7.65
"3300053070_35.fna",95.6,1.1
"3300053075_8.fna",92.05,0.86
"3300053075_7.fna",96.55,0.86
"3300053076_9.fna",71.02,7.45
"3300053076_7.fna",79.97,3.67
"3300053076_18.fna",83.19,0.86
"3300053227_7.fna",89.46,1.03
"3300053229_62.fna",72.76,1.72
"3300053229_35.fna",73.27,0
"3300053229_56.fna",71.93,0
"3300053229_70.fna",70.2,3.7
"3300053229_63.fna",90.53,7.43
"3300053229_11.fna",72.55,2.25
"3300053229_34.fna",83.72,5.08
"3300053239_2.fna",89.28,3.59
"3300053644_52.fna",75.07,2.77
"3300053644_35.fna",87.16,2.96
"3300053644_32.fna",99.28,1.72
"3300053644_17.fna",71.98,2.7
"3300053644_25.fna",100,3.59
"3300053671_79.fna",71.55,0
"3300053671_73.fna",97.44,1.28
"3300053671_91.fna",75.84,2.78
"3300053671_66.fna",83.04,3.05
"3300053671_34.fna",77.47,2.74
"3300053671_100.fna",87.64,2.59
"3300053671_63.fna",79.78,1.45
"3300053671_88.fna",79.18,5.42
"3300053671_82.fna",74.54,0.72
"3300053685_12.fna",74.26,6.42
"3300053685_34.fna",76.5,2.43
"3300053685_16.fna",97.22,0
"3300053707_12.fna",83.28,0.19
"3300053707_9.fna",100,1.34
"3300053707_5.fna",100,0
"3300053707_24.fna",96.68,2.27
"3300053707_8.fna",100,1.96
"3300053707_11.fna",99.48,0.37
"3300053707_20.fna",99.01,0
"3300053707_17.fna",100,0.43
"3300053707_15.fna",100,0.16
"3300053707_6.fna",99.78,0.87
"3300053707_2.fna",90.06,0
"3300053707_13.fna",100,0.43
"3300053707_16.fna",99.77,0.93
"3300053707_14.fna",99.01,0.03
"3300053709_12.fna",99.01,0.49
"3300053709_13.fna",100,0
"3300053709_19.fna",98.85,0
"3300053709_15.fna",98.03,0.49
"3300053709_20.fna",99.31,1.98
"3300053709_11.fna",99.77,0.93
"3300053709_1.fna",100,0.43
"3300053709_29.fna",93.58,0
"3300053709_9.fna",99.64,0.45
"3300053709_18.fna",99.3,4.37
"3300053709_26.fna",99.98,0.5
"3300053709_8.fna",100,0.43
"3300053709_32.fna",99.68,0
"3300053709_2.fna",99.59,0.38
"3300053709_22.fna",99.7,0.67
"3300053709_28.fna",100,1.34
"3300053709_41.fna",97.53,3.55
"3300053709_31.fna",100,0.47
"3300053709_3.fna",99.51,0.03
"3300053709_23.fna",98.86,3.41
"3300053709_7.fna",100,0.65
"3300053709_34.fna",99.8,0.16
"3300053709_35.fna",99.25,0.41
"3300053709_16.fna",99.06,0.78
"3300053709_40.fna",85.25,1.6
"3300053709_33.fna",99.01,0
"3300053709_36.fna",96.24,0.41
"3300053709_4.fna",97.73,0
"3300053709_6.fna",100,0.43
"3300053709_37.fna",90.2,0.96
"3300053709_30.fna",100,0.22
"3300053710_14.fna",98.27,0
"3300053710_12.fna",99.68,0
"3300053710_38.fna",98.76,0.5
"3300053710_37.fna",100,0.35
"3300053710_26.fna",99.86,5.9
"3300053710_30.fna",100,0.65
"3300053710_29.fna",94.32,1.14
"3300053710_27.fna",99,1.99
"3300053710_11.fna",100,0
"3300053710_32.fna",99.51,0.49
"3300053710_31.fna",99.51,0.03
"3300053710_23.fna",75.86,1.72
"3300053710_35.fna",96.89,1.09
"3300053710_34.fna",99.54,0
"3300053710_25.fna",100,0.43
"3300053710_22.fna",98.21,0.32
"3300053710_4.fna",77.83,1.28
"3300053710_19.fna",99.7,0.33
"3300053710_33.fna",99.01,0
"3300053710_17.fna",100,0.47
"3300053710_10.fna",93.15,0.3
"3300053710_43.fna",98.51,0.9
"3300053710_42.fna",97,0.78
"3300053710_24.fna",99.05,1.59
"3300053710_21.fna",86.76,3.07
"3300053710_39.fna",88.89,4.13
"3300053710_20.fna",88.94,1.05
"3300053710_8.fna",97.78,0.49
"3300053710_9.fna",99.78,1.74
"3300053710_18.fna",99.01,0.49
"3300053711_18.fna",99.7,0.33
"3300053711_15.fna",100,0.79
"3300053711_7.fna",99.89,0
"3300053711_17.fna",99.88,0.17
"3300053711_16.fna",100,1.34
"3300053711_12.fna",99.77,0.47
"3300053711_8.fna",99.57,0.43
"3300053711_9.fna",99.51,0.03
"3300053711_3.fna",98.38,0.41
"3300053711_5.fna",95.3,0.78
"3300053711_10.fna",100,0.43
"3300053711_26.fna",100,0.65
"3300053711_25.fna",100,0.9
"3300053711_22.fna",100,0.47
"3300053711_11.fna",100,0.65
"3300053711_23.fna",98.03,0.49
"3300053711_21.fna",99.61,0.19
"3300053711_20.fna",100,0.07
"3300053711_19.fna",98.07,3.55
"3300053717_8.fna",100,0.59
"3300053717_20.fna",99.51,0.03
"3300053717_2.fna",93.26,0
"3300053717_16.fna",100,0
"3300053717_6.fna",96.2,0
"3300053717_18.fna",99.64,1.26
"3300053717_15.fna",92.32,0.93
"3300053717_9.fna",99.24,0.61
"3300053717_5.fna",100,0.71
"3300053717_13.fna",99.68,0
"3300053717_19.fna",100,0.9
"3300053717_23.fna",99.04,0.3
"3300053717_7.fna",100,0.07
"3300053717_4.fna",99.57,0.43
"3300053717_11.fna",99.31,1.88
"3300053717_14.fna",99.56,0.22
"3300053717_17.fna",99.71,0.71
"3300054113_5.fna",98.29,5.13
"3300054113_4.fna",80.6,5.3
"3300054115_7.fna",75.16,2.99
"3300054704_53.fna",77.5,4.36
"3300054704_119.fna",94.94,0.65
"3300054704_124.fna",95.71,0
"3300054704_97.fna",83.59,1.93
"3300054704_86.fna",99.46,2.04
"3300054704_129.fna",74.15,6.38
"3300054704_58.fna",90.2,1.83
"3300054704_123.fna",90.29,0.97
"3300054704_67.fna",97.83,1.74
"3300054704_55.fna",76.6,0
"3300054704_44.fna",94.26,0.63
"3300054704_21.fna",95.83,0.93
"3300054704_118.fna",97.63,1.42
"3300054704_116.fna",97.44,4.27
"3300054704_96.fna",98.65,3.04
"3300054704_66.fna",97.47,1.26
"3300054704_84.fna",72.6,0.53
"3300054704_133.fna",96.17,2.19
"3300054704_63.fna",85.44,0
"3300054704_68.fna",96.3,2.78
"3300054704_54.fna",84.28,1.85
"3300054704_65.fna",86.49,3.53
"3300054704_11.fna",98.02,1.98
"3300054704_38.fna",91.67,6.15
"3300054704_52.fna",97.73,0
"3300054704_111.fna",98.72,0.85
"3300054704_114.fna",74.85,0
"3300054704_51.fna",97.73,1.74
"3300054704_17.fna",98.06,2.45
"3300054704_41.fna",74.53,0
"3300054704_156.fna",76.23,0.93
"3300054704_138.fna",90,0
"3300054704_59.fna",88.04,2.2
"3300054704_151.fna",98.29,3.42
"3300054704_136.fna",90.11,3.3
"3300054704_73.fna",95.91,1.13
"3300054704_64.fna",94.55,0
"3300054704_62.fna",91.43,1.7
"3300054704_14.fna",95.39,1.09
"3300054704_42.fna",90.91,4.55
"3300054704_70.fna",97.8,3.3
"3300054704_77.fna",92.24,0.99
"3300054704_5.fna",90.76,0.99
"3300054704_90.fna",85.9,1.45
"3300054704_72.fna",98.41,3.06
"3300054704_93.fna",96.51,4.65
"3300054704_154.fna",71.99,1.23
"3300054704_75.fna",81.87,0.24
"3300054704_50.fna",95.32,0.85
"3300054704_60.fna",98.85,0.1
"3300054704_102.fna",97.8,2.2
"3300054704_37.fna",75.73,0.97
"3300054704_92.fna",98.28,8.79
"3300054704_7.fna",87.53,0.34
"3300054704_61.fna",81.53,1.37
"3300054704_148.fna",96.23,0.94
"3300054704_49.fna",98.46,1.58
"3300054704_32.fna",90.91,1.82
"3300054704_26.fna",93.99,2.92
"3300054704_9.fna",98.29,2.56
"3300054704_94.fna",82.73,5.24
"3300054704_153.fna",90.17,4.38
"3300054704_139.fna",76.77,1.42
"3300054704_95.fna",93.07,2.14
"3300054704_87.fna",80.8,0
"3300054704_28.fna",77.07,0
"3300054704_88.fna",87.16,3.23
"3300054704_150.fna",96.95,1.22
"3300054704_69.fna",93.21,0.93
"3300054704_152.fna",93.94,2.73
"3300054704_89.fna",94.93,0.54
"3300054704_36.fna",93.18,2.7
"3300054704_6.fna",92.3,0.38
"3300054705_91.fna",98.29,3.85
"3300054705_90.fna",94.78,2.78
"3300054705_10.fna",72.74,5.98
"3300054705_93.fna",97.01,2.94
"3300054705_22.fna",92.27,1.6
"3300054705_6.fna",87.61,9.36
"3300054705_59.fna",91.49,8.26
"3300054705_75.fna",92.05,0
"3300054705_17.fna",98.68,6.93
"3300054705_8.fna",80.06,5.11
"3300054705_25.fna",89.69,9.3
"3300054705_73.fna",91.6,2.4
"3300054705_82.fna",97.41,0.8
"3300054705_39.fna",89.74,3.5
"3300054705_66.fna",78.12,3.85
"3300054705_94.fna",96.66,0
"3300054705_57.fna",83.2,3.82
"3300054705_54.fna",82.09,0
"3300054705_95.fna",75.93,2.56
"3300054705_78.fna",89.21,3.74
"3300054705_89.fna",95.02,1.18
"3300054705_5.fna",85.37,4.7
"3300054705_7.fna",84.53,2.44
"3300054705_23.fna",95.78,1.07
"3300054705_97.fna",91.64,4.95
"3300054705_53.fna",94.96,2.33
"3300054705_52.fna",77.01,0
"3300054705_49.fna",74.62,1.68
"3300054705_47.fna",97.44,6.27
"3300054705_32.fna",85.09,2.56
"3300054705_96.fna",95.14,2.4
"3300054705_29.fna",92.65,8.29
"3300054705_60.fna",75.57,0
"3300054705_42.fna",91.09,5.33
"3300054705_61.fna",78.91,3.25
"3300054705_72.fna",82.54,7.26
"3300054705_45.fna",92.36,0.85
"3300054960_73.fna",86.63,4.38
"3300054960_14.fna",96.98,0.86
"3300054960_18.fna",89.19,1.82
"3300054960_22.fna",96.98,0
"3300054960_23.fna",73.66,2.75
"3300054960_62.fna",71,5.17
"3300054960_70.fna",83.92,1.58
"3300054960_53.fna",70.79,0.28
"3300054960_67.fna",71.55,6.72
"3300054960_54.fna",72.6,4.95
"3300054960_44.fna",81.04,3.42
"3300054968_18.fna",71.73,1.35
"3300054968_16.fna",77.04,0.43
"3300054968_70.fna",95.51,0.99
"3300054968_8.fna",71.45,3.09
"3300054968_19.fna",82.59,2.31
"3300054968_33.fna",94.66,2.91
"3300054968_69.fna",96.59,1.14
"3300054968_59.fna",90.76,2.94
"3300054968_7.fna",96.3,0
"3300054968_42.fna",93.47,0.85
"3300054968_1.fna",87.9,3.41
"3300054968_68.fna",97.44,1.28
"3300054968_60.fna",78.97,2.8
"3300054968_65.fna",71.78,4.35
"3300054968_6.fna",87.04,1.85
"3300054968_20.fna",86.42,2.01
"3300054968_47.fna",93.86,0
"3300054968_44.fna",76.92,0
"3300054968_43.fna",86.73,0
"3300054968_11.fna",74.21,2.94
"3300054968_3.fna",91.67,1.28
"3300054968_10.fna",88.66,5.5
"3300054968_4.fna",82.41,1.11
"3300054968_55.fna",93.98,0.46
"3300054968_32.fna",96.6,1.94
"3300054968_28.fna",88.23,1.71
"3300054968_41.fna",96.12,1.16
"3300054968_38.fna",77.89,6.27
"3300054968_25.fna",91.24,3.33
"3300054968_52.fna",88.45,3.96
"3300054968_54.fna",89.89,1.23
"3300054968_49.fna",97.22,3.7
"3300054968_36.fna",94.66,2.56
"3300054968_5.fna",80.37,1.87
"3300054968_51.fna",94.04,1.07
"3300054968_39.fna",98.26,0.52
"3300054968_58.fna",91.45,2.56
"3300054968_21.fna",92.26,0.74
"3300054968_35.fna",84.54,1.85
"3300054968_57.fna",94.91,1.68
"3300054979_53.fna",97.41,1.72
"3300054979_40.fna",78.07,4.43
"3300054979_32.fna",87.89,4.27
"3300054979_28.fna",76.15,0
"3300054979_47.fna",97.29,0.86
"3300054979_6.fna",72.11,2.86
"3300054979_21.fna",80.39,8.61
"3300054979_27.fna",87.16,2.8
"3300054982_18.fna",98.7,2.03
"3300054982_26.fna",96.09,1.01
"3300054982_32.fna",89.04,3.38
"3300054982_51.fna",71.55,7.92
"3300054982_42.fna",73.63,1.01
"3300054982_28.fna",95.7,0.9
"3300054982_7.fna",98.93,0
"3300054983_31.fna",88.36,0.72
"3300054983_10.fna",81.55,1.94
"3300054983_32.fna",76.26,9.35
"3300054983_38.fna",81.34,2.2
"3300054988_3.fna",70.96,1.99
"3300054988_80.fna",92.05,1.36
"3300054988_81.fna",81.39,1.71
"3300054988_30.fna",74.93,1.87
"3300054988_79.fna",89.74,4.8
"3300054988_84.fna",75.38,2.56
"3300054988_74.fna",95.73,2.99
"3300054988_53.fna",97.17,5.13
"3300054988_8.fna",99.07,0
"3300054988_23.fna",95.77,0
"3300054988_28.fna",85.54,3.85
"3300054988_27.fna",75.56,0.84
"3300054988_36.fna",79.97,1.28
"3300054988_54.fna",77.06,1.32
"3300054988_56.fna",84.62,2.14
"3300054988_52.fna",79.42,0.8
"3300054988_34.fna",97.76,0
"3300054988_73.fna",87.77,4.06
"3300054988_39.fna",93.38,1.47
"3300054988_38.fna",94.79,6.41
"3300054988_7.fna",96.59,0
"3300054988_55.fna",77.23,4.46
"3300054988_20.fna",99.09,0.85
"3300054988_49.fna",94.96,1.01
"3300054988_31.fna",86.63,3.47
"3300054988_15.fna",74.19,0
"3300054988_2.fna",77.07,2.01
"3300054988_69.fna",98.93,0.85
"3300054988_35.fna",93.98,0
"3300054988_32.fna",88.27,0.8
"3300054988_44.fna",78.63,2.99
"3300054988_48.fna",97.29,2.33
"3300054988_68.fna",89.32,0.85
"3300054988_62.fna",77.31,2.88
"3300054988_57.fna",97.73,4.86
"3300054988_11.fna",70.56,0
"3300054988_61.fna",99.5,0.75
"3300054988_13.fna",95.3,2.99
"3300054988_65.fna",98.39,0
"3300054988_10.fna",85.34,0
"3300054988_43.fna",96.33,0
"3300054988_14.fna",91.72,1.82
"3300054988_6.fna",76.5,3.32
"3300054988_42.fna",92.38,2.41
"3300054999_29.fna",75.21,6.15
"3300054999_7.fna",95.87,2.34
"3300054999_48.fna",71.72,2.45
"3300054999_51.fna",98.26,3.78
"3300054999_50.fna",94.91,3.45
"3300055072_13.fna",92.35,0
"3300055072_74.fna",89.32,1.98
"3300055072_6.fna",88.75,9.51
"3300055072_69.fna",96.7,1.1
"3300055072_76.fna",89.27,1.19
"3300055072_71.fna",97.01,2.14
"3300055072_91.fna",98.15,2.91
"3300055072_25.fna",98.85,1.15
"3300055072_31.fna",95.45,0.91
"3300055072_126.fna",93.18,2.73
"3300055072_3.fna",80.71,1.11
"3300055072_95.fna",88.64,0
"3300055072_135.fna",82.67,2.79
"3300055072_70.fna",79.56,2.99
"3300055072_97.fna",88.65,5.95
"3300055072_45.fna",88.93,1
"3300055072_61.fna",91.03,2.67
"3300055072_129.fna",87.62,0.56
"3300055072_120.fna",93.16,2.14
"3300055072_88.fna",90.04,1.09
"3300055072_21.fna",88.83,0.97
"3300055072_63.fna",90.59,2.63
"3300055072_46.fna",76.99,0.67
"3300055072_121.fna",87.39,4.2
"3300055072_36.fna",81.87,1.05
"3300055072_14.fna",71.04,8.55
"3300055072_38.fna",96.33,1.92
"3300055072_84.fna",76.06,2.85
"3300055072_19.fna",84.72,0
"3300055072_122.fna",86.44,2.72
"3300055072_2.fna",92.88,4.08
"3300055072_29.fna",84.03,4.2
"3300055072_41.fna",95.95,3.07
"3300055072_96.fna",77.97,0
"3300055072_77.fna",97.44,4.56
"3300055072_93.fna",94.82,5.3
"3300055072_35.fna",98.06,2.91
"3300055072_37.fna",89.8,1.61
"3300055072_28.fna",93.75,0.21
"3300055072_114.fna",88.58,3.64
"3300055072_81.fna",92.59,9.56
"3300055072_80.fna",84.05,2.69
"3300055072_125.fna",80.86,3.42
"3300055072_42.fna",71.62,0
"3300055072_102.fna",78.95,5.98
"3300055072_119.fna",96.8,0.39
"3300055072_103.fna",88.84,0
"3300055072_99.fna",95.21,1.1
"3300055072_47.fna",93.75,8.55
"3300055072_115.fna",73.79,0
"3300055072_113.fna",97.73,4.55
"3300055072_56.fna",85.02,4.27
"3300055072_40.fna",96.72,1.91
"3300055072_123.fna",90.78,0
"3300055072_100.fna",85.04,2.67
"3300055072_118.fna",88.18,2
"3300055072_48.fna",93.64,1.36
"3300055072_79.fna",99.32,1.72
"3300055072_5.fna",91.71,1.16
"3300055072_17.fna",94.49,4.71
"3300055072_12.fna",93.99,4.4
"3300055072_8.fna",83.7,1.64
"3300055072_58.fna",93.86,2.63
"3300055072_57.fna",75.29,5.57
"3300055072_117.fna",97.91,0
"3300055072_16.fna",94.31,2.37
"3300055072_116.fna",98.78,0
"3300055072_104.fna",93.52,3.24
"3300055072_106.fna",89.51,1.85
"3300055098_48.fna",82.22,3.3
"3300055098_46.fna",95.37,3.63
"3300055098_5.fna",97.01,4.27
"3300055098_20.fna",96.58,3.7
"3300055098_19.fna",89.74,2.59
"3300055098_30.fna",81.17,0.93
"3300055098_18.fna",98.24,1.99
"3300055098_6.fna",82.76,1.72
"3300055098_2.fna",92.06,1.75
"3300055098_31.fna",89.71,7.62
"3300055098_45.fna",98.08,6.84
"3300055098_41.fna",89.41,3.21
"3300055098_35.fna",71.89,2.99
"3300055098_25.fna",72.92,1.52
"3300055098_38.fna",98.24,2.56
"3300055098_8.fna",98.29,2.28
"3300055098_23.fna",84.63,1.9
"3300055098_22.fna",98.03,1.35
"3300055098_24.fna",88.8,2.93
"3300055258_11.fna",70.79,4.42
"3300055258_10.fna",95.32,8.97
"3300055258_31.fna",78.63,2.32
"3300055273_49.fna",88.85,4.4
"3300055273_24.fna",73.88,8.56
"3300055273_70.fna",98.28,0.86
"3300055273_59.fna",82.1,3.98
"3300055273_10.fna",73.39,5.17
"3300055273_14.fna",74.95,2.97
"3300055273_44.fna",77.27,3.85
"3300055273_52.fna",94.19,1.94
"3300055273_26.fna",96.41,5.86
"3300055273_90.fna",90.27,7.76
"3300055273_7.fna",96,0
"3300055273_29.fna",72.67,1.75
"3300055273_53.fna",95.36,2.99
"3300055273_51.fna",89.1,9.26
"3300055273_88.fna",87.61,1.1
"3300055273_86.fna",96.51,3.49
"3300055273_69.fna",94.87,8.97
"3300055273_87.fna",76.88,4.84
"3300055273_71.fna",74.09,1.82
"3300055273_61.fna",71.8,3.42
"3300055273_73.fna",84.6,6.52
"3300055273_36.fna",70.86,1.71
"3300055273_75.fna",90.91,2.5
"3300055273_72.fna",77.9,8.12
"3300055273_74.fna",78.33,2.06
"3300055277_17.fna",96.12,1.72
"3300055278_88.fna",76.88,5.05
"3300055278_33.fna",72.4,3.7
"3300055278_65.fna",84.14,2.61
"3300055278_68.fna",80.98,4.02
"3300055278_75.fna",75.21,1.71
"3300055278_32.fna",96.58,1.28
"3300055278_84.fna",72.08,4.27
"3300055278_64.fna",74.58,8.49
"3300055278_90.fna",78.98,1.01
"3300055278_9.fna",84.29,3.01
"3300055278_24.fna",94.87,6.84
"3300055278_77.fna",90.29,3.59
"3300055278_44.fna",97.58,2.63
"3300055278_37.fna",89.97,1.85
"3300055278_58.fna",91.75,4.73
"3300055278_48.fna",76.01,2.47
"3300055278_3.fna",96.72,2.56
"3300055278_23.fna",83.39,0.18
"3300055278_63.fna",90.19,5.45
"3300055278_60.fna",71.81,8.12
"3300055278_40.fna",92.22,4.27
"3300055278_51.fna",92.89,2.59
"3300055361_56.fna",91.75,1.05
"3300055361_46.fna",74.96,0
"3300055361_18.fna",70.69,8.62
"3300055361_72.fna",79.41,2.2
"3300055361_51.fna",71.1,4.37
"3300055458_14.fna",88.03,6.55
"3300055458_16.fna",94.87,3.85
"3300055458_32.fna",79.33,9.07
"3300055458_12.fna",90.09,1.95
"3300055458_10.fna",77.45,5.13
"3300055458_25.fna",93.16,8.97
"3300055458_4.fna",94.42,0.32
"3300055458_39.fna",73.73,0.46
"3300055458_35.fna",95.73,1.71
"3300055458_41.fna",87.78,2.2
"3300055458_18.fna",96.58,2.14
"3300055458_23.fna",72.71,2.97
"3300055460_27.fna",78.46,0.71
"3300055460_22.fna",82.18,0
"3300055460_33.fna",72.38,0.46
"3300055460_31.fna",90.1,2.41
"3300055460_21.fna",77.98,1.05
"3300055460_10.fna",98.81,3.37
"3300055460_28.fna",83.02,0.93
"3300055460_3.fna",92.06,1.37
"3300055460_15.fna",78.49,1.23
"3300055461_30.fna",76.12,0
"3300055461_17.fna",94.05,0.19
"3300055461_2.fna",76.52,7.11
"3300055461_16.fna",70.27,1.15
"3300055461_29.fna",79.04,0.48
"3300055461_34.fna",74.29,6.9
"3300055461_38.fna",97.97,1.59
"3300055461_5.fna",78.6,0.74
"3300055461_40.fna",95.12,2.06
"3300055461_26.fna",97.46,0.71
"3300055461_39.fna",71.91,0
"3300055462_26.fna",74.14,0
"3300055462_15.fna",89.2,1.64
"3300055462_21.fna",93.1,6.9
"3300055462_39.fna",100,2.14
"3300055462_8.fna",96.58,4.9
"3300055462_2.fna",88.31,6.14
"3300055462_18.fna",77.64,1.95
"3300055462_42.fna",98.29,2.21
"3300055462_34.fna",97.31,0.63
"3300055462_14.fna",76.15,4.21
"3300055462_40.fna",83.14,0.77
"3300055463_7.fna",79.03,0
"3300055463_22.fna",82.71,4.3
"3300055463_9.fna",79.14,3.77
"3300055463_5.fna",89.98,0
"3300055464_20.fna",72.41,0
"3300055464_15.fna",96.13,2.23
"3300055464_38.fna",98.94,0.37
"3300055464_26.fna",79.73,2.37
"3300055464_32.fna",89.72,1.21
"3300055464_31.fna",92.86,0.89
"3300055464_28.fna",76.5,1.8
"3300055464_27.fna",71.55,3.56
"3300055464_6.fna",99.52,4.68
"3300055465_20.fna",95.24,0.63
"3300055465_29.fna",88.71,5.89
"3300055465_11.fna",91.6,1.34
"3300055465_21.fna",98.58,1.11
"3300055465_4.fna",88.84,0.89
"3300055465_27.fna",73.28,0.86
"3300055465_8.fna",80.21,0.74
"3300055465_18.fna",81.35,3.1
"3300055465_33.fna",72.17,0
"3300055465_3.fna",82.36,1.01
"3300055465_31.fna",77.96,1.75
"3300055466_12.fna",76.84,0.16
"3300055466_2.fna",92.94,4.6
"3300055467_24.fna",86.34,3.61
"3300055467_6.fna",73.71,1.72
"3300055467_5.fna",72.05,2.74
"3300055467_8.fna",75.28,3.94
"3300055467_9.fna",87.07,1.04
"3300055467_3.fna",76.27,0.26
"3300055467_20.fna",76.78,0.83
"3300055467_13.fna",78.74,0
"3300055467_18.fna",98.13,0.77
"3300055468_10.fna",87.04,0.85
"3300055468_25.fna",71.69,3.63
"3300055468_29.fna",93.16,1.99
"3300055468_20.fna",92.02,1.28
"3300055468_13.fna",96.32,0.95
"3300055468_37.fna",87.14,2.2
"3300055468_40.fna",88.79,1.32
"3300055468_16.fna",75,0
"3300055468_33.fna",95.73,2.99
"3300055469_23.fna",89.23,2.94
"3300055469_43.fna",82.63,1.42
"3300055469_47.fna",94.17,1.95
"3300055469_35.fna",72.7,0
"3300055469_64.fna",78.54,0
"3300055469_26.fna",87.86,2.56
"3300055469_8.fna",93.62,0.56
"3300055469_61.fna",81.99,1.23
"3300055469_54.fna",82.91,0
"3300055469_50.fna",78.74,0
"3300055469_19.fna",96.56,3.93
"3300055469_15.fna",78.3,1.24
"3300055469_17.fna",84.25,3.86
"3300055470_15.fna",93.72,1.9
"3300055470_23.fna",85.85,1.58
"3300055470_8.fna",88.35,1.05
"3300055470_20.fna",87.89,1.8
"3300055470_11.fna",77.01,0
"3300055470_6.fna",92.17,1.71
"3300055470_1.fna",96.58,3.85
"3300055470_18.fna",87.1,0
"3300055470_9.fna",76.77,1.02
"3300055471_9.fna",82.76,0
"3300055471_3.fna",77.93,2.56
"3300055472_20.fna",80.56,1.62
"3300055472_32.fna",77.91,3.02
"3300055472_21.fna",92.15,3.42
"3300055472_35.fna",90.97,2.65
"3300055472_24.fna",85.68,1.5
"3300055472_15.fna",94.24,1
"3300055472_34.fna",85.9,2.14
"3300055472_28.fna",90.38,4.29
"3300055472_19.fna",76.65,1.2
"3300055472_22.fna",94.76,0.16
"3300055472_16.fna",97.44,1.28
"3300055472_25.fna",90.65,3.47
"3300055472_3.fna",97.03,0.63
"3300055473_39.fna",96.9,5.17
"3300055473_20.fna",72.65,0.89
"3300055473_14.fna",86.72,1.75
"3300055473_35.fna",74.55,2.73
"3300055473_38.fna",94.44,0.48
"3300055473_3.fna",75.38,0.93
"3300055473_51.fna",91.75,3.57
"3300055473_30.fna",81.47,1.64
"3300055473_24.fna",96.98,1.19
"3300055474_20.fna",95.06,6.63
"3300055474_9.fna",70.25,2.45
"3300055474_22.fna",98.29,2.14
"3300055474_36.fna",98.94,0.37
"3300055474_49.fna",89.4,1.84
"3300055474_24.fna",74.08,0.4
"3300055474_30.fna",90.49,0.29
"3300055474_18.fna",98.93,2.06
"3300055474_4.fna",97.8,0.4
"3300055474_11.fna",71.07,0
"3300055474_28.fna",88.39,0
"3300055474_16.fna",70.69,0
"3300055474_48.fna",96.03,2.86
"3300055484_13.fna",70.34,1.77
"3300055484_28.fna",95.62,0.98
"3300055484_20.fna",99.86,0
"3300055484_10.fna",72.4,1.14
"3300055484_7.fna",94.76,1.27
"3300055484_42.fna",73.48,1.12
"3300055485_25.fna",73.68,1.28
"3300055485_20.fna",79.6,0.85
"3300055485_24.fna",97.31,0.95
"3300055485_19.fna",84.14,6.44
"3300055485_13.fna",89.28,1.96
"3300055485_10.fna",94.02,2.14
"3300055486_21.fna",98.29,1.71
"3300055486_11.fna",92.31,3.85
"3300055486_8.fna",99.15,2.14
"3300055486_22.fna",89.6,1.35
"3300055486_12.fna",86.82,9.95
"3300055486_4.fna",97.18,0.63
"3300055486_2.fna",90.84,1.07
"3300055487_24.fna",73.48,1.12
"3300055487_2.fna",81.5,3.87
"3300055487_13.fna",82.38,4.34
"3300055487_14.fna",85.13,0.93
"3300055487_6.fna",77.25,4.7
"3300055488_10.fna",71.95,1.12
"3300055488_3.fna",89.05,0.65
"3300055488_28.fna",73.28,0
"3300055488_16.fna",90.03,2.09
"3300055488_37.fna",85.04,0.7
"3300055488_15.fna",91.72,0.88
"3300055488_36.fna",74.45,0.24
"3300055489_13.fna",92.19,0
"3300055489_19.fna",83.8,1.67
"3300055489_9.fna",74.52,0.2
"3300055489_20.fna",78.57,0.48
"3300055489_10.fna",76.97,0
"3300055489_17.fna",70.05,0.94
"3300055489_22.fna",99.52,3.25
"3300055490_22.fna",72.13,1.28
"3300055490_3.fna",94.11,5.11
"3300055490_6.fna",76.73,2.06
"3300055490_30.fna",87.96,3.42
"3300055490_19.fna",89.74,2.14
"3300055490_41.fna",91.74,9.16
"3300055490_12.fna",78.74,0
"3300055490_37.fna",84.14,0.79
"3300055490_11.fna",86.39,8.97
"3300055490_43.fna",91.88,2.14
"3300055490_14.fna",94.36,0.79
"3300055490_42.fna",89.57,3.42
"3300055491_40.fna",85.89,0
"3300055491_42.fna",97.69,2.25
"3300055491_3.fna",75.29,0
"3300055491_44.fna",81.64,4.81
"3300055491_2.fna",71.11,0
"3300055491_26.fna",84.48,5.17
"3300055491_45.fna",98.34,6.58
"3300055491_9.fna",83.61,4.96
"3300055491_6.fna",96.51,1.43
"3300055491_4.fna",90.58,0.26
"3300055492_37.fna",79.52,1.98
"3300055492_15.fna",76.33,2.87
"3300055492_21.fna",70.78,2.94
"3300055492_31.fna",80.75,1.97
"3300055492_17.fna",98,0.71
"3300055492_26.fna",76.52,7.66
"3300055492_43.fna",84.95,5.26
"3300055492_30.fna",72.98,4.55
"3300055493_18.fna",98.29,1.28
"3300055493_17.fna",96.19,1.14
"3300055494_20.fna",94.09,2.14
"3300055494_34.fna",87.83,6.84
"3300055494_9.fna",71.52,1.41
"3300055494_11.fna",96.52,1.74
"3300055494_3.fna",89.11,3.84
"3300055495_30.fna",70.58,0.31
"3300055495_15.fna",96.24,5.93
"3300055495_9.fna",90.71,1.38
"3300055495_23.fna",89.48,4.75
"3300055495_24.fna",72.01,7.34
"3300055496_14.fna",75.93,0
"3300055496_12.fna",88.84,0.89
"3300055496_33.fna",80.46,0
"3300055496_34.fna",82.02,1.96
"3300055496_28.fna",80.46,0
"3300055496_19.fna",98.35,0.48
"3300055496_20.fna",80.01,0.78
"3300055496_3.fna",75.87,0.78
"3300055496_27.fna",91.43,7.37
"3300055497_6.fna",79.54,0.72
"3300055497_25.fna",92.78,4.43
"3300055497_26.fna",98.52,1.64
"3300055497_24.fna",82.27,1.82
"3300055497_1.fna",96.51,1.19
"3300055497_23.fna",82.63,0.48
"3300055497_22.fna",95.48,0.18
"3300055497_43.fna",99.4,2.09
"3300055497_21.fna",94.76,0.95
"3300055497_53.fna",75.86,3.6
"3300055497_39.fna",70.71,0
"3300055497_16.fna",94.42,1.07
"3300055498_14.fna",99.14,8.62
"3300055498_19.fna",98.44,1.13
"3300055498_11.fna",71.59,8.43
"3300055498_9.fna",75.45,4.09
"3300055498_15.fna",76.71,0
"3300055498_23.fna",99.05,1.11
"3300055498_8.fna",75.33,2.33
"3300055498_1.fna",98.94,0.37
"3300055498_7.fna",89.66,2.96
"3300055498_3.fna",72.19,0.91
"3300055499_2.fna",78.29,1.28
"3300055499_14.fna",88.04,0.23
"3300055499_16.fna",94.65,3.84
"3300055500_12.fna",83.93,0
"3300055500_2.fna",79.71,1.05
"3300055500_22.fna",80.46,0
"3300055501_28.fna",77.57,0.48
"3300055501_14.fna",82.18,0
"3300055501_8.fna",89.74,2.85
"3300055501_21.fna",77.01,0
"3300055501_1.fna",83.96,3.6
"3300055502_23.fna",98.03,1.72
"3300055502_27.fna",79.31,0
"3300055502_1.fna",97.54,1.15
"3300055502_5.fna",99.4,1.11
"3300055502_14.fna",90.52,1.1
"3300055502_31.fna",99.05,0.63
"3300055502_32.fna",98.94,0.37
"3300055502_12.fna",86.24,4.05
"3300055503_14.fna",76.82,1.54
"3300055503_11.fna",97.44,2.14
"3300055503_4.fna",98.85,0.48
"3300055503_18.fna",97.81,5.93
"3300055504_20.fna",84.28,1.89
"3300055504_5.fna",88.93,3.95
"3300055504_25.fna",98.29,2.14
"3300055504_19.fna",95.15,0.47
"3300055504_21.fna",80.71,0.6
"3300055504_17.fna",78.74,0
"3300055504_36.fna",84.35,0.53
"3300055504_11.fna",76.69,5.26
"3300055504_4.fna",84.49,2.25
"3300055505_18.fna",83.62,5.96
"3300055505_33.fna",76.3,4.93
"3300055505_19.fna",96.51,0.95
"3300055505_30.fna",78.25,1.11
"3300055505_25.fna",78.1,1.87
"3300055505_7.fna",98.57,0.63
"3300055505_44.fna",95.07,1.72
"3300055505_2.fna",70.54,0
"3300055505_48.fna",78.72,6.31
"3300055505_53.fna",77.28,4.91
"3300055505_10.fna",86.07,5.26
"3300055505_23.fna",90.4,0.63
"3300055505_4.fna",80.84,0.53
"3300055505_6.fna",88.55,0.63
"3300055506_4.fna",76.75,2.98
"3300055506_2.fna",99.05,0.63
"3300055506_9.fna",99.52,1.11
"3300055506_8.fna",84.94,0.13
"3300055506_18.fna",100,1.72
"3300055507_13.fna",98.27,0.05
"3300055507_21.fna",93.71,0.57
"3300055507_8.fna",89.53,2.85
"3300055507_19.fna",97.01,2.56
"3300055507_7.fna",85.21,3.06
"3300055507_24.fna",90.7,2.87
"3300055507_16.fna",81.62,1.71
"3300055507_30.fna",72.7,0.11
"3300055508_25.fna",98.81,3.37
"3300055508_31.fna",74.3,9.21
"3300055508_30.fna",94.33,2.26
"3300055508_19.fna",91.25,1.44
"3300055509_7.fna",89.1,0.44
"3300055509_15.fna",79.69,0.53
"3300055509_17.fna",93.53,0
"3300055509_10.fna",82.18,0
"3300055509_13.fna",85.36,1.93
"3300055509_31.fna",88.72,0.53
"3300055509_22.fna",93.19,5.06
"3300055509_24.fna",92.57,2.12
"3300055510_21.fna",87.26,0
"3300055510_26.fna",97.19,2.38
"3300055510_13.fna",92.68,0
"3300055510_28.fna",75,3.45
"3300055510_24.fna",73.43,0.43
"3300055510_19.fna",70.63,0.53
"3300055511_11.fna",98.29,1.71
"3300055511_17.fna",97.18,0.63
"3300055511_28.fna",82.69,1.49
"3300055511_21.fna",78.49,0.28
"3300055511_9.fna",81.59,2.63
"3300055511_16.fna",76.16,2.5
"3300055511_19.fna",92.94,0.4
"3300055511_30.fna",82.28,4.45
"3300055512_6.fna",73.41,1.35
"3300055512_5.fna",78.57,1.79
"3300055512_8.fna",83.26,2.22
"3300055512_7.fna",86.15,3.82
"3300055512_2.fna",80.94,0
"3300055512_27.fna",80.64,1.71
"3300055512_11.fna",95.12,6.57
"3300055512_19.fna",92.1,1.18
"3300055512_18.fna",78.74,0
"3300055513_8.fna",81.03,1.72
"3300055513_3.fna",99.51,1.64
"3300055513_15.fna",95.47,6.15
"3300055513_12.fna",75.38,0.93
"3300055513_19.fna",95.57,1.97
"3300055513_16.fna",86.25,2.46
"3300055513_17.fna",75.32,0
"3300055514_12.fna",87.02,1.55
"3300055514_10.fna",95.57,2.23
"3300055514_5.fna",98.59,0.37
"3300055514_2.fna",99.51,3.86
"3300055514_18.fna",99.51,0.99
"3300055514_6.fna",93.3,0.05
"3300055514_17.fna",74.73,3.49
"3300055515_4.fna",75.5,2.14
"3300055515_30.fna",81.28,0.18
"3300055515_14.fna",78.3,2.63
"3300055515_28.fna",75.62,4.12
"3300055515_27.fna",82.76,0.85
"3300055515_29.fna",75.28,0.66
"3300055515_1.fna",91.15,2.62
"3300055515_10.fna",78.29,0.89
"3300055515_13.fna",78.74,0
"3300055515_21.fna",98.94,0.37
"3300055516_6.fna",85.07,2.75
"3300055516_10.fna",80.77,1.48
"3300055516_20.fna",98.29,1.28
"3300055516_12.fna",78.47,0.98
"3300055516_3.fna",100,1.28
"3300055517_5.fna",75.83,4.94
"3300055517_30.fna",97.67,0.56
"3300055517_36.fna",72.28,1.18
"3300055517_19.fna",93.65,6.91
"3300055517_20.fna",89.57,6.92
"3300055517_22.fna",78.74,0
"3300055517_41.fna",80.29,2.96
"3300055517_31.fna",78.67,0.93
"3300055517_38.fna",99.93,4.49
"3300055518_8.fna",70.3,2.27
"3300055518_23.fna",71.2,0
"3300055518_4.fna",96.67,1.53
"3300055518_19.fna",95.56,0.24
"3300055518_30.fna",93.08,2.96
"3300055518_12.fna",99.49,0.44
"3300055518_34.fna",85.46,1.11
"3300055519_24.fna",97.22,0.4
"3300055519_22.fna",77.09,1.19
"3300055519_19.fna",80.56,8.49
"3300055519_37.fna",82.62,2.56
"3300055519_20.fna",78.27,4.33
"3300055519_9.fna",88.71,0.99
"3300055519_15.fna",82.75,0.53
"3300055520_4.fna",97.18,0.79
"3300055520_1.fna",98.29,2.14
"3300055520_7.fna",71.86,0
"3300055520_21.fna",70.37,0.93
"3300055520_19.fna",80.72,2.73
"3300055520_16.fna",78.21,0
"3300055520_8.fna",89.56,5.01
"3300055520_12.fna",81.84,3.66
"3300055521_18.fna",72.74,0.77
"3300055521_1.fna",73.5,1.28
"3300055521_8.fna",97.16,0.77
"3300055521_5.fna",72.51,9.29
"3300055521_35.fna",96.21,0.63
"3300055522_23.fna",93.73,6.91
"3300055522_27.fna",88,0.48
"3300055522_25.fna",77.86,1.05
"3300055522_40.fna",74.64,0.18
"3300055522_26.fna",88.75,2.14
"3300055522_44.fna",81.88,3.42
"3300055522_41.fna",71.05,0.7
"3300055522_37.fna",83.43,4.29
"3300055522_14.fna",95.04,0.77
"3300055522_31.fna",93.84,0.79
"3300055522_4.fna",81.37,0.06
"3300055522_12.fna",80.86,5.78
"3300055523_26.fna",95.32,2.8
"3300055523_20.fna",72.59,0
"3300055523_25.fna",97.06,0.71
"3300055523_5.fna",92.28,2.73
"3300055523_19.fna",75.29,0
"3300055523_32.fna",75.91,0.5
"3300055523_8.fna",96.98,0.48
"3300055523_27.fna",72.32,0
"3300055523_40.fna",90.49,1.67
"3300055523_29.fna",71.66,1.84
"3300055524_19.fna",73.03,3.86
"3300055524_4.fna",78.66,1.59
"3300055524_24.fna",97.94,0.87
"3300055524_2.fna",94.83,8.46
"3300055524_6.fna",84.76,6.75
"3300055524_17.fna",99.14,1.11
"3300055524_11.fna",98.29,2.99
"3300055525_6.fna",81.37,3.3
"3300055525_11.fna",70,0
"3300055525_34.fna",97.44,1.28
"3300055525_31.fna",83,2.81
"3300055525_25.fna",83.31,1.01
"3300055525_47.fna",82.08,1.88
"3300055525_46.fna",85.74,1.33
"3300055525_19.fna",80.63,1.28
"3300055525_21.fna",93.83,0.5
"3300055525_22.fna",97.44,2.99
"3300055525_28.fna",83.35,8.13
"3300055525_7.fna",86.32,0.43
"3300055563_22.fna",99.06,0.48
"3300055563_7.fna",82.35,0.36
"3300055563_19.fna",95.73,2.14
"3300055563_5.fna",71.37,1.28
"3300055563_4.fna",71.85,0.58
"3300055563_3.fna",98.65,2.38
"3300055563_27.fna",71.63,5.16
"3300055723_15.fna",79.81,1.71
"3300055723_25.fna",98.29,2.14
"3300055723_17.fna",79.53,4.56
"3300055723_11.fna",72.64,0.7
"3300055723_6.fna",72.76,2.8
"3300055723_10.fna",82.82,2.75
"3300055723_18.fna",96.96,1.38
"3300055724_21.fna",81.24,5.98
"3300055724_13.fna",87.19,1.05
"3300055724_9.fna",82,2.14
"3300055724_11.fna",98.29,1.28
"3300055724_2.fna",83.51,0.84
"3300055724_19.fna",96.83,0.71
"3300055724_12.fna",85.19,1.8
"3300056387_8.fna",97.84,0.86
"3300056387_26.fna",82.14,8.55
"3300056387_23.fna",71.53,0.07
"3300056387_27.fna",81.53,1.51
"3300056587_60.fna",80.6,0
"3300056587_83.fna",99.73,4.56
"3300056587_41.fna",81.59,2.25
"3300056587_106.fna",97.44,6.41
"3300056587_119.fna",89.74,2.14
"3300056587_115.fna",97.85,7.09
"3300056587_116.fna",95.95,5.6
"3300056587_52.fna",95.69,3.92
"3300056587_57.fna",98.86,2.99
"3300056587_120.fna",89.84,2.56
"3300056587_107.fna",86.45,2.14
"3300056587_112.fna",95.27,4.89
"3300056587_110.fna",98.26,5.22
"3300056587_64.fna",71.3,0.43
"3300056587_28.fna",86.68,6.06
"3300056587_63.fna",99.09,0
"3300056587_102.fna",90.38,5.98
"3300056587_111.fna",92.31,2.56
"3300056587_100.fna",97.01,0
"3300056587_46.fna",81.7,0.88
"3300056587_121.fna",94.71,6.79
"3300056600_44.fna",97.14,0.48
"3300056600_47.fna",84.12,3.68
"3300056600_60.fna",71.1,0
"3300056600_9.fna",81.03,6.9
"3300056600_37.fna",71.55,0.86
"3300056601_6.fna",88.6,0.79
"3300056601_10.fna",78.6,3.45
"3300056601_13.fna",70.3,0.99
"3300056601_3.fna",98.23,0.37
"3300056601_9.fna",73.43,0
"3300056602_11.fna",95.73,2.14
"3300056602_6.fna",97.44,1.71
"3300056602_7.fna",96.8,0.63
"3300056602_8.fna",85.43,3.09
"3300056603_23.fna",96.77,1.28
"3300056603_10.fna",85.14,0.81
"3300056603_22.fna",94.1,2.14
"3300056603_1.fna",82.56,0.58
"3300056603_12.fna",97.18,0.95
"3300056603_13.fna",82.53,1.05
"3300056614_19.fna",72.64,2.06
"3300056614_13.fna",91.87,0
"3300056614_12.fna",81.72,2.18
"3300056614_16.fna",74.26,0.5
"3300056614_14.fna",80.21,0.74
"3300056615_25.fna",98.86,1.35
"3300056615_7.fna",82.44,0.24
"3300056615_12.fna",96.03,1.68
"3300056615_20.fna",91.61,4.29
"3300056615_11.fna",73.98,0.89
"3300056615_1.fna",73.26,0
"3300056615_18.fna",88.18,0.92
"3300056673_28.fna",97.8,2.2
"3300056673_30.fna",95.73,2.14
"3300056673_55.fna",91.54,2.16
"3300056673_141.fna",91.78,0.37
"3300056673_228.fna",94.49,3.31
"3300056673_136.fna",90.85,1.16
"3300056673_50.fna",88.07,1.99
"3300056673_53.fna",90.69,7.15
"3300056673_297.fna",82.69,6.86
"3300056673_10.fna",78.03,1.94
"3300056673_299.fna",99.12,0
"3300056673_108.fna",78.96,0.7
"3300056673_304.fna",72.36,1.12
"3300056673_81.fna",97.76,1.49
"3300056673_86.fna",96.28,0.51
"3300056673_101.fna",91.47,1.85
"3300056673_103.fna",97.63,2.32
"3300056673_146.fna",95.73,8.97
"3300056673_147.fna",93.15,2.05
"3300056673_301.fna",98.96,0
"3300056673_224.fna",89.14,0
"3300056673_37.fna",96.95,3.78
"3300056673_42.fna",98.16,2.68
"3300056673_205.fna",84.62,4.37
"3300056673_144.fna",99.93,3.37
"3300056673_214.fna",99.05,3.33
"3300056673_52.fna",94.83,1.15
"3300056673_24.fna",78.85,1.47
"3300056673_241.fna",73.56,0.31
"3300056673_220.fna",99.37,0.48
"3300056673_13.fna",81.76,1.26
"3300056673_276.fna",84.92,1.58
"3300056673_204.fna",73.98,0.22
"3300056673_159.fna",75.5,0.48
"3300056673_291.fna",97.44,0
"3300056673_298.fna",93.99,5.73
"3300056673_95.fna",78.33,4.09
"3300056673_98.fna",70.63,0.91
"3300056673_273.fna",77.59,0
"3300056673_33.fna",96.53,0.9
"3300056673_230.fna",97.88,1.5
"3300056673_150.fna",77.09,1.28
"3300056673_211.fna",87.45,1.61
"3300056673_233.fna",79.42,0.23
"3300056673_238.fna",87.71,0
"3300056673_162.fna",73.77,0
"3300056673_78.fna",95.26,0
"3300056673_198.fna",89.25,3.19
"3300056673_191.fna",80.46,1.71
"3300056673_277.fna",90.17,2.56
"3300056673_151.fna",98.1,0
"3300056673_73.fna",75.37,4.4
"3300056673_232.fna",92.72,1.4
"3300056673_26.fna",93.7,1.37
"3300056673_12.fna",98.29,2.14
"3300056673_123.fna",86.48,1.88
"3300056673_22.fna",96.19,0.71
"3300056673_166.fna",95.24,3.7
"3300056673_6.fna",73.91,3.44
"3300056673_71.fna",97.08,1.93
"3300056673_148.fna",92.88,0
"3300056673_119.fna",89.42,1.45
"3300056673_9.fna",85.56,1.56
"3300056673_145.fna",98.71,2.59
"3300056673_215.fna",86.11,1.85
"3300056673_218.fna",89.21,1.62
"3300056673_165.fna",91.27,0.41
"3300056673_126.fna",95.73,0.85
"3300056673_272.fna",76.55,1.72
"3300056673_70.fna",71.72,6.03
"3300056673_7.fna",86.41,6.27
"3300056673_114.fna",86.64,3.17
"3300056673_160.fna",71.79,1.71
"3300056673_161.fna",94.05,0.19
"3300056673_262.fna",99.51,2.46
"3300056673_75.fna",79.08,2.73
"3300056673_268.fna",97.22,1.31
"3300056673_196.fna",88.46,1.74
"3300056673_112.fna",96.98,0.71
"3300056673_60.fna",88.85,2.92
"3300056673_67.fna",98.21,0
"3300056673_113.fna",95.13,0.91
"3300056673_182.fna",77.48,3.91
"3300056673_260.fna",72.41,0
"3300056673_286.fna",89.65,0.32
"3300056673_29.fna",97.8,0.1
"3300056673_287.fna",95.01,5.23
"3300056673_179.fna",71.57,4.4
"3300056673_167.fna",92.95,3.23
"3300056673_188.fna",96.1,2.52
"3300056673_115.fna",79.27,2.03
"3300056673_258.fna",98.96,0.52
"3300056673_252.fna",71.1,0
"3300056673_251.fna",85.15,3.16
"3300056673_183.fna",88.68,1.01
"3300056673_185.fna",99.15,2.14
"3300056673_189.fna",79.23,1.59
"3300056673_259.fna",100,3.85
"3300056673_197.fna",96.09,1.94
"3300056673_175.fna",94.4,0.73
"3300056673_174.fna",99.27,0.22
"3300056673_170.fna",96.51,1.19
"3300056673_254.fna",82.03,0
"3300056673_176.fna",97.31,0.63
"3300056673_269.fna",82.26,2.58
"3300056673_181.fna",73.07,0
"3300056673_25.fna",93,0.65
"3300056674_173.fna",89.78,0.48
"3300056674_247.fna",95.26,2.59
"3300056674_174.fna",84.82,4.74
"3300056674_236.fna",95.71,6.21
"3300056674_301.fna",97.41,3.04
"3300056674_172.fna",77.59,5.52
"3300056674_303.fna",78.45,1.72
"3300056674_305.fna",91.85,5.31
"3300056674_249.fna",77.86,2.34
"3300056674_302.fna",85.39,6.64
"3300056674_177.fna",80.91,2.69
"3300056674_150.fna",80.26,0.53
"3300056674_251.fna",78.74,0
"3300056674_154.fna",93.72,0.5
"3300056674_162.fna",86.15,2.56
"3300056674_110.fna",91.27,0.24
"3300056674_317.fna",74.49,0.66
"3300056674_1.fna",96.15,1.71
"3300056674_8.fna",96.7,2.2
"3300056674_300.fna",89.73,1.42
"3300056674_155.fna",70.06,0
"3300056674_161.fna",77.52,2.75
"3300056674_265.fna",74.33,0.86
"3300056674_184.fna",86.31,2.78
"3300056674_164.fna",100,5.56
"3300056674_112.fna",94.78,1.96
"3300056674_114.fna",77.19,0
"3300056674_318.fna",92.26,0.95
"3300056674_98.fna",73.27,3.16
"3300056674_30.fna",100,0.44
"3300056674_99.fna",96.97,2.11
"3300056674_229.fna",82.91,0.88
"3300056674_181.fna",84.82,4.46
"3300056674_107.fna",88.5,2.36
"3300056674_84.fna",79.31,1.72
"3300056674_183.fna",96.98,1.43
"3300056674_38.fna",89.65,0.32
"3300056674_291.fna",86.98,0.48
"3300056674_293.fna",98.86,2.27
"3300056674_189.fna",95.64,2.37
"3300056674_171.fna",97.8,8.24
"3300056674_10.fna",99.12,0
"3300056674_147.fna",95.99,0.5
"3300056674_234.fna",97.74,0.47
"3300056674_240.fna",88.79,2.16
"3300056674_34.fna",97.92,2.23
"3300056674_314.fna",90.26,0.19
"3300056674_169.fna",85.12,2.88
"3300056674_96.fna",82.18,0
"3300056674_15.fna",81.33,0.85
"3300056674_257.fna",92.28,1.64
"3300056674_106.fna",93.11,3.4
"3300056674_36.fna",93.44,2.6
"3300056674_304.fna",86.21,0
"3300056674_130.fna",80.91,5.45
"3300056674_21.fna",92.77,1.01
"3300056674_108.fna",88.39,0.45
"3300056674_109.fna",87.42,2.4
"3300056674_115.fna",77.59,0
"3300056674_92.fna",80.2,2.52
"3300056674_121.fna",98.94,0.37
"3300056674_97.fna",94.86,1.08
"3300056674_226.fna",93.73,2.26
"3300056674_255.fna",77.59,0
"3300056674_103.fna",86.92,4.98
"3300056674_86.fna",92.11,4.13
"3300056674_210.fna",85.42,2.82
"3300056674_213.fna",80.98,8.51
"3300056674_120.fna",94.29,3.47
"3300056674_3.fna",99.45,3.01
"3300056674_143.fna",83.12,2.18
"3300056674_78.fna",86.88,3.24
"3300056674_70.fna",94.83,0.86
"3300056674_289.fna",97.31,0.63
"3300056674_127.fna",99.15,1.28
"3300056674_9.fna",86.29,2.16
"3300056674_90.fna",90.6,1.91
"3300056674_311.fna",86.55,6.82
"3300056674_91.fna",90.32,0.48
"3300056674_94.fna",84.45,4.73
"3300056674_32.fna",98.43,1.59
"3300056674_224.fna",99.51,0.86
"3300056674_277.fna",97.35,2.63
"3300056674_199.fna",76.28,2.88
"3300056674_320.fna",74.85,4.91
"3300056674_28.fna",86.98,0.15
"3300056674_205.fna",93.84,0.4
"3300056674_133.fna",75.02,1.91
"3300056674_136.fna",96.53,1.9
"3300056674_39.fna",94.12,0.95
"3300056674_294.fna",96.35,0.95
"3300056674_191.fna",86.15,3.07
"3300056674_142.fna",96.06,2.46
"3300056674_272.fna",99.93,3.37
"3300056674_68.fna",94.44,0
"3300056674_222.fna",88.39,7.14
"3300056674_123.fna",95.52,0.58
"3300056674_126.fna",85.45,0
"3300056674_58.fna",98.96,0
"3300056674_137.fna",98.51,0.34
"3300056674_297.fna",98.52,1.64
"3300056674_140.fna",97.44,3.09
"3300056674_275.fna",70.11,0.07
"3300056674_122.fna",87.25,0.75
"3300056674_194.fna",93.05,5.49
"3300056674_192.fna",76.29,0.58
"3300056674_129.fna",96.55,1.72
"3300056674_57.fna",98.33,0
"3300056674_46.fna",86.21,2.98
"3300056674_221.fna",97.01,1.28
"3300056674_139.fna",99.49,0.08
"3300056674_71.fna",85.87,0.75
"3300056674_67.fna",88.89,0.93
"3300056674_66.fna",71.1,0
"3300056674_6.fna",72.86,0.29
"3300056674_44.fna",99.32,4.08
"3300056674_124.fna",91.97,0.96
"3300056674_61.fna",90.99,2.29
"3300056674_43.fna",97.71,0.71
"3300056674_63.fna",87.45,5.87
"3300056674_47.fna",99.41,3.61
"3300056674_50.fna",77.76,0
"3300056675_182.fna",70.03,2.82
"3300056675_228.fna",96.46,0.68
"3300056675_183.fna",96.58,2.23
"3300056675_178.fna",84.53,8.24
"3300056675_163.fna",91.9,9.07
"3300056675_23.fna",98.26,0.43
"3300056675_154.fna",99.51,4.93
"3300056675_188.fna",90.97,2.58
"3300056675_151.fna",99.12,0
"3300056675_152.fna",98.3,2.27
"3300056675_161.fna",95.83,1.74
"3300056675_96.fna",99.38,0.93
"3300056675_114.fna",94.84,1.79
"3300056675_231.fna",75.83,1.57
"3300056675_117.fna",94.76,0.24
"3300056675_234.fna",99.93,3.37
"3300056675_166.fna",98.94,0.37
"3300056675_150.fna",83.31,1.37
"3300056675_177.fna",98.63,7.97
"3300056675_18.fna",92.12,4.31
"3300056675_246.fna",93.14,0.42
"3300056675_54.fna",99.51,2.13
"3300056675_116.fna",86.72,3.43
"3300056675_16.fna",95.21,1.51
"3300056675_56.fna",87.37,1.54
"3300056675_237.fna",72.43,0.77
"3300056675_48.fna",78.03,2.05
"3300056675_149.fna",98.68,0.93
"3300056675_15.fna",84.18,2.81
"3300056675_3.fna",70.14,2.2
"3300056675_230.fna",95.85,0.25
"3300056675_31.fna",97.88,1.5
"3300056675_34.fna",94.95,0
"3300056675_55.fna",99.51,0.86
"3300056675_118.fna",93.6,1.36
"3300056675_189.fna",99.37,0.48
"3300056675_5.fna",88.75,0.96
"3300056675_51.fna",70.4,0
"3300056675_245.fna",70.8,1.48
"3300056675_53.fna",96.54,2.19
"3300056675_30.fna",96.98,1.37
"3300056675_241.fna",94.6,0.95
"3300056675_207.fna",90.69,1.84
"3300056675_35.fna",90.94,0.32
"3300056675_233.fna",98.57,0
"3300056675_36.fna",91.67,0.93
"3300056675_38.fna",71.1,0
"3300056675_226.fna",95.48,3.57
"3300056675_285.fna",87,1.54
"3300056675_89.fna",92.72,3.68
"3300056675_9.fna",83.23,3.63
"3300056675_93.fna",73.3,1.41
"3300056675_243.fna",90.89,2.33
"3300056675_155.fna",92.25,1.25
"3300056675_247.fna",80.6,2.56
"3300056675_25.fna",98.96,0
"3300056675_60.fna",90.41,0.26
"3300056675_119.fna",95.54,1.88
"3300056675_29.fna",98.83,0.48
"3300056675_147.fna",81.03,0
"3300056675_52.fna",93.1,0.46
"3300056675_24.fna",100,2.99
"3300056675_205.fna",93.05,0.47
"3300056675_68.fna",100,2.99
"3300056675_195.fna",92.15,0.58
"3300056675_137.fna",84.92,0.53
"3300056675_139.fna",92.41,0.89
"3300056675_222.fna",91.03,2.2
"3300056675_191.fna",79.52,0
"3300056675_12.fna",97.8,1.89
"3300056675_192.fna",97.82,2.97
"3300056675_130.fna",97.31,0.63
"3300056675_86.fna",88.84,0.65
"3300056675_124.fna",97.01,0
"3300056675_26.fna",86.77,0
"3300056675_133.fna",86.27,0.88
"3300056675_76.fna",76.89,0.15
"3300056675_252.fna",91.3,1.67
"3300056675_224.fna",71.5,6.45
"3300056675_148.fna",83.26,0.53
"3300056675_283.fna",90.52,0
"3300056675_170.fna",97.22,1.31
"3300056675_278.fna",96.51,1.19
"3300056675_269.fna",98.61,0.22
"3300056675_134.fna",71.73,4.96
"3300056675_136.fna",95.24,0.71
"3300056675_145.fna",97.46,2.86
"3300056675_142.fna",85.09,1.02
"3300056675_144.fna",98.96,0
"3300056675_120.fna",93.26,6.74
"3300056675_281.fna",78.74,0
"3300056675_72.fna",80.35,0.59
"3300056675_73.fna",81.03,4.23
"3300056675_64.fna",93.43,0.7
"3300056675_132.fna",72.36,1.12
"3300056675_275.fna",82.07,0.86
"3300056675_8.fna",88.29,0.49
"3300056675_260.fna",94.83,0.86
"3300056675_221.fna",96.58,2.14
"3300056675_258.fna",95.18,3.72
"3300056675_273.fna",97.54,1.15
"3300056675_7.fna",94.68,3.96
"3300056675_263.fna",86.85,4.76
"3300056675_83.fna",95.73,2.99
"3300056675_280.fna",81.71,3.64
"3300056675_71.fna",88.07,9.05
"3300056675_61.fna",78.42,0
"3300056675_266.fna",83.92,3.96
"3300056675_85.fna",80,4.4
"3300056675_261.fna",78.83,1.18
"3300056676_119.fna",92.82,1.25
"3300056676_11.fna",92.74,2.99
"3300056676_125.fna",82.99,0.53
"3300056676_128.fna",78.74,0
"3300056676_62.fna",82.18,0
"3300056676_85.fna",82.33,1.16
"3300056676_64.fna",95.5,1.46
"3300056676_102.fna",82.38,0
"3300056676_104.fna",98.73,0.74
"3300056676_111.fna",92.38,0
"3300056676_124.fna",90.75,1.88
"3300056676_109.fna",96.51,1.56
"3300056676_103.fna",98.94,1.34
"3300056676_12.fna",96.31,0.51
"3300056676_117.fna",98.96,4.29
"3300056676_129.fna",98.79,0.56
"3300056676_118.fna",97.46,1.19
"3300056676_107.fna",72.41,0.86
"3300056676_127.fna",81.1,1.02
"3300056676_17.fna",94.54,7.61
"3300056676_80.fna",92.56,1.33
"3300056676_81.fna",97.04,1.72
"3300056676_169.fna",92.48,6.97
"3300056676_162.fna",91.96,1.79
"3300056676_115.fna",99.49,3.5
"3300056676_65.fna",78.81,6.85
"3300056676_68.fna",79.18,3.77
"3300056676_106.fna",98.59,0.37
"3300056676_130.fna",99.37,1.59
"3300056676_72.fna",77.78,1.85
"3300056676_79.fna",90.89,0.74
"3300056676_175.fna",88.24,0
"3300056676_82.fna",98.03,1.5
"3300056676_50.fna",99.93,3.37
"3300056676_116.fna",72.29,0.43
"3300056676_122.fna",94.71,0.63
"3300056676_101.fna",93.59,3.85
"3300056676_166.fna",99.01,1.15
"3300056676_36.fna",70.21,3.55
"3300056676_70.fna",96.45,2.21
"3300056676_9.fna",92.58,3.32
"3300056676_161.fna",93.53,1.29
"3300056676_18.fna",98.29,2.14
"3300056676_179.fna",88.99,2.74
"3300056676_123.fna",99.4,2.71
"3300056676_7.fna",90.4,4.68
"3300056676_10.fna",80.99,0
"3300056676_198.fna",75.07,2.56
"3300056676_88.fna",79.46,1.79
"3300056676_187.fna",89.87,8.79
"3300056676_157.fna",82.74,1.89
"3300056676_74.fna",97.01,0
"3300056676_191.fna",91,3.97
"3300056676_49.fna",94.36,1.58
"3300056676_97.fna",95.57,2.46
"3300056676_94.fna",80.46,0
"3300056676_144.fna",89.24,1.9
"3300056676_34.fna",94.56,3.23
"3300056676_33.fna",89.78,0.48
"3300056676_131.fna",89.4,7.81
"3300056676_53.fna",96.12,3.52
"3300056676_139.fna",92.48,0
"3300056676_136.fna",95.39,2.6
"3300056676_26.fna",82.34,6.17
"3300056676_14.fna",95.59,0.32
"3300056676_143.fna",98.42,1.9
"3300056676_190.fna",91.28,2.56
"3300056676_38.fna",73.5,0.87
"3300056676_150.fna",81.27,2.59
"3300056676_153.fna",89.78,2.69
"3300056676_41.fna",73.43,0.99
"3300056676_196.fna",76.76,0.4
"3300056676_48.fna",99.45,1.82
"3300056676_27.fna",80.23,1.03
"3300056676_195.fna",89.24,0
"3300056676_92.fna",87.57,1.11
"3300056677_21.fna",98.44,2.54
"3300056677_13.fna",97.94,0.24
"3300056677_25.fna",82,0.13
"3300056677_24.fna",82.46,0
"3300056677_8.fna",96.47,0.02
"3300056677_26.fna",70.17,1.72
"3300056677_27.fna",95.56,3.33
"3300056678_20.fna",87.91,3.26
"3300056678_23.fna",70.72,7.14
"3300056678_29.fna",70.71,0
"3300056678_15.fna",96.45,4.1
"3300056678_7.fna",88.1,3.1
"3300056678_18.fna",72.38,0
"3300056678_13.fna",99.93,3.37
"3300056678_32.fna",85.56,0.44
"3300056678_19.fna",73.21,0.16
"3300056678_17.fna",85.98,0.35
"3300056678_30.fna",96.75,1.19
"3300056679_27.fna",78.19,0.24
"3300056679_7.fna",95.04,0.38
"3300056679_5.fna",98.91,0.22
"3300056679_15.fna",78.19,3.3
"3300056679_14.fna",95.61,0.77
"3300056680_4.fna",97.04,0.37
"3300056680_1.fna",76.96,0.74
"3300056681_11.fna",97.44,2.14
"3300056681_12.fna",95.68,0.69
"3300056681_1.fna",92.99,0
"3300056681_6.fna",100,1.28
"3300056681_14.fna",81.77,1.28
"3300056681_2.fna",75.17,1.71
"3300056681_18.fna",71.88,3.85
"3300056681_7.fna",72.06,4.27
"3300056682_23.fna",94.02,2.14
"3300056682_5.fna",96.21,0.63
"3300056682_28.fna",93.35,1.28
"3300056682_14.fna",72.9,5.18
"3300056682_4.fna",96.5,1.28
"3300056682_15.fna",95.98,1.74
"3300056682_27.fna",72.91,3.48
"3300056683_6.fna",82.05,1.28
"3300056683_19.fna",93.06,2.14
"3300056683_15.fna",72.76,3.55
"3300056684_20.fna",94.32,2.25
"3300056684_6.fna",85.38,2.02
"3300056684_8.fna",96.45,0.48
"3300056684_35.fna",83.1,3.45
"3300056684_7.fna",77.01,0
"3300056684_36.fna",82.18,0
"3300056684_13.fna",95.79,0.24
"3300056684_30.fna",82.99,1.05
"3300056685_26.fna",78.06,0.9
"3300056685_20.fna",83.76,2.06
"3300056685_11.fna",96.03,0.95
"3300056685_3.fna",98.77,2.22
"3300056685_17.fna",71.1,0
"3300056685_2.fna",80.77,0.79
"3300056685_16.fna",92.88,1.19
"3300056686_9.fna",97.54,1.72
"3300056686_7.fna",89.29,0
"3300056686_5.fna",98.94,0.37
"3300056687_12.fna",85.64,0.66
"3300056687_19.fna",97.37,0.83
"3300056687_20.fna",77.35,0
"3300056688_3.fna",93.16,2.14
"3300056688_11.fna",73.45,0.09
"3300056688_16.fna",97.01,2.14
"3300056688_8.fna",94.62,0.32
"3300056688_13.fna",99.15,3.42
"3300056689_11.fna",96.58,2.56
"3300056689_5.fna",93.04,1.59
"3300056690_17.fna",80.39,1.22
"3300056690_16.fna",78.61,0
"3300056690_7.fna",72.92,1.18
"3300056691_12.fna",72.62,0.34
"3300056691_23.fna",89.9,6.55
"3300056691_16.fna",70.91,1.48
"3300056691_17.fna",99.86,0
"3300056691_30.fna",98.83,0.44
"3300056691_39.fna",98.29,2.99
"3300056692_27.fna",92.89,0.19
"3300056692_33.fna",99.11,2.39
"3300056692_32.fna",76.46,0.86
"3300056692_13.fna",93,1.51
"3300056692_23.fna",98.52,2.96
"3300056692_22.fna",96.58,2.14
"3300056692_18.fna",92.8,1.67
"3300056692_12.fna",73.37,3.18
"3300056693_3.fna",98.52,2
"3300056693_17.fna",98.07,0.94
"3300056693_13.fna",77.74,2.59
"3300056693_18.fna",94.02,2.21
"3300056694_15.fna",97.44,2.14
"3300056694_16.fna",78.04,1.94
"3300056694_14.fna",98.29,3.85
"3300056694_13.fna",97.92,1.3
"3300056694_35.fna",91.09,6.53
"3300056694_20.fna",79.52,2.63
"3300056694_5.fna",85.28,3.03
"3300056694_12.fna",75.32,0.66
"3300056694_7.fna",95.92,1.43
"3300056694_30.fna",94.87,2.14
"3300056694_34.fna",71.2,0
"3300056695_10.fna",89.32,2.71
"3300056695_3.fna",98.29,1.28
"3300056695_9.fna",99.15,1.28
"3300056696_9.fna",95.73,1.28
"3300056696_12.fna",96.39,0.32
"3300056696_1.fna",97.44,3.42
"3300056696_7.fna",92.38,8.87
"3300056696_4.fna",77.44,0
"3300056696_5.fna",98.29,2.14
"3300056697_18.fna",84.05,1.03
"3300056697_12.fna",85.63,1.58
"3300056697_20.fna",99.86,0
"3300056697_14.fna",71.2,0
"3300056697_10.fna",96.58,3.12
"3300056697_16.fna",92.31,2.14
"3300056697_11.fna",71.05,1.12
"3300056697_19.fna",97.18,0.63
"3300056698_31.fna",75.43,3.45
"3300056698_17.fna",91.97,6.13
"3300056698_28.fna",82.46,5.65
"3300056698_33.fna",80.17,0.85
"3300056698_18.fna",94.81,0.13
"3300056698_15.fna",94.15,0.79
"3300056698_13.fna",79.51,0.25
"3300056698_35.fna",81.33,0.79
"3300056698_4.fna",71.2,0
"3300056699_29.fna",71.05,1.12
"3300056699_24.fna",75.99,0
"3300056699_23.fna",87.42,4.58
"3300056699_30.fna",70.23,2.91
"3300056699_14.fna",84.66,1.64
"3300056699_5.fna",94.05,0.78
"3300056699_26.fna",75.69,1.47
"3300056699_12.fna",91.99,8.82
"3300056699_4.fna",74.6,0.4
"3300056699_9.fna",71.63,4.65
"3300056699_16.fna",71.2,0
"3300056700_7.fna",99.51,1.48
"3300056700_31.fna",85.4,4.94
"3300056700_16.fna",96.98,1.43
"3300056700_40.fna",79.43,4.06
"3300056700_1.fna",90.18,3.07
"3300056700_13.fna",80.96,6.44
"3300056700_17.fna",76.25,0.6
"3300056700_29.fna",98.01,2.21
"3300056700_8.fna",94.05,1.36
"3300056701_14.fna",91.36,1.36
"3300056701_9.fna",85.75,1.44
"3300056701_15.fna",95.73,2.35
"3300056701_10.fna",99.51,1.48
"3300056701_8.fna",87.94,2.28
"3300056701_7.fna",97.05,0
"3300056701_6.fna",82.62,1.05
"3300056702_8.fna",71,2.02
"3300056702_26.fna",96.58,5.98
"3300056702_27.fna",88.52,5.56
"3300056702_1.fna",95.73,1.28
"3300056702_20.fna",85.47,0.85
"3300056702_2.fna",92.52,3.42
"3300056703_12.fna",98.29,1.28
"3300056703_5.fna",91.81,0.19
"3300056703_10.fna",70.37,0
"3300056703_9.fna",94.49,2.99
"3300056704_23.fna",71.72,0
"3300056705_32.fna",89.4,3.16
"3300056705_9.fna",98.29,2.14
"3300056705_30.fna",72.06,2.62
"3300056705_29.fna",87.33,2.06
"3300056706_38.fna",97.44,2.56
"3300056706_37.fna",98.7,3.14
"3300056706_17.fna",75.13,0
"3300056707_16.fna",97.44,2.56
"3300056708_11.fna",95.73,1.71
"3300056708_1.fna",84.28,1.1
"3300056708_15.fna",95.73,7.12
"3300056708_16.fna",94.72,0.95
"3300056708_13.fna",86.98,2.85
"3300056708_19.fna",92.43,2.99
"3300056708_12.fna",72.22,0
"3300056709_23.fna",84.24,0.1
"3300056709_12.fna",93.41,5.59
"3300056709_8.fna",96.58,2.14
"3300056709_9.fna",97.18,0.95
"3300056709_4.fna",81.15,1.06
"3300056709_15.fna",100,2.99
"3300056709_20.fna",97.01,2.14
"3300056710_3.fna",75.01,1.28
"3300056710_11.fna",97.44,2.14
"3300056710_12.fna",84.44,0.85
"3300056710_5.fna",76.44,1.42
"3300056710_9.fna",98.79,0
"3300056711_6.fna",79.6,1.23
"3300056711_2.fna",73.78,0.63
"3300056711_17.fna",99.93,4.49
"3300056712_26.fna",79.5,0
"3300056712_25.fna",89.02,1.23
"3300056712_13.fna",96.56,3.37
"3300056712_4.fna",87.45,7.82
"3300056713_18.fna",98.33,0.95
"3300056713_37.fna",73.48,1.12
"3300056713_39.fna",95.71,0.62
"3300056713_21.fna",75.28,0.53
"3300056714_5.fna",93.5,2.14
"3300056714_4.fna",76.5,0
"3300056726_10.fna",85.84,2.11
"3300056726_3.fna",81.3,2.1
"3300056726_19.fna",75.9,0.43
"3300056726_18.fna",79.19,1.75
"3300056726_9.fna",91.06,0.95
"3300056744_3.fna",73.03,0.64
"3300056744_19.fna",84.79,2.91
"3300056744_27.fna",84.95,7.37
"3300056749_18.fna",95.93,1.74
"3300056749_166.fna",89.78,0.48
"3300056749_160.fna",88.08,0
"3300056749_152.fna",94.93,3.38
"3300056749_175.fna",92.41,0.89
"3300056749_154.fna",87.14,1.67
"3300056749_24.fna",70.18,1.75
"3300056749_157.fna",97.88,1.5
"3300056749_178.fna",98.29,4.7
"3300056749_105.fna",90.35,1.21
"3300056749_180.fna",96.7,2.55
"3300056749_163.fna",84.99,1.93
"3300056749_255.fna",79.26,6.14
"3300056749_10.fna",79.44,0
"3300056749_150.fna",75.29,0
"3300056749_223.fna",98.91,3.44
"3300056749_153.fna",92.9,3.36
"3300056749_235.fna",71.83,1.01
"3300056749_241.fna",92.05,5.67
"3300056749_16.fna",89.52,6.86
"3300056749_252.fna",88.43,1.64
"3300056749_108.fna",95.93,2.33
"3300056749_181.fna",88.61,1.76
"3300056749_53.fna",98.65,3.15
"3300056749_146.fna",99.85,0.87
"3300056749_174.fna",89.57,1.51
"3300056749_226.fna",77.55,7.19
"3300056749_176.fna",71.99,2.46
"3300056749_177.fna",73.83,1.14
"3300056749_104.fna",85.27,1.09
"3300056749_69.fna",87.18,2.99
"3300056749_47.fna",85.61,0
"3300056749_51.fna",95.21,2.56
"3300056749_52.fna",96.39,0.66
"3300056749_148.fna",90.94,0.32
"3300056749_102.fna",77.5,2.75
"3300056749_149.fna",98.96,0
"3300056749_35.fna",98.41,0.54
"3300056749_36.fna",99.93,3.37
"3300056749_25.fna",70.69,1.72
"3300056749_71.fna",85.71,6.04
"3300056749_54.fna",97.01,0.85
"3300056749_57.fna",91.08,0.24
"3300056749_312.fna",73.83,1.48
"3300056749_170.fna",94.53,1.52
"3300056749_261.fna",71.1,0.46
"3300056749_66.fna",92.14,2.14
"3300056749_269.fna",80.79,1.1
"3300056749_267.fna",93.06,0.14
"3300056749_159.fna",78.92,3.58
"3300056749_27.fna",85.26,0
"3300056749_143.fna",98.57,0
"3300056749_101.fna",90.88,0.95
"3300056749_169.fna",93.41,4.4
"3300056749_257.fna",97.73,2.84
"3300056749_263.fna",79.79,1.16
"3300056749_265.fna",83.17,1.39
"3300056749_200.fna",78.53,2.04
"3300056749_203.fna",83.02,3.7
"3300056749_131.fna",77,1.09
"3300056749_299.fna",96.21,2
"3300056749_21.fna",91.67,0.93
"3300056749_55.fna",78.64,3.36
"3300056749_56.fna",97.19,2.8
"3300056749_189.fna",95.69,1
"3300056749_19.fna",96.58,2.14
"3300056749_194.fna",83.24,1.46
"3300056749_197.fna",75.59,4
"3300056749_198.fna",97.31,0.63
"3300056749_237.fna",95.27,3.29
"3300056749_130.fna",86.25,9.5
"3300056749_99.fna",93.37,1.89
"3300056749_271.fna",89.66,4.79
"3300056749_33.fna",83.2,0.26
"3300056749_188.fna",75.39,1.61
"3300056749_92.fna",93.4,0.71
"3300056749_126.fna",97.52,1.37
"3300056749_13.fna",87.6,0.65
"3300056749_293.fna",91.95,4.12
"3300056749_132.fna",94.94,4.42
"3300056749_135.fna",96.92,2.2
"3300056749_279.fna",90.27,1.45
"3300056749_138.fna",97.19,0.61
"3300056749_303.fna",92.26,0.61
"3300056749_84.fna",91.13,3.94
"3300056749_89.fna",87.1,0
"3300056749_9.fna",93.24,4.22
"3300056749_95.fna",85.3,4.33
"3300056749_292.fna",95.2,1.31
"3300056749_297.fna",98.55,0.52
"3300056749_3.fna",97.39,0.65
"3300056749_210.fna",75.41,1.91
"3300056749_136.fna",75.85,1.58
"3300056749_184.fna",99.03,0
"3300056749_81.fna",97.88,0
"3300056749_112.fna",73.97,1.94
"3300056749_288.fna",74.45,0.93
"3300056749_281.fna",99.12,0
"3300056749_94.fna",78.57,8.73
"3300056749_30.fna",87.34,1.41
"3300056749_111.fna",78.17,4.92
"3300056749_289.fna",93.37,1.9
"3300056749_285.fna",94.83,0.86
"3300056749_291.fna",74.31,1.97
"3300056750_121.fna",96.73,2.15
"3300056750_117.fna",98.21,1.07
"3300056750_13.fna",83.33,4.52
"3300056750_197.fna",98.29,2.99
"3300056750_144.fna",98.52,0.86
"3300056750_129.fna",93.41,0.1
"3300056750_114.fna",97.44,0.98
"3300056750_131.fna",88.12,2.43
"3300056750_267.fna",77.47,3.63
"3300056750_115.fna",78.74,0
"3300056750_123.fna",85.87,0.68
"3300056750_138.fna",96.98,1.19
"3300056750_94.fna",78.18,4.55
"3300056750_113.fna",94.83,0.86
"3300056750_122.fna",92.7,0.95
"3300056750_99.fna",98.29,1.28
"3300056750_205.fna",99.37,0.95
"3300056750_286.fna",87.48,2.83
"3300056750_190.fna",98.58,1.55
"3300056750_134.fna",72.44,3.45
"3300056750_88.fna",96.21,3.28
"3300056750_141.fna",98.65,0.55
"3300056750_33.fna",83.16,0.85
"3300056750_147.fna",88.1,4.21
"3300056750_283.fna",81.41,0
"3300056750_287.fna",76.17,7.24
"3300056750_30.fna",99.37,1.35
"3300056750_135.fna",73.34,0
"3300056750_271.fna",89.38,4.66
"3300056750_2.fna",92.04,0.24
"3300056750_151.fna",82.9,3.02
"3300056750_48.fna",94.38,3.93
"3300056750_184.fna",95.88,1.96
"3300056750_3.fna",70.64,0.92
"3300056750_109.fna",97.01,0
"3300056750_85.fna",83.6,0.89
"3300056750_214.fna",75.86,0
"3300056750_36.fna",96.43,1.43
"3300056750_278.fna",76.96,4.25
"3300056750_282.fna",81.64,0.07
"3300056750_172.fna",81.39,2.16
"3300056750_132.fna",94.52,3.78
"3300056750_265.fna",76.95,0
"3300056750_29.fna",96.08,1.43
"3300056750_86.fna",92.06,0.68
"3300056750_32.fna",92.74,1.28
"3300056750_208.fna",95.65,2.99
"3300056750_17.fna",99.12,0
"3300056750_225.fna",94.86,1.08
"3300056750_228.fna",75.6,2.2
"3300056750_229.fna",78.95,0
"3300056750_107.fna",71.1,0
"3300056750_156.fna",94.33,1.6
"3300056750_31.fna",92.18,0.71
"3300056750_90.fna",99.93,3.37
"3300056750_159.fna",72.84,3.42
"3300056750_207.fna",80.1,0.05
"3300056750_166.fna",91.67,0.93
"3300056750_67.fna",98.48,1.5
"3300056750_101.fna",93.39,1.19
"3300056750_23.fna",80.89,8.75
"3300056750_155.fna",95.24,3.85
"3300056750_264.fna",99.49,2.23
"3300056750_206.fna",86.08,3.25
"3300056750_158.fna",79.83,3.72
"3300056750_56.fna",82.18,0
"3300056750_61.fna",80.46,0
"3300056750_253.fna",95.73,0.63
"3300056750_69.fna",81.49,1.61
"3300056750_174.fna",81.08,7.62
"3300056750_230.fna",96.98,3.81
"3300056750_105.fna",92.38,0.44
"3300056750_80.fna",83.62,3.36
"3300056750_26.fna",94.44,1.71
"3300056750_24.fna",87.6,1.65
"3300056750_50.fna",86.61,0
"3300056750_1.fna",94.13,0.91
"3300056750_167.fna",81.79,0
"3300056750_252.fna",88.35,0
"3300056750_70.fna",85.6,3.69
"3300056750_175.fna",98.18,4.91
"3300056750_237.fna",90.67,0
"3300056750_133.fna",93.1,3.13
"3300056750_259.fna",73.11,1.62
"3300056750_65.fna",97.5,0
"3300056750_249.fna",98.83,0.44
"3300056750_64.fna",94.63,3.96
"3300056750_258.fna",92.42,1.71
"3300056750_73.fna",86.42,1.3
"3300056750_106.fna",91.45,2.99
"3300056750_255.fna",96.37,0.89
"3300056750_51.fna",94.87,1.28
"3300056750_261.fna",96.34,4.87
"3300056750_247.fna",75.8,1.33
"3300056750_62.fna",70.47,0.45
"3300056750_49.fna",98.64,4.02
"3300056750_76.fna",78.21,1.28
"3300056751_136.fna",76.16,0.58
"3300056751_132.fna",75.46,6.59
"3300056751_46.fna",97.04,2.46
"3300056751_56.fna",97.39,0.43
"3300056751_54.fna",99.49,0
"3300056751_50.fna",98.29,4.7
"3300056751_66.fna",75.67,1.1
"3300056751_42.fna",70.69,3.76
"3300056751_129.fna",94.19,7.9
"3300056751_84.fna",87.84,2.93
"3300056751_67.fna",90.05,1.37
"3300056751_107.fna",71.21,2.96
"3300056751_80.fna",80.77,2.21
"3300056751_74.fna",78.81,8.88
"3300056751_259.fna",93.98,3.66
"3300056751_261.fna",83.41,2.38
"3300056751_175.fna",98.41,3.09
"3300056751_176.fna",81.85,2.65
"3300056751_18.fna",80.03,0
"3300056751_138.fna",96.13,1.79
"3300056751_275.fna",89.73,0
"3300056751_167.fna",83.94,3.33
"3300056751_171.fna",96.17,2.62
"3300056751_81.fna",98.94,1.08
"3300056751_13.fna",92.35,0.1
"3300056751_134.fna",93.65,3.84
"3300056751_177.fna",90.43,1.71
"3300056751_272.fna",97.46,1.67
"3300056751_273.fna",96.13,4.06
"3300056751_274.fna",95.17,2.83
"3300056751_113.fna",93.81,0.71
"3300056751_278.fna",72.68,0
"3300056751_44.fna",91.64,1.3
"3300056751_45.fna",99.51,0.16
"3300056751_205.fna",97.5,0.64
"3300056751_262.fna",92.69,0.31
"3300056751_284.fna",94.58,1.61
"3300056751_270.fna",98.79,1.5
"3300056751_285.fna",80.91,1.08
"3300056751_87.fna",78.04,3.97
"3300056751_245.fna",98.29,2.14
"3300056751_24.fna",89.78,0.48
"3300056751_279.fna",99.93,3.37
"3300056751_124.fna",99.32,4.46
"3300056751_28.fna",73.77,0
"3300056751_251.fna",97.46,1.9
"3300056751_201.fna",95.19,3.52
"3300056751_27.fna",99.27,0.22
"3300056751_202.fna",91.64,0.98
"3300056751_210.fna",73.25,0
"3300056751_183.fna",77.88,0.93
"3300056751_40.fna",89.39,8.75
"3300056751_36.fna",82.75,0.87
"3300056751_12.fna",87.62,0.05
"3300056751_192.fna",78.24,2.78
"3300056751_51.fna",89.14,0
"3300056751_14.fna",93.64,2.71
"3300056751_70.fna",96.01,2.8
"3300056751_148.fna",73.28,1.72
"3300056751_149.fna",75.65,0.78
"3300056751_20.fna",98.9,2.27
"3300056751_282.fna",84.27,3.42
"3300056751_306.fna",83.28,0.93
"3300056751_1.fna",80.3,0
"3300056751_230.fna",94.52,0.48
"3300056751_212.fna",90.99,3.79
"3300056751_160.fna",90.17,0
"3300056751_214.fna",71.47,2.59
"3300056751_147.fna",77.38,0.53
"3300056751_141.fna",84.6,0
"3300056751_95.fna",84.97,0.89
"3300056751_19.fna",100,3.85
"3300056751_191.fna",90.32,0.48
"3300056751_151.fna",79.96,0
"3300056751_229.fna",97.39,0
"3300056751_213.fna",95.07,1.62
"3300056751_158.fna",96.19,0.71
"3300056751_238.fna",96.21,0.99
"3300056751_235.fna",84.94,1.91
"3300056751_144.fna",90.95,1.74
"3300056751_299.fna",99.7,1.75
"3300056751_96.fna",74.33,0.94
"3300056751_15.fna",94.19,3.25
"3300056751_297.fna",71.48,3.43
"3300056751_220.fna",82.18,0
"3300056751_218.fna",80.34,3.05
"3300056751_155.fna",70.29,0.93
"3300056751_34.fna",78.4,2.56
"3300056751_3.fna",78.9,1.35
"3300056751_295.fna",77.8,0.65
"3300056751_35.fna",93.87,1.86
"3300056751_217.fna",77.1,2.63
"3300056751_231.fna",77.56,3.16
"3300056751_292.fna",74.98,2.39
"3300056752_340.fna",94.19,2.62
"3300056752_203.fna",78.23,0.97
"3300056752_274.fna",95.12,1.89
"3300056752_297.fna",97.85,5.28
"3300056752_273.fna",93.26,0.65
"3300056752_130.fna",72.74,0.7
"3300056752_198.fna",83.61,0
"3300056752_275.fna",100,4.7
"3300056752_277.fna",100,2.99
"3300056752_336.fna",88.08,0
"3300056752_113.fna",94.83,0.86
"3300056752_285.fna",71.1,0
"3300056752_122.fna",95.61,0
"3300056752_123.fna",97.16,1.9
"3300056752_217.fna",81.33,7.33
"3300056752_218.fna",74.14,0
"3300056752_199.fna",97.12,0.03
"3300056752_279.fna",90.17,5.17
"3300056752_186.fna",71.24,0
"3300056752_34.fna",97.31,0.63
"3300056752_12.fna",84.27,1.64
"3300056752_29.fna",97.88,0.61
"3300056752_195.fna",98.28,0.76
"3300056752_325.fna",97.46,1.67
"3300056752_219.fna",90.88,3.76
"3300056752_30.fna",99.37,0.48
"3300056752_200.fna",94.77,2.03
"3300056752_184.fna",81.16,3.42
"3300056752_28.fna",98.91,0.22
"3300056752_262.fna",97.88,1.8
"3300056752_284.fna",78.81,1.72
"3300056752_192.fna",70.69,8.62
"3300056752_193.fna",87.45,9.18
"3300056752_291.fna",83.93,0.75
"3300056752_50.fna",96.65,1.52
"3300056752_197.fna",77.76,0
"3300056752_344.fna",72.73,3.64
"3300056752_349.fna",75.3,2.69
"3300056752_201.fna",97.01,0.85
"3300056752_33.fna",95.07,2.46
"3300056752_112.fna",89.57,7.47
"3300056752_281.fna",81.04,2.61
"3300056752_208.fna",90.64,3.87
"3300056752_121.fna",82.21,0
"3300056752_46.fna",89.34,0.32
"3300056752_51.fna",99.93,3.37
"3300056752_146.fna",91.93,5.13
"3300056752_223.fna",74.59,0
"3300056752_38.fna",73.24,0.48
"3300056752_202.fna",95.41,0.35
"3300056752_178.fna",88.83,0.38
"3300056752_264.fna",96.98,1.67
"3300056752_14.fna",90.02,9.09
"3300056752_40.fna",78.57,3.22
"3300056752_216.fna",70.18,3.51
"3300056752_323.fna",90.12,0
"3300056752_103.fna",78.84,2.19
"3300056752_326.fna",99.69,2.83
"3300056752_309.fna",98.57,7.14
"3300056752_331.fna",73.77,0
"3300056752_18.fna",91.92,4.23
"3300056752_45.fna",94.19,1.94
"3300056752_138.fna",83.85,4.38
"3300056752_32.fna",99.05,3.33
"3300056752_142.fna",81.74,8.79
"3300056752_341.fna",90.57,3.19
"3300056752_270.fna",87.65,2.45
"3300056752_243.fna",92.89,0.19
"3300056752_147.fna",90.6,4.7
"3300056752_148.fna",96.03,0.95
"3300056752_149.fna",93.42,0.24
"3300056752_180.fna",79.41,2.06
"3300056752_231.fna",92.35,1.86
"3300056752_4.fna",77.11,3.85
"3300056752_43.fna",77.5,1.23
"3300056752_102.fna",86.59,2.91
"3300056752_240.fna",78.95,1.9
"3300056752_320.fna",95.29,1.26
"3300056752_327.fna",90.94,0.65
"3300056752_133.fna",98.08,3.04
"3300056752_137.fna",72.38,0
"3300056752_237.fna",93.57,1.67
"3300056752_24.fna",93.79,4.4
"3300056752_163.fna",98.21,2.23
"3300056752_168.fna",97.46,0.71
"3300056752_31.fna",97.83,0.43
"3300056752_255.fna",73.17,0.93
"3300056752_93.fna",87.64,0.7
"3300056752_314.fna",83.12,1.16
"3300056752_316.fna",91.52,0
"3300056752_16.fna",75.86,2.59
"3300056752_159.fna",96.14,3.4
"3300056752_247.fna",95.3,2.27
"3300056752_105.fna",97.72,2.15
"3300056752_224.fna",87.42,0.93
"3300056752_179.fna",90.11,0
"3300056752_177.fna",93.32,3.42
"3300056752_312.fna",92.26,2.9
"3300056752_58.fna",73.02,2.27
"3300056752_63.fna",98.67,0.48
"3300056752_150.fna",88.1,3.75
"3300056752_169.fna",84.52,3.71
"3300056752_109.fna",91.28,2.41
"3300056752_7.fna",72.64,0
"3300056752_77.fna",89.9,2.1
"3300056752_258.fna",99.49,0
"3300056752_175.fna",77.68,0.53
"3300056752_56.fna",72.4,1.25
"3300056752_70.fna",71.68,1.23
"3300056752_59.fna",76.92,2.14
"3300056752_174.fna",98.96,0
"3300056752_57.fna",97.94,4.6
"3300056752_66.fna",78.74,0
"3300056752_68.fna",94.4,0
"3300056752_154.fna",76.95,1.88
"3300056752_25.fna",75,0.51
"3300056752_87.fna",93.35,0
"3300056752_171.fna",91.24,1.29
"3300056752_99.fna",86.75,1.8
"3300056752_78.fna",91.67,0.93
"3300056753_231.fna",70.22,0
"3300056753_257.fna",93.31,2.44
"3300056753_252.fna",80.74,1.52
"3300056753_117.fna",99.15,1.28
"3300056753_224.fna",99.93,3.37
"3300056753_230.fna",95.18,5.31
"3300056753_256.fna",93.97,1.76
"3300056753_116.fna",89.69,0
"3300056753_251.fna",97.01,0.85
"3300056753_232.fna",87.17,9.83
"3300056753_226.fna",80,2.59
"3300056753_39.fna",93.16,2.14
"3300056753_124.fna",97.46,1.67
"3300056753_235.fna",71.98,4.11
"3300056753_133.fna",84.31,1.97
"3300056753_135.fna",87.54,5.19
"3300056753_99.fna",79.3,5.51
"3300056753_115.fna",97.25,2.75
"3300056753_98.fna",87.27,1.56
"3300056753_56.fna",87.62,3.23
"3300056753_248.fna",96.24,3.55
"3300056753_250.fna",98.09,0.42
"3300056753_127.fna",98.96,0
"3300056753_128.fna",80.46,0
"3300056753_130.fna",98.48,1.5
"3300056753_36.fna",92.33,0.2
"3300056753_222.fna",98.94,0.47
"3300056753_246.fna",100,1.28
"3300056753_243.fna",97.31,0.74
"3300056753_53.fna",75.57,0.24
"3300056753_227.fna",87.62,1.29
"3300056753_229.fna",93.57,0.99
"3300056753_46.fna",95.6,4.4
"3300056753_240.fna",71.1,0
"3300056753_136.fna",83.05,1.05
"3300056753_245.fna",73.77,0
"3300056753_139.fna",82.82,0.53
"3300056753_150.fna",76.68,0.92
"3300056753_154.fna",99.37,0.95
"3300056753_132.fna",95.02,1.88
"3300056753_170.fna",80.6,1.72
"3300056753_148.fna",94.86,1.08
"3300056753_59.fna",95.46,4.56
"3300056753_41.fna",98.96,0
"3300056753_42.fna",99.15,2.99
"3300056753_193.fna",70.53,5.12
"3300056753_48.fna",82.91,1.28
"3300056753_11.fna",99.16,0.22
"3300056753_241.fna",99.15,0.72
"3300056753_162.fna",94.15,4.52
"3300056753_185.fna",78.69,0.94
"3300056753_6.fna",78.21,5
"3300056753_277.fna",70.38,1.29
"3300056753_73.fna",72.91,1.34
"3300056753_204.fna",95.31,5.1
"3300056753_26.fna",82.94,1.69
"3300056753_30.fna",84.83,3.45
"3300056753_93.fna",96.72,0.37
"3300056753_265.fna",92.76,1.28
"3300056753_9.fna",95.05,2.86
"3300056753_51.fna",94.96,2.73
"3300056753_58.fna",75.48,2.63
"3300056753_190.fna",94.05,0.19
"3300056753_203.fna",82.76,1.72
"3300056753_29.fna",86.76,6.59
"3300056753_157.fna",74.11,1.07
"3300056753_217.fna",98.41,1.77
"3300056753_103.fna",95.13,0.35
"3300056753_264.fna",92.3,1.62
"3300056753_69.fna",97.38,0.48
"3300056753_3.fna",79.67,4.6
"3300056753_81.fna",98.83,0.48
"3300056753_266.fna",91.39,3.51
"3300056753_215.fna",72.14,2.2
"3300056753_8.fna",92.14,8.84
"3300056753_260.fna",90.54,8.06
"3300056753_83.fna",95.32,3.41
"3300056753_7.fna",81.5,2.99
"3300056753_86.fna",71.45,0.46
"3300056753_90.fna",94.87,5.98
"3300056753_67.fna",79.69,2.03
"3300056753_108.fna",70.98,0
"3300056753_66.fna",100,0
"3300056753_88.fna",77.72,4.09
"3300056753_89.fna",91.67,0.93
"3300056755_9.fna",93.57,0.95
"3300056755_6.fna",86.65,0.89
"3300056755_3.fna",78.47,0.02
"3300056755_4.fna",98.42,1.72
"3300056756_11.fna",93.16,1.28
"3300056756_12.fna",73.5,0.85
"3300056756_15.fna",95.54,3.37
"3300056756_13.fna",96.58,2.23
"3300056756_20.fna",96.36,0.95
"3300056756_9.fna",79.03,7.69
"3300056756_1.fna",78.79,6.59
"3300056787_9.fna",97.57,0
"3300056787_36.fna",90.36,0
"3300056787_27.fna",98.75,1.16
"3300056787_7.fna",98.85,1.15
"3300056787_12.fna",99.01,0.49
"3300056787_30.fna",99.51,0.03
"3300056787_33.fna",99.25,0.41
"3300056787_31.fna",99.01,0
"3300056787_34.fna",98.43,0.51
"3300056787_35.fna",98.01,2.99
"3300056787_3.fna",99.84,0.16
"3300056787_29.fna",100,0
"3300056787_11.fna",92.21,0
"3300056787_43.fna",100,0.43
"3300056787_15.fna",99.46,1.17
"3300056787_14.fna",95.24,1.34
"3300056787_17.fna",100,0.07
"3300056787_32.fna",93.36,0.93
"3300056787_28.fna",99.39,0.14
"3300056787_26.fna",98.29,4.13
"3300056787_24.fna",99.3,4.37
"3300056787_42.fna",100,0
"3300056787_13.fna",80.33,0.52
"3300056787_25.fna",99.01,0.49
"3300056787_20.fna",99.5,0.5
"3300056787_18.fna",74.53,0.72
"3300056787_16.fna",99.68,0.32
"3300056787_23.fna",99.78,1.04
"3300056791_15.fna",77.16,0
"3300056791_17.fna",97.65,0
"3300056791_16.fna",96.58,6.25
"3300056791_82.fna",84.95,1.71
"3300056791_111.fna",74.32,1.35
"3300056791_23.fna",79.06,0
"3300056791_98.fna",96.71,8.77
"3300056791_39.fna",86.95,3.45
"3300056791_147.fna",85.84,6.42
"3300056791_77.fna",90.14,6.32
"3300056791_47.fna",91.24,0
"3300056791_97.fna",96.45,1.33
"3300056791_54.fna",96.98,0.86
"3300056791_36.fna",96.77,8.62
"3300056791_74.fna",96.96,4.73
"3300056791_132.fna",95.44,4.7
"3300056791_70.fna",91.74,3.45
"3300056791_69.fna",100,6.14
"3300056791_55.fna",79.96,1.72
"3300056791_76.fna",97.86,0.32
"3300056791_63.fna",74.56,2.93
"3300056792_14.fna",79.99,1.1
"3300056792_31.fna",96.06,2.14
"3300056792_25.fna",89.53,7.46
"3300056792_9.fna",71.45,6.44
"3300056793_17.fna",99.01,0.03
"3300056793_12.fna",99.62,0.47
"3300056793_2.fna",74.48,1.72
"3300056793_16.fna",99.64,1.26
"3300056793_15.fna",99.01,0.49
"3300056793_14.fna",99.33,0.7
"3300056793_25.fna",98.99,1.48
"3300056793_26.fna",100,1.34
"3300056793_10.fna",99.01,0.49
"3300056793_11.fna",99.98,1.89
"3300056793_23.fna",99.33,0.78
"3300056793_3.fna",74.82,0
"3300056793_5.fna",98.21,0.3
"3300056793_21.fna",75.86,0.51
"3300056793_8.fna",91.59,0.93
"3300056793_7.fna",99.06,1.1
"3300056793_27.fna",99.59,0.38
"3300056793_29.fna",97.47,0
"3300056793_28.fna",99.84,0.16
"3300056793_6.fna",99.01,0.49
"3300056793_24.fna",99.64,1.07
"3300056797_199.fna",90.88,0.32
"3300056797_193.fna",98.89,1.9
"3300056797_232.fna",92.33,0.59
"3300056797_233.fna",99.93,3.37
"3300056797_235.fna",71.71,1.72
"3300056797_153.fna",98.62,3.55
"3300056797_264.fna",77.32,0.85
"3300056797_123.fna",99.52,2.06
"3300056797_125.fna",72.65,3.59
"3300056797_190.fna",72.76,0
"3300056797_214.fna",93.37,2.16
"3300056797_228.fna",95.3,0
"3300056797_23.fna",85.04,9.99
"3300056797_20.fna",83.23,2.61
"3300056797_200.fna",85.54,5.53
"3300056797_126.fna",82.91,2.14
"3300056797_147.fna",98.25,0.22
"3300056797_121.fna",92.14,1.71
"3300056797_26.fna",95.98,1.04
"3300056797_260.fna",93.97,7.9
"3300056797_189.fna",97.63,3.69
"3300056797_150.fna",96.34,2.8
"3300056797_293.fna",95.09,2.48
"3300056797_131.fna",90.71,1.23
"3300056797_206.fna",83.25,0.61
"3300056797_142.fna",97.59,1.37
"3300056797_216.fna",84.19,2.56
"3300056797_218.fna",82.89,2.78
"3300056797_259.fna",96.77,5.02
"3300056797_73.fna",83.26,1.61
"3300056797_222.fna",85.78,2.36
"3300056797_227.fna",73.02,9.91
"3300056797_75.fna",79.29,2.52
"3300056797_78.fna",70.77,2.59
"3300056797_292.fna",79.31,3.45
"3300056797_135.fna",98.14,7.56
"3300056797_136.fna",73.87,0
"3300056797_280.fna",89.78,0.48
"3300056797_140.fna",93.98,1.01
"3300056797_148.fna",93.47,1.53
"3300056797_188.fna",94.09,2.94
"3300056797_223.fna",98.03,2.22
"3300056797_151.fna",99.49,0.27
"3300056797_152.fna",83.1,3.13
"3300056797_197.fna",84.79,3.85
"3300056797_275.fna",72.57,3.45
"3300056797_277.fna",94.77,1.89
"3300056797_279.fna",99.01,0.16
"3300056797_24.fna",90.97,5.21
"3300056797_87.fna",78.82,6.41
"3300056797_88.fna",91.59,2.25
"3300056797_116.fna",98.79,0.5
"3300056797_248.fna",83.51,0
"3300056797_220.fna",92.09,1.09
"3300056797_98.fna",81.13,1.54
"3300056797_291.fna",95.5,5.06
"3300056797_266.fna",73.77,0
"3300056797_81.fna",94.81,0.22
"3300056797_86.fna",99.05,3.33
"3300056797_156.fna",99.73,2.38
"3300056797_240.fna",75.47,1.66
"3300056797_210.fna",100,1.86
"3300056797_241.fna",97.46,1.67
"3300056797_246.fna",92.4,3.07
"3300056797_115.fna",91.61,0.97
"3300056797_64.fna",76.26,7.04
"3300056797_285.fna",90.62,0
"3300056797_79.fna",83.81,3.98
"3300056797_83.fna",78.16,3.18
"3300056797_297.fna",87.56,0.25
"3300056797_253.fna",85.05,1.61
"3300056797_12.fna",98.03,3.86
"3300056797_257.fna",90.62,0.89
"3300056797_250.fna",98.74,0
"3300056797_251.fna",71.48,8.33
"3300056797_177.fna",80.46,0
"3300056797_101.fna",86.59,3.42
"3300056797_3.fna",73.56,0
"3300056797_90.fna",77.87,0
"3300056797_91.fna",91.63,2.89
"3300056797_245.fna",86.42,0.26
"3300056797_31.fna",98.48,1.5
"3300056797_176.fna",93.04,0.43
"3300056797_178.fna",75.69,1.06
"3300056797_169.fna",78.89,5.64
"3300056797_252.fna",97.15,0.65
"3300056797_179.fna",83.88,1.56
"3300056797_63.fna",89.98,1.87
"3300056797_172.fna",93.46,1.38
"3300056797_182.fna",96.52,0
"3300056797_69.fna",98.44,0.33
"3300056797_171.fna",90.67,4.08
"3300056797_7.fna",97.14,1.8
"3300056797_102.fna",91.77,0
"3300056797_34.fna",80.46,0
"3300056797_160.fna",99.82,0.95
"3300056797_162.fna",96.46,2.95
"3300056797_108.fna",91.7,2.33
"3300056797_106.fna",99.05,4.83
"3300056797_42.fna",78.1,1.72
"3300056797_47.fna",98.03,2.46
"3300056797_4.fna",98.18,0.55
"3300056797_180.fna",74.04,1.82
"3300056797_109.fna",92.07,4.3
"3300056797_53.fna",71.92,0.85
"3300056797_30.fna",75.86,3.45
"3300056797_41.fna",94.05,0.19
"3300056797_6.fna",93.89,0
"3300056797_60.fna",97.78,1.17
"3300056797_255.fna",84.82,0.01
"3300056798_180.fna",79.05,0.83
"3300056798_185.fna",91.8,0.26
"3300056798_179.fna",92.35,1.02
"3300056798_184.fna",89.22,1.03
"3300056798_218.fna",73.5,2.75
"3300056798_175.fna",97.46,0.48
"3300056798_87.fna",89.65,2.25
"3300056798_90.fna",97.96,4
"3300056798_85.fna",94.83,0.86
"3300056798_79.fna",93.78,1.06
"3300056798_33.fna",94.48,2.04
"3300056798_297.fna",99.27,0.22
"3300056798_78.fna",71.71,5.75
"3300056798_149.fna",97.32,0
"3300056798_165.fna",87.56,0.08
"3300056798_182.fna",93.3,3.85
"3300056798_99.fna",96.41,4.16
"3300056798_76.fna",71.1,0
"3300056798_80.fna",97.31,0.63
"3300056798_29.fna",91.45,0.71
"3300056798_9.fna",75.27,4.4
"3300056798_74.fna",98.29,6.41
"3300056798_161.fna",97.25,2.2
"3300056798_163.fna",88.33,1.94
"3300056798_36.fna",86.59,0.81
"3300056798_156.fna",99.14,0.3
"3300056798_314.fna",96.01,1.95
"3300056798_17.fna",87.38,0.53
"3300056798_176.fna",95.71,0.48
"3300056798_177.fna",87.66,6.59
"3300056798_299.fna",71.83,9.47
"3300056798_243.fna",90.26,4.6
"3300056798_104.fna",74.14,1.72
"3300056798_107.fna",94.84,1.94
"3300056798_226.fna",96.69,6.25
"3300056798_166.fna",71.16,0
"3300056798_167.fna",91.67,0.93
"3300056798_315.fna",93.84,3.24
"3300056798_32.fna",99.12,0
"3300056798_195.fna",98.46,2.3
"3300056798_321.fna",97.8,0.96
"3300056798_30.fna",70.61,0.95
"3300056798_303.fna",97.01,0
"3300056798_225.fna",92.31,0.19
"3300056798_308.fna",95.32,0.96
"3300056798_246.fna",72.73,4.55
"3300056798_187.fna",86.31,4.59
"3300056798_229.fna",76.23,4.59
"3300056798_188.fna",75.87,6.84
"3300056798_191.fna",74.14,1.72
"3300056798_102.fna",86.88,1.3
"3300056798_103.fna",82.06,0.68
"3300056798_242.fna",98.94,0.37
"3300056798_309.fna",98.29,2.14
"3300056798_31.fna",98.18,1.5
"3300056798_310.fna",95.81,3.6
"3300056798_253.fna",77.59,3.13
"3300056798_23.fna",79.8,4.6
"3300056798_317.fna",94.62,4.39
"3300056798_320.fna",79.9,2.53
"3300056798_171.fna",75.51,9.12
"3300056798_143.fna",88.24,0
"3300056798_144.fna",71.17,0.66
"3300056798_24.fna",81.33,0.26
"3300056798_307.fna",70.36,0.34
"3300056798_199.fna",87.91,5.68
"3300056798_57.fna",73.62,1.29
"3300056798_46.fna",94.37,1.81
"3300056798_19.fna",77.01,0
"3300056798_239.fna",98.03,2.46
"3300056798_293.fna",73.77,0
"3300056798_240.fna",89.51,1.87
"3300056798_52.fna",73.27,0
"3300056798_54.fna",93.23,3.24
"3300056798_153.fna",98.03,5.09
"3300056798_203.fna",79.91,0.85
"3300056798_65.fna",94.87,0.85
"3300056798_206.fna",79.83,1.02
"3300056798_208.fna",83.82,2.82
"3300056798_282.fna",86.32,0.88
"3300056798_140.fna",93.26,0.65
"3300056798_127.fna",72.06,1.49
"3300056798_198.fna",95.02,3.32
"3300056798_121.fna",91.52,0
"3300056798_131.fna",88.72,5.42
"3300056798_151.fna",90.6,1.28
"3300056798_270.fna",78.07,5.26
"3300056798_109.fna",94.84,4.88
"3300056798_50.fna",87.69,0.48
"3300056798_170.fna",91.8,0
"3300056798_139.fna",94.77,1.16
"3300056798_235.fna",83.93,6.41
"3300056798_128.fna",78.92,0
"3300056798_264.fna",89.01,0.32
"3300056798_122.fna",75.34,1.49
"3300056798_130.fna",79.05,1.93
"3300056798_133.fna",98.33,0
"3300056798_257.fna",82.7,1.89
"3300056798_51.fna",99.93,3.37
"3300056798_231.fna",84.5,2.89
"3300056798_12.fna",86.21,1.59
"3300056798_27.fna",81.94,4.35
"3300056798_265.fna",96,0.4
"3300056798_129.fna",75.05,6.83
"3300056798_38.fna",98.96,0
"3300056798_114.fna",93.36,2.2
"3300056798_262.fna",94.8,0.85
"3300056798_207.fna",88.54,1.24
"3300056798_119.fna",96.98,1.19
"3300056798_273.fna",98.15,1.09
"3300056798_136.fna",96.8,4.68
"3300056798_260.fna",96.98,3.57
"3300056798_279.fna",82.18,0
"3300056798_275.fna",99.15,2.28
"3300056798_276.fna",87.8,1.07
"3300056798_137.fna",77.13,3.9
"3300056799_116.fna",92.07,1.04
"3300056799_90.fna",73.25,0.74
"3300056799_61.fna",75.19,5.97
"3300056799_91.fna",96.58,2.14
"3300056799_5.fna",78.69,2.99
"3300056799_53.fna",77.27,4.55
"3300056799_10.fna",93.58,2.98
"3300056799_94.fna",70.88,3.3
"3300056799_9.fna",73.1,2.59
"3300056799_100.fna",71.45,1.28
"3300056799_115.fna",98.11,1.27
"3300056799_113.fna",96.35,0.48
"3300056799_65.fna",87.1,2.22
"3300056799_95.fna",82.07,1.72
"3300056799_112.fna",91.52,0
"3300056799_169.fna",81.39,1.72
"3300056799_16.fna",84.4,0
"3300056799_235.fna",97.24,2.09
"3300056799_164.fna",95.17,1.9
"3300056799_171.fna",72.68,2.52
"3300056799_117.fna",94.02,2.14
"3300056799_118.fna",70.69,0
"3300056799_177.fna",93.91,1.52
"3300056799_66.fna",72.38,0.46
"3300056799_104.fna",88.41,3.39
"3300056799_107.fna",92.9,5.61
"3300056799_15.fna",94.1,2.5
"3300056799_152.fna",87.5,2.59
"3300056799_111.fna",95.66,1.18
"3300056799_79.fna",89.52,1.79
"3300056799_83.fna",84.84,1.14
"3300056799_86.fna",92.91,3.78
"3300056799_188.fna",92.11,2.2
"3300056799_175.fna",77.59,0
"3300056799_63.fna",98.03,1.35
"3300056799_260.fna",94.83,1.72
"3300056799_261.fna",96.21,1.03
"3300056799_69.fna",83,2.78
"3300056799_252.fna",88.32,3.49
"3300056799_233.fna",99.02,1.09
"3300056799_44.fna",93.41,0.29
"3300056799_48.fna",74.93,1.97
"3300056799_49.fna",92.07,4.65
"3300056799_236.fna",98.48,1.5
"3300056799_258.fna",99.01,0.66
"3300056799_26.fna",99.14,0.3
"3300056799_176.fna",94.36,3.05
"3300056799_240.fna",89.4,0
"3300056799_242.fna",96.15,0
"3300056799_249.fna",84.78,2.7
"3300056799_11.fna",71,1.83
"3300056799_18.fna",98.05,6.79
"3300056799_82.fna",71.29,3.14
"3300056799_238.fna",95.3,3.78
"3300056799_239.fna",94.47,8.29
"3300056799_165.fna",75.11,5.13
"3300056799_97.fna",97.3,1.7
"3300056799_149.fna",70.79,0
"3300056799_125.fna",87.33,0.68
"3300056799_43.fna",99.49,0
"3300056799_45.fna",71.42,6.49
"3300056799_77.fna",70.38,2.91
"3300056799_181.fna",91.83,1.29
"3300056799_185.fna",92.73,0.15
"3300056799_134.fna",81.1,0.59
"3300056799_24.fna",99.08,2.33
"3300056799_54.fna",89,2.27
"3300056799_6.fna",94.67,3.3
"3300056799_60.fna",82.18,0
"3300056799_263.fna",99.51,1.15
"3300056799_23.fna",97.94,0.48
"3300056799_179.fna",76.81,0.83
"3300056799_13.fna",75.9,0.85
"3300056799_133.fna",72.31,2.12
"3300056799_137.fna",96.58,1.38
"3300056799_191.fna",77.74,1.54
"3300056799_142.fna",88.89,5.13
"3300056799_25.fna",97.16,1.9
"3300056799_76.fna",84.45,6.56
"3300056799_124.fna",72.99,0.55
"3300056799_267.fna",93.39,3.46
"3300056799_38.fna",99.93,3.37
"3300056799_268.fna",95.09,0.47
"3300056799_197.fna",75.38,4.71
"3300056799_269.fna",95.47,0
"3300056799_272.fna",89.34,0.87
"3300056799_212.fna",92.87,2.64
"3300056799_29.fna",98.94,0.37
"3300056799_232.fna",98.96,0
"3300056799_223.fna",96.47,3.32
"3300056799_224.fna",95.24,0.48
"3300056799_123.fna",92.66,0.38
"3300056799_196.fna",76.61,1.8
"3300056799_37.fna",80.63,0.26
"3300056799_281.fna",83.27,0.93
"3300056799_275.fna",71.3,0
"3300056799_98.fna",100,2.99
"3300056799_216.fna",99.37,0.48
"3300056799_192.fna",89.87,2.26
"3300056799_265.fna",74.74,2.03
"3300056799_201.fna",72.41,0
"3300056799_266.fna",84.44,0
"3300056799_204.fna",95.93,1.16
"3300056799_147.fna",78.72,2.39
"3300056799_210.fna",96.55,0.74
"3300056799_199.fna",76.14,0.81
"3300056799_99.fna",92.13,3.32
"3300056799_121.fna",88.49,4.04
"3300056799_264.fna",94.65,0.61
"3300056799_217.fna",98.4,0.22
"3300056799_22.fna",74.42,0
"3300056799_20.fna",79.14,1.72
"3300056799_220.fna",86.99,0.53
"3300056799_42.fna",94.86,0.97
"3300056799_34.fna",97.31,0.63
"3300056804_12.fna",77.94,9.37
"3300056804_5.fna",83.26,1.05
"3300056804_11.fna",76.06,0.85
"3300056805_3.fna",98.29,2.14
"3300056805_15.fna",85.68,1.71
"3300056807_50.fna",94.52,2.9
"3300056807_53.fna",76.64,3.28
"3300056807_51.fna",93.67,1.85
"3300056807_65.fna",84.55,6.94
"3300056809_347.fna",95.93,2.47
"3300056809_268.fna",97.31,0.63
"3300056809_216.fna",81.45,2.56
"3300056809_267.fna",90.18,1.79
"3300056809_322.fna",99.15,2.99
"3300056809_346.fna",91.08,0.79
"3300056809_293.fna",99.49,1.01
"3300056809_321.fna",87.79,7.07
"3300056809_289.fna",99.12,0.9
"3300056809_75.fna",82.81,0.43
"3300056809_113.fna",83.92,1.33
"3300056809_294.fna",98.62,3.04
"3300056809_110.fna",91.06,0.18
"3300056809_266.fna",97.9,2.19
"3300056809_215.fna",88.05,2.01
"3300056809_306.fna",98.55,0.52
"3300056809_79.fna",92.65,1.31
"3300056809_315.fna",87.63,1.13
"3300056809_320.fna",97.88,1.5
"3300056809_222.fna",71.55,0
"3300056809_83.fna",88.87,1.29
"3300056809_87.fna",72.98,0.04
"3300056809_9.fna",79.18,0
"3300056809_208.fna",90.3,0
"3300056809_308.fna",94.78,5.88
"3300056809_72.fna",76.92,0
"3300056809_264.fna",91.83,1.29
"3300056809_265.fna",93.45,1.16
"3300056809_360.fna",88.89,5.13
"3300056809_82.fna",98.03,2.46
"3300056809_323.fna",92.71,1.43
"3300056809_182.fna",75.17,1.72
"3300056809_345.fna",87.55,0.88
"3300056809_213.fna",95.24,0.95
"3300056809_357.fna",87.41,0.48
"3300056809_73.fna",91.31,3.88
"3300056809_220.fna",98.35,2.2
"3300056809_288.fna",94.52,3.24
"3300056809_290.fna",83.2,1.85
"3300056809_292.fna",82.18,0
"3300056809_354.fna",71.29,0
"3300056809_297.fna",99.05,0.22
"3300056809_201.fna",97.28,1.14
"3300056809_33.fna",97.16,2.73
"3300056809_332.fna",74.14,0
"3300056809_36.fna",98.21,2.23
"3300056809_187.fna",88.12,0.94
"3300056809_189.fna",83.91,0
"3300056809_363.fna",79.57,0.84
"3300056809_141.fna",95.83,0.86
"3300056809_37.fna",95.73,0.85
"3300056809_343.fna",97.22,0.71
"3300056809_344.fna",95.35,1.16
"3300056809_263.fna",97.14,0
"3300056809_361.fna",89.56,2.2
"3300056809_337.fna",96.08,8.55
"3300056809_192.fna",93.68,2.23
"3300056809_350.fna",80.34,0
"3300056809_196.fna",95.03,0
"3300056809_98.fna",78.59,4.43
"3300056809_200.fna",92.51,0.34
"3300056809_183.fna",75.32,2.86
"3300056809_348.fna",95.91,2.83
"3300056809_250.fna",94.99,3.49
"3300056809_251.fna",95.96,1.01
"3300056809_252.fna",92.63,3.54
"3300056809_38.fna",99.93,3.37
"3300056809_324.fna",100,2.14
"3300056809_326.fna",92.11,5.67
"3300056809_71.fna",83.42,3.3
"3300056809_122.fna",86.26,1.48
"3300056809_124.fna",97.46,1.67
"3300056809_135.fna",70.06,0
"3300056809_190.fna",71.42,1.97
"3300056809_53.fna",74.85,1.76
"3300056809_193.fna",97.32,1.81
"3300056809_256.fna",91.95,4.08
"3300056809_58.fna",96.81,5
"3300056809_339.fna",96.43,1.79
"3300056809_26.fna",77.19,1.75
"3300056809_230.fna",97.93,1.11
"3300056809_233.fna",94.44,0
"3300056809_155.fna",98.6,0
"3300056809_161.fna",71.99,5.45
"3300056809_54.fna",86.54,4.34
"3300056809_28.fna",88.61,0.08
"3300056809_355.fna",84.61,1.89
"3300056809_23.fna",79.83,0.87
"3300056809_40.fna",99.12,0
"3300056809_236.fna",98.35,2.2
"3300056809_166.fna",95.56,0.29
"3300056809_169.fna",91.28,0.58
"3300056809_338.fna",97.95,0
"3300056809_39.fna",89.81,0.93
"3300056809_180.fna",85.71,5.49
"3300056809_157.fna",89.35,2.71
"3300056809_17.fna",82.91,2.14
"3300056809_159.fna",92.83,0.58
"3300056809_51.fna",96.1,3.35
"3300056809_68.fna",99.49,0.55
"3300056809_18.fna",88.53,3.42
"3300056809_235.fna",96.7,0
"3300056809_224.fna",77.69,1.3
"3300056809_43.fna",71.49,1.18
"3300056809_177.fna",86.99,1.82
"3300056809_167.fna",96.81,0.15
"3300056809_52.fna",79.96,4.27
"3300056809_42.fna",73.37,2.02
"3300056809_258.fna",70.76,0
"3300056809_153.fna",91.28,0.49
"3300056809_62.fna",98.96,0
"3300056809_170.fna",87.05,7.75
"3300056809_152.fna",80.27,1.64
"3300056809_59.fna",98.01,1.85
"3300056809_158.fna",88.14,0.32
"3300056811_186.fna",97.88,1.5
"3300056811_9.fna",74.36,2.56
"3300056811_220.fna",77.26,5.56
"3300056811_162.fna",97.88,0.86
"3300056811_188.fna",93.77,0
"3300056811_225.fna",89.06,0.53
"3300056811_163.fna",77.47,0.93
"3300056811_90.fna",71.21,2.73
"3300056811_22.fna",91.74,1.79
"3300056811_187.fna",90.62,4.32
"3300056811_218.fna",93.08,2.63
"3300056811_104.fna",96.43,1.37
"3300056811_185.fna",87.52,0.89
"3300056811_83.fna",82.48,4.93
"3300056811_107.fna",91.16,3.08
"3300056811_172.fna",94.49,1.96
"3300056811_63.fna",97.4,3.73
"3300056811_100.fna",94.99,0
"3300056811_161.fna",97.31,0.63
"3300056811_49.fna",71.1,0
"3300056811_159.fna",98.1,1.42
"3300056811_77.fna",93.47,1.36
"3300056811_80.fna",90.88,1.82
"3300056811_164.fna",99.48,1.04
"3300056811_189.fna",72.38,0
"3300056811_168.fna",99.93,3.37
"3300056811_227.fna",85.98,7.76
"3300056811_69.fna",98.08,0.83
"3300056811_176.fna",90.3,0
"3300056811_216.fna",97.44,2.56
"3300056811_318.fna",97.86,4.85
"3300056811_5.fna",82.76,0
"3300056811_29.fna",81.46,6.74
"3300056811_109.fna",97.12,8.36
"3300056811_85.fna",98.59,0.37
"3300056811_323.fna",98.19,1.86
"3300056811_23.fna",80.54,4.76
"3300056811_175.fna",91.32,4.19
"3300056811_315.fna",88.07,1.72
"3300056811_199.fna",84.23,0.46
"3300056811_180.fna",98.57,0.48
"3300056811_32.fna",84.45,0.37
"3300056811_293.fna",99.12,0
"3300056811_223.fna",75.13,0
"3300056811_226.fna",71.55,1.72
"3300056811_207.fna",93.86,2.75
"3300056811_92.fna",88.39,0.53
"3300056811_64.fna",99.02,1.09
"3300056811_94.fna",89.78,0.48
"3300056811_317.fna",94.6,2.36
"3300056811_280.fna",94.83,0.86
"3300056811_16.fna",91.15,0.95
"3300056811_108.fna",76.53,1.14
"3300056811_241.fna",82.11,9.74
"3300056811_112.fna",70.31,0.22
"3300056811_300.fna",92.74,4.7
"3300056811_304.fna",95.73,8.97
"3300056811_305.fna",99.51,1.15
"3300056811_308.fna",83.42,2.16
"3300056811_309.fna",93.94,0.84
"3300056811_72.fna",95.06,1.11
"3300056811_177.fna",91.13,3.06
"3300056811_319.fna",90.81,0.95
"3300056811_235.fna",99.51,1.72
"3300056811_205.fna",81.1,4.4
"3300056811_144.fna",72.99,5.1
"3300056811_325.fna",78.74,0
"3300056811_19.fna",91.17,2.14
"3300056811_93.fna",99.49,0
"3300056811_95.fna",98.57,0
"3300056811_97.fna",98.86,1.11
"3300056811_195.fna",93.03,1.08
"3300056811_237.fna",72.1,2.14
"3300056811_202.fna",75.86,1.72
"3300056811_238.fna",92.97,1.62
"3300056811_146.fna",81.82,1.08
"3300056811_208.fna",98.35,2.2
"3300056811_212.fna",85.9,0.85
"3300056811_285.fna",93.95,3.29
"3300056811_43.fna",92.38,0.86
"3300056811_233.fna",94.79,1.73
"3300056811_128.fna",98.51,0.34
"3300056811_138.fna",97.96,4.76
"3300056811_36.fna",89.1,0.95
"3300056811_326.fna",98.58,0.47
"3300056811_312.fna",70.52,1.72
"3300056811_232.fna",96.7,0
"3300056811_74.fna",71.9,5.17
"3300056811_42.fna",95.18,4.68
"3300056811_20.fna",79.82,0
"3300056811_247.fna",95.93,1.89
"3300056811_200.fna",73.56,0
"3300056811_343.fna",95.7,2.47
"3300056811_345.fna",87.76,0.1
"3300056811_59.fna",79.14,0
"3300056811_242.fna",89.04,2.33
"3300056811_149.fna",70.15,1.01
"3300056811_116.fna",91.67,3.07
"3300056811_194.fna",94.87,5.98
"3300056811_127.fna",95.26,0.86
"3300056811_333.fna",96.58,7.26
"3300056811_234.fna",76.35,0.87
"3300056811_260.fna",97.01,0.85
"3300056811_34.fna",90.52,7.76
"3300056811_344.fna",85.3,2.56
"3300056811_281.fna",99.15,4.7
"3300056811_148.fna",92.32,2.72
"3300056811_37.fna",95.27,0.88
"3300056811_214.fna",98.7,0.43
"3300056811_335.fna",80.99,0
"3300056811_28.fna",95.76,1.5
"3300056811_150.fna",77.64,1.28
"3300056811_332.fna",95.56,0.48
"3300056811_256.fna",98,0
"3300056811_258.fna",99.42,0
"3300056811_263.fna",77.03,1.49
"3300056811_243.fna",85.89,3.54
"3300056811_244.fna",98.84,2.7
"3300056811_124.fna",80.32,5.09
"3300056811_276.fna",99.52,1.66
"3300056811_41.fna",92.39,0.5
"3300056811_25.fna",76.72,1.72
"3300056811_26.fna",88.08,0
"3300056811_342.fna",92.45,9.91
"3300056811_213.fna",94.86,1.08
"3300056811_15.fna",70.8,7.75
"3300056811_249.fna",95.73,1.41
"3300056811_38.fna",95.56,2.62
"3300056811_245.fna",79.36,0.85
"3300056811_4.fna",94.11,2.06
"3300056811_328.fna",83.7,0.24
"3300056811_267.fna",77.19,0
"3300056811_330.fna",98.96,0
"3300056811_120.fna",85.45,0
"3300056811_27.fna",82.03,2.88
"3300056815_1.fna",77.08,9.8
"3300056815_16.fna",92.59,2.85
"3300056815_31.fna",89.22,4.2
"3300056815_27.fna",93.63,2.63
"3300056815_7.fna",91.45,1.28
"3300056815_61.fna",83.76,0.43
"3300056815_12.fna",91.43,0.86
"3300056815_47.fna",94.02,1.28
"3300056815_62.fna",85.63,0.83
"3300056834_61.fna",86.61,4.06
"3300056834_14.fna",97.22,0
"3300056834_59.fna",74.54,3.7
"3300056834_41.fna",89.74,0
"3300056834_47.fna",73.72,0.68
"3300056834_30.fna",79.89,0
"3300056834_19.fna",82.21,2.36
"3300056834_130.fna",85.75,0.85
"3300056834_92.fna",84.2,0.86
"3300056834_33.fna",83.76,5.98
"3300056834_95.fna",90.54,0.57
"3300056834_128.fna",77.73,5
"3300056834_21.fna",96.58,5.98
"3300056834_132.fna",74.09,3.13
"3300056834_85.fna",95.73,0.85
"3300056834_8.fna",88.57,4.24
"3300056834_72.fna",98.08,1.71
"3300056834_73.fna",99.14,0
"3300056834_13.fna",93.85,3.42
"3300056843_25.fna",99.84,0.16
"3300056843_28.fna",99.77,0.71
"3300056843_2.fna",99.25,0.41
"3300056843_14.fna",99.77,0.93
"3300056843_5.fna",98.86,0.43
"3300056843_19.fna",100,0.16
"3300056843_13.fna",99.51,1.23
"3300056843_9.fna",99.64,1.26
"3300056843_11.fna",99.21,0.41
"3300056843_4.fna",79.72,1.69
"3300056843_1.fna",98.12,0.31
"3300056843_12.fna",100,0.43
"3300056843_24.fna",99.1,1.02
"3300056843_18.fna",99.64,0.95
"3300056843_22.fna",99.61,0.19
"3300056843_15.fna",99.33,1.04
"3300056843_10.fna",89.23,1.37
"3300056843_23.fna",99.56,0
"3300056847_42.fna",71.03,5.06
"3300056847_2.fna",83.46,0.53
"3300056847_14.fna",81.72,8.9
"3300056847_34.fna",71.88,1.49
"3300056847_24.fna",80.74,8.74
"3300056858_4.fna",100,0.6
"3300056858_2.fna",99.65,0.12
"3300056858_6.fna",76.21,0
"3300056863_35.fna",75.98,2.37
"3300056863_19.fna",73.46,6.79
"3300056863_57.fna",86.06,1.5
"3300056863_67.fna",81.07,1.37
"3300056863_53.fna",77.71,2.4
"3300056863_51.fna",76.9,1.72
"3300056864_51.fna",88.45,4.82
"3300056864_2.fna",84.11,4.94
"3300056864_40.fna",80.08,4.24
"3300056864_25.fna",87.22,1.76
"3300056864_28.fna",78.43,2.08
"3300056864_23.fna",73.16,2.32
"3300056864_9.fna",73.48,3.27
"3300056864_18.fna",78.28,0.84
"3300056865_49.fna",71.5,0.93
"3300056865_91.fna",84.96,8.72
"3300056865_46.fna",82.86,3.51
"3300056865_82.fna",94.51,5.23
"3300056865_85.fna",76.06,4.05
"3300056865_88.fna",71.06,6.21
"3300056865_59.fna",91.68,4.27
"3300056865_39.fna",76.41,4.06
"3300056865_33.fna",81.29,3.32
"3300056865_87.fna",87.07,9.56
"3300056865_67.fna",71.55,7.3
"3300056865_101.fna",80.6,1.29
"3300056865_42.fna",76.1,6.74
"3300056866_34.fna",76.66,1.27
"3300056866_37.fna",73.46,0.97
"3300056866_31.fna",82.07,3.55
"3300056866_1.fna",80.74,3.64
"3300056866_24.fna",75.94,0.3
"3300056867_131.fna",85.78,0.86
"3300056867_72.fna",82.44,1.97
"3300056867_133.fna",93.2,1.94
"3300056867_77.fna",85.74,7.56
"3300056867_90.fna",77.33,1.58
"3300056867_83.fna",88.95,6.04
"3300056867_73.fna",89.89,4.64
"3300056867_71.fna",81.31,2.33
"3300056867_13.fna",81.76,3.04
"3300056867_85.fna",84.26,4.7
"3300056867_125.fna",73.6,0.3
"3300056867_20.fna",83.54,2.35
"3300056867_134.fna",89.93,8
"3300056867_99.fna",83.85,0
"3300056867_135.fna",97.84,1.29
"3300056867_53.fna",83.71,7.13
"3300056867_97.fna",78.67,4.81
"3300056867_106.fna",95.3,6.05
"3300056867_24.fna",88.08,0.93
"3300056867_41.fna",86.27,3.1
"3300056867_88.fna",70.3,0
"3300056867_51.fna",88.89,2.56
"3300056867_78.fna",85.13,3.47
"3300056867_118.fna",72.96,0.93
"3300056867_4.fna",71.59,3.43
"3300056867_108.fna",95.79,3.41
"3300056867_34.fna",83.13,5.48
"3300056867_39.fna",86.9,2.27
"3300056867_54.fna",86.82,5.91
"3300056867_63.fna",77,5.98
"3300056867_114.fna",79.14,9.24
"3300056867_15.fna",94.35,4.41
"3300056867_22.fna",86.04,1.83
"3300056867_25.fna",79.01,3.23
"3300056867_16.fna",89.62,4.83
"3300056867_43.fna",92.96,3.45
"3300056867_44.fna",95.42,0.85
"3300056868_80.fna",97.84,0.86
"3300056868_106.fna",91.32,3.85
"3300056868_72.fna",76.52,0
"3300056868_57.fna",89.17,8.29
"3300056868_19.fna",77.81,2.78
"3300056868_49.fna",96.89,2.97
"3300056868_3.fna",73.13,2.04
"3300056868_63.fna",85.23,0
"3300056868_28.fna",88.16,1.09
"3300056868_6.fna",74.21,4.73
"3300056868_88.fna",85.41,0.68
"3300056868_22.fna",95.02,3.3
"3300056868_100.fna",89.92,2.1
"3300056868_18.fna",75.91,2.56
"3300056868_111.fna",77.59,3.45
"3300056868_47.fna",86.65,2.52
"3300056868_121.fna",76.19,1.41
"3300056868_86.fna",78.87,0.93
"3300056868_130.fna",75.52,1.93
"3300056868_5.fna",87.76,6.67
"3300056868_142.fna",70.65,2.05
"3300056868_13.fna",96.15,5.35
"3300056868_14.fna",94.51,2.56
"3300056868_139.fna",93.54,1.71
"3300056868_92.fna",84.24,1.45
"3300056868_112.fna",98.9,1.83
"3300056868_123.fna",80.04,8.64
"3300056876_5.fna",83.84,5.51
"3300056876_29.fna",78.92,4.91
"3300056876_33.fna",81.31,1.9
"3300056876_32.fna",98.28,0
"3300056876_36.fna",77.22,0.91
"3300056876_35.fna",77.93,7.33
"3300056876_61.fna",73.55,1.86
"3300056876_58.fna",75.68,1.07
"3300056876_24.fna",71.48,5.47
"3300056876_30.fna",85.42,4.4
"3300056876_2.fna",85,2.02
"3300056876_51.fna",80.05,2.58
"3300056876_53.fna",96.16,3.98
"3300056876_63.fna",95.81,2.62
"3300056876_75.fna",86.19,2.74
"3300056876_84.fna",83.92,2
"3300056876_72.fna",94.87,0.85
"3300056876_83.fna",88.67,4.21
"3300056876_8.fna",82.58,4.13
"3300056877_58.fna",98.9,2.2
"3300056877_63.fna",91.54,2.36
"3300056877_116.fna",88.18,4.85
"3300056877_12.fna",72.35,0
"3300056877_98.fna",89.25,8.42
"3300056877_91.fna",75.46,2.27
"3300056877_60.fna",90.32,2.7
"3300056877_154.fna",93.92,5.13
"3300056877_49.fna",85.27,4.84
"3300056877_77.fna",75,2.73
"3300056877_53.fna",89.62,4.06
"3300056877_145.fna",90.57,2.93
"3300056877_7.fna",92.41,3.45
"3300056877_96.fna",91.14,2.99
"3300056877_153.fna",87.84,3.53
"3300056877_44.fna",79.9,7.45
"3300056877_8.fna",75.45,2.27
"3300056877_114.fna",79.07,0.95
"3300056877_111.fna",74.79,7.12
"3300056877_148.fna",80.84,5.47
"3300056877_150.fna",93.33,5.82
"3300056877_9.fna",77.42,2.27
"3300056877_22.fna",87.73,1.97
"3300056877_155.fna",74.33,0.38
"3300056877_73.fna",85.22,6.45
"3300056877_142.fna",92.25,9.4
"3300056877_42.fna",83.37,2.1
"3300056877_81.fna",87.78,4.2
"3300056877_109.fna",90.17,2.99
"3300056877_89.fna",79.3,2.49
"3300056877_84.fna",83.19,1.66
"3300056877_133.fna",97.1,4.62
"3300056877_13.fna",75.82,0
"3300056877_147.fna",80.9,2.81
"3300056877_16.fna",76.49,4.27
"3300056877_135.fna",92.22,3.93
"3300056877_136.fna",84.62,5.01
"3300056877_30.fna",73.62,3.63
"3300056877_139.fna",83.96,5.56
"3300056877_76.fna",87.27,8.64
"3300056877_65.fna",97.73,2.78
"3300056877_69.fna",78.46,4.2
"3300056877_123.fna",98.18,3.64
"3300056877_11.fna",87.73,8.39
"3300056877_41.fna",91.3,2.17
"3300056877_101.fna",93.18,3.64
"3300056877_29.fna",93.29,0.73
"3300056877_10.fna",70.86,2.2
"3300056877_33.fna",76.42,3.94
"3300056877_36.fna",93.64,0.45
"3300056877_106.fna",73.33,7.73
"3300056878_38.fna",85.82,4.2
"3300056878_35.fna",92.93,4.38
"3300056878_13.fna",87.92,8.6
"3300056878_37.fna",87.91,4.4
"3300056878_28.fna",75.55,1.71
"3300056878_25.fna",77.74,3.48
"3300056878_53.fna",79.96,3.49
"3300056878_41.fna",92.15,0.84
"3300056878_47.fna",75.85,4.92
"3300056878_44.fna",94.62,9.83
"3300056878_60.fna",88.91,5.04
"3300056879_109.fna",93.13,2.78
"3300056879_114.fna",90.78,0.91
"3300056879_72.fna",92.74,2.9
"3300056879_7.fna",98.94,1.53
"3300056879_73.fna",71.27,0.1
"3300056879_81.fna",86.9,3.73
"3300056879_11.fna",75.27,2.91
"3300056879_132.fna",89.24,1.36
"3300056879_6.fna",94.21,0.91
"3300056879_129.fna",86.99,2.73
"3300056879_133.fna",83.42,4.19
"3300056879_116.fna",71.13,1.45
"3300056879_128.fna",92.9,9.35
"3300056879_59.fna",78.58,3.28
"3300056879_52.fna",91.6,4.17
"3300056879_31.fna",82.56,3.85
"3300056879_115.fna",78.34,6.15
"3300056879_131.fna",93.64,2.23
"3300056879_48.fna",92.14,8.55
"3300056879_13.fna",92.09,6.5
"3300056879_137.fna",80.16,0.06
"3300056879_50.fna",85.18,8.39
"3300056879_56.fna",71.31,2.97
"3300056879_85.fna",87.58,3.23
"3300056879_74.fna",85.9,3.14
"3300056879_57.fna",83.12,3.87
"3300056879_25.fna",90.01,3.33
"3300056879_27.fna",98.84,6.04
"3300056879_5.fna",86.77,1.65
"3300056879_36.fna",70.96,4.55
"3300056879_20.fna",75.38,3.27
"3300056879_144.fna",84.62,1.1
"3300056879_99.fna",87.17,8.72
"3300056879_24.fna",75.76,0
"3300056879_29.fna",86.47,3.42
"3300056879_118.fna",75.71,4.47
"3300056879_138.fna",70.95,2.73
"3300056879_15.fna",95.91,3.76
"3300056879_147.fna",90,5.56
"3300056879_22.fna",76.67,5.45
"3300056879_141.fna",78.43,2.91
"3300056879_30.fna",82.42,1.75
"3300056880_41.fna",93.18,5.13
"3300056880_49.fna",73.97,3.81
"3300056880_76.fna",74.5,8.69
"3300056880_7.fna",91.48,2.2
"3300056880_6.fna",90.7,0.71
"3300056880_61.fna",94.7,2.94
"3300056880_38.fna",73.51,2.56
"3300056880_67.fna",94.25,7.44
"3300056880_24.fna",78.9,3.42
"3300056880_15.fna",87.7,4.76
"3300056880_27.fna",71.29,1.99
"3300056880_32.fna",74.9,3.35
"3300056880_13.fna",87.55,4.57
"3300056880_23.fna",89.68,5.31
"3300056881_33.fna",70.84,5.66
"3300056881_6.fna",76.37,2.4
"3300056881_5.fna",75.06,2.8
"3300056881_25.fna",79.41,2.02
"3300056881_3.fna",80.6,5.11
"3300056881_28.fna",85.3,3.19
"3300056881_24.fna",82.42,2.38
"3300056881_7.fna",91.21,7.34
"3300056881_22.fna",93.29,4.91
"3300056881_21.fna",92.9,3.42
"3300056881_19.fna",86.26,3.78
"3300056882_1.fna",71.62,5.77
"3300056883_98.fna",82.73,2.81
"3300056883_15.fna",90.33,5.98
"3300056883_13.fna",90.97,6.15
"3300056883_97.fna",94.31,7.24
"3300056883_14.fna",84.01,1.71
"3300056883_16.fna",82.58,6.36
"3300056883_58.fna",89.79,3.2
"3300056883_113.fna",87.19,2.77
"3300056883_24.fna",83.82,1.31
"3300056883_23.fna",77.73,7.51
"3300056883_25.fna",74.74,3.35
"3300056883_112.fna",86.93,8.52
"3300056883_9.fna",91.36,3.64
"3300056883_29.fna",89.52,6.84
"3300056883_109.fna",90.11,4.05
"3300056883_52.fna",73.02,7.44
"3300056883_59.fna",95.54,1.65
"3300056883_35.fna",83.87,2.16
"3300056883_83.fna",79.06,2.99
"3300056883_101.fna",91.45,4.12
"3300056883_71.fna",79.54,0.6
"3300056883_107.fna",93.41,1.1
"3300056883_100.fna",89.01,3.95
"3300056883_65.fna",89.58,5.79
"3300056883_64.fna",91.57,0
"3300056883_33.fna",92.74,8.12
"3300056883_10.fna",96.15,0
"3300056884_72.fna",86.31,1.77
"3300056884_107.fna",89.45,1.83
"3300056884_67.fna",89.07,1.6
"3300056884_76.fna",75.35,2.91
"3300056884_104.fna",87.26,5.65
"3300056884_103.fna",92.02,0.95
"3300056884_105.fna",84.58,2
"3300056884_73.fna",86.26,4.4
"3300056884_106.fna",96.75,5.48
"3300056884_88.fna",78.9,1.34
"3300056884_65.fna",94.69,4.27
"3300056884_77.fna",91.27,5.2
"3300056884_9.fna",71.22,2.52
"3300056884_122.fna",78.2,8.59
"3300056884_137.fna",94.75,4.55
"3300056884_96.fna",87.26,2.02
"3300056884_7.fna",85.51,7.45
"3300056884_13.fna",93.05,4.46
"3300056884_130.fna",95.66,4.83
"3300056884_142.fna",89.11,3.64
"3300056884_114.fna",87.76,4.66
"3300056884_136.fna",82.9,3.64
"3300056884_95.fna",79.67,5.21
"3300056884_24.fna",77.2,3.42
"3300056884_58.fna",98.93,2.56
"3300056884_102.fna",88.55,1.27
"3300056884_135.fna",87.48,3.78
"3300056884_62.fna",84.18,0.37
"3300056884_68.fna",83.24,5.56
"3300056884_11.fna",81.34,0.81
"3300056884_144.fna",70.91,4.65
"3300056884_56.fna",84.34,1.82
"3300056884_89.fna",70.91,2
"3300056884_118.fna",77.06,3.46
"3300056884_71.fna",77.69,0.99
"3300056884_35.fna",86.06,2.91
"3300056884_97.fna",76.57,1.41
"3300056884_53.fna",89.68,2.12
"3300056884_99.fna",70.1,0.91
"3300056884_51.fna",94.92,4.29
"3300056884_16.fna",83.45,2.27
"3300056884_145.fna",77.34,4.49
"3300056884_4.fna",88.02,9.29
"3300056884_45.fna",94.13,2.58
"3300056885_17.fna",85.52,3.36
"3300056885_61.fna",84.65,1.71
"3300056885_119.fna",98.3,4.29
"3300056885_149.fna",91.45,7.26
"3300056885_117.fna",93.41,0
"3300056885_121.fna",84.7,4
"3300056885_123.fna",70.56,1.87
"3300056885_148.fna",94.31,5.49
"3300056885_154.fna",87.85,5.81
"3300056885_59.fna",73.37,0.86
"3300056885_108.fna",72.73,4.31
"3300056885_105.fna",82.01,8.21
"3300056885_70.fna",86.11,1.1
"3300056885_142.fna",86.76,1.1
"3300056885_143.fna",70.28,3.81
"3300056885_104.fna",81.15,2.01
"3300056885_152.fna",78.02,1.16
"3300056885_155.fna",87.42,4.22
"3300056885_20.fna",76.12,1.19
"3300056885_69.fna",81.61,2.99
"3300056885_55.fna",81.78,4.32
"3300056885_95.fna",84.47,2.91
"3300056885_139.fna",90.67,6.43
"3300056885_86.fna",71.59,8.06
"3300056885_101.fna",82.03,0.82
"3300056885_1.fna",91.62,2.99
"3300056885_136.fna",97.64,2.75
"3300056885_138.fna",79.44,1.94
"3300056885_127.fna",72.99,4.55
"3300056886_5.fna",80.26,6.32
"3300056886_48.fna",70.37,4
"3300056886_33.fna",89.03,1.84
"3300056886_47.fna",94.25,3.02
"3300056886_21.fna",98.9,2.2
"3300056886_28.fna",74.22,2.65
"3300056886_22.fna",82.95,0.09
"3300056886_63.fna",80.5,4.7
"3300056886_29.fna",78.76,6.78
"3300056886_69.fna",79.8,4.99
"3300056886_10.fna",74.55,7.45
"3300056886_60.fna",83.94,1.65
"3300056886_65.fna",78.91,2.5
"3300056886_64.fna",93.96,7.69
"3300056886_11.fna",77.04,5.93
"3300056886_20.fna",82.23,1.35
"3300056887_97.fna",81.02,0.61
"3300056887_154.fna",94.86,9.03
"3300056887_106.fna",83.49,0.37
"3300056887_159.fna",88.79,3.74
"3300056887_20.fna",88.12,4.32
"3300056887_145.fna",84.41,0.65
"3300056887_38.fna",78.48,2.91
"3300056887_100.fna",77.39,0
"3300056887_111.fna",93.73,0.33
"3300056887_105.fna",87.11,4.09
"3300056887_19.fna",92.95,5.98
"3300056887_29.fna",90,3.64
"3300056887_109.fna",91.45,6.83
"3300056887_146.fna",92.13,0.93
"3300056887_36.fna",85.15,1.98
"3300056887_35.fna",89.85,2.56
"3300056887_41.fna",75.91,0
"3300056887_58.fna",96.36,6.97
"3300056887_117.fna",96.7,2.75
"3300056887_87.fna",86.15,6.46
"3300056887_108.fna",94.68,0
"3300056887_140.fna",92.74,0.99
"3300056887_24.fna",98.84,6.59
"3300056887_15.fna",85.41,1.65
"3300056887_57.fna",89.4,4.27
"3300056887_34.fna",92.31,7.69
"3300056887_32.fna",92.7,4.49
"3300056887_164.fna",81.85,0
"3300056887_165.fna",77.45,5.56
"3300056887_44.fna",73.47,0.21
"3300056887_12.fna",87.58,5.56
"3300056887_81.fna",94.32,0
"3300056887_143.fna",74.42,3.96
"3300056887_95.fna",74.14,4.55
"3300056887_51.fna",89.77,0
"3300056887_116.fna",72.82,5.45
"3300056887_124.fna",93.53,0.86
"3300056887_113.fna",90.88,2.27
"3300056887_8.fna",77.09,1.67
"3300056887_62.fna",88.79,4.98
"3300056887_162.fna",94.22,0
"3300056887_75.fna",76.86,3.3
"3300056887_139.fna",88.95,4.46
"3300056887_137.fna",74.16,3.07
"3300056887_83.fna",84.64,1.82
"3300056887_16.fna",84.47,4.44
"3300056887_122.fna",74.08,3.23
"3300056887_134.fna",72.18,0
"3300056887_136.fna",91.82,5.45
"3300056887_27.fna",72.94,9.9
"3300056887_135.fna",96.7,0
"3300056887_129.fna",74.84,0.52
"3300056887_6.fna",79.63,2.3
"3300056887_127.fna",81.82,4.38
"3300056888_188.fna",75.56,2.12
"3300056888_50.fna",83.61,5.78
"3300056888_10.fna",80.95,1.31
"3300056888_36.fna",75.25,1.32
"3300056888_56.fna",94.02,9.19
"3300056888_174.fna",94.05,2.06
"3300056888_172.fna",84.16,7.29
"3300056888_175.fna",72.46,0.65
"3300056888_6.fna",82.7,4.58
"3300056888_118.fna",72.22,1.34
"3300056888_30.fna",75.27,2.61
"3300056888_34.fna",78.55,5.08
"3300056888_47.fna",77.06,0.33
"3300056888_11.fna",90.53,0.8
"3300056888_7.fna",75.71,0.93
"3300056888_115.fna",71.64,0.65
"3300056888_20.fna",73.07,3.96
"3300056888_102.fna",70.63,1.32
"3300056888_61.fna",75.48,1.46
"3300056888_63.fna",77,7.96
"3300056888_9.fna",83.96,2.61
"3300056888_181.fna",83.61,2.2
"3300056888_12.fna",87.95,2.42
"3300056888_139.fna",92.94,2.2
"3300056888_111.fna",85.68,3.04
"3300056888_71.fna",81.29,2.17
"3300056888_106.fna",95.75,1.94
"3300056888_23.fna",94.14,3.36
"3300056888_167.fna",80.91,2.78
"3300056888_38.fna",81.31,2.91
"3300056888_171.fna",88.86,7.27
"3300056888_177.fna",90.6,7.01
"3300056888_150.fna",86.6,6.84
"3300056888_22.fna",93.06,3.58
"3300056888_67.fna",87.27,0.91
"3300056888_72.fna",83.25,2.27
"3300056888_146.fna",90.95,1.2
"3300056888_83.fna",89.4,5.13
"3300056888_170.fna",76.36,5.45
"3300056889_118.fna",97.2,4.8
"3300056889_110.fna",98,5.6
"3300056889_169.fna",76.88,8.66
"3300056889_112.fna",71.68,2.82
"3300056889_60.fna",74.26,9.46
"3300056889_107.fna",73.53,1.24
"3300056889_137.fna",95.18,2.99
"3300056889_161.fna",79.87,0
"3300056889_150.fna",85.18,7.27
"3300056889_61.fna",94.51,1.28
"3300056889_15.fna",94.42,3.23
"3300056889_149.fna",94.51,0
"3300056889_166.fna",94.67,2.33
"3300056889_159.fna",86.02,1.61
"3300056889_105.fna",86.9,1.76
"3300056889_75.fna",88.56,4.84
"3300056889_162.fna",71.51,7.92
"3300056889_62.fna",76.7,4.78
"3300056889_94.fna",85.7,4.95
"3300056889_140.fna",71.29,2.43
"3300056889_170.fna",88.18,7.64
"3300056889_50.fna",73.33,4.91
"3300056889_73.fna",87.08,5.98
"3300056889_20.fna",84.58,4.12
"3300056889_154.fna",86.67,5.24
"3300056889_79.fna",85.43,1.29
"3300056889_52.fna",73.49,2.89
"3300056889_81.fna",82.11,5.2
"3300056889_25.fna",70.3,2.23
"3300056889_153.fna",93.36,3.23
"3300056889_167.fna",82.09,0.93
"3300056889_49.fna",74.91,3.33
"3300056889_64.fna",81.45,1.79
"3300056889_78.fna",95.72,2.2
"3300056889_43.fna",82.3,3.89
"3300056889_129.fna",91.58,1.1
"3300056889_77.fna",98.9,2.2
"3300056889_63.fna",82.75,3.3
"3300056889_38.fna",70.45,5.56
"3300056889_157.fna",95.17,4.58
"3300056889_125.fna",78.22,2.97
"3300056889_132.fna",75.27,2.2
"3300056889_40.fna",91.39,7.94
"3300056894_20.fna",83.94,0
"3300056894_46.fna",87.44,5.53
"3300056894_47.fna",75.61,2.27
"3300056894_36.fna",73.43,0.65
"3300056894_19.fna",75.24,1.94
"3300056894_4.fna",70.61,1.09
"3300056894_11.fna",96.36,8.27
"3300056894_22.fna",83.12,3.11
"3300056894_23.fna",77.23,1.59
"3300056895_56.fna",80.64,0.85
"3300056895_17.fna",85.27,3.27
"3300056895_43.fna",82.94,0.57
"3300056895_64.fna",71.4,1.82
"3300056895_25.fna",74.28,5.32
"3300056895_57.fna",71.12,5.18
"3300056895_36.fna",81.48,3.7
"3300056895_44.fna",87.56,0.97
"3300056895_58.fna",81,1.16
"3300056895_60.fna",88.62,0.86
"3300056895_31.fna",86.07,0.9
"3300056895_33.fna",93.23,4.36
"3300056895_3.fna",85.45,5.23
"3300056896_69.fna",85.42,1.33
"3300056896_158.fna",93.74,4.86
"3300056896_66.fna",89.27,0.91
"3300056896_72.fna",88.64,1.7
"3300056896_146.fna",93.15,3.24
"3300056896_159.fna",79.39,2.73
"3300056896_63.fna",87.8,3.17
"3300056896_139.fna",74.04,5.45
"3300056896_155.fna",88.77,5.73
"3300056896_74.fna",86.59,1.7
"3300056896_157.fna",84.47,7.76
"3300056896_133.fna",92.12,2.73
"3300056896_154.fna",86.61,3.42
"3300056896_68.fna",70,1.72
"3300056896_134.fna",75.3,1.1
"3300056896_59.fna",72.93,2.56
"3300056896_160.fna",71.71,2.76
"3300056896_21.fna",88.21,2.2
"3300056896_57.fna",73.3,4.37
"3300056896_118.fna",86.93,4.04
"3300056896_62.fna",82.6,2.39
"3300056896_165.fna",71.88,0
"3300056896_111.fna",80.65,1.61
"3300056896_23.fna",73.04,0
"3300056896_75.fna",91.84,2.27
"3300056896_151.fna",92.26,2.58
"3300056896_29.fna",71.24,3.53
"3300056896_127.fna",96.36,4.44
"3300056896_84.fna",95.77,1.58
"3300056896_65.fna",76.97,7.73
"3300056896_88.fna",96.24,2.47
"3300056896_30.fna",73.5,3.85
"3300056896_99.fna",85.52,2.75
"3300056896_126.fna",86.36,3.55
"3300056896_55.fna",82.74,1.94
"3300056896_152.fna",93.41,1.1
"3300056896_76.fna",81.03,5.13
"3300056896_53.fna",70.46,1.71
"3300056896_64.fna",93.18,1.82
"3300056896_103.fna",89.97,4.27
"3300056896_101.fna",94.87,4.4
"3300056896_122.fna",78.06,0
"3300056896_149.fna",89.54,3.68
"3300056896_56.fna",80.97,5.7
"3300056896_44.fna",77.59,4.19
"3300056896_128.fna",95.54,3.3
"3300056896_115.fna",86.94,1.82
"3300056896_35.fna",94.35,2.58
"3300056896_116.fna",72.02,1.41
"3300056896_37.fna",89.84,8.87
"3300056897_18.fna",93.11,0
"3300056897_60.fna",93.43,3.84
"3300056897_93.fna",75.45,6.46
"3300056897_29.fna",77.75,7.96
"3300056897_77.fna",85.2,1.07
"3300056897_102.fna",70.46,0.99
"3300056897_39.fna",78,0.99
"3300056897_101.fna",85.58,3.96
"3300056897_154.fna",89.64,1.1
"3300056897_21.fna",86.52,1.12
"3300056897_88.fna",87.8,1.63
"3300056897_69.fna",87.43,6.36
"3300056897_100.fna",87.33,4.36
"3300056897_130.fna",75.45,7.75
"3300056897_145.fna",85.65,2.43
"3300056897_95.fna",76.15,4.28
"3300056897_103.fna",94.8,6.45
"3300056897_99.fna",84.6,5.67
"3300056897_132.fna",74.77,1.4
"3300056897_138.fna",90.42,0
"3300056897_153.fna",86.12,5.75
"3300056897_97.fna",77.32,3.01
"3300056897_41.fna",70.1,2.73
"3300056897_118.fna",93.81,1.1
"3300056897_89.fna",93.07,5.65
"3300056897_115.fna",81.14,5.2
"3300056897_81.fna",90.36,5.6
"3300056897_139.fna",85.45,6.77
"3300056898_4.fna",79.04,1.18
"3300056898_8.fna",76.99,9.35
"3300056898_21.fna",72.53,0.84
"3300056898_28.fna",73.07,9.12
"3300056899_14.fna",98.53,1.96
"3300056899_118.fna",83.8,3.55
"3300056899_25.fna",98.84,4.4
"3300056899_65.fna",93.59,1.28
"3300056899_43.fna",82.61,6.46
"3300056899_12.fna",72.22,0.65
"3300056899_38.fna",78.12,6.64
"3300056899_120.fna",91.29,5.49
"3300056899_36.fna",87.73,4.53
"3300056899_4.fna",70.45,3.64
"3300056899_26.fna",86.7,4.24
"3300056899_40.fna",74.9,1.7
"3300056899_33.fna",80.14,1.72
"3300056899_22.fna",77.86,6.82
"3300056899_84.fna",91.94,1.33
"3300056899_90.fna",73.9,1.71
"3300056899_66.fna",97.01,1.31
"3300056899_110.fna",97.09,6.8
"3300056899_99.fna",72.1,3.48
"3300056899_81.fna",79.19,3.64
"3300056899_87.fna",91.38,0.43
"3300056899_83.fna",97.27,4.73
"3300056899_8.fna",88.64,4.27
"3300056900_28.fna",89.66,0
"3300056900_43.fna",70.09,2.11
"3300056900_67.fna",91.46,8.23
"3300056900_42.fna",84.39,1.73
"3300056900_12.fna",83.35,6.41
"3300056900_4.fna",80.95,2.38
"3300056900_38.fna",91.21,0.1
"3300056900_46.fna",77.25,2.33
"3300056900_53.fna",84.19,3.87
"3300056900_34.fna",92.39,1.74
"3300056900_60.fna",82.18,2.09
"3300056900_19.fna",85.36,3.89
"3300056901_86.fna",88.95,0.36
"3300056901_117.fna",79.74,2.91
"3300056901_24.fna",88.56,3.47
"3300056901_154.fna",75.15,2
"3300056901_79.fna",96.7,1.1
"3300056901_157.fna",82.53,3.82
"3300056901_160.fna",94.22,1.87
"3300056901_27.fna",92.31,1.1
"3300056901_35.fna",74.75,2.91
"3300056901_36.fna",76.15,5.09
"3300056901_166.fna",88.78,2.59
"3300056901_42.fna",88.71,0.81
"3300056901_121.fna",90.75,8.29
"3300056901_19.fna",89.75,1.1
"3300056901_20.fna",89.84,2.58
"3300056901_8.fna",87.85,3.74
"3300056901_84.fna",82.75,9.71
"3300056901_109.fna",81.8,5.73
"3300056901_107.fna",81.53,0.99
"3300056901_16.fna",92.04,9.29
"3300056901_165.fna",79.67,1.16
"3300056901_90.fna",81.71,3.98
"3300056901_152.fna",81.36,2.73
"3300056901_153.fna",94.74,0.65
"3300056901_151.fna",96.26,1.87
"3300056901_76.fna",85.8,1.85
"3300056901_82.fna",96.15,2.2
"3300056901_161.fna",83.62,3.16
"3300056901_4.fna",84.84,2.58
"3300056901_120.fna",97.27,6.29
"3300056901_138.fna",88.39,2.19
"3300056901_70.fna",96.06,4.73
"3300056901_150.fna",91.57,1.38
"3300056901_53.fna",70.62,3.74
"3300056901_89.fna",87.51,2.74
"3300056901_137.fna",87.69,6.51
"3300056901_91.fna",81.29,2.26
"3300056901_75.fna",94.51,1.1
"3300056901_69.fna",86.81,9.85
"3300056901_149.fna",97.8,2.2
"3300056901_74.fna",83.29,1.1
"3300056901_146.fna",94.68,2.58
"3300056901_128.fna",70.71,3.96
"3300056901_67.fna",92.24,5.94
"3300056901_135.fna",86.68,4.17
"3300056901_131.fna",78.74,2.52
"3300056901_148.fna",88.55,3.42
"3300056901_124.fna",85.78,5.81
"3300056901_129.fna",93.31,3.28
"3300056901_6.fna",83.55,9.38
"3300056902_139.fna",71.45,0.5
"3300056902_112.fna",82.52,0.65
"3300056902_152.fna",71.18,9.73
"3300056902_157.fna",81.82,0
"3300056902_124.fna",91.73,5.76
"3300056902_76.fna",83.33,0.76
"3300056902_140.fna",79.64,2.73
"3300056902_64.fna",80.86,1.71
"3300056902_131.fna",73.54,8.26
"3300056902_71.fna",79.77,3.17
"3300056902_108.fna",74.63,1.14
"3300056902_1.fna",78.24,1.94
"3300056902_136.fna",81.71,2.99
"3300056902_159.fna",89.4,6.2
"3300056902_160.fna",78.78,2.56
"3300056902_37.fna",89.99,6.4
"3300056902_28.fna",84.77,4.17
"3300056902_130.fna",72.24,4.19
"3300056902_65.fna",78.38,2.09
"3300056902_143.fna",71.96,1.94
"3300056902_161.fna",82.45,6.89
"3300056902_34.fna",91.07,2.68
"3300056902_180.fna",86.13,3.39
"3300056902_97.fna",85.77,1.39
"3300056902_23.fna",78.8,2.68
"3300056902_16.fna",79.32,2.35
"3300056902_53.fna",80.17,7.13
"3300056902_92.fna",75.6,5.2
"3300056902_78.fna",80,1.1
"3300056902_162.fna",86.72,4.09
"3300056902_52.fna",76.55,2.61
"3300056902_83.fna",73.1,2.15
"3300056902_86.fna",90.94,2.14
"3300056902_93.fna",77.52,0.92
"3300056902_132.fna",96.19,0.65
"3300056902_5.fna",83.76,2.28
"3300056902_80.fna",94.15,7.69
"3300056902_170.fna",91.94,0.8
"3300056902_82.fna",88.07,0.49
"3300056902_84.fna",70.51,1.67
"3300056903_114.fna",86.79,9.12
"3300056903_30.fna",73.08,0
"3300056903_116.fna",96.26,6.07
"3300056903_31.fna",86.81,5.45
"3300056903_138.fna",70.24,0
"3300056903_20.fna",86.54,7.44
"3300056903_112.fna",88.81,1.83
"3300056903_136.fna",81.6,9.62
"3300056903_99.fna",79.82,4.55
"3300056903_43.fna",72.57,1.71
"3300056903_26.fna",85.34,4.55
"3300056903_12.fna",87.32,1.87
"3300056903_107.fna",70.56,0.99
"3300056903_59.fna",77.77,6.24
"3300056903_67.fna",96.59,3.41
"3300056903_37.fna",80.91,7.27
"3300056903_121.fna",76.36,5.45
"3300056903_39.fna",81.8,2.94
"3300056903_133.fna",81.48,2.31
"3300056903_45.fna",90.58,5.61
"3300056903_29.fna",86.52,2.25
"3300056903_75.fna",92.24,2.48
"3300056903_58.fna",95.6,2.2
"3300056903_32.fna",95.36,1.5
"3300056903_60.fna",83.57,2.26
"3300056903_157.fna",93.82,0.63
"3300056903_40.fna",76.35,2.31
"3300056903_128.fna",90,6.85
"3300056903_95.fna",80.07,4.07
"3300056903_93.fna",86.45,6.47
"3300056903_11.fna",72.02,6.55
"3300056903_125.fna",83.33,7.45
"3300056903_78.fna",78.66,5.94
"3300056903_123.fna",85.13,2.99
"3300056903_161.fna",76.17,5.68
"3300056903_158.fna",90.65,3.74
"3300056903_70.fna",82.3,3.16
"3300056903_109.fna",76.68,1.61
"3300056903_105.fna",96.71,2.1
"3300056903_15.fna",76.11,7.91
"3300056903_169.fna",89.42,4.55
"3300056903_55.fna",88.95,0
"3300056903_91.fna",85.17,1.1
"3300056903_92.fna",77.79,5.13
"3300056903_126.fna",92.16,1.25
"3300056903_34.fna",73,0.74
"3300056903_100.fna",76.46,3.35
"3300056903_192.fna",79.59,0
"3300056903_53.fna",79.09,3.18
"3300056903_54.fna",82.02,5.64
"3300056903_9.fna",88.91,6.04
"3300056903_82.fna",90.45,7.87
"3300056903_185.fna",89.09,5.64
"3300056903_101.fna",87.18,4.05
"3300056903_50.fna",96,1.6
"3300056903_167.fna",93.42,4.48
"3300056903_76.fna",84.42,5
"3300056903_81.fna",74.59,4.7
"3300056903_181.fna",91.85,8.55
"3300056903_103.fna",83.87,3.1
"3300056903_172.fna",91.04,3.3
"3300056903_183.fna",90.56,0
"3300056903_162.fna",76.13,2.58
"3300056903_180.fna",91.45,4.59
"3300056903_80.fna",90.8,1.25
"3300056903_177.fna",70.46,0
"3300056904_4.fna",82.85,0.85
"3300056904_100.fna",76.82,0
"3300056904_9.fna",89.4,2.61
"3300056904_103.fna",76.91,4.13
"3300056904_10.fna",90,2.78
"3300056904_110.fna",82.28,3.45
"3300056904_57.fna",83.42,3.42
"3300056904_75.fna",91.75,1.68
"3300056904_53.fna",91.84,2.2
"3300056904_49.fna",84.32,6.84
"3300056904_143.fna",74.68,1.46
"3300056904_130.fna",80.12,5.45
"3300056904_90.fna",83.34,1.31
"3300056904_87.fna",75.34,7.92
"3300056904_151.fna",96.41,0.16
"3300056904_152.fna",85.12,1.19
"3300056904_117.fna",71.62,2.09
"3300056904_153.fna",80.84,0.47
"3300056904_127.fna",81.73,0.8
"3300056904_70.fna",71.21,4.55
"3300056904_148.fna",90.95,3.27
"3300056904_30.fna",75.93,2.61
"3300056904_99.fna",71.45,1.4
"3300056904_78.fna",91.5,2.75
"3300056904_31.fna",76.81,0
"3300056904_84.fna",71.69,0
"3300056904_146.fna",77.27,1.97
"3300056904_129.fna",70.3,0
"3300056904_68.fna",81.1,0
"3300056904_29.fna",89.68,9.21
"3300056904_60.fna",90.56,1.19
"3300056904_95.fna",91.68,7.69
"3300056904_128.fna",78.6,4.8
"3300056904_37.fna",77.27,6.55
"3300056904_161.fna",74.03,5.77
"3300056904_124.fna",90.48,1.84
"3300056904_154.fna",84.7,4.27
"3300056904_156.fna",73.43,0
"3300056904_17.fna",88.12,2.9
"3300056904_160.fna",75.85,2.14
"3300056905_18.fna",86.97,0.91
"3300056905_137.fna",73.27,1.98
"3300056905_135.fna",80.66,8.91
"3300056905_52.fna",80.19,8.05
"3300056905_199.fna",88.18,6.77
"3300056905_2.fna",73.37,3.27
"3300056905_205.fna",83.5,1.28
"3300056905_193.fna",76.8,0.99
"3300056905_168.fna",80.37,4.67
"3300056905_158.fna",89.88,6.84
"3300056905_132.fna",97.71,0.03
"3300056905_149.fna",78.94,2.2
"3300056905_16.fna",74.26,3.62
"3300056905_152.fna",83.29,3.33
"3300056905_70.fna",80.7,4.55
"3300056905_202.fna",88.55,6.84
"3300056905_34.fna",77.1,1.51
"3300056905_170.fna",94.04,1.1
"3300056905_14.fna",87.54,3.1
"3300056905_206.fna",83.87,3.23
"3300056905_28.fna",96.15,1.1
"3300056905_107.fna",70.54,5.66
"3300056905_192.fna",89.4,4.27
"3300056905_196.fna",75.13,5.94
"3300056905_84.fna",81.87,0.1
"3300056905_15.fna",91.03,3.42
"3300056905_69.fna",95.22,2.33
"3300056905_201.fna",83.33,3.7
"3300056905_31.fna",86.27,1.19
"3300056905_203.fna",84.09,1.92
"3300056905_127.fna",70.78,0.7
"3300056905_10.fna",93.01,4.25
"3300056905_195.fna",86.14,0.6
"3300056905_85.fna",93.59,4.7
"3300056905_83.fna",78.14,3.96
"3300056905_213.fna",80.63,2.35
"3300056905_23.fna",75.37,2.67
"3300056905_72.fna",78.23,3.55
"3300056905_8.fna",71.56,2.27
"3300056905_79.fna",89.09,3.64
"3300056905_216.fna",79.28,2.54
"3300056905_90.fna",75.23,5.05
"3300056905_177.fna",79.32,4.44
"3300056905_38.fna",77.42,3.39
"3300056905_119.fna",75.03,1.14
"3300056905_91.fna",94.52,1.61
"3300056905_9.fna",71.39,6.82
"3300056905_12.fna",86.8,0.99
"3300056905_97.fna",85.05,3.09
"3300056905_96.fna",87.46,2.22
"3300056905_11.fna",82.7,2.91
"3300056905_126.fna",90.2,7.42
"3300056905_95.fna",87.2,3.2
"3300056906_83.fna",81.91,0
"3300056906_3.fna",88.82,1.96
"3300056906_2.fna",78.31,2.26
"3300056906_33.fna",81.62,1.67
"3300056906_34.fna",86,3.36
"3300056906_18.fna",87.09,8.86
"3300056906_19.fna",79.67,1.2
"3300056906_38.fna",80.61,1.25
"3300056906_8.fna",70.69,3.11
"3300056906_70.fna",89.72,2.88
"3300056906_69.fna",88.85,0
"3300056906_86.fna",75,9.37
"3300056906_12.fna",71.9,5.98
"3300056906_87.fna",83.59,4.8
"3300056906_11.fna",84.3,4.19
"3300056906_55.fna",80.04,1.31
"3300056906_81.fna",70.3,0
"3300056906_101.fna",77.37,4.38
"3300056906_105.fna",73.52,0.54
"3300056906_97.fna",80.81,4.07
"3300056906_99.fna",85.06,2.2
"3300056906_10.fna",90.65,0.93
"3300056906_85.fna",75.56,6.84
"3300056915_9.fna",99.84,0.19
"3300056915_7.fna",97.99,1.84
"3300056915_3.fna",99.38,1.12
"3300056915_10.fna",99.57,0.01
"3300056915_11.fna",97.47,0.35
"3300056915_4.fna",99.5,0.22
"3300056916_5.fna",97.04,0.86
"3300056916_1.fna",99.7,0
"3300056916_3.fna",99.37,0.47
"3300056916_2.fna",95.22,0.2
"3300056916_4.fna",99.66,0.68
"3300056917_18.fna",82.28,3.85
"3300056917_72.fna",71.59,2.01
"3300056917_115.fna",86.82,3.82
"3300056917_117.fna",81.31,4.53
"3300056917_70.fna",75.49,2.59
"3300056917_24.fna",92.93,0.61
"3300056917_15.fna",86.64,2.42
"3300056917_100.fna",70.76,3.64
"3300056917_8.fna",86.88,2.87
"3300056917_116.fna",81.07,4.82
"3300056917_23.fna",88.59,1.87
"3300056917_59.fna",90.83,5.98
"3300056917_82.fna",94.26,3.51
"3300056917_96.fna",78.98,1.76
"3300056917_41.fna",86.27,2.26
"3300056917_2.fna",72.33,6.5
"3300056917_20.fna",83.84,3.42
"3300056917_9.fna",74.4,2.74
"3300056917_118.fna",89.36,5.94
"3300056917_69.fna",96.75,5.05
"3300056917_99.fna",70.49,0
"3300056917_94.fna",83.18,4.55
"3300056917_7.fna",87.27,5.1
"3300056922_3.fna",78.62,0.05
"3300056922_22.fna",97.01,0.85
"3300056922_20.fna",88.41,6.84
"3300056922_37.fna",89.03,9.4
"3300056922_36.fna",73.27,1.92
"3300056922_45.fna",81.72,6.82
"3300056923_12.fna",73.6,0.2
"3300056923_54.fna",92.29,4.53
"3300056923_53.fna",72.16,1.14
"3300056923_51.fna",91.16,1.21
"3300056923_21.fna",73.15,5.45
"3300056923_62.fna",92.84,3.69
"3300056923_19.fna",95.53,0.69
"3300056923_64.fna",80.91,1.55
"3300056970_132.fna",94.11,5.98
"3300056970_50.fna",90.18,9.6
"3300056970_124.fna",83.83,2.1
"3300056970_128.fna",89.66,3.92
"3300056970_121.fna",73.41,4.89
"3300056970_137.fna",74.49,3.53
"3300056970_95.fna",97.09,2.12
"3300056970_127.fna",93.55,0.81
"3300056970_43.fna",81.1,4.4
"3300056970_28.fna",80.81,6.8
"3300056970_53.fna",72.31,2.56
"3300056970_108.fna",87.24,2.26
"3300056970_72.fna",84.27,7.84
"3300056970_40.fna",74.14,3.45
"3300056970_5.fna",85.64,2.99
"3300056970_69.fna",79.45,3.53
"3300056970_77.fna",90.09,2.3
"3300056970_96.fna",73.08,4.45
"3300056970_55.fna",70.56,0.78
"3300056970_79.fna",78.42,4.18
"3300056970_64.fna",94.51,4.52
"3300056971_45.fna",80.29,3.54
"3300056971_20.fna",87.85,2.56
"3300056971_14.fna",88.46,4.58
"3300056971_10.fna",91.21,5.49
"3300056972_56.fna",71.08,0
"3300056972_4.fna",76.11,2.78
"3300056972_39.fna",85.51,8.97
"3300056972_25.fna",74.35,6.98
"3300056972_45.fna",88.97,4.27
"3300056972_83.fna",79.78,1.76
"3300056972_65.fna",75.54,1.08
"3300056972_38.fna",80.68,0
"3300056972_46.fna",72.78,3.64
"3300056972_66.fna",71.93,5.69
"3300056972_80.fna",79.82,9.88
"3300056972_70.fna",79.51,5.14
"3300056972_73.fna",70.92,8.11
"3300056972_64.fna",71.39,0.06
"3300056972_8.fna",76.65,0.86
"3300056973_158.fna",76.24,2.65
"3300056973_174.fna",75.64,2.06
"3300056973_16.fna",83.9,2.74
"3300056973_153.fna",92.16,0.38
"3300056973_36.fna",70.23,9.27
"3300056973_37.fna",76.21,6.03
"3300056973_15.fna",82.48,4.67
"3300056973_83.fna",70.74,6.6
"3300056973_165.fna",98.9,4.4
"3300056973_92.fna",85.64,2
"3300056973_133.fna",87.74,2.91
"3300056973_140.fna",73.94,9.27
"3300056973_100.fna",95.8,5.14
"3300056973_155.fna",93.14,0.65
"3300056973_22.fna",70.11,0.69
"3300056973_58.fna",87.26,3.49
"3300056973_62.fna",77.73,4.55
"3300056973_127.fna",87.56,8.25
"3300056973_76.fna",86.27,0.22
"3300056973_73.fna",92.94,2.75
"3300056973_148.fna",84.29,0
"3300056973_28.fna",74.78,8.6
"3300056973_23.fna",90.34,1.14
"3300056973_123.fna",83.23,8.09
"3300056973_93.fna",89.02,1.1
"3300056973_54.fna",74.33,2.83
"3300056973_65.fna",77.06,8.39
"3300056973_39.fna",78.98,3.92
"3300056973_4.fna",78.23,2.24
"3300056973_68.fna",73.42,2.8
"3300056973_117.fna",76.24,0
"3300056973_40.fna",82.73,5.46
"3300056973_121.fna",75.85,1.71
"3300056973_85.fna",84.53,3.27
"3300056973_122.fna",87.62,4.35
"3300056973_69.fna",91.23,1.55
"3300056973_87.fna",72.82,3.26
"3300056973_79.fna",78.98,5.16
"3300056973_66.fna",78.81,1.71
"3300056973_53.fna",71.91,1.34
"3300056977_250.fna",83.08,0
"3300056977_196.fna",91.67,0.93
"3300056977_220.fna",99.37,0
"3300056977_190.fna",81.35,1.09
"3300056977_204.fna",95.98,1.99
"3300056977_199.fna",82.91,2.14
"3300056977_222.fna",84.43,6.66
"3300056977_25.fna",88.52,1.3
"3300056977_188.fna",97.17,0.86
"3300056977_189.fna",95.93,1.16
"3300056977_22.fna",77.68,1.74
"3300056977_197.fna",88.34,0
"3300056977_198.fna",99.21,0.51
"3300056977_112.fna",86.14,0.77
"3300056977_106.fna",98.65,8.71
"3300056977_246.fna",85.48,1.95
"3300056977_322.fna",90.41,2.49
"3300056977_185.fna",75.18,4.15
"3300056977_44.fna",97.78,3.26
"3300056977_111.fna",95.93,1.89
"3300056977_223.fna",89.78,0.48
"3300056977_113.fna",97.31,0.63
"3300056977_127.fna",95.81,1.97
"3300056977_128.fna",98.51,1.28
"3300056977_184.fna",95.52,0.49
"3300056977_211.fna",98.21,2.23
"3300056977_42.fna",93.65,3.05
"3300056977_46.fna",99.51,0.86
"3300056977_140.fna",91.76,2.2
"3300056977_64.fna",92.21,1.16
"3300056977_65.fna",95.81,2.33
"3300056977_224.fna",96.33,0.45
"3300056977_244.fna",88.46,0.85
"3300056977_321.fna",98.28,7.68
"3300056977_213.fna",98.57,0
"3300056977_214.fna",98.96,1.68
"3300056977_137.fna",78.05,0
"3300056977_194.fna",98.34,0.58
"3300056977_58.fna",87.07,3.45
"3300056977_350.fna",89.72,2.22
"3300056977_148.fna",81.21,3.68
"3300056977_24.fna",98.14,4.35
"3300056977_205.fna",98.52,1.11
"3300056977_206.fna",97.46,1.67
"3300056977_175.fna",86.93,1.44
"3300056977_342.fna",97.22,1.31
"3300056977_40.fna",81.81,9.49
"3300056977_9.fna",72.17,0.89
"3300056977_35.fna",87.36,5.17
"3300056977_253.fna",80.49,3.7
"3300056977_256.fna",76,2.18
"3300056977_354.fna",94.05,0.19
"3300056977_318.fna",75.48,0.87
"3300056977_125.fna",84.05,1.95
"3300056977_229.fna",73.64,4.55
"3300056977_344.fna",93.6,1.15
"3300056977_212.fna",87.88,1.77
"3300056977_328.fna",97.14,0
"3300056977_329.fna",99.93,3.37
"3300056977_27.fna",73.56,0
"3300056977_351.fna",95.8,4.94
"3300056977_172.fna",72.75,0
"3300056977_149.fna",88.37,1.41
"3300056977_121.fna",96.46,5.36
"3300056977_174.fna",90.3,0
"3300056977_313.fna",91.56,2.45
"3300056977_230.fna",75.86,0
"3300056977_86.fna",76.2,9.56
"3300056977_348.fna",94.72,3.63
"3300056977_236.fna",93.57,2.54
"3300056977_237.fna",95.55,2.74
"3300056977_238.fna",88.72,1.71
"3300056977_336.fna",78.74,0
"3300056977_338.fna",96.12,1.72
"3300056977_339.fna",95.04,0.63
"3300056977_34.fna",83.96,0
"3300056977_75.fna",92.12,9.95
"3300056977_259.fna",98.76,2.01
"3300056977_133.fna",82.07,0
"3300056977_269.fna",83.85,4.56
"3300056977_347.fna",90.51,0.65
"3300056977_33.fna",89.93,0
"3300056977_330.fna",93.39,0.86
"3300056977_273.fna",88.84,2.02
"3300056977_226.fna",87.98,1.4
"3300056977_228.fna",87.03,0
"3300056977_153.fna",84.98,0.25
"3300056977_210.fna",80.19,0.53
"3300056977_235.fna",87,0.45
"3300056977_234.fna",77.59,0
"3300056977_161.fna",97.54,3.69
"3300056977_166.fna",98.03,8.4
"3300056977_167.fna",86.81,2.2
"3300056977_169.fna",91.3,1.19
"3300056977_240.fna",87.96,1.85
"3300056977_245.fna",99.12,0
"3300056977_316.fna",97.96,0.3
"3300056977_151.fna",70.85,0
"3300056977_282.fna",78.57,0
"3300056977_79.fna",95.2,1.67
"3300056977_368.fna",97.46,0.48
"3300056977_5.fna",72.67,0.75
"3300056977_376.fna",72.59,0.34
"3300056977_275.fna",90.71,2.37
"3300056977_15.fna",71.71,0.18
"3300056977_305.fna",90.8,0.99
"3300056977_356.fna",91.78,0.66
"3300056977_36.fna",93.65,0.24
"3300056977_231.fna",92.45,0.25
"3300056977_160.fna",95.41,2.67
"3300056977_263.fna",97.54,2.46
"3300056977_372.fna",93.72,0.92
"3300056977_373.fna",90.62,0
"3300056977_48.fna",98.94,0.37
"3300056977_295.fna",96.86,2.36
"3300056977_243.fna",90.28,1.9
"3300056977_171.fna",71.46,0
"3300056977_279.fna",95.27,2.79
"3300056977_163.fna",97.6,2.45
"3300056977_260.fna",93.44,1.52
"3300056977_157.fna",90.98,4.4
"3300056977_378.fna",93.52,4.78
"3300056977_293.fna",94.07,8.68
"3300056977_294.fna",95.48,2.58
"3300056977_367.fna",92.31,4.06
"3300056977_38.fna",99.69,1.89
"3300056977_360.fna",79.85,1.06
"3300056977_362.fna",76.34,1.25
"3300056977_370.fna",70.69,5.17
"3300056977_292.fna",78.74,0
"3300056977_289.fna",92.61,5.75
"3300056977_286.fna",71.35,1.72
"3300056977_287.fna",96.06,1.65
"3300056996_70.fna",70.81,2.85
"3300056996_142.fna",75.48,3.38
"3300056996_105.fna",80.4,3.09
"3300056996_178.fna",93.25,3.45
"3300056996_99.fna",82.49,1.03
"3300056996_143.fna",79.62,3.57
"3300056996_95.fna",73.56,5.16
"3300056996_106.fna",96.11,8.92
"3300056996_63.fna",85.75,2.73
"3300056996_67.fna",86.78,0.97
"3300056996_19.fna",81.68,2.05
"3300056996_15.fna",74.82,3.85
"3300056996_88.fna",88.89,8.97
"3300056996_126.fna",90.75,4.84
"3300056996_65.fna",95.48,1.29
"3300056996_175.fna",84.84,2.12
"3300056996_62.fna",90.52,4.94
"3300056996_111.fna",76.53,0.43
"3300056996_112.fna",93.68,3.47
"3300056996_199.fna",93.28,2.2
"3300056996_147.fna",89.02,4.3
"3300056996_201.fna",71.31,1.68
"3300056996_44.fna",72.71,2.15
"3300056996_127.fna",73.48,5.09
"3300056996_94.fna",92.26,5.81
"3300056996_11.fna",88.87,9.51
"3300056996_116.fna",98.84,2.93
"3300056996_181.fna",77.93,2.56
"3300056996_118.fna",88.81,3.87
"3300056996_195.fna",98.06,3.88
"3300056996_46.fna",86.1,6.59
"3300056996_39.fna",84.07,3.11
"3300056996_107.fna",91.94,2.9
"3300056996_134.fna",84.95,3.42
"3300056996_54.fna",94.96,5.46
"3300056996_122.fna",85.61,6.94
"3300056996_180.fna",78.71,1.94
"3300056996_27.fna",77.81,3.57
"3300056996_8.fna",94.87,6.91
"3300056996_51.fna",94.96,3.36
"3300056996_84.fna",94.83,6.9
"3300056996_38.fna",86.52,6.07
"3300056997_21.fna",79.01,1.98
"3300056997_13.fna",90.82,0
"3300056997_24.fna",86.72,3.33
"3300056997_91.fna",86.45,8.42
"3300056997_4.fna",77.6,5
"3300056997_8.fna",80.77,1.2
"3300056997_12.fna",76.36,0.99
"3300056997_20.fna",74.36,7.16
"3300056997_25.fna",71.36,0.33
"3300056997_5.fna",87.11,0
"3300056997_40.fna",73.95,1.31
"3300056997_19.fna",92.31,0
"3300056997_26.fna",81.54,0.85
"3300056997_71.fna",78.5,0.93
"3300056997_37.fna",91.6,6
"3300057000_133.fna",95.95,1.29
"3300057000_118.fna",91.4,3.51
"3300057000_123.fna",87.89,2.79
"3300057000_97.fna",92.95,2.99
"3300057000_139.fna",70.69,5.17
"3300057000_93.fna",71.55,1.31
"3300057000_34.fna",88.33,3.03
"3300057000_21.fna",92.65,2.59
"3300057000_4.fna",73.43,7.99
"3300057000_48.fna",71.42,0.85
"3300057000_86.fna",96.7,4.95
"3300057000_96.fna",72.84,1.72
"3300057000_33.fna",76.87,6.84
"3300057000_71.fna",71.28,1.82
"3300057000_103.fna",71.95,2.81
"3300057000_82.fna",91.08,2.73
"3300057000_88.fna",90.45,2.72
"3300057000_58.fna",90.13,4.2
"3300057000_79.fna",72.46,6.56
"3300057000_141.fna",74.51,4.17
"3300057000_90.fna",73.97,5.83
"3300057003_28.fna",93.79,1.68
"3300057003_58.fna",93.96,4.4
"3300057003_97.fna",92.42,8.73
"3300057003_37.fna",100,1.1
"3300057003_63.fna",76.38,3.67
"3300057003_24.fna",93.03,3.05
"3300057003_98.fna",77.96,2.3
"3300057003_29.fna",70.53,0
"3300057003_109.fna",90.79,2.04
"3300057003_12.fna",86.93,4.65
"3300057003_35.fna",87.27,7.91
"3300057003_132.fna",73.29,3.82
"3300057003_133.fna",99.09,3.69
"3300057003_169.fna",70.94,3.64
"3300057003_5.fna",73.03,3.79
"3300057003_92.fna",75.46,1.34
"3300057003_122.fna",96.58,5.13
"3300057003_130.fna",88.91,5.33
"3300057003_34.fna",89.66,3.68
"3300057003_60.fna",93.96,3.42
"3300057003_155.fna",83.56,3.42
"3300057003_136.fna",84.14,5.61
"3300057003_49.fna",85.04,1.71
"3300057003_121.fna",88.53,2.39
"3300057003_69.fna",91.76,2.2
"3300057003_128.fna",94.41,0.91
"3300057003_113.fna",92.76,2.58
"3300057003_80.fna",77.68,8.28
"3300057003_150.fna",89.94,0.91
"3300057003_154.fna",76.13,3.76
"3300057003_168.fna",77.81,2.04
"3300057003_43.fna",95.09,2.56
"3300057003_88.fna",77.01,1.64
"3300057003_50.fna",86.36,1.36
"3300057003_67.fna",91.02,4.99
"3300057003_32.fna",90.91,4.55
"3300057003_79.fna",85.16,1.65
"3300057003_157.fna",72.69,1.44
"3300057003_120.fna",79.42,4.08
"3300057003_167.fna",82.01,0.33
"3300057003_140.fna",89.2,3.98
"3300057003_8.fna",84.28,9.58
"3300057003_142.fna",92.74,1.29
"3300057003_158.fna",79.31,4.39
"3300057003_143.fna",96.7,2.2
"3300057003_78.fna",79.69,6.21
"3300057003_161.fna",79.41,5.64
"3300057003_159.fna",74.49,2.73
"3300057003_64.fna",80.46,7.95
"3300057003_14.fna",79.05,0.84
"3300057003_148.fna",83.8,2.1
"3300057004_107.fna",77.47,3.54
"3300057004_17.fna",85.16,2.2
"3300057004_101.fna",76.94,2.22
"3300057004_10.fna",88.01,8.39
"3300057004_138.fna",86.89,3.42
"3300057004_98.fna",93.11,6.89
"3300057004_119.fna",88.66,3.36
"3300057004_116.fna",97.04,0.94
"3300057004_66.fna",76.21,3.79
"3300057004_132.fna",89.97,1.63
"3300057004_78.fna",88.79,9.33
"3300057004_16.fna",86.66,0.18
"3300057004_141.fna",72,6.77
"3300057004_97.fna",88.89,1.71
"3300057004_114.fna",88.5,3.33
"3300057004_115.fna",87.81,9.4
"3300057004_74.fna",72.48,1.14
"3300057004_76.fna",92.31,2.91
"3300057004_68.fna",82.73,4.55
"3300057004_105.fna",75.37,2.84
"3300057004_121.fna",90.73,3.55
"3300057004_31.fna",95.73,3.2
"3300057004_133.fna",71.72,9.09
"3300057004_21.fna",79.19,0.16
"3300057004_26.fna",89.68,5.23
"3300057004_46.fna",76.37,1.71
"3300057004_120.fna",97.8,1.1
"3300057004_67.fna",82.24,1.16
"3300057004_37.fna",96.95,2.44
"3300057004_122.fna",98.64,3.64
"3300057004_79.fna",86.32,2.6
"3300057004_52.fna",90.25,1.82
"3300057004_63.fna",89.55,7.81
"3300057004_59.fna",77.1,2.32
"3300057004_77.fna",100,3.3
"3300057005_47.fna",79.29,6.31
"3300057005_3.fna",72.62,2.84
"3300057005_29.fna",92.33,2.26
"3300057005_43.fna",83.99,3.42
"3300057005_39.fna",98.55,0.85
"3300057005_33.fna",85.6,6.17
"3300057005_7.fna",90.63,2.7
"3300057005_45.fna",79.74,4.43
"3300057009_5.fna",93.1,7.29
"3300057009_23.fna",96.15,3.58
"3300057009_43.fna",80.25,1.12
"3300057009_39.fna",87.69,2.06
"3300057009_64.fna",86.38,1.71
"3300057009_7.fna",91.43,2.86
"3300057009_52.fna",78.81,3.74
"3300057009_44.fna",93.06,1.01
"3300057009_13.fna",92.16,7.78
"3300057009_30.fna",95.7,1.61
"3300057009_33.fna",75.08,2.57
"3300057009_28.fna",71.78,1.98
"3300057009_67.fna",75.31,5.11
"3300057009_66.fna",84.2,4.34
"3300057009_32.fna",91.61,4.7
"3300057010_34.fna",79.26,6.58
"3300057010_67.fna",91.41,4.27
"3300057010_106.fna",82.45,4.29
"3300057010_53.fna",94.05,0.65
"3300057010_47.fna",75.22,0.82
"3300057010_57.fna",91.83,1.12
"3300057010_89.fna",76.43,1.45
"3300057010_12.fna",94.51,1.2
"3300057010_8.fna",79.06,8.2
"3300057010_71.fna",89.03,0.87
"3300057010_94.fna",89.01,5.59
"3300057010_50.fna",80.46,2.56
"3300057010_118.fna",88,4.55
"3300057010_119.fna",97.76,7.2
"3300057010_110.fna",86.82,5.45
"3300057010_81.fna",81.7,9.57
"3300057010_117.fna",82.94,0.05
"3300057010_108.fna",74.01,3.82
"3300057010_46.fna",92.9,6.22
"3300057010_72.fna",85.34,8.43
"3300057010_59.fna",78.77,3.36
"3300057010_65.fna",93.96,0.06
"3300057010_17.fna",74.14,5
"3300057010_116.fna",80.89,1.94
"3300057010_58.fna",77.78,0.93
"3300057010_103.fna",91.98,7.69
"3300057010_33.fna",79.7,5.45
"3300057010_124.fna",80.03,4.39
"3300057010_39.fna",74.98,7.27
"3300057010_122.fna",90.34,3.37
"3300057011_22.fna",71.82,6.87
"3300057011_27.fna",79.85,2.3
"3300057011_20.fna",85.93,3.82
"3300057011_26.fna",92.49,2.2
"3300057011_23.fna",79.71,4.72
"3300057011_50.fna",85.13,1.31
"3300057011_16.fna",84.99,0.98
"3300057011_29.fna",83.87,1.96
"3300057011_56.fna",89.73,1.53
"3300057011_57.fna",90.76,7.01
"3300057011_7.fna",81.22,2.25
"3300057011_4.fna",86.32,2.99
"3300057012_35.fna",84.13,1.61
"3300057012_49.fna",70.7,6.04
"3300057012_24.fna",88.91,2.2
"3300057012_45.fna",91.76,6.46
"3300057012_41.fna",96.3,0.43
"3300057012_56.fna",87.6,4.73
"3300057013_5.fna",87.86,3.49
"3300057013_57.fna",89.03,2.9
"3300057013_70.fna",90.37,6.84
"3300057013_68.fna",78.09,8.18
"3300057013_139.fna",78.41,7.86
"3300057013_58.fna",81.49,2.69
"3300057013_90.fna",75.36,1.82
"3300057013_84.fna",85.73,2.9
"3300057013_131.fna",91.01,0
"3300057013_59.fna",86.51,1.46
"3300057013_49.fna",91.08,2.2
"3300057013_10.fna",70.39,1.96
"3300057013_134.fna",78.14,4.95
"3300057013_42.fna",90.66,1.1
"3300057013_4.fna",83.66,5.13
"3300057013_32.fna",80.13,5.49
"3300057013_120.fna",94.29,7.07
"3300057013_83.fna",97.74,3.36
"3300057013_129.fna",96.7,1.28
"3300057013_132.fna",77.89,0
"3300057013_99.fna",81.03,0.33
"3300057013_166.fna",82.95,0
"3300057013_74.fna",87.94,5
"3300057013_153.fna",78.62,8.62
"3300057013_159.fna",76.4,0
"3300057013_62.fna",92.12,0.99
"3300057013_169.fna",79.68,3.3
"3300057013_142.fna",74.77,1.65
"3300057013_155.fna",82.73,3.82
"3300057013_29.fna",70.96,0.93
"3300057013_2.fna",75.2,3.63
"3300057013_156.fna",90.01,1.65
"3300057014_2.fna",94.44,6.19
"3300057014_27.fna",90.68,3.42
"3300057014_17.fna",88.74,1.92
"3300057014_144.fna",82.65,3.96
"3300057014_51.fna",93.22,2.54
"3300057014_83.fna",75.08,4.54
"3300057014_53.fna",93.23,7.42
"3300057014_5.fna",71.55,0
"3300057014_138.fna",93.14,1.73
"3300057014_91.fna",95.22,0.22
"3300057014_6.fna",81.02,1.69
"3300057014_67.fna",80.46,4.27
"3300057014_45.fna",83.05,4.91
"3300057014_80.fna",74.03,0.98
"3300057014_16.fna",86.42,2.5
"3300057014_56.fna",80.48,1.71
"3300057014_62.fna",78.16,6.31
"3300057014_66.fna",89.6,6.4
"3300057014_54.fna",89.32,2.56
"3300057014_126.fna",76.21,3.88
"3300057014_134.fna",85.57,1.96
"3300057014_135.fna",86.14,5.81
"3300057014_137.fna",93.48,4.55
"3300057014_119.fna",83.34,0.85
"3300057014_127.fna",70.25,7.1
"3300057014_90.fna",72.61,0.09
"3300057014_136.fna",85.14,2.43
"3300057014_102.fna",81.31,4.15
"3300057014_121.fna",86.18,4.55
"3300057015_40.fna",77.55,8.76
"3300057015_8.fna",95.3,0
"3300057015_36.fna",76.74,6.04
"3300057015_54.fna",79.41,0.63
"3300057015_76.fna",86.79,3.49
"3300057015_70.fna",82.09,0.9
"3300057015_51.fna",87.37,0
"3300057015_13.fna",85.33,4.55
"3300057015_57.fna",76.48,3.6
"3300057015_66.fna",92.26,5.79
"3300057015_32.fna",71.33,2.38
"3300057015_37.fna",89.75,2.75
"3300057015_24.fna",92.2,1.56
"3300057016_81.fna",89.55,1.82
"3300057016_17.fna",84.35,0.94
"3300057016_35.fna",87.99,1.96
"3300057016_83.fna",85.86,4.78
"3300057016_77.fna",78.64,3.01
"3300057016_4.fna",78.59,4.55
"3300057016_15.fna",70.76,3.64
"3300057016_68.fna",81.72,5.05
"3300057016_34.fna",89.66,5.52
"3300057016_61.fna",77.56,0.64
"3300057016_74.fna",82.17,3.81
"3300057016_79.fna",90.26,2.01
"3300057016_73.fna",95.8,0.94
"3300057016_10.fna",92.15,3.05
"3300057016_42.fna",73.86,0.65
"3300057016_6.fna",79.72,9.71
"3300057016_5.fna",70.5,5.81
"3300057016_40.fna",75.8,3.96
"3300057016_47.fna",85.16,4.84
"3300057016_55.fna",89.69,4.17
"3300057016_39.fna",71,4.55
"3300057016_84.fna",73.03,3.37
"3300057016_66.fna",99.5,0
"3300057017_82.fna",82.05,0.06
"3300057017_87.fna",84.07,1.29
"3300057017_84.fna",88.76,0
"3300057017_21.fna",74.35,2.12
"3300057017_20.fna",90.66,2.2
"3300057017_26.fna",89.71,8.71
"3300057017_90.fna",90.91,3.15
"3300057017_92.fna",87.87,0.6
"3300057017_116.fna",91.28,0.93
"3300057017_53.fna",72.47,1.96
"3300057017_54.fna",85.71,1.1
"3300057017_39.fna",82.46,2.14
"3300057017_61.fna",81.82,8.09
"3300057017_117.fna",85.87,6.4
"3300057017_18.fna",79.19,3.85
"3300057017_52.fna",73.53,0
"3300057017_73.fna",77.72,3.05
"3300057017_79.fna",81.54,1.31
"3300057017_104.fna",71.45,4.84
"3300057017_63.fna",90.35,6.8
"3300057017_60.fna",74.61,0
"3300057020_9.fna",89.99,0.83
"3300057020_14.fna",95.25,0.16
"3300057020_88.fna",98.93,1.01
"3300057020_80.fna",93.52,0.26
"3300057020_36.fna",94.78,2.61
"3300057020_104.fna",71.82,3.37
"3300057020_67.fna",90.54,0.67
"3300057020_7.fna",92.78,3.39
"3300057020_26.fna",76.72,0.86
"3300057020_65.fna",97.06,2.96
"3300057020_37.fna",93.17,1.31
"3300057020_41.fna",99.07,0.86
"3300057020_43.fna",95.76,0
"3300057020_24.fna",71.72,0
"3300057020_91.fna",81.03,0
"3300057023_24.fna",70.84,4.57
"3300057023_43.fna",84.08,0
"3300057023_9.fna",95.73,0.85
"3300057023_51.fna",77.74,1.61
"3300057023_2.fna",86.78,3.91
"3300057024_62.fna",86.38,3.09
"3300057024_119.fna",94.12,4.2
"3300057024_115.fna",81.55,3.42
"3300057024_96.fna",77.16,4.84
"3300057024_143.fna",87.5,0
"3300057024_121.fna",91.21,0.55
"3300057024_104.fna",82.05,2.61
"3300057024_114.fna",85.7,2.43
"3300057024_58.fna",83.47,5.07
"3300057024_133.fna",76.14,7.58
"3300057024_67.fna",71.5,3.27
"3300057024_93.fna",87.19,4.17
"3300057024_1.fna",83.02,4.37
"3300057024_6.fna",89.32,1.03
"3300057024_142.fna",94.55,2.5
"3300057024_94.fna",83.41,0.06
"3300057024_19.fna",88.9,1.29
"3300057024_141.fna",85.82,0.65
"3300057024_8.fna",90,4.32
"3300057024_83.fna",75.94,2.61
"3300057024_123.fna",82.29,1.1
"3300057024_126.fna",91.39,4.74
"3300057024_92.fna",75.83,0.05
"3300057024_85.fna",87.81,1.28
"3300057024_127.fna",72.82,2.91
"3300057024_140.fna",92.14,4.27
"3300057024_70.fna",83.72,2.96
"3300057024_77.fna",77.57,1.08
"3300057024_151.fna",83.01,1.21
"3300057024_158.fna",73.12,4.2
"3300057024_137.fna",80.8,2
"3300057024_44.fna",75.52,6.08
"3300057024_30.fna",71.45,2.58
"3300057024_160.fna",84.53,2
"3300057024_109.fna",86.41,5.48
"3300057024_27.fna",75.26,0
"3300057024_46.fna",84.52,3.86
"3300057025_102.fna",93.14,1.98
"3300057025_21.fna",89.46,4.05
"3300057025_59.fna",76.45,3.23
"3300057025_38.fna",93.9,1.83
"3300057025_54.fna",93.55,5.6
"3300057025_52.fna",84.7,4.2
"3300057025_49.fna",97.27,8.62
"3300057025_27.fna",91.15,2.56
"3300057025_20.fna",88.13,5.45
"3300057025_35.fna",96.71,1.72
"3300057025_61.fna",91.94,4.37
"3300057025_159.fna",72.46,4.84
"3300057025_164.fna",82.22,2.73
"3300057025_155.fna",91.82,2.12
"3300057025_48.fna",76.23,5.79
"3300057025_107.fna",89.32,3.85
"3300057025_68.fna",86.49,2.25
"3300057025_23.fna",92.36,2.8
"3300057025_6.fna",75.99,4.21
"3300057025_28.fna",87.67,0.15
"3300057025_34.fna",77.22,5.45
"3300057025_99.fna",85.08,3.4
"3300057025_158.fna",82.99,9.03
"3300057025_46.fna",73.75,1.71
"3300057025_65.fna",72.15,6.28
"3300057025_110.fna",87.24,2.26
"3300057025_109.fna",88.64,5.11
"3300057025_60.fna",96.7,1.1
"3300057025_156.fna",93.08,4.61
"3300057025_144.fna",73.39,5.16
"3300057025_64.fna",85.45,2.98
"3300057025_97.fna",89.4,3.42
"3300057025_71.fna",92.24,2.48
"3300057025_44.fna",81.11,0.68
"3300057025_106.fna",79.33,9.36
"3300057025_39.fna",72.9,4.32
"3300057025_11.fna",90.05,3.3
"3300057025_95.fna",77.2,0.81
"3300057025_152.fna",91.82,3.82
"3300057025_154.fna",95.83,1.85
"3300057025_85.fna",92.13,2.25
"3300057025_113.fna",97.2,2.8
"3300057025_136.fna",84.76,0.99
"3300057025_141.fna",94.55,3.36
"3300057025_132.fna",73.55,7
"3300057025_121.fna",85.5,3.87
"3300057025_123.fna",87.42,7.45
"3300057025_130.fna",84.04,7.41
"3300057026_16.fna",75.6,3.3
"3300057026_11.fna",76.46,7.82
"3300057026_75.fna",96.77,3.23
"3300057026_35.fna",79.5,7.73
"3300057026_3.fna",89.65,2.8
"3300057026_10.fna",79.05,9.23
"3300057026_71.fna",75.28,2.84
"3300057026_70.fna",95.54,5.49
"3300057026_76.fna",88.66,8.55
"3300057026_69.fna",83.38,4.4
"3300057026_80.fna",95.09,9.37
"3300057026_25.fna",83.15,3.73
"3300057026_50.fna",83.51,5.16
"3300057026_45.fna",86.93,1.3
"3300057026_79.fna",80.27,7.73
"3300057026_44.fna",74.02,1.82
"3300057026_77.fna",92.31,2.2
"3300057026_78.fna",90.48,2.78
"3300057027_15.fna",80.45,2
"3300057027_18.fna",78.41,4.55
"3300057027_77.fna",85.91,1.82
"3300057027_34.fna",84.62,1.1
"3300057027_33.fna",78.74,0.22
"3300057027_12.fna",85.11,2.67
"3300057027_23.fna",91.92,2.13
"3300057027_78.fna",83.81,1.87
"3300057027_51.fna",90.1,3.34
"3300057027_28.fna",81.13,4.23
"3300057027_22.fna",76.68,6.42
"3300057027_49.fna",85.56,5.88
"3300057027_7.fna",86.51,1.35
"3300057027_76.fna",88.21,0.6
"3300057027_11.fna",75.83,3.55
"3300057027_71.fna",76.56,1.84
"3300057029_148.fna",80.82,0.89
"3300057029_36.fna",89.9,4.52
"3300057029_56.fna",96.64,1.1
"3300057029_139.fna",91.57,1.12
"3300057029_5.fna",72.18,3.55
"3300057029_32.fna",92.95,6.41
"3300057029_146.fna",86.44,4.87
"3300057029_98.fna",85.7,3.92
"3300057029_14.fna",92.38,2.83
"3300057029_34.fna",92.07,0.65
"3300057029_48.fna",80.77,9.54
"3300057029_10.fna",80.52,2.58
"3300057029_2.fna",85.53,4.95
"3300057029_22.fna",79.89,7.12
"3300057029_110.fna",82.73,7.27
"3300057029_31.fna",87.6,8.67
"3300057029_92.fna",85.53,1.34
"3300057029_7.fna",88.73,1.31
"3300057029_142.fna",89.99,6.51
"3300057029_75.fna",95.6,0
"3300057029_103.fna",73.52,2.55
"3300057029_11.fna",90.05,3.4
"3300057029_85.fna",82.73,6.06
"3300057029_86.fna",85.88,1.34
"3300057029_90.fna",90.87,2.2
"3300057029_134.fna",73.46,4
"3300057029_115.fna",94.77,6.8
"3300057029_70.fna",96.7,2.2
"3300057029_71.fna",85.27,0.68
"3300057029_4.fna",82.18,6.21
"3300057029_80.fna",77.52,3.42
"3300057029_87.fna",72.22,1.71
"3300057029_13.fna",71.82,4.73
"3300057029_130.fna",78.48,4.17
"3300057029_93.fna",84.15,0
"3300057029_38.fna",72.16,5.11
"3300057029_119.fna",95.51,0
"3300057029_78.fna",95.73,6.84
"3300057029_125.fna",91.75,2.75
"3300057029_123.fna",83.78,3.27
"3300057029_12.fna",80.08,6.18
"3300057029_131.fna",73.38,0.65
"3300057029_112.fna",94.55,6.9
"3300057030_105.fna",84.27,2
"3300057030_117.fna",76.97,0
"3300057030_112.fna",85.63,2.92
"3300057030_75.fna",91.33,4.96
"3300057030_64.fna",81.74,5
"3300057030_101.fna",78.08,4.93
"3300057030_106.fna",75.68,0.93
"3300057030_80.fna",86.27,1.98
"3300057030_4.fna",71.5,0
"3300057030_53.fna",88.98,5.13
"3300057030_125.fna",76.94,9.55
"3300057030_73.fna",82.26,3.06
"3300057030_63.fna",96.15,2.56
"3300057030_116.fna",80.33,3.74
"3300057030_78.fna",94.41,2.33
"3300057030_70.fna",91.29,4.06
"3300057030_137.fna",71.73,3.55
"3300057030_134.fna",87.09,3.13
"3300057030_66.fna",80.81,2.52
"3300057030_34.fna",94.32,4.7
"3300057030_141.fna",94.51,2.13
"3300057030_96.fna",86.13,4.57
"3300057030_60.fna",87.13,1.26
"3300057030_79.fna",82.07,3.64
"3300057030_16.fna",89.39,2
"3300057030_23.fna",75.31,0.93
"3300057030_28.fna",94.44,2.12
"3300057030_65.fna",93.28,0
"3300057030_30.fna",74.01,6.04
"3300057030_142.fna",98.31,6.54
"3300057030_123.fna",79.88,2.89
"3300057030_93.fna",96.82,0.91
"3300057030_122.fna",89.38,2.26
"3300057030_54.fna",84.29,0.83
"3300057030_136.fna",75.9,2.45
"3300057030_158.fna",81.19,3.72
"3300057030_38.fna",72.08,3.64
"3300057030_143.fna",91.21,3.3
"3300057030_7.fna",92.9,1.51
"3300057030_95.fna",82.07,6.82
"3300057030_9.fna",92.69,3.39
"3300057030_145.fna",76.13,4.13
"3300057030_150.fna",86.14,2.92
"3300057030_157.fna",70.45,4.55
"3300057030_149.fna",90.86,3.76
"3300057031_76.fna",88.54,4.37
"3300057031_44.fna",94.94,5.14
"3300057031_24.fna",70.79,5.66
"3300057031_12.fna",77.42,1.85
"3300057031_13.fna",94.91,5.66
"3300057031_14.fna",70.96,2.48
"3300057031_43.fna",74.79,0.42
"3300057031_38.fna",93.73,0
"3300057031_116.fna",87.23,6.81
"3300057031_115.fna",71.15,1.96
"3300057031_118.fna",83.05,3.79
"3300057031_54.fna",91.37,1.71
"3300057031_96.fna",80.3,0.93
"3300057031_29.fna",88.75,4.27
"3300057031_103.fna",89.77,1.14
"3300057031_114.fna",86.59,1.95
"3300057031_108.fna",91.36,0.91
"3300057031_45.fna",76.16,1.38
"3300057031_56.fna",80.68,2.59
"3300057031_27.fna",82.26,3.42
"3300057031_107.fna",95.6,3.4
"3300057031_28.fna",78.73,1.71
"3300057031_110.fna",86.18,6.65
"3300057031_80.fna",91.4,5.97
"3300057031_104.fna",92.34,9.11
"3300057031_102.fna",95.09,0.85
"3300057031_109.fna",85.68,1.8
"3300057031_9.fna",95.05,3.36
"3300057032_127.fna",90.76,5.98
"3300057032_13.fna",85.45,0.84
"3300057032_94.fna",77.13,2.75
"3300057032_43.fna",92.68,4.4
"3300057032_14.fna",81.41,4.17
"3300057032_121.fna",94.51,3.36
"3300057032_128.fna",78.1,0.65
"3300057032_18.fna",97.27,5.45
"3300057032_23.fna",100,0
"3300057032_115.fna",89.66,1.47
"3300057032_16.fna",89.98,6.59
"3300057032_116.fna",78.91,0.91
"3300057032_44.fna",89.84,0.35
"3300057032_86.fna",84.4,5.2
"3300057032_79.fna",76.04,5.4
"3300057032_78.fna",93.32,7.69
"3300057032_20.fna",89.55,8.06
"3300057032_42.fna",98.53,4.4
"3300057032_67.fna",89.63,3.23
"3300057032_120.fna",76.41,1.71
"3300057032_80.fna",76.02,0.99
"3300057032_117.fna",74.69,1.9
"3300057032_50.fna",79.77,2.59
"3300057032_114.fna",96.7,1.65
"3300057032_71.fna",92.79,5.49
"3300057032_119.fna",77.59,9.48
"3300057032_45.fna",91.05,2.32
"3300057032_60.fna",83.31,0.99
"3300057032_55.fna",86.81,3.3
"3300057032_108.fna",83.13,3.23
"3300057033_47.fna",85.38,3.48
"3300057033_60.fna",77.83,2.79
"3300057033_15.fna",87.64,4.31
"3300057033_41.fna",94.69,3.3
"3300057033_26.fna",96.58,0.93
"3300057033_4.fna",90.7,6.24
"3300057034_153.fna",98.86,1.14
"3300057034_63.fna",74.26,0.99
"3300057034_52.fna",78.64,4.55
"3300057034_65.fna",91.58,8.97
"3300057034_24.fna",81.36,3.48
"3300057034_159.fna",75.18,3.57
"3300057034_160.fna",85.16,2.27
"3300057034_49.fna",82.21,0.91
"3300057034_155.fna",85.27,4.27
"3300057034_81.fna",74.91,5.88
"3300057034_48.fna",76.87,2.73
"3300057034_167.fna",75.27,5.56
"3300057034_114.fna",74.52,0.65
"3300057034_88.fna",79.1,2.14
"3300057034_152.fna",89.43,2.2
"3300057034_151.fna",91.1,6.89
"3300057034_68.fna",98.37,7.2
"3300057034_94.fna",97.74,2.2
"3300057034_45.fna",89.52,5.3
"3300057034_6.fna",94.38,1.12
"3300057034_163.fna",70.12,3.14
"3300057034_139.fna",70.81,1.12
"3300057034_146.fna",96.41,0.65
"3300057034_69.fna",95.69,3.44
"3300057034_115.fna",70.66,0
"3300057034_161.fna",76.14,0.99
"3300057034_149.fna",90.87,5.6
"3300057034_117.fna",73.51,3.14
"3300057034_131.fna",79.55,2.45
"3300057034_134.fna",87.71,2.93
"3300057034_96.fna",94.43,4.89
"3300057034_97.fna",84.27,2.34
"3300057035_95.fna",83.99,3.36
"3300057035_78.fna",74.45,1.61
"3300057035_151.fna",78.26,1.82
"3300057035_115.fna",83.2,1.33
"3300057035_113.fna",94.89,1.14
"3300057035_124.fna",81.49,1.14
"3300057035_94.fna",89.04,1.23
"3300057035_112.fna",79.6,4.09
"3300057035_62.fna",72.16,0.86
"3300057035_63.fna",78.73,5.81
"3300057035_157.fna",71.93,7.89
"3300057035_90.fna",72.99,2.93
"3300057035_103.fna",83.52,7.69
"3300057035_59.fna",88.78,5.32
"3300057035_14.fna",94.59,4.49
"3300057035_68.fna",75.93,6.09
"3300057035_146.fna",86.58,0
"3300057035_116.fna",87.06,8.45
"3300057035_166.fna",89.24,9.45
"3300057035_121.fna",82.99,3.73
"3300057035_168.fna",85.99,3.87
"3300057035_38.fna",85.29,1.53
"3300057035_106.fna",81.49,4.17
"3300057035_13.fna",88.39,6.13
"3300057035_2.fna",82.38,6.13
"3300057035_89.fna",87.61,1.71
"3300057035_167.fna",79.04,0.85
"3300057035_12.fna",72.73,7.03
"3300057035_50.fna",77.03,1.67
"3300057035_42.fna",92.46,1.51
"3300057035_107.fna",95.73,3.4
"3300057035_41.fna",71.36,3.82
"3300057035_16.fna",86.5,8.45
"3300057035_47.fna",87.99,3.62
"3300057035_170.fna",90,3.36
"3300057035_87.fna",71.09,0.27
"3300057035_27.fna",72.06,7.76
"3300057035_81.fna",89.92,1.01
"3300057035_1.fna",79.38,3.47
"3300057035_49.fna",94.6,9.83
"3300057035_165.fna",74.9,8.71
"3300057035_24.fna",71.53,6.29
"3300057035_30.fna",74.44,5.13
"3300057038_19.fna",76.65,1.71
"3300057038_26.fna",80.74,0
"3300057038_20.fna",75.61,0.1
"3300057038_41.fna",83.82,3.42
"3300057038_18.fna",93.1,2.59
"3300057038_2.fna",90.45,4.65
"3300057038_32.fna",88.68,4.71
"3300057038_1.fna",73.54,2.49
"3300057039_30.fna",72,3.79
"3300057039_16.fna",83.19,1.92
"3300057039_27.fna",96.96,1.79
"3300057040_23.fna",73.13,0.93
"3300057040_20.fna",93.03,4.37
"3300057040_52.fna",94.02,4.7
"3300057040_14.fna",74.89,9.57
"3300057040_4.fna",76.67,3.64
"3300057040_54.fna",98.84,3.3
"3300057040_17.fna",72.42,5.79
"3300057040_120.fna",80.63,6.67
"3300057040_110.fna",95,3.36
"3300057040_39.fna",91.59,5.16
"3300057040_46.fna",78.04,7.84
"3300057040_97.fna",92.46,1.67
"3300057040_42.fna",74.02,0
"3300057040_34.fna",81.89,6.07
"3300057040_69.fna",76.51,2.85
"3300057040_119.fna",73.6,0
"3300057040_68.fna",84.62,2.2
"3300057040_2.fna",82.73,8.03
"3300057040_40.fna",94.35,9.07
"3300057040_6.fna",70.34,0
"3300057040_55.fna",92.7,4.29
"3300057040_10.fna",72.68,6.7
"3300057040_85.fna",82.42,2.05
"3300057040_82.fna",82.84,1.12
"3300057040_94.fna",74.5,2.38
"3300057040_117.fna",87.44,4.52
"3300057040_62.fna",71.45,1.2
"3300057040_102.fna",84.07,2.2
"3300057040_100.fna",93.34,8.76
"3300057040_70.fna",86.25,1.44
"3300057040_83.fna",83.65,4.3
"3300057040_72.fna",88.57,2.29
"3300057040_112.fna",84.82,2.97
"3300057040_91.fna",79.05,3.41
"3300057040_114.fna",92.09,3.42
"3300057040_105.fna",93.08,3.3
"3300057041_2.fna",86.99,6.99
"3300057041_24.fna",95.02,4.15
"3300057041_25.fna",70.98,0.94
"3300057041_39.fna",75.5,4.84
"3300057041_44.fna",91.26,3.19
"3300057041_34.fna",80.65,3.44
"3300057041_1.fna",71.28,3.09
"3300057041_35.fna",75.7,2.59
"3300057042_21.fna",77.91,7.81
"3300057042_2.fna",70.47,2.4
"3300057042_51.fna",93.17,9.84
"3300057042_23.fna",80.41,0
"3300057042_24.fna",77.3,0.91
"3300057042_65.fna",79.03,1.63
"3300057042_63.fna",72.33,3.3
"3300057042_66.fna",71.7,7.16
"3300057042_30.fna",73.51,1.83
"3300057042_27.fna",70.6,1.1
"3300057042_9.fna",78.92,2.58
"3300057042_46.fna",79.45,1.94
"3300057042_26.fna",85.66,2.05
"3300057042_6.fna",87.23,0.17
"3300057042_4.fna",92.8,5.48
"3300057044_81.fna",85.28,0
"3300057044_105.fna",72.62,1.98
"3300057044_107.fna",76.72,9.9
"3300057044_1.fna",86.64,4.8
"3300057044_23.fna",87.63,2.27
"3300057044_140.fna",80.12,1.16
"3300057044_22.fna",76.69,3.2
"3300057044_67.fna",86.15,2.43
"3300057044_32.fna",76.26,0
"3300057044_90.fna",80.91,5.66
"3300057044_39.fna",90.43,2.78
"3300057044_31.fna",90.8,5.33
"3300057044_131.fna",86.27,4.78
"3300057044_52.fna",86.09,3.6
"3300057044_119.fna",77.13,7.06
"3300057044_117.fna",84.04,5.18
"3300057044_7.fna",90,9.55
"3300057044_141.fna",87.98,5.47
"3300057044_5.fna",92.24,1.1
"3300057044_35.fna",82.64,0.93
"3300057044_116.fna",89.31,2.32
"3300057044_59.fna",82.05,1.88
"3300057044_68.fna",80.22,0
"3300057044_136.fna",76.34,2.06
"3300057044_41.fna",75.08,1.98
"3300057044_4.fna",84.56,1.71
"3300057044_3.fna",89.65,3.3
"3300057045_34.fna",83.13,5.13
"3300057045_26.fna",78.58,3.76
"3300057045_45.fna",70.62,0
"3300057045_19.fna",81.18,5.84
"3300057045_57.fna",74.14,3.45
"3300057045_12.fna",79.85,6.36
"3300057045_52.fna",80.54,6.32
"3300057045_107.fna",71.96,0.6
"3300057045_11.fna",85.71,0
"3300057045_59.fna",78.43,0.68
"3300057045_1.fna",81.46,3.27
"3300057045_102.fna",84.98,6.54
"3300057045_89.fna",85.52,3.89
"3300057047_65.fna",78.63,6.84
"3300057047_67.fna",94.02,5.18
"3300057047_75.fna",85.26,5.56
"3300057047_68.fna",81.82,2.73
"3300057047_16.fna",74.05,4.21
"3300057047_27.fna",91.18,7.27
"3300057047_64.fna",79.49,2.56
"3300057047_58.fna",80.8,1.49
"3300057048_110.fna",96.19,4.55
"3300057048_71.fna",95.48,4.22
"3300057048_101.fna",71.23,2.11
"3300057048_89.fna",90.6,1.71
"3300057048_112.fna",92.44,8.97
"3300057048_99.fna",76.88,6.66
"3300057048_12.fna",74.55,3.24
"3300057048_22.fna",95.44,1.78
"3300057048_70.fna",94.65,3.23
"3300057048_8.fna",86.45,5.14
"3300057048_95.fna",70.87,2.78
"3300057048_119.fna",75.27,3.64
"3300057048_88.fna",87.31,3.17
"3300057048_114.fna",87.33,5.99
"3300057048_98.fna",70.75,2.1
"3300057048_61.fna",76.61,3.71
"3300057048_115.fna",84.32,2.73
"3300057048_113.fna",93.98,2.78
"3300057048_51.fna",84.34,1.57
"3300057048_72.fna",83.19,3.94
"3300057048_3.fna",81.99,1.31
"3300057048_15.fna",89.96,5.16
"3300057048_91.fna",86.03,6.02
"3300057048_116.fna",83.62,4.74
"3300057048_117.fna",82.73,2.73
"3300057048_120.fna",79.85,3.81
"3300057048_14.fna",86.6,2.15
"3300057049_37.fna",81.6,4.21
"3300057049_46.fna",90.6,3.42
"3300057049_159.fna",95.75,3.3
"3300057049_27.fna",94.65,5.48
"3300057049_44.fna",97.97,3.72
"3300057049_104.fna",77.21,9.26
"3300057049_152.fna",97.42,2.06
"3300057049_168.fna",79.74,4.27
"3300057049_77.fna",87.75,1.99
"3300057049_1.fna",93.53,8.53
"3300057049_167.fna",87.84,2.84
"3300057049_29.fna",74.29,7.69
"3300057049_11.fna",80.47,2.12
"3300057049_18.fna",96.46,3.74
"3300057049_81.fna",89.83,1.61
"3300057049_66.fna",70.17,3.45
"3300057049_154.fna",82.63,2.73
"3300057049_73.fna",93.75,8.55
"3300057049_83.fna",78.52,9.25
"3300057049_111.fna",88.27,5.47
"3300057049_177.fna",81.61,1.87
"3300057049_173.fna",77.86,0.85
"3300057049_171.fna",86.81,1.1
"3300057049_139.fna",92.73,1.82
"3300057049_95.fna",93.55,0.16
"3300057049_153.fna",87.76,8.03
"3300057049_28.fna",80.36,3.38
"3300057049_69.fna",89.03,5.11
"3300057049_119.fna",77.04,5.65
"3300057049_137.fna",90.28,3.47
"3300057049_87.fna",81.16,2.45
"3300057049_112.fna",72.96,2.28
"3300057049_126.fna",83.87,1.13
"3300057049_133.fna",96.36,4.48
"3300057049_121.fna",70.47,0
"3300057049_131.fna",87.14,2.45
"3300057049_128.fna",95.69,3.45
"3300057049_89.fna",77.58,7.76
"3300057049_151.fna",70.22,6.32
"3300057049_125.fna",78.04,4.7
"3300057049_129.fna",87.8,5.18
"3300057049_127.fna",88.03,2.56
"3300057049_150.fna",71.52,4.55
"3300057050_82.fna",76.83,2.28
"3300057050_122.fna",84.92,6.58
"3300057050_94.fna",94.96,1.1
"3300057050_99.fna",75.01,3.09
"3300057050_85.fna",73.11,1.94
"3300057050_77.fna",95.45,4.55
"3300057050_119.fna",95.87,3.47
"3300057050_81.fna",90.62,6.67
"3300057050_141.fna",76.72,1.72
"3300057050_144.fna",82.91,0.68
"3300057050_13.fna",79.53,0.1
"3300057050_154.fna",81.22,0.64
"3300057050_113.fna",74.48,3.9
"3300057050_138.fna",96.24,3.97
"3300057050_79.fna",77.8,3.18
"3300057050_143.fna",72.42,0
"3300057050_140.fna",77.29,4.64
"3300057050_86.fna",82.09,8.33
"3300057050_127.fna",75.46,2.56
"3300057050_129.fna",90.84,1.94
"3300057050_53.fna",95.33,6.54
"3300057050_31.fna",72.93,8
"3300057050_112.fna",94.84,1.94
"3300057050_72.fna",85,8.18
"3300057050_69.fna",89.94,3.2
"3300057050_28.fna",94.23,3.92
"3300057050_9.fna",80.3,3.82
"3300057050_63.fna",91.02,5.56
"3300057050_55.fna",75.21,4.27
"3300057050_60.fna",86.26,3.5
"3300057051_30.fna",96.47,3.14
"3300057051_25.fna",73.87,4.4
"3300057051_29.fna",79.94,2.34
"3300057051_31.fna",84.86,3.36
"3300057051_5.fna",84.98,3.3
"3300057051_47.fna",87.99,1.97
"3300057051_19.fna",74.85,6.36
"3300057051_45.fna",89.01,3.48
"3300057051_8.fna",87,6.31
"3300057051_39.fna",86.97,0.3
"3300057051_9.fna",83.19,4.7
"3300057051_46.fna",73.53,6.29
"3300057051_34.fna",90.62,3.81
"3300057051_23.fna",89.13,3.17
"3300057051_14.fna",77.93,7.94
"3300057052_13.fna",70.14,1.17
"3300057052_30.fna",90.11,3.48
"3300057052_17.fna",84.28,4.27
"3300057052_18.fna",94.67,2.04
"3300057052_16.fna",70.46,2.2
"3300057053_37.fna",76.66,0.6
"3300057053_15.fna",76.61,2.2
"3300057053_115.fna",84.79,0
"3300057053_111.fna",83.97,3.3
"3300057053_105.fna",72.38,1.2
"3300057053_106.fna",90.01,0.18
"3300057053_110.fna",86.88,5.49
"3300057053_128.fna",89.11,0
"3300057053_45.fna",88.14,0
"3300057053_70.fna",79.66,1.65
"3300057053_126.fna",73.24,1.1
"3300057053_120.fna",88.37,4
"3300057053_55.fna",86.4,6.27
"3300057053_100.fna",89.5,2.06
"3300057053_117.fna",70.46,1.98
"3300057053_43.fna",87.91,0
"3300057053_68.fna",78.57,3.95
"3300057053_125.fna",75.09,1.12
"3300057053_114.fna",81.46,6.4
"3300057053_75.fna",84.82,6.27
"3300057053_109.fna",93.16,0.43
"3300057053_28.fna",78.14,0
"3300057053_65.fna",91.28,1.87
"3300057053_42.fna",85.33,0.1
"3300057053_154.fna",81.67,2.79
"3300057053_188.fna",81.05,4.9
"3300057053_118.fna",72.71,2.58
"3300057053_197.fna",77.21,9.37
"3300057053_194.fna",89.77,5.42
"3300057053_46.fna",71.79,1.19
"3300057053_156.fna",79.21,2
"3300057053_56.fna",91.21,4.61
"3300057053_175.fna",86.56,2.86
"3300057053_192.fna",73.68,0.93
"3300057053_18.fna",79.22,0.65
"3300057053_17.fna",89.56,2.2
"3300057053_93.fna",98.9,5.49
"3300057053_80.fna",80.64,8.17
"3300057054_58.fna",97.25,3.3
"3300057054_57.fna",84.99,4.27
"3300057054_47.fna",76.77,0
"3300057054_64.fna",96.9,2.3
"3300057054_43.fna",90.37,7.69
"3300057054_74.fna",80.4,2.38
"3300057054_44.fna",83.33,4.93
"3300057054_12.fna",87.83,5.98
"3300057054_48.fna",86.52,4.7
"3300057054_72.fna",83.37,6.05
"3300057054_76.fna",77.09,2.09
"3300057054_69.fna",88.69,4.32
"3300057054_81.fna",85.35,6.02
"3300057054_15.fna",80.4,1.49
"3300057054_10.fna",71.45,3.08
"3300057055_173.fna",93.26,2.25
"3300057055_43.fna",92.67,0
"3300057055_176.fna",84.82,1.58
"3300057055_174.fna",93.08,2.28
"3300057055_177.fna",71.09,2.08
"3300057055_84.fna",95,2.86
"3300057055_38.fna",91.47,3.57
"3300057055_109.fna",97.17,0
"3300057055_42.fna",91.11,5.13
"3300057055_39.fna",89.87,1.36
"3300057055_83.fna",77.4,5.45
"3300057055_82.fna",91.26,8.09
"3300057055_171.fna",90.32,8.27
"3300057055_170.fna",77.14,4.02
"3300057055_37.fna",93.41,1.1
"3300057055_17.fna",85.28,4.79
"3300057055_23.fna",91.09,2.97
"3300057055_41.fna",97.51,2.46
"3300057055_115.fna",82.76,4.86
"3300057055_91.fna",96.24,4.4
"3300057055_26.fna",84.66,0
"3300057055_104.fna",91.57,6.67
"3300057055_97.fna",77.83,7.96
"3300057055_7.fna",95.6,2.2
"3300057055_30.fna",87.81,6.26
"3300057055_179.fna",86.32,0.99
"3300057055_44.fna",83.33,0.41
"3300057055_20.fna",89.01,3.87
"3300057055_50.fna",81.86,2.62
"3300057055_8.fna",97.05,3.66
"3300057055_132.fna",70.45,3.35
"3300057055_110.fna",97.8,2.2
"3300057055_90.fna",76.21,2.99
"3300057055_118.fna",96.77,2.8
"3300057055_78.fna",92.9,2.58
"3300057055_49.fna",90.76,1.98
"3300057055_151.fna",91.9,6.36
"3300057055_74.fna",78.58,5.68
"3300057055_155.fna",80.36,0.99
"3300057055_72.fna",83.16,2.58
"3300057055_154.fna",94.02,7.12
"3300057055_147.fna",75.02,1.28
"3300057055_77.fna",83.06,2.15
"3300057055_156.fna",85.45,8.36
"3300057055_119.fna",73.08,0
"3300057055_141.fna",89.17,3.87
"3300057055_16.fna",77.68,2.73
"3300057056_115.fna",75.86,2.2
"3300057056_12.fna",85,1.82
"3300057056_60.fna",71.35,3.87
"3300057056_116.fna",82.45,5.13
"3300057056_62.fna",74.32,0.91
"3300057056_113.fna",87.59,0.99
"3300057056_125.fna",72.77,5.16
"3300057056_97.fna",73.91,3.26
"3300057056_104.fna",91.54,3.42
"3300057056_111.fna",84.47,5.44
"3300057056_121.fna",74.73,3.3
"3300057056_59.fna",95.6,4.13
"3300057056_82.fna",71.12,1.81
"3300057056_66.fna",94.6,1.1
"3300057056_51.fna",79.83,4.15
"3300057056_52.fna",92.81,2.56
"3300057056_13.fna",72.85,6.53
"3300057056_20.fna",82.83,3.25
"3300057056_74.fna",84.66,4.31
"3300057056_21.fna",86.84,7.18
"3300057057_98.fna",94.51,1.38
"3300057057_30.fna",83.64,6.55
"3300057057_76.fna",86.43,1.1
"3300057057_21.fna",73.3,2.91
"3300057057_8.fna",77.67,6.12
"3300057057_10.fna",70.17,2.8
"3300057057_100.fna",75.5,5.06
"3300057057_45.fna",75.66,0
"3300057057_79.fna",86.67,0.98
"3300057057_7.fna",77.03,1.87
"3300057057_65.fna",78.38,1.96
"3300057057_83.fna",85.86,3.3
"3300057057_44.fna",76.32,1.87
"3300057057_4.fna",77.29,2.14
"3300057057_68.fna",72.3,1.93
"3300057057_96.fna",88,3.2
"3300057057_53.fna",86.27,1.31
"3300057057_54.fna",84.26,9.89
"3300057057_58.fna",88.47,0.93
"3300057057_63.fna",89.55,5.01
"3300057057_51.fna",93.26,2.25
"3300057057_69.fna",79.47,1.69
"3300057260_10.fna",70.18,1.04
"3300057260_6.fna",71.66,6.57
"3300057260_4.fna",83.67,6.67
"3300057297_8.fna",99.68,0.76
"3300057297_9.fna",70.69,0
"3300057297_5.fna",99.56,0.85
"3300057297_2.fna",99.98,1.21
"3300057297_6.fna",99.97,0.17
"3300057298_4.fna",100,1.49
"3300057298_6.fna",99.3,0.68
"3300057298_8.fna",92.8,1.24
"3300057298_3.fna",99.76,1.3
"3300058668_4.fna",99.67,1
"3300058668_1.fna",99.3,0.68
"3300058668_2.fna",99.49,1.01
"3300058668_8.fna",99.37,0
"3300058668_5.fna",96.28,5.01
"3300058668_6.fna",97.63,0.7
"3300059325_82.fna",76.31,7.51
"3300059325_123.fna",75.26,1.75
"3300059325_130.fna",80.33,5.17
"3300059325_121.fna",80.86,3.23
"3300059325_140.fna",79.39,6.04
"3300059325_88.fna",83.35,2.31
"3300059325_87.fna",97.1,0
"3300059325_41.fna",89.32,0
"3300059325_75.fna",90.44,2.41
"3300059325_110.fna",85.74,5.63
"3300059325_37.fna",79.26,1.16
"3300059325_83.fna",99.15,1.71
"3300059325_52.fna",81.72,0.69
"3300059325_103.fna",80.9,1.58
"3300059325_77.fna",80.17,2.06
"3300059325_90.fna",87.45,8.54
"3300059325_21.fna",92.42,2.9
"3300059325_134.fna",84.43,2.13
"3300059325_35.fna",84.89,4.6
"3300059325_5.fna",83.19,2.63
"3300059325_44.fna",76.35,4.4
"3300059325_47.fna",94.35,3.95
"3300059325_106.fna",77.4,3.3
"3300059325_31.fna",96.53,5.13
"3300059325_27.fna",90.53,0.6
"3300059325_104.fna",96.16,5.43
"3300059325_133.fna",85.68,3.89
"3300059325_96.fna",83.93,0.95
"3300059325_131.fna",88.18,5.56
"3300059325_6.fna",99.15,0.85
"3300059325_60.fna",75.25,0.93
"3300059325_68.fna",77.44,0.92
"3300059325_51.fna",82.16,1.95
"3300059325_24.fna",93.58,6.22
"3300059325_132.fna",70.48,7.69
"3300059325_55.fna",80.6,2.47
"3300059325_49.fna",87.52,1.75
"3300059325_53.fna",75.58,7.32
"3300059341_94.fna",82.76,5.68
"3300059341_37.fna",75.87,0.93
"3300059341_40.fna",79.69,0.54
"3300059341_24.fna",89.12,3.92
"3300059341_86.fna",73.68,0
"3300059341_5.fna",74.3,2.74
"3300059341_44.fna",95.54,2.23
"3300059341_12.fna",72.59,1.5
"3300059341_85.fna",70.37,0
"3300059341_23.fna",70.38,0.92
"3300059341_93.fna",93.6,0.87
"3300059341_67.fna",71.54,1.12
"3300059341_45.fna",82.02,6.07
"3300059342_48.fna",71.52,0
"3300059342_43.fna",80.4,1.82
"3300059342_17.fna",72.81,0.88
"3300059342_30.fna",94.64,1.34
"3300059343_48.fna",80,2.2
"3300059343_42.fna",73.19,6.15
"3300059343_53.fna",74.45,0
"3300059343_44.fna",70.66,2.82
"3300059343_54.fna",80.57,1.4
"3300059343_37.fna",83.27,1.61
"3300059343_18.fna",72.66,2.72
"3300059343_59.fna",70.69,0
"3300059357_5.fna",90.45,5.41
"3300059365_28.fna",91.01,0.79
"3300059365_11.fna",98.47,0.22
"3300059365_26.fna",70.82,1.12
"3300059365_14.fna",99.86,0
"3300059365_4.fna",79.31,0
"3300059365_31.fna",88.75,1.62
"3300059365_12.fna",71.68,1.85
"3300059371_79.fna",94.83,0.89
"3300059371_9.fna",80.98,4.02
"3300059371_80.fna",79.63,3.3
"3300059372_52.fna",73.5,1.04
"3300059372_59.fna",72.92,0.66
"3300059372_56.fna",86.14,0
"3300059372_8.fna",86.24,5.3
"3300059372_43.fna",94.64,0.89
"3300059372_17.fna",86.63,2.2
"3300059373_15.fna",78.4,5.99
"3300059373_74.fna",88.69,9.86
"3300059373_10.fna",89.83,2.68
"3300059373_61.fna",79.72,2.75
"3300059374_69.fna",78.65,0
"3300059374_30.fna",71.29,1.98
"3300059374_12.fna",84.72,0.89
"3300059374_70.fna",77.52,2.85
"3300059374_64.fna",93.69,7.71
"3300059374_40.fna",84.2,4.8
"3300059374_52.fna",71.38,0.93
"3300059374_77.fna",73.55,3.98
"3300059374_34.fna",89.5,3.48
"3300059374_45.fna",95.54,0.89
"3300059374_47.fna",84.3,1.45
"3300059375_30.fna",81.44,4.16
"3300059375_15.fna",71.09,0.55
"3300059375_7.fna",84.46,2.15
"3300059375_51.fna",89.99,0.97
"3300059375_49.fna",72.41,1.72
"3300059375_20.fna",71.47,0
"3300059409_1.fna",75.57,4.85
"3300059411_16.fna",70.95,5.49
"3300059411_9.fna",81.01,1.17
"3300059414_4.fna",97.13,1.25
"3300059415_12.fna",72.74,7.86
"3300059417_11.fna",71.83,2.2
"3300059417_15.fna",70.4,3.97
"3300059417_4.fna",92.31,6.84
"3300059418_10.fna",89.97,6.11
"3300059418_13.fna",89.93,8.72
"3300059418_11.fna",72.96,2.2
"3300059420_6.fna",79.5,1.32
"3300059428_1.fna",72.5,3.88
"3300059430_99.fna",92.5,0.97
"3300059430_42.fna",77.02,4.85
"3300059430_98.fna",77.38,4.2
"3300059430_63.fna",90.93,4.85
"3300059430_67.fna",82.83,3.3
"3300059430_59.fna",86.86,2.82
"3300059430_28.fna",72.33,2.15
"3300059433_9.fna",74.34,9.2
"3300059438_75.fna",83.59,2.84
"3300059438_43.fna",98.52,1.97
"3300059438_46.fna",79.28,1.18
"3300059438_69.fna",86.75,1.28
"3300059438_13.fna",70.8,4.6
"3300059438_37.fna",84.9,2.6
"3300059438_54.fna",90.88,8.25
"3300059438_56.fna",95.54,1.79
"3300059438_59.fna",79.3,1.75
"3300059446_14.fna",93.14,0.84
"3300059446_12.fna",72,1.92
"3300059446_11.fna",77.83,1.94
"3300059466_6.fna",74.36,1.03
"3300059474_29.fna",82.86,6.19
"3300059474_78.fna",74.84,3.69
"3300059474_17.fna",71.58,0.89
"3300059474_23.fna",87.76,2.2
"3300059474_74.fna",92.66,0
"3300059576_29.fna",77.31,0.98
"3300059576_24.fna",81.74,0.65
"3300059576_23.fna",97.01,2.56
"3300059576_22.fna",99.81,2.56
"3300059576_28.fna",84.28,4.84
"3300059576_44.fna",85.42,6.9
"3300059576_6.fna",80.34,4.7
"3300059576_12.fna",79.72,2.56
"3300059576_43.fna",73.71,1.4
"3300059576_38.fna",73.85,1.39
"3300059576_34.fna",76.61,5.6
"3300059577_31.fna",93.3,1.71
"3300059577_23.fna",96.36,5.7
"3300059577_4.fna",85.6,2.31
"3300059578_24.fna",83.38,2.51
"3300059578_18.fna",95.61,0.71
"3300059578_13.fna",92.36,9.8
"3300059578_28.fna",78.55,3.23
"3300059579_14.fna",75.4,1.71
"3300059579_34.fna",82.72,1.85
"3300059579_13.fna",93.28,0.49
"3300059579_1.fna",94.13,1.09
"3300059579_27.fna",74.4,1.83
"3300059579_44.fna",70.54,1.13
"3300059579_43.fna",97.15,1.14
"3300059580_14.fna",71.55,5.11
"3300059581_32.fna",96.81,0.97
"3300059581_52.fna",79.28,0.85
"3300059581_51.fna",96.15,0.85
"3300059581_36.fna",70.69,4.31
"3300059581_53.fna",70.69,6.11
"3300059581_44.fna",72.37,4.78
"3300059581_7.fna",86.9,0.19
"3300059581_9.fna",92.31,3.42
"3300059581_57.fna",73.42,8.06
"3300059581_16.fna",91.33,9.38
"3300059582_36.fna",71.28,3.66
"3300059582_8.fna",72.53,3.36
"3300059582_32.fna",71.85,2.2
"3300059582_40.fna",85.91,1.85
"3300059582_4.fna",73.76,9.21
"3300059582_41.fna",88.16,4.74
"3300059594_12.fna",90.97,2.26
"3300059594_33.fna",85.05,0.57
"3300059594_31.fna",88.69,7.39
"3300059594_38.fna",76.49,2.31
"3300059595_63.fna",71.85,9.75
"3300059595_10.fna",72.09,4.91
"3300059595_16.fna",98.33,0.16
"3300059595_15.fna",96.99,5.58
"3300059595_42.fna",78.64,8.7
"3300059595_3.fna",79.55,0.85
"3300059595_27.fna",75.22,4.06
"3300059595_73.fna",74.08,3.13
"3300059595_75.fna",85.33,1.19
"3300059595_11.fna",85.45,1.23
"3300059595_49.fna",95.05,8.12
"3300059595_57.fna",91.67,2.78
"3300059596_36.fna",75.48,5.98
"3300059596_37.fna",87.98,1.64
"3300059596_24.fna",78.55,0.82
"3300059596_47.fna",81.64,8.12
"3300059597_41.fna",72.39,4.46
"3300059597_26.fna",73.22,4.1
"3300059597_84.fna",93.52,4.07
"3300059597_95.fna",71.9,0.86
"3300059597_15.fna",84.82,3.6
"3300059597_56.fna",71.08,0.93
"3300059597_9.fna",72.74,1.09
"3300059597_65.fna",78.4,6.14
"3300059597_63.fna",78.25,1.23
"3300059598_47.fna",91.45,5.98
"3300059598_92.fna",80.09,1.2
"3300059598_91.fna",89.63,3.35
"3300059598_27.fna",98.22,0.63
"3300059598_21.fna",97.84,1.72
"3300059598_6.fna",98.29,0
"3300059598_90.fna",71.43,2.2
"3300059598_77.fna",98.61,0.65
"3300059598_45.fna",97.84,2.13
"3300059598_58.fna",82.29,6.67
"3300059598_53.fna",92.11,3.11
"3300059598_87.fna",99.15,0
"3300059598_70.fna",97.46,0.24
"3300059598_5.fna",72.05,1.87
"3300059598_88.fna",77.01,0
"3300059598_4.fna",72.76,6.9
"3300059598_34.fna",91.38,5.98
"3300059598_86.fna",98.9,2.2
"3300059598_39.fna",99.15,5.2
"3300059598_79.fna",81.97,1.99
"3300059598_67.fna",70.49,0.44
"3300059598_78.fna",80.97,1.75
"3300059599_34.fna",86.21,6.11
"3300059599_16.fna",87.33,6.84
"3300059599_69.fna",89.65,3.66
"3300059599_21.fna",77.24,3.62
"3300059599_36.fna",79.55,7.68
"3300059599_62.fna",88.32,5.19
"3300059599_57.fna",79.31,4.18
"3300059599_5.fna",85.11,0.63
"3300059599_43.fna",75.18,2.23
"3300059599_72.fna",71.08,0
"3300059599_37.fna",86.97,2.94
"3300059599_70.fna",72.53,1.65
"3300059599_38.fna",83.17,2.57
"3300060015_35.fna",89.54,4.31
"3300060015_66.fna",81.86,2.56
"3300060015_58.fna",79.02,4.18
"3300060015_73.fna",100,1.98
"3300060015_75.fna",92.74,0.99
"3300060015_78.fna",81.62,1.99
"3300060015_45.fna",80.36,8.24
"3300060015_69.fna",72.35,4.65
"3300060015_12.fna",95.83,0.93
"3300060015_79.fna",75.7,3.56
"3300060015_36.fna",83.33,1.23
"3300060015_85.fna",72.81,2.7
"3300060015_8.fna",94.44,2.14
"3300060015_29.fna",94.06,6.49
"3300060015_32.fna",70.34,3.35
"3300060016_28.fna",85.19,6.2
"3300060016_53.fna",80.27,9.36
"3300060016_11.fna",71.14,6.02
"3300060016_44.fna",86.27,0.86
"3300060016_22.fna",82.24,6.54
"3300060016_60.fna",85.76,6.57
"3300060016_10.fna",78.13,1.83
"3300060016_41.fna",71.55,5.96
"3300060149_19.fna",71.81,2.1
"3300060149_69.fna",76.87,5.28
"3300060149_90.fna",91.78,8.58
"3300060149_47.fna",76.96,6.45
"3300060149_50.fna",86.26,4.52
"3300060149_91.fna",86.24,3.85
"3300060149_11.fna",90.15,5.98
"3300060150_67.fna",78.25,1.35
"3300060291_38.fna",89.49,6.01
"3300060291_162.fna",80.56,2.61
"3300060291_39.fna",92.13,0.93
"3300060291_35.fna",89.42,5.13
"3300060291_187.fna",93.18,0
"3300060291_126.fna",91.36,3.18
"3300060291_21.fna",96.64,0
"3300060291_165.fna",85.23,9.32
"3300060291_109.fna",90,1.09
"3300060291_16.fna",78.64,1.94
"3300060291_103.fna",82.47,0.1
"3300060291_215.fna",90.48,1.38
"3300060291_229.fna",80.94,8.19
"3300060291_107.fna",92.74,0.99
"3300060291_244.fna",94.22,7.52
"3300060291_246.fna",76.76,9.8
"3300060291_198.fna",97.09,2.91
"3300060291_33.fna",85.68,0.91
"3300060291_36.fna",88.2,0.55
"3300060291_202.fna",92.8,6
"3300060291_156.fna",84.16,9.27
"3300060291_231.fna",76.17,7.48
"3300060291_220.fna",91.36,1.29
"3300060291_125.fna",90.6,7.26
"3300060291_186.fna",94.06,0
"3300060291_19.fna",93.53,0.86
"3300060291_248.fna",86.11,4.93
"3300060291_154.fna",72.94,0
"3300060291_164.fna",75.41,3.21
"3300060291_24.fna",93.55,3.2
"3300060291_115.fna",98.13,1.87
"3300060291_218.fna",73.62,1.83
"3300060291_64.fna",75.23,0
"3300060291_66.fna",73.61,3.29
"3300060291_69.fna",88.71,2.76
"3300060291_32.fna",77.68,4.55
"3300060291_70.fna",75.16,1.47
"3300060291_50.fna",92.86,2.26
"3300060291_110.fna",87.73,6.82
"3300060291_58.fna",87.79,5.06
"3300060291_217.fna",77.51,0
"3300060291_140.fna",88.33,3.75
"3300060291_177.fna",81.2,2.8
"3300060291_42.fna",94.39,2.8
"3300060291_43.fna",93.73,3.96
"3300060291_150.fna",75.87,4.4
"3300060291_249.fna",70.58,1.11
"3300060291_129.fna",87.18,1.82
"3300060291_196.fna",89.32,4.85
"3300060291_57.fna",72.61,7.01
"3300060291_122.fna",88.61,5.94
"3300060291_171.fna",93.1,1.01
"3300060291_30.fna",75.7,1.4
"3300060291_25.fna",84.49,1.2
"3300060291_61.fna",91.75,2.97
"3300060291_127.fna",89.88,0.69
"3300060291_144.fna",86.86,1.2
"3300060291_251.fna",71.47,3.92
"3300060291_71.fna",83.7,0.55
"3300060291_40.fna",94.22,5.12
"3300060291_98.fna",90.26,2.56
"3300060291_254.fna",74.81,2
"3300060291_55.fna",89.77,7.7
"3300060291_176.fna",74.07,1.66
"3300060291_86.fna",82.31,5.98
"3300060291_95.fna",90.76,6.93
"3300060291_51.fna",73.85,7.26
"3300060291_82.fna",77.48,1.96
"3300060291_138.fna",79.87,0
"3300060291_13.fna",92.81,4.01
"3300060291_79.fna",84.95,2.97
"3300060291_78.fna",91.17,1.6
"3300060291_130.fna",83.16,4.8
"3300060291_134.fna",78.38,0
"3300060291_74.fna",72.41,4.27
"3300060293_14.fna",99.68,0.32
"3300060293_13.fna",99.5,1.64
"3300060293_2.fna",90.16,1.3
"3300060293_7.fna",96.24,0
"3300060293_3.fna",99.47,1.62
"3300060293_11.fna",99.58,0.82
"3300060293_8.fna",99.06,0.63
"3300060293_16.fna",99.86,1.14
"3300060294_18.fna",97.74,0.2
"3300060294_26.fna",99.5,1.54
"3300060294_30.fna",72.76,0
"3300060294_6.fna",95.56,0.06
"3300060294_37.fna",99.53,1.35
"3300060294_31.fna",100,0
"3300060294_33.fna",89.88,0
"3300060294_20.fna",99.23,0.94
"3300060294_24.fna",100,0.16
"3300060294_19.fna",99.51,1.62
"3300060294_38.fna",99.91,0.66
"3300060294_9.fna",99.56,1.79
"3300060294_27.fna",98.04,0.31
"3300060294_8.fna",77.93,3.45
"3300060295_30.fna",96.59,9.85
"3300060295_8.fna",97.73,0.32
"3300060295_32.fna",99.51,1.62
"3300060295_16.fna",99.5,1.54
"3300060295_5.fna",98.32,0.2
"3300060295_20.fna",98.7,0
"3300060295_14.fna",96.47,0.12
"3300060295_29.fna",99.35,0.47
"3300060295_26.fna",99.06,0.63
"3300060295_31.fna",100,0
"3300060295_22.fna",99.53,1.35
"3300060295_12.fna",99.1,0.08
"3300060295_25.fna",99.68,0.06
"3300060297_30.fna",99.1,0.08
"3300060297_31.fna",97.62,0.53
"3300060297_17.fna",100,0.16
"3300060297_12.fna",98.81,1.59
"3300060297_11.fna",75.33,1.3
"3300060297_24.fna",98.7,0
"3300060297_9.fna",99.5,1.54
"3300060297_44.fna",99.52,0.2
"3300060297_32.fna",99.47,1.62
"3300060297_20.fna",95.57,0.06
"3300060297_21.fna",97.25,0.58
"3300060297_35.fna",99.53,1.35
"3300060297_45.fna",99.86,1.79
"3300060297_23.fna",98.21,0
"3300060297_18.fna",78.48,0.55
"3300060297_5.fna",94.3,0.35
"3300060297_4.fna",99.61,1.09
"3300060297_42.fna",99.29,0.12
"3300060297_2.fna",92.82,1.86
"3300060297_7.fna",100,0
"3300060297_34.fna",99.51,1.62
"3300060297_26.fna",99.68,0.32
"3300060297_6.fna",99.61,0.47
"3300060298_12.fna",97.73,0.32
"3300060298_35.fna",99.06,0.63
"3300060298_32.fna",99.53,1.35
"3300060298_37.fna",99.5,1.54
"3300060298_1.fna",73.28,0
"3300060298_9.fna",99.86,1.89
"3300060298_5.fna",100,0.16
"3300060298_13.fna",100,0
"3300060298_15.fna",99.51,1.62
"3300060298_24.fna",98.81,1.59
"3300060298_30.fna",99.29,0.12
"3300060298_6.fna",99.47,1.62
"3300060298_26.fna",99.7,0
"3300060298_3.fna",99.68,0.06
"3300060298_16.fna",98.32,0.2
"3300060298_19.fna",94.3,0.47
"3300060298_22.fna",98.7,0
"3300060298_27.fna",99.61,0.47
"3300060298_25.fna",92.54,1.01
"3300060313_27.fna",94.95,7.59
"3300060313_44.fna",96.91,1.23
"3300060313_10.fna",75.42,4
"3300060313_26.fna",94.44,3.7
"3300060313_55.fna",77.33,3.3
"3300060314_21.fna",87.38,0.66
"3300060314_37.fna",72.76,2.62
"3300060314_19.fna",71.91,0
"3300060314_36.fna",70.09,9.31
"3300060314_52.fna",84.53,0
"3300060317_18.fna",96.3,0.93
"3300060317_54.fna",84.02,5.49
"3300060317_44.fna",91.67,6.1
"3300060317_78.fna",80.53,4.67
"3300060317_43.fna",95.37,1.3
"3300060318_15.fna",96.96,3.42
"3300060318_56.fna",75.2,5.98
"3300060318_19.fna",75.24,9.09
"3300060318_38.fna",99.32,0.68
"3300060318_26.fna",78.68,1.95
"3300060318_54.fna",89.74,4.7
"3300060318_30.fna",82.48,4.95
"3300060318_34.fna",79.56,2.56
"3300060318_46.fna",84.23,9.06
"3300060318_41.fna",93.73,3.59
"3300060318_7.fna",91.81,0.86
"3300060318_49.fna",84.12,7.55
"3300060318_48.fna",92.88,6.84
"3300060318_2.fna",83.1,2.16
"3300060319_42.fna",97.38,1.71
"3300060319_33.fna",89.03,7.21
"3300060319_21.fna",91.02,2.03
"3300060319_45.fna",70.64,2.31
"3300060320_54.fna",97.64,4.39
"3300060320_91.fna",94.11,6.84
"3300060320_14.fna",95.83,2.67
"3300060320_38.fna",76.19,3.42
"3300060320_69.fna",80.51,5.34
"3300060320_55.fna",70.02,2.56
"3300060320_23.fna",75.66,2.3
"3300060320_10.fna",71.86,0.62
"3300060321_9.fna",70.3,1.72
"3300060321_26.fna",82.97,0.77
"3300060321_79.fna",95.89,8.5
"3300060321_65.fna",85.78,3.56
"3300060321_94.fna",80.98,4.7
"3300060321_25.fna",78.44,5.4
"3300060321_12.fna",92.74,8.12
"3300060321_56.fna",88.89,0.9
"3300060321_20.fna",80.91,7.43
"3300060321_23.fna",76.81,2.66
"3300060322_14.fna",78.94,5.13
"3300060322_11.fna",83.99,6.93
"3300060322_41.fna",93.52,5
"3300060322_45.fna",79.41,3.85
"3300060322_106.fna",81.07,5.56
"3300060322_111.fna",97.73,3.48
"3300060322_93.fna",77.04,2.84
"3300060322_55.fna",76.79,7.71
"3300060322_53.fna",79.91,1.71
"3300060322_100.fna",74.94,6.3
"3300060322_42.fna",84.88,2.14
"3300060323_120.fna",71.55,1.72
"3300060323_75.fna",88.02,4.84
"3300060323_114.fna",98.61,0.65
"3300060323_13.fna",91.86,3.5
"3300060323_44.fna",96.98,0.24
"3300060323_29.fna",91.78,3.48
"3300060323_66.fna",76.07,8.26
"3300060323_35.fna",70.86,3.59
"3300060323_50.fna",70.34,1.72
"3300060323_20.fna",98.29,0
"3300060323_28.fna",86.15,6.67
"3300060323_12.fna",94.97,2.59
"3300060323_51.fna",87.18,8.59
"3300060323_106.fna",70.37,0
"3300060323_73.fna",99.15,0
"3300060323_103.fna",84.62,7.14
"3300060323_52.fna",98.29,5.13
"3300060323_130.fna",81.03,1.95
"3300060323_107.fna",87.16,2.7
"3300060323_17.fna",81.71,3.11
"3300060323_9.fna",70.73,0.76
"3300060332_8.fna",95.45,4.61
"3300060332_60.fna",80.13,9.4
"3300060332_5.fna",76.56,1.81
"3300060332_35.fna",70.08,5.73
"3300060332_6.fna",71.02,6.17
"3300060332_43.fna",84.72,7.01
"3300060340_7.fna",94.44,1.85
"3300060351_5.fna",83.35,2.97
"3300060351_34.fna",78.3,5.12
"3300060351_37.fna",84.73,1.23
"3300060351_15.fna",77.83,0.85
"3300060351_39.fna",75.44,8.13
"3300060351_20.fna",71.62,3.71
"3300060354_19.fna",93.8,5.18
"3300060354_32.fna",73.28,3.42
"3300060354_38.fna",97.41,2.59
"3300060354_26.fna",83.32,1.73
"3300060354_1.fna",98.29,4.27
"3300060354_6.fna",89.67,0
"3300060354_14.fna",93.08,3.57
"3300060355_7.fna",72.74,3.7
"3300060355_123.fna",84.77,6.14
"3300060355_39.fna",80.97,2.97
"3300060355_116.fna",76.72,1.72
"3300060355_12.fna",76.15,2.2
"3300060355_120.fna",75.09,9.89
"3300060355_117.fna",72.95,2.7
"3300060355_86.fna",91.13,3.42
"3300060355_114.fna",83.76,8.21
"3300060355_88.fna",73.16,5.13
"3300060355_95.fna",81.24,2.62
"3300060355_82.fna",71.72,9.17
"3300060355_85.fna",74.93,7.24
"3300060355_110.fna",84.31,1.16
"3300060357_33.fna",77.79,6.77
"3300060357_24.fna",85.98,0.57
"3300060357_76.fna",72.43,3.3
"3300060402_12.fna",82.91,0.38
"3300060402_27.fna",99.86,2.28
"3300060402_10.fna",99.53,1.35
"3300060402_18.fna",99.7,0
"3300060402_26.fna",99.51,1.62
"3300060402_19.fna",99.1,0.08
"3300060402_22.fna",99.06,0.63
"3300060402_16.fna",92.59,1.75
"3300060402_1.fna",99.47,1.62
"3300060402_7.fna",99.68,0.32
"3300060402_23.fna",99.5,1.64
"3300060402_17.fna",94.3,0.47
"3300060402_25.fna",99.52,0.2
"3300060402_9.fna",92.81,2.87
"3300060402_28.fna",93.04,0.06
"3300060402_3.fna",85.98,1.25
"3300060643_18.fna",77.15,1.99
"3300060643_16.fna",77.5,5.3
"3300060643_6.fna",73.28,3.16
"3300060643_14.fna",96.15,2.56
"3300060644_42.fna",91.48,1.39
"3300060644_26.fna",88.06,2.26
"3300060644_14.fna",72.68,5.17
"3300060644_47.fna",83.64,0.46
"3300060644_35.fna",97.51,0.58
"3300060644_6.fna",79.66,0.86
"3300060644_2.fna",74.6,0.5
"3300060644_7.fna",72.87,3.18
"3300060644_13.fna",96.72,1.71
"3300060645_83.fna",85.47,0.06
"3300060645_82.fna",89.8,0
"3300060645_58.fna",95.02,5.35
"3300060645_73.fna",94.64,0.94
"3300060645_68.fna",95.55,3.02
"3300060645_78.fna",89.2,1.72
"3300060645_18.fna",96.94,4.37
"3300060645_54.fna",95.71,1.89
"3300060645_38.fna",94.02,0.91
"3300060645_49.fna",98.86,0.93
"3300060645_23.fna",99.49,1.52
"3300060645_87.fna",73.38,1.72
"3300060645_61.fna",97.12,1.87
"3300060645_37.fna",81.03,0
"3300060645_53.fna",90.07,3.12
"3300060645_33.fna",83.28,0
"3300060645_84.fna",94.28,0.5
"3300060646_19.fna",71.07,0.68
"3300060646_6.fna",85.2,9.23
"3300060646_16.fna",83.9,1.63
"3300060646_17.fna",73.17,6.17
"3300060646_29.fna",82.38,2.14
"3300060646_13.fna",82.87,9.73
"3300060647_13.fna",90.96,3.02
"3300060647_7.fna",91.61,7.58
"3300060647_18.fna",97.97,4.05
"3300060647_3.fna",100,3.49
"3300060648_15.fna",99.15,2.56
"3300060648_4.fna",90.66,2.16
"3300060648_12.fna",99.32,2.7
"3300060649_35.fna",90.12,0.5
"3300060649_47.fna",86.2,2.32
"3300060649_39.fna",89.28,2.43
"3300060649_12.fna",89.46,0.63
"3300060649_26.fna",84.22,8.53
"3300060649_10.fna",74.93,3.38
"3300060649_28.fna",94.81,1
"3300060649_2.fna",92.09,0.85
"3300060650_33.fna",75.64,1.85
"3300060650_25.fna",92.87,3.21
"3300060650_37.fna",75.16,7.23
"3300060650_31.fna",82.05,1.71
"3300060650_24.fna",79.61,1.31
"3300060650_39.fna",76,0.8
"3300060650_30.fna",80.87,1.19
"3300060650_23.fna",92.88,3.85
"3300060650_16.fna",92.66,2.94
"3300060650_59.fna",80.77,0
"3300060650_56.fna",85.47,2.99
"3300060650_58.fna",93.87,1.14
"3300060650_47.fna",74.29,4.7
"3300060650_79.fna",96.41,2.56
"3300060650_88.fna",86.04,2.31
"3300060650_42.fna",79.58,6.41
"3300060650_78.fna",92.46,0.86
"3300060650_76.fna",90.31,0.85
"3300060650_52.fna",77.56,1.71
"3300060650_77.fna",91.67,3.42
"3300060650_84.fna",94.02,1.42
"3300060650_21.fna",96.73,2.21
"3300060650_92.fna",81.4,1.95
"3300060650_8.fna",78.95,1.35
"3300060650_80.fna",94.75,1.85
"3300060652_17.fna",77.7,6.89
"3300060652_14.fna",96.3,0.85
"3300060652_32.fna",97.65,1.38
"3300060652_30.fna",92.14,5.06
"3300060652_22.fna",98.13,3.22
"3300060652_21.fna",90.82,0.2
"3300060653_44.fna",91.19,4.95
"3300060653_43.fna",95.73,1.76
"3300060653_4.fna",70.25,2.7
"3300060653_34.fna",99.15,6.13
"3300060653_1.fna",98.54,2.91
"3300060653_14.fna",84.05,7.44
"3300060654_16.fna",85.8,3.51
"3300060654_7.fna",81.34,0
"3300060654_38.fna",71.76,8.04
"3300060654_49.fna",77.43,7.23
"3300060654_51.fna",73.11,5.74
"3300060654_34.fna",88.01,4.27
"3300060654_58.fna",70.23,1.71
"3300060654_21.fna",97.44,3.47
"3300060655_21.fna",98.29,1.71
"3300060655_23.fna",77.35,1.71
"3300060655_19.fna",95.01,0.93
"3300060655_3.fna",95.23,1.71
"3300060655_10.fna",95.39,3.47
"3300060655_13.fna",83.74,0
"3300060656_58.fna",78.85,0.85
"3300060656_61.fna",84.39,2.56
"3300060656_60.fna",80.43,0.03
"3300060656_69.fna",91.14,0.85
"3300060656_43.fna",90.53,0.74
"3300060656_36.fna",92.55,3.33
"3300060656_59.fna",88.81,4.3
"3300060656_26.fna",93.38,3.44
"3300060656_45.fna",70.06,0.93
"3300060656_9.fna",76.14,4.27
"3300060656_37.fna",85.72,4.7
"3300060656_23.fna",83.55,4.57
"3300060656_13.fna",92.7,2.43
"3300060658_11.fna",82.67,0.78
"3300060659_46.fna",96.4,0.87
"3300060659_14.fna",90.22,1.53
"3300060660_36.fna",70.1,1.47
"3300060660_61.fna",84.6,3.14
"3300060661_48.fna",76.38,7.47
"3300060661_10.fna",73.29,5.69
"3300060663_44.fna",89.07,2.03
"3300060663_28.fna",77.7,6.7
"3300060663_33.fna",77.13,1.71
"3300060663_8.fna",82.82,1.37
"3300060664_36.fna",74.07,3.02
"3300060664_24.fna",71.44,5.17
"3300060664_19.fna",72.42,2.14
"3300060665_13.fna",97.3,3.38
"3300060665_35.fna",97.44,1.76
"3300060665_14.fna",96.53,2.62
"3300060665_25.fna",97.78,2.96
"3300060665_27.fna",97.8,2.85
"3300060665_1.fna",90.27,6.84
"3300060665_17.fna",97.72,1.88
"3300060665_3.fna",91.38,5.37
"3300060665_23.fna",93.87,4.68
"3300060666_22.fna",82.54,5.13
"3300060666_23.fna",94.91,1.85
"3300060666_19.fna",84.55,6.74
"3300060666_15.fna",86,2.56
"3300060666_12.fna",82.86,5.13
"3300060666_11.fna",97.22,1.71
"3300060666_29.fna",98.56,2.59
"3300060667_9.fna",92.52,1.71
"3300060667_6.fna",88.97,9.31
"3300060668_47.fna",75.47,1.81
"3300060668_62.fna",82.71,1.19
"3300060668_6.fna",90.68,3.25
"3300060668_29.fna",92.58,6.94
"3300060668_14.fna",89.32,0.85
"3300060668_58.fna",89.22,0.65
"3300060668_27.fna",81.34,5.18
"3300060669_8.fna",88.82,4.16
"3300060670_63.fna",78.33,2.99
"3300060670_50.fna",100,1.69
"3300060670_23.fna",80.51,1.71
"3300060670_31.fna",82.18,7.26
"3300060670_25.fna",98.74,1.9
"3300060670_67.fna",70.64,8.28
"3300060670_26.fna",81.92,1.95
"3300060670_35.fna",76.14,4.49
"3300060670_11.fna",89.02,6.41
"3300060670_27.fna",75.52,1.72
"3300060670_39.fna",87.03,5.11
"3300060670_2.fna",78.22,7.93
"3300060671_45.fna",92.4,4.27
"3300060671_49.fna",78.21,2.7
"3300060671_30.fna",91.15,1.37
"3300060671_15.fna",96.58,5.06
"3300060671_46.fna",93.84,1.72
"3300060671_28.fna",96.3,1.57
"3300060672_69.fna",92.23,2.91
"3300060672_35.fna",81.86,1.29
"3300060672_22.fna",71.22,0
"3300060672_3.fna",73.51,0.97
"3300060672_75.fna",72.43,1.23
"3300060672_23.fna",84.98,3.2
"3300060672_59.fna",91.45,5.98
"3300060672_36.fna",72.73,0
"3300060672_50.fna",70,0
"3300060673_22.fna",87.27,0
"3300060673_37.fna",96.52,2
"3300060673_26.fna",78.65,0
"3300060673_15.fna",92.23,5.83
"3300060673_30.fna",85.69,5.95
"3300060673_32.fna",70,1.72
"3300060673_55.fna",78.92,7.23
"3300060673_6.fna",77.94,2.99
"3300060673_54.fna",89.24,0.87
"3300060673_52.fna",77.68,8.44
"3300060674_7.fna",87.2,1.28
"3300060674_41.fna",99.6,1.13
"3300060674_67.fna",85.98,2.55
"3300060674_116.fna",80.46,0
"3300060674_112.fna",74.63,4.53
"3300060674_107.fna",89.41,6.73
"3300060675_124.fna",91.99,2.35
"3300060675_119.fna",70.69,3.45
"3300060675_50.fna",79.47,1.1
"3300060675_23.fna",74.96,2.91
"3300060675_63.fna",93.2,3.88
"3300060675_87.fna",100,1.91
"3300060675_75.fna",71.75,1.71
"3300060675_127.fna",92.76,7.69
"3300060675_109.fna",92.59,0.78
"3300060675_40.fna",76.04,2.52
"3300060675_16.fna",90.81,0
"3300060676_41.fna",83.55,0.78
"3300060676_36.fna",95.93,2.33
"3300060676_13.fna",72.41,2.59
"3300060678_11.fna",85.53,3.21
"3300060695_77.fna",73.57,0.24
"3300060695_22.fna",71.77,0.86
"3300060695_108.fna",71.55,6.9
"3300060695_53.fna",72.05,3.71
"3300060695_35.fna",89.71,3.55
"3300060695_17.fna",79.6,0
"3300060695_76.fna",83.1,6.58
"3300060695_12.fna",77.19,0.86
"3300060695_90.fna",88.73,5.84
"3300060695_43.fna",87.37,8.33
"3300060695_32.fna",85.61,5.13
"3300060695_71.fna",84.72,4.96
"3300060695_7.fna",79.84,5.64
"3300060695_70.fna",75.53,5.84
"3300060695_94.fna",98.28,1.18
"3300060695_58.fna",79.49,1.57
"3300060709_9.fna",79.85,3.43
"3300060729_1.fna",73.32,9.4
"3300060730_6.fna",80.76,3.98
"3300060730_1.fna",80.15,0
"3300060730_2.fna",82.25,8.72
"3300060731_40.fna",71.98,7.55
"3300060731_32.fna",84.33,1.27
"3300060731_13.fna",87.51,8.18
"3300060731_15.fna",79.56,5.73
"3300060732_16.fna",75.2,8.28
"3300060732_21.fna",82.47,1.67
"3300060732_32.fna",88.87,4.45
"3300060732_28.fna",88.53,1.85
"3300060733_39.fna",70.69,0
"3300060733_47.fna",99.86,1.14
"3300060733_17.fna",99.68,0.32
"3300060733_14.fna",98.7,0
"3300060733_32.fna",99.84,1.09
"3300060733_28.fna",100,1.35
"3300060733_36.fna",99.61,0.47
"3300060733_35.fna",99.68,0.06
"3300060733_31.fna",99.47,1.62
"3300060733_23.fna",99.31,1.64
"3300060733_10.fna",99.84,1.62
"3300060733_21.fna",99.58,0.82
"3300060733_26.fna",100,0.16
"3300060733_16.fna",100,0
"3300060733_34.fna",98.81,1.59
"3300060733_18.fna",99.1,0.08
"3300060733_24.fna",99.06,0.63
"3300060733_22.fna",91.28,1.18
"3300060733_33.fna",99.7,0
"3300060733_19.fna",99.12,0.2
"3300060744_11.fna",74.14,3.45
"3300060744_31.fna",76.52,3.77
"3300060744_5.fna",92.74,2.14
"3300060744_2.fna",97.01,2.56
"3300060745_21.fna",70.11,2.16
"3300060745_51.fna",73.45,3.02
"3300060745_73.fna",76.3,1.08
"3300060745_19.fna",80.17,0.98
"3300060745_20.fna",71,3.45
"3300060745_45.fna",70.11,8.26
"3300060745_26.fna",90.27,0.81
"3300060745_44.fna",70.37,2.42
"3300060745_71.fna",81.24,8.89
"3300060746_23.fna",96.43,0.86
"3300060746_11.fna",87.7,2.81
"3300060746_24.fna",93.52,5.32
"3300060746_13.fna",99.74,0.79
"3300060747_32.fna",97.41,3.45
"3300060779_29.fna",84.03,4.73
"3300060779_2.fna",78.5,3.7
"3300060779_23.fna",91.41,0.04
"3300060780_13.fna",81.09,7.88
"3300060780_44.fna",91.17,1.58
"3300060780_28.fna",94.31,0
"3300060780_33.fna",72.37,4.69
"3300060780_7.fna",86.29,3.44
"3300060780_4.fna",93.1,0.86
"3300060780_50.fna",83.04,1.59
"3300060780_39.fna",74.99,3.65
"3300060780_20.fna",97.78,2.8
"3300060780_5.fna",98.96,3.16
"3300060780_52.fna",86.92,2.74
"3300060780_25.fna",73.02,4.05
"3300060784_47.fna",74.72,1.94
"3300060784_37.fna",80.8,0.06
"3300060784_15.fna",96.12,4.85
"3300060784_10.fna",88.03,3.75
"3300060785_13.fna",82.89,1.98
"3300060802_1.fna",73.62,0.97
"3300060802_17.fna",70,6.1
"3300060802_39.fna",85.68,6.8
"3300060802_57.fna",81.24,2.73
"3300060805_71.fna",75.17,1.98
"3300060805_4.fna",82.44,2.53
"3300060805_74.fna",93.77,0.22
"3300060805_32.fna",85.11,4.39
"3300060805_17.fna",91.48,2.84
"3300060805_22.fna",91.91,0.78
"3300060853_9.fna",84.05,9.31
"3300060853_14.fna",79.96,3.65
"3300060854_6.fna",71.49,8.33
"3300060861_81.fna",84.94,3.34
"3300060861_69.fna",72.67,2.93
"3300060861_4.fna",73.2,2.71
"3300060861_62.fna",87.38,2.91
"3300060861_41.fna",70.05,5.66
"3300060864_15.fna",71.2,8.33
"3300060864_6.fna",86.5,2.2
"3300060864_59.fna",70.8,6.78
"3300060864_58.fna",85.5,5.45
"3300060864_3.fna",89.28,9.61
"3300060864_16.fna",74.11,1.35
"3300060866_75.fna",88.35,3.88
"3300060866_72.fna",87.67,2.75
"3300060866_59.fna",93.86,6.44
"3300060866_4.fna",73.5,6.31
"3300060866_31.fna",82.98,7.99
"3300060866_28.fna",84.7,5.7
"3300060866_39.fna",70.71,0
"3300060866_94.fna",72.47,1.36
"3300060883_51.fna",100,3.38
"3300060883_14.fna",89.76,8.17
"3300060883_53.fna",76.74,3.41
"3300060883_17.fna",99.86,0
"3300060883_42.fna",86.21,5.48
"3300060883_60.fna",84.75,3.84
"3300060883_29.fna",72.53,3.78
"3300060883_61.fna",74.48,0
"3300060883_55.fna",80.94,5.23
"3300060883_22.fna",95.44,0.43
"3300060883_56.fna",96.72,0.85
"3300060883_24.fna",90.2,2.01
"3300060884_46.fna",78.01,2.14
"3300060884_63.fna",94.55,6.81
"3300060884_59.fna",77.16,1.8
"3300060884_54.fna",89.24,3.49
"3300060884_31.fna",94.82,4.15
"3300060884_26.fna",90.6,0.85
"3300060884_13.fna",84.59,7.79
"3300060884_27.fna",73.13,0
"3300060885_43.fna",76.9,5.32
"3300060885_22.fna",90.95,1.72
"3300060885_74.fna",82.52,1.29
"3300060885_38.fna",80.77,2.56
"3300060885_20.fna",96.53,2.56
"3300060885_4.fna",89.27,2.65
"3300060885_51.fna",90.45,7.12
"3300060885_89.fna",88.62,2.07
"3300060885_45.fna",70.17,1.72
"3300060885_57.fna",98.9,0
"3300060885_90.fna",86.64,6.47
"3300060885_96.fna",75.56,2.12
"3300060886_30.fna",89.42,1.72
"3300060886_36.fna",84.89,1.54
"3300060886_21.fna",94.77,8.11
"3300060886_19.fna",76.94,3.46
"3300060887_26.fna",79.35,9.48
"3300060887_39.fna",89.81,2.43
"3300060888_13.fna",80.1,2.91
"3300060889_19.fna",89.72,3.47
"3300060889_14.fna",82.18,3.23
"3300060889_10.fna",70.17,6.03
"3300060889_20.fna",73.88,1.71
"3300060889_3.fna",78.72,9.33
"3300060889_15.fna",95.63,2.56
"3300060894_44.fna",74.93,3.85
"3300060894_33.fna",81.25,4.48
"3300060895_6.fna",78.86,1.02
"3300060895_11.fna",99.57,3.02
"3300060895_22.fna",76.44,7.18
"3300060895_51.fna",76.87,0
"3300060895_39.fna",89.09,5.65
"3300060895_45.fna",96.58,0.85
"3300060895_20.fna",98.75,3.57
"3300060895_32.fna",98.29,3.78
"3300060895_27.fna",95.16,1.99
"3300060895_30.fna",82.64,1.41
"3300060897_27.fna",97.84,0.86
"3300060897_23.fna",96.93,0.33
"3300060897_37.fna",82.5,1.94
"3300060898_45.fna",80.9,3.35
"3300060898_9.fna",91.29,2.23
"3300060898_12.fna",72.79,9.83
"3300060913_26.fna",87.69,3.08
"3300060913_69.fna",91.45,0.71
"3300060913_73.fna",82.25,4.81
"3300060913_65.fna",87.02,3.7
"3300060913_17.fna",89.41,4.19
"3300060913_32.fna",72.44,4.27
"3300060913_14.fna",90.96,1.64
"3300060913_63.fna",88.03,4.7
"3300060913_62.fna",89.53,4.27
"3300060913_29.fna",82.64,1.71
"3300060913_30.fna",72.09,1.14
"3300060913_51.fna",85.45,5.98
"3300060913_67.fna",89.62,8.95
"3300060913_38.fna",82.48,2.73
"3300060913_12.fna",92.92,3.41
"3300060913_53.fna",85.98,1.72
"3300060913_44.fna",77.46,0.43
"3300060913_36.fna",72.74,0.85
"3300060914_32.fna",73.7,2.56
"3300060914_17.fna",91.45,4.32
"3300060914_23.fna",75.84,2.94
"3300060914_44.fna",72.44,4.17
"3300060914_52.fna",86.89,2.43
"3300060914_39.fna",94.79,2.99
"3300060914_26.fna",83.19,1.32
"3300060914_55.fna",89.84,2.68
"3300060914_9.fna",98.28,0.86
"3300060914_30.fna",96.12,1.94
"3300060915_27.fna",81.23,1.22
"3300060915_24.fna",76.76,4.24
"3300060915_19.fna",70.62,0.43
"3300060915_4.fna",70.74,2.31
"3300060915_37.fna",77.35,8.72
"3300060915_12.fna",73.28,9.66
"3300060916_131.fna",72.16,0
"3300060916_122.fna",92.31,7.06
"3300060916_21.fna",95.95,5.41
"3300060916_106.fna",70.2,1.29
"3300060916_110.fna",75.5,7.69
"3300060916_65.fna",82.56,3.92
"3300060916_70.fna",73.56,2.67
"3300060916_63.fna",78.02,0
"3300060916_80.fna",73.19,3.42
"3300060916_23.fna",74.83,1.71
"3300060916_89.fna",87.75,5.93
"3300060916_104.fna",91.17,2.99
"3300060916_105.fna",74.95,6.27
"3300060916_96.fna",95.67,3.91
"3300060916_35.fna",70.3,2.35
"3300060917_27.fna",98.24,1.71
"3300060917_9.fna",71.13,4.99
"3300060917_13.fna",77.59,2.87
"3300060918_12.fna",97.56,1.78
"3300060918_47.fna",89.03,2.83
"3300060918_29.fna",77.96,3.63
"3300060918_26.fna",87.56,1.41
"3300060918_96.fna",93.33,2.88
"3300061175_29.fna",96.98,0.86
"3300061175_32.fna",74.42,0
"3300061175_30.fna",98.72,0.77
"3300061175_22.fna",73.76,0.99
"3300061175_37.fna",99.04,0
"3300061177_31.fna",82.26,0.52
"3300061177_25.fna",83.7,0.85
"3300061177_12.fna",93.16,2.56
"3300061177_16.fna",73.7,3.13
"3300061178_43.fna",74.92,0
"3300061178_42.fna",93.2,5.12
"3300061179_34.fna",89.74,2.4
"3300061179_38.fna",78.9,1.03
"3300061179_33.fna",93.92,5.68
"3300061179_49.fna",75.32,1.11
"3300061179_25.fna",75.86,0
"3300061179_71.fna",88.27,2.87
"3300061179_61.fna",84.42,2.14
"3300061179_44.fna",97.44,4.7
"3300061179_80.fna",70.37,2.56
"3300061179_52.fna",94.12,3.78
"3300061179_66.fna",90.52,1.72
"3300061179_77.fna",80.3,3.7
"3300061179_67.fna",95.01,0.85
"3300061179_23.fna",97.01,1.71
"3300061179_73.fna",78.03,1.71
"3300061179_51.fna",85.75,2.56
"3300061180_58.fna",87.45,3.81
"3300061180_31.fna",84.6,2.14
"3300061180_9.fna",81.06,0.97
"3300061180_43.fna",78.02,0.63
"3300061180_48.fna",87.88,3.35
"3300061180_12.fna",80.25,6.73
"3300061202_14.fna",95.89,0
"3300061204_29.fna",75.34,0.86
"3300061205_27.fna",71,0.85
"3300061205_38.fna",79.89,4.45
"3300061205_10.fna",74.1,6.84
"3300061205_20.fna",97.15,2.85
"3300061205_5.fna",83.75,9.85
"3300061205_33.fna",96.55,1.72
"3300061205_19.fna",77.45,0.8
"3300061205_40.fna",79.94,3.23
"3300061205_26.fna",82.93,2.67
"3300061205_36.fna",78.86,2.32
"3300061205_39.fna",91.67,7.69
"3300061211_74.fna",97.2,5.41
"3300061211_64.fna",77.41,4.91
"3300061211_8.fna",86.24,0.92
"3300061211_67.fna",79.7,5.13
"3300061211_35.fna",77.26,6.63
"3300061211_17.fna",93.41,2.2
"3300061211_71.fna",90.29,2.04
"3300061211_7.fna",84.87,0.43
"3300061211_57.fna",76.25,0.85
"3300061211_51.fna",93.53,2.16
"3300061211_37.fna",75.33,0
"3300061211_11.fna",98.57,5.22
"3300061211_53.fna",79.12,2.81
"3300061211_30.fna",90.17,3.3
"3300061211_32.fna",77.4,0
"3300061211_34.fna",86.11,0.08
"3300061211_16.fna",92.65,1.85
"3300061211_12.fna",96.64,2.2
"3300061211_61.fna",91.72,7.69
"3300061211_10.fna",91.25,1.39
"3300061211_43.fna",98.29,1.28
"3300061211_15.fna",71.13,2.14
"3300061211_42.fna",92.65,8.55
"3300061212_12.fna",72.83,3.06
"3300061212_3.fna",99.11,2.36
"3300061213_51.fna",85.29,5.44
"3300061213_95.fna",87.77,2.32
"3300061213_50.fna",95.29,4.5
"3300061213_46.fna",70.19,2.84
"3300061213_7.fna",96.37,1.31
"3300061213_49.fna",93.07,0.68
"3300061213_35.fna",92.67,0.86
"3300061213_9.fna",94.02,1.28
"3300061213_81.fna",84.84,3.28
"3300061213_65.fna",70.14,7.6
"3300061213_99.fna",86.49,1.28
"3300061213_119.fna",77.69,4.88
"3300061213_83.fna",86.25,1.43
"3300061213_21.fna",84.78,1.49
"3300061213_43.fna",88.27,2.54
"3300061213_33.fna",76.24,5.35
"3300061213_55.fna",96.58,2.92
"3300061213_36.fna",84.88,2.56
"3300061213_59.fna",79.91,6.03
"3300061213_96.fna",95.58,1.28
"3300061213_64.fna",89.32,8.48
"3300061213_18.fna",90.59,2.63
"3300061213_41.fna",99.35,1.94
"3300061213_13.fna",83.36,6.8
"3300061213_52.fna",89.08,2.38
"3300061213_8.fna",95.67,2.56
"3300061213_123.fna",73.89,2.85
"3300061213_15.fna",94.31,8.12
"3300061213_16.fna",92.17,2.03
"3300061213_87.fna",76.97,0.88
"3300061213_89.fna",91.72,0.95
"3300061213_102.fna",86.75,0.66
"3300061213_17.fna",84.41,0.93
"3300061213_86.fna",88.43,7.72
"3300061213_31.fna",91.75,3.63
"3300061213_29.fna",76.55,5.31
"3300061213_22.fna",97.44,3.42
"3300061213_23.fna",99.15,1.71
"3300061213_6.fna",97.5,2.05
"3300061213_28.fna",90.81,4.55
"3300061213_26.fna",95.03,6.53
"3300061213_24.fna",97.15,5.13
"3300061216_63.fna",93.76,4.23
"3300061216_65.fna",94.12,2.99
"3300061216_8.fna",93.2,3.88
"3300061216_55.fna",99.49,5.13
"3300061216_47.fna",97.63,1.45
"3300061216_9.fna",81.86,2.56
"3300061216_7.fna",88.64,1.7
"3300061216_51.fna",87.5,1.72
"3300061216_13.fna",73.17,1.23
"3300061216_50.fna",90.6,3.66
"3300061216_15.fna",78.17,7.16
"3300061216_11.fna",99.48,0
"3300061216_39.fna",94.65,3.12
"3300061218_13.fna",94.21,0.44
"3300061224_26.fna",78.17,2.05
"3300061224_43.fna",72.82,1.05
"3300061224_23.fna",73.44,2.56
"3300061462_26.fna",96.52,0
"3300061462_3.fna",97.12,1.15
"3300061462_11.fna",95.32,0.64
"3300061462_1.fna",99.06,0.63
"3300061462_19.fna",99.31,1.64
"3300061462_14.fna",99.1,0.08
"3300061462_25.fna",95.18,0.35
"3300061462_2.fna",99.58,0.82
"3300061462_10.fna",100,1.35
"3300061462_21.fna",99.7,0
"3300061462_32.fna",98.01,2.33
"3300061462_18.fna",97.5,2.75
"3300061462_12.fna",99.84,1.62
"3300061462_16.fna",99.84,0.06
"3300061462_35.fna",99.47,1.62
"3300061462_36.fna",99.86,1.14
"3300061462_13.fna",95.94,0.06
"3300061463_2.fna",99.68,0.32
"3300061463_5.fna",91.64,0.32
"3300061463_4.fna",82.27,1.4
"3300061463_23.fna",99.5,1.64
"3300061463_28.fna",99.06,0.63
"3300061463_9.fna",93.75,2.28
"3300061463_16.fna",93.78,0.39
"3300061463_21.fna",99.86,1.14
"3300061463_7.fna",99.47,1.62
"3300061463_14.fna",99.1,0.15
"3300061463_13.fna",70.35,0
"3300061463_15.fna",99.58,0.82
"3300061463_10.fna",96.73,0.7
"3300061463_1.fna",99.84,1.62
"3300061535_11.fna",75.52,0.99
"3300061535_63.fna",98.35,2.2
"3300061535_64.fna",88.9,2.3
"3300061535_65.fna",71.04,2.02
"3300061535_39.fna",72.67,1.87
"3300061536_14.fna",99.15,5.13
"3300061536_61.fna",76.92,0.14
"3300061536_65.fna",96.48,1.15
"3300061536_88.fna",85.41,4.78
"3300061536_80.fna",72.41,1.72
"3300061536_38.fna",75.49,0
"3300061536_8.fna",98.29,2.56
"3300061536_53.fna",89.07,0.95
"3300061536_7.fna",81.06,4.95
"3300061536_76.fna",96.74,1.91
"3300061536_78.fna",88.19,1.71
"3300061536_66.fna",91.82,8.2
"3300061536_79.fna",93.93,1.85
"3300061536_81.fna",87.5,4.4
"3300061536_33.fna",81.24,1.68
"3300061536_102.fna",77.78,6.05
"3300061536_77.fna",85.27,3.13
"3300061536_28.fna",71.04,0
"3300061536_32.fna",85.47,2.14
"3300061537_63.fna",83.76,0.85
"3300061537_28.fna",94.87,0.85
"3300061537_106.fna",82.95,3.42
"3300061537_109.fna",84.62,0.34
"3300061537_52.fna",76.13,6.24
"3300061537_3.fna",93.24,6.08
"3300061537_51.fna",98.15,1.95
"3300061537_61.fna",98.24,2.56
"3300061537_89.fna",90.24,0.8
"3300061537_5.fna",90.22,8.33
"3300061537_24.fna",70.46,4.27
"3300061537_25.fna",89.41,1.86
"3300061537_50.fna",93.95,2.92
"3300061537_31.fna",96.12,1.94
"3300061537_54.fna",85.28,3.61
"3300061537_102.fna",82.91,3.42
"3300061537_65.fna",99.07,0.93
"3300061537_67.fna",90.67,1.6
"3300061537_69.fna",97.44,0
"3300061537_7.fna",92.16,1.35
"3300061537_70.fna",97.86,0
"3300061537_72.fna",77.48,0
"3300061537_55.fna",77.03,5.41
"3300061537_81.fna",89.32,1.99
"3300061537_124.fna",74.93,3.09
"3300061537_13.fna",83.73,3.96
"3300061537_4.fna",95.2,1.98
"3300061537_94.fna",72.48,5.28
"3300061537_75.fna",94.87,2.99
"3300061537_60.fna",70.85,1.72
"3300061537_116.fna",88.73,9.46
"3300061537_117.fna",88.77,2.7
"3300061537_82.fna",80.15,1.71
"3300061537_36.fna",73.88,1.71
"3300061537_93.fna",91.18,5.53
"3300061537_41.fna",86.31,1.72
"3300061538_26.fna",70.12,3.42
"3300061538_10.fna",71.6,5.7
"3300061538_7.fna",84.63,1.08
"3300061538_34.fna",78.91,5.28
"3300061538_40.fna",87.23,8.55
"3300061538_6.fna",71.84,1.21
"3300061538_32.fna",87.3,5.77
"3300061539_27.fna",77.06,0
"3300061539_18.fna",70.34,9.34
"3300061624_35.fna",84.95,2.05
"3300061624_95.fna",81.63,1.49
"3300061624_42.fna",88.41,5.08
"3300061624_70.fna",80.24,3.4
"3300061624_31.fna",93.73,1.71
"3300061624_15.fna",92.76,1.4
"3300061624_18.fna",70.17,2.64
"3300061624_62.fna",88.46,5.84
"3300061624_74.fna",72.23,4.31
"3300061624_97.fna",78.23,1.1
"3300061624_78.fna",85.27,1.18
"3300061624_52.fna",79.09,1.29
"3300061624_38.fna",98.51,0.5
"3300061624_49.fna",79.26,0.23
"3300061624_87.fna",81.04,4.7
"3300061624_93.fna",82.48,6.87
"3300061625_20.fna",82.81,2.03
"3300061625_2.fna",96.12,1.72
"3300061637_39.fna",97.44,3.42
"3300061637_3.fna",93.19,3.74
"3300061637_19.fna",94.4,1.29
"3300061637_41.fna",97.84,0
"3300061637_35.fna",95.73,3.42
"3300061637_42.fna",78.25,1.71
"3300061637_40.fna",83.33,7.26
"3300061637_2.fna",83.33,1.58
"3300061637_13.fna",97.97,3.38
"3300061638_63.fna",96.15,1.71
"3300061638_37.fna",98.66,2.85
"3300061638_19.fna",91.03,0.76
"3300061638_16.fna",84.72,0.93
"3300061638_2.fna",82.71,0.43
"3300061638_57.fna",76.08,0
"3300061638_32.fna",95.05,5.64
"3300061638_33.fna",97.58,0.85
"3300061638_9.fna",85.7,7.65
"3300061638_41.fna",89.97,2.79
"3300061638_13.fna",71.32,2.46
"3300061638_66.fna",99.09,0.36
"3300061638_43.fna",99.24,2.02
"3300061638_47.fna",73.06,5.72
"3300061638_70.fna",86.4,1.48
"3300061638_39.fna",82.27,3.44
"3300061638_42.fna",96.56,2.4
"3300061638_8.fna",89.35,5.13
"3300061639_80.fna",88.87,2.7
"3300061639_48.fna",95.3,2.56
"3300061639_18.fna",97.41,0
"3300061639_94.fna",82.07,1.72
"3300061639_19.fna",91.56,3.06
"3300061639_13.fna",93.72,1.48
"3300061639_59.fna",90.2,1.14
"3300061639_60.fna",81.75,3.62
"3300061639_66.fna",93.88,1.01
"3300061639_10.fna",97.46,0.9
"3300061639_7.fna",82.41,0
"3300061639_8.fna",98.39,2.32
"3300061639_12.fna",99.32,1.69
"3300061639_73.fna",95.6,0
"3300061639_2.fna",84.8,3.22
"3300061639_93.fna",77.27,5.89
"3300061639_23.fna",72.84,0.65
"3300061639_11.fna",92.57,0
"3300061639_24.fna",95.6,0
"3300061639_28.fna",78.45,0
"3300061639_35.fna",98.51,2.08
"3300061640_33.fna",79.95,2.85
"3300061640_8.fna",78.3,1.58
"3300061640_42.fna",82.9,6.41
"3300061640_29.fna",84.56,1.82
"3300061640_35.fna",93.74,2.11
"3300061640_10.fna",80.84,0.17
"3300061640_52.fna",71.23,5.26
"3300061640_24.fna",71.05,2.26
"3300061640_40.fna",96.8,0.91
"3300061640_41.fna",98.29,0.85
"3300061641_157.fna",90.98,2.95
"3300061641_13.fna",87.25,3.36
"3300061641_140.fna",82.11,5.69
"3300061641_152.fna",80.11,1.08
"3300061641_87.fna",77.62,2.12
"3300061641_135.fna",83.76,5.59
"3300061641_12.fna",75.03,0.65
"3300061641_134.fna",73.93,6.67
"3300061641_139.fna",98.9,2.2
"3300061641_143.fna",76.47,0.85
"3300061641_155.fna",89.23,2.9
"3300061641_159.fna",82.12,3.64
"3300061641_46.fna",87.96,2.26
"3300061641_163.fna",72.41,1.72
"3300061641_166.fna",83.23,0.81
"3300061641_81.fna",73.92,3.91
"3300061641_34.fna",80.53,2.18
"3300061641_89.fna",79.47,3.45
"3300061641_55.fna",75.63,3.3
"3300061641_52.fna",76.61,0
"3300061641_75.fna",87.61,5.98
"3300061641_85.fna",78.06,3.08
"3300061641_100.fna",80.63,8.78
"3300061641_96.fna",82.46,5.31
"3300061641_92.fna",90.56,4.19
"3300061641_18.fna",72.73,0
"3300061641_119.fna",78.28,1.9
"3300061641_117.fna",75.99,3.95
"3300061642_25.fna",84.71,6.65
"3300061642_28.fna",77.02,4.37
"3300061643_10.fna",76.07,2.14
"3300061644_62.fna",77.12,0.31
"3300061644_42.fna",87.12,1.4
"3300061644_27.fna",97.62,6.04
"3300061644_31.fna",78.49,4.27
"3300061644_7.fna",75.15,9.91
"3300061644_26.fna",71.06,2.11
"3300061644_48.fna",80.96,3.85
"3300061644_51.fna",77.61,0.43
"3300061644_78.fna",75,1.52
"3300061644_61.fna",91.31,6.06
"3300061644_16.fna",81.05,2.99
"3300061644_38.fna",75.11,3.42
"3300061644_59.fna",91.67,0.86
"3300061644_37.fna",80.44,6.84
"3300061644_74.fna",94.87,6.84
"3300061644_80.fna",73.45,2.56
"3300061644_75.fna",88.89,2.56
"3300061771_2.fna",73.79,7.94
"3300061774_5.fna",70.87,3.4
"3300061779_6.fna",94.02,5.35
"3300061779_3.fna",96.53,1.99
"3300061779_2.fna",78.09,2.03
"3300061779_1.fna",93.58,2.39
"3300061782_1.fna",80.91,1.46
"3300061783_3.fna",90.38,4.44
"3300061786_5.fna",80.92,0.99
"3300061842_29.fna",79.2,2.37
"3300061842_6.fna",74.97,4.42
"3300061842_67.fna",97.58,1.71
"3300061843_19.fna",87.77,2.56
"3300061843_15.fna",93.59,1.28
"3300061843_67.fna",85.47,2.53
"3300061843_86.fna",70.03,2.33
"3300061843_63.fna",91.89,6.37
"3300061843_23.fna",75.86,2.59
"3300061843_8.fna",81.88,0.87
"3300061843_70.fna",72.95,2.44
"3300061843_72.fna",71.05,0.85
"3300061843_62.fna",73.08,2.56
"3300061843_60.fna",91.84,4.13
"3300061843_83.fna",75.09,2.16
"3300061843_69.fna",78.42,1.17
"3300061843_58.fna",93.73,1.08
"3300061843_76.fna",70.53,2.2
"3300061843_55.fna",94.59,3.42
"3300061843_28.fna",70.34,3.1
"3300061843_56.fna",73.4,2.03
"3300061844_2.fna",70.18,1.75
"3300061844_36.fna",86.71,4.4
"3300061844_3.fna",77.33,2.64
"3300061845_4.fna",86.87,0.68
"3300061845_50.fna",89.66,2.9
"3300061845_74.fna",73.77,0.2
"3300061845_40.fna",85.7,3.66
"3300061845_73.fna",90.21,0.85
"3300061845_3.fna",75.5,3.92
"3300061845_15.fna",70.85,1.72
"3300061845_67.fna",75.18,0
"3300061845_33.fna",81.45,3.55
"3300061845_66.fna",79.19,9.57
"3300061845_58.fna",93.7,2.22
"3300061845_12.fna",80.91,2.56
"3300061845_30.fna",76.54,4.87
"3300061846_45.fna",73.45,1.76
"3300061846_26.fna",72.88,1.29
"3300061846_36.fna",75.75,3.85
"3300061846_8.fna",85.96,0.51
"3300061846_32.fna",87.61,1.83
"3300061846_25.fna",92.01,5.68
"3300061846_17.fna",83.2,3.06
"3300061846_9.fna",97.44,5.5
"3300061847_8.fna",73.46,3.4
"3300061847_9.fna",78.88,7.26
"3300061847_4.fna",96.58,5.13
"3300061856_107.fna",86.32,8.55
"3300061856_70.fna",76.5,4.7
"3300061856_86.fna",83.01,2.91
"3300061856_68.fna",92.31,5.18
"3300061856_74.fna",95.05,0.99
"3300061856_77.fna",94.37,1.15
"3300061856_75.fna",74.48,3.45
"3300061856_39.fna",78.61,2.36
"3300061856_83.fna",89.47,2.37
"3300061856_23.fna",85.78,4.39
"3300061856_80.fna",93.07,1.98
"3300061856_82.fna",75.08,0
"3300062116_45.fna",70.93,1.71
"3300062116_25.fna",83.08,1.79
"3300062116_39.fna",87.16,1.93
"3300062123_27.fna",89.25,5.04
"3300062123_10.fna",90.63,3.81
"3300062123_43.fna",79.15,3.35
"3300062123_21.fna",82.31,4.27
"3300062123_41.fna",71.78,7.66
"3300062123_34.fna",71,1.72
"3300062123_32.fna",90.12,3.43
"3300062124_23.fna",82.72,5.95
"3300062124_31.fna",75.36,0.93
"3300062124_47.fna",97.28,5.48
"3300062124_3.fna",76.26,7.1
"3300062124_40.fna",81.71,1.71
"3300062124_8.fna",78.45,4.64
"3300062124_4.fna",86.54,2.88
"3300062124_33.fna",85.89,0.93
"3300062124_48.fna",97.01,3.42
"3300062124_49.fna",91.17,1.28
"3300062125_27.fna",86.14,2.94
"3300062125_7.fna",89.48,8.24
"3300062125_54.fna",89.23,1.71
"3300062125_31.fna",97.01,2.28
"3300062125_29.fna",86.89,8.42
"3300062125_57.fna",73.08,2.14
"3300062125_32.fna",73.5,2.14
"3300062125_23.fna",97.01,2.56
"3300062125_48.fna",73.07,1.2
"3300062126_81.fna",85.48,1.85
"3300062126_29.fna",90.81,0.74
"3300062126_65.fna",84.72,3.7
"3300062126_37.fna",95.04,0.85
"3300062126_10.fna",70.73,1.57
"3300062126_18.fna",81.91,3.85
"3300062127_52.fna",84.31,7.93
"3300062127_49.fna",86.67,1.28
"3300062127_36.fna",96.58,1.28
"3300062127_13.fna",80.19,2.69
"3300062127_8.fna",87.91,3.7
"3300062127_27.fna",92.58,7.44
"3300062128_27.fna",94.87,3.85
"3300062128_31.fna",96.58,1.71
"3300062128_34.fna",74.54,1.83
"3300062128_20.fna",81.62,0
"3300062128_30.fna",90.37,1.98
"3300062128_44.fna",79.05,2.91
"3300062128_2.fna",90.88,1.14
"3300062129_25.fna",97.16,3.51
"3300062129_27.fna",96.15,2.31
"3300062129_7.fna",72.22,2.2
"3300062129_82.fna",88.76,1.85
"3300062129_35.fna",95.06,0
"3300062129_78.fna",82.05,2.42
"3300062129_31.fna",85.87,1.2
"3300062129_64.fna",70.69,0
"3300062129_77.fna",97.01,0.85
"3300062129_51.fna",91.2,2.56
"3300062129_67.fna",89.46,0.43
"3300062129_40.fna",91.45,7.26
"3300062129_61.fna",98.77,0.93
"3300062129_66.fna",89.43,2.56
"3300062129_65.fna",85.47,2.14
"3300062129_21.fna",93.16,4.27
"3300062129_6.fna",70.36,0.83
"3300062129_14.fna",97.65,1.12
"3300062130_55.fna",73.59,5.21
"3300062130_49.fna",91.64,2.78
"3300062130_3.fna",78.17,7.89
"3300062130_48.fna",75.89,1.9
"3300062130_43.fna",95.01,2.65
"3300062130_47.fna",81.61,3.7
"3300062131_57.fna",94.54,4.8
"3300062131_13.fna",86.41,5.35
"3300062131_127.fna",82.92,1.97
"3300062131_65.fna",74.14,3.04
"3300062131_123.fna",82.43,1.71
"3300062131_138.fna",79.74,6.41
"3300062131_101.fna",90.3,6.32
"3300062131_150.fna",80.89,1.51
"3300062131_99.fna",72.76,0.43
"3300062131_66.fna",89.59,3.7
"3300062131_83.fna",71.05,5.19
"3300062131_108.fna",70.51,0.85
"3300062460_5.fna",75.24,1.52
"3300062461_11.fna",97.44,3.47
"3300062461_3.fna",74.03,4.43
"3300062464_8.fna",74.58,2.65
"3300062466_4.fna",75.02,4.06
"3300062554_11.fna",92.94,2.48
"3300062555_3.fna",95.26,2.97
"3300062555_14.fna",95.6,3.54
"3300062555_5.fna",93.42,2.03
"3300062555_2.fna",92.31,3.51
"3300062555_8.fna",72.93,9.4
"3300062558_40.fna",97.38,1.71
"3300062558_35.fna",83.62,4.08
"3300062560_30.fna",85.19,0.85
"3300062560_85.fna",98.31,2.03
"3300062560_47.fna",94.87,1.28
"3300062560_39.fna",81.79,3.7
"3300062560_64.fna",70.41,1.08
"3300062560_34.fna",83.48,2.56
"3300062560_43.fna",93.7,3.7
"3300062560_45.fna",82.68,2.14
"3300062560_48.fna",98.08,0.85
"3300062560_20.fna",75.67,0
"3300062560_22.fna",77.43,1.48
"3300062560_23.fna",92.15,5.51
"3300062560_86.fna",83.6,0.8
"3300062560_92.fna",73.3,8.06
"3300062560_84.fna",100,3.42
"3300062560_71.fna",83.97,5.56
"3300062560_61.fna",96.31,5.13
"3300062560_96.fna",87.32,2.99
"3300062560_88.fna",91.28,1.71
"3300062560_78.fna",84.95,3.42
"3300062561_31.fna",76.06,8.82
"3300062561_39.fna",71.94,3.59
"3300062561_3.fna",72.2,0
"3300062561_33.fna",87.89,7.03
"3300062561_63.fna",99.09,2.74
"3300062561_21.fna",86.06,5.98
"3300062561_65.fna",89.32,6.84
"3300062561_10.fna",98.15,0
"3300062561_18.fna",81.12,1.52
"3300062561_45.fna",88.73,0.41
"3300062561_76.fna",84.07,0.85
"3300062561_11.fna",83.3,3.22
"3300062561_58.fna",96.49,6.84
"3300062562_12.fna",90.08,4.85
"3300062562_56.fna",84.16,3.42
"3300062562_31.fna",79.51,5.22
"3300062562_43.fna",87.04,5.98
"3300062562_51.fna",74.61,6.9
"3300062562_26.fna",97.86,1.71
"3300062562_3.fna",100,2.56
"3300062562_63.fna",70,2.59
"3300062562_45.fna",84.32,0
"3300062562_17.fna",97.01,0.85
"3300062562_47.fna",98.29,1.28
"3300062562_29.fna",71.78,1.86
"3300062562_48.fna",76.48,0.86
"3300062562_58.fna",70.78,0
"3300062562_28.fna",70,5.38
"3300062562_59.fna",78.78,1.68
"3300062563_45.fna",97.21,1.65
"3300062563_46.fna",83.42,4.27
"3300062563_43.fna",96.15,1.71
"3300062563_14.fna",76,3.26
"3300062563_10.fna",93.8,3.21
"3300062563_77.fna",91.42,0.21
"3300062563_23.fna",77.72,2.56
"3300062563_57.fna",98.99,2.86
"3300062563_37.fna",83.99,7.23
"3300062563_13.fna",84.57,0.93
"3300062563_63.fna",75.78,9.48
"3300062563_71.fna",71.54,2.56
"3300062563_64.fna",77.54,2.14
"3300062563_60.fna",98.15,1.85
"3300062563_61.fna",93.2,6.56
"3300062563_30.fna",90.81,2.72
"3300062564_75.fna",89.33,1.28
"3300062564_142.fna",72.2,7.56
"3300062564_73.fna",95.54,4.38
"3300062564_151.fna",70.86,4.2
"3300062564_16.fna",71.61,9.12
"3300062564_63.fna",97.09,3.04
"3300062564_46.fna",74.74,2.56
"3300062564_117.fna",90.3,8.28
"3300062564_43.fna",87.43,0.25
"3300062564_52.fna",71.51,2.19
"3300062564_64.fna",95.73,8.55
"3300062564_40.fna",77.14,9.61
"3300062564_116.fna",95.94,3.42
"3300062564_105.fna",81.43,4.55
"3300062564_146.fna",72.13,0
"3300062564_59.fna",89.32,0.8
"3300062564_114.fna",89.74,1.71
"3300062564_94.fna",74.28,1.28
"3300062564_119.fna",82.35,3.42
"3300062564_121.fna",82.31,1.28
"3300062564_108.fna",81.89,5.13
"3300062564_90.fna",97.01,2.56
"3300062564_127.fna",81.99,5.27
"3300062564_123.fna",78.77,8.12
"3300062564_107.fna",87.33,4.19
"3300062564_81.fna",86.01,5.13
"3300062565_33.fna",94.96,5.51
"3300062565_36.fna",86.97,3.42
"3300062565_25.fna",86.35,6.7
"3300062565_54.fna",86.86,1
"3300062565_22.fna",86.85,0.86
"3300062565_61.fna",84.4,5.56
"3300062565_72.fna",82.43,5.64
"3300062565_79.fna",74.13,6.04
"3300062565_16.fna",78.18,2.52
"3300062565_60.fna",86.52,5.28
"3300062565_51.fna",98.05,1.85
"3300062566_57.fna",70.84,0.87
"3300062566_28.fna",75.67,5.6
"3300062566_19.fna",97.81,0.68
"3300062566_6.fna",70.85,6.65
"3300062566_41.fna",82.64,3.18
"3300062566_12.fna",86.29,9.07
"3300062566_42.fna",93.99,6.2
"3300062566_8.fna",93.21,0
"3300062566_29.fna",71.52,7.69
"3300062567_47.fna",94.44,1.71
"3300062567_36.fna",81.61,3.41
"3300062567_31.fna",70.95,2.16
"3300062567_32.fna",74.04,2.56
"3300062567_50.fna",77.28,2.7
"3300062567_63.fna",87.94,1.54
"3300062567_28.fna",85.15,3.13
"3300062567_55.fna",75.65,1.54
"3300062567_27.fna",82.24,5.34
"3300062568_5.fna",89.45,3.8
"3300062568_53.fna",80.38,4.92
"3300062568_15.fna",87.86,1.23
"3300062568_25.fna",89.57,4.91
"3300062568_46.fna",83.05,5.13
"3300062568_40.fna",80.54,0
"3300062569_25.fna",98.17,0.87
"3300062569_29.fna",83.78,2.56
"3300062569_27.fna",95.57,1.71
"3300062569_31.fna",83.33,0.43
"3300062569_2.fna",96.58,1.71
"3300062569_4.fna",96.55,8.54
"3300062569_17.fna",71.25,4.03
"3300062569_28.fna",87.5,5.09
"3300062570_23.fna",74.39,2.06
"3300062570_24.fna",95.44,2.56
"3300062570_29.fna",96.3,1.88
"3300062570_30.fna",70.09,5.9
"3300062570_48.fna",94.59,5.41
"3300062570_17.fna",89.98,6.02
"3300062570_52.fna",73.02,1.92
"3300062625_81.fna",79.43,2.81
"3300062625_89.fna",71.03,2.59
"3300062625_75.fna",83.24,6.79
"3300062625_78.fna",78.45,6.2
"3300062625_41.fna",74.26,0
"3300062625_86.fna",76.71,2.99
"3300062625_60.fna",89.77,1.8
"3300062625_36.fna",74.98,3.09
"3300062625_84.fna",88.03,3.59
"3300062625_26.fna",93.57,4.72
"3300062625_73.fna",78.72,4.56
"3300062625_56.fna",89.74,0.85
"3300062625_90.fna",82.23,5.32
"3300062625_47.fna",93.73,4.83
"3300062625_22.fna",76.38,2.4
"3300062625_59.fna",75.72,3.17
"3300062625_3.fna",72.08,0.85
"3300062625_62.fna",81.66,1.96
"3300062625_20.fna",70.66,0.85
"3300062625_30.fna",72.44,2.42
"3300062625_51.fna",89.7,4.39
"3300062625_2.fna",98.29,3.16
"3300062626_90.fna",89.91,4.27
"3300062626_86.fna",88.67,0.8
"3300062626_95.fna",77.84,7.94
"3300062626_67.fna",88.46,2.99
"3300062626_50.fna",70.4,0.8
"3300062626_35.fna",87.6,7.42
"3300062626_5.fna",86.21,0
"3300062626_60.fna",92.31,3.7
"3300062626_44.fna",80.29,7.82
"3300062626_114.fna",82.38,4.98
"3300062626_20.fna",87.6,4.8
"3300062626_52.fna",87.11,5.98
"3300062626_75.fna",92.02,3.49
"3300062626_17.fna",71.58,1.71
"3300062626_49.fna",97.31,3.58
"3300062626_51.fna",84.72,0.46
"3300062626_36.fna",95.27,8.45
"3300062626_29.fna",89.74,3.42
"3300062626_24.fna",92.91,3.3
"3300062626_16.fna",87.18,7.26
"3300062626_14.fna",82.8,5.14
"3300062626_3.fna",90.81,5.13
"3300062627_59.fna",72.6,2.9
"3300062627_51.fna",92.31,0.94
"3300062627_14.fna",81,0.57
"3300062627_23.fna",83.47,1.95
"3300062683_30.fna",98.99,0.93
"3300062683_27.fna",93.03,1.93
"3300062683_15.fna",94.57,1.9
"3300062683_7.fna",96.26,3.71
"3300062683_21.fna",92.84,1.03
"3300062683_19.fna",82.99,4.11
"3300062683_11.fna",75.51,1.92
"3300062684_6.fna",97.44,5.13
"3300062684_13.fna",99.12,0.88
"3300062684_4.fna",94.16,5.13
"3300062684_7.fna",99.15,2.56
"3300062684_14.fna",92.79,0.85
"3300062684_38.fna",86.13,0.34
"3300062684_33.fna",96.61,4.05
"3300062685_19.fna",84.76,3.96
"3300062685_18.fna",87.41,6.05
"3300062686_5.fna",89.03,4.95
"3300062686_34.fna",70.69,0
"3300062686_21.fna",70,3.45
"3300062687_12.fna",75.38,0.74
"3300062687_11.fna",96.45,1.41
"3300062687_39.fna",97.38,2.56
"3300062687_15.fna",98.29,1.99
"3300062687_7.fna",79.61,9.29
"3300062687_8.fna",92.52,5.13
"3300062687_24.fna",80.76,8.84
"3300062687_38.fna",98.29,2.18
"3300062687_34.fna",73.64,7.76
"3300062687_37.fna",97.58,1.71
"3300062687_41.fna",81.9,0.9
"3300062687_21.fna",81.05,3.08
"3300062687_30.fna",85.21,4.27
"3300062688_26.fna",87.12,6.02
"3300062688_20.fna",96.55,6.47
"3300062688_13.fna",88.96,1.06
"3300062688_15.fna",90.6,0.86
"3300062688_4.fna",95.69,5.75
"3300062688_25.fna",88.61,8.8
"3300062688_16.fna",88.36,2.16
"3300062689_12.fna",81.92,5.37
"3300062689_7.fna",99.15,1.71
"3300062689_6.fna",84.7,5.09
"3300062689_4.fna",89.96,4.27
"3300062689_10.fna",94.26,2.75
"3300062689_35.fna",96.12,2.67
"3300062689_18.fna",77.76,0.74
"3300062689_39.fna",100,2.62
"3300062689_40.fna",87.61,0.85
"3300062690_41.fna",88.45,2.57
"3300062690_39.fna",99.15,1.71
"3300062690_43.fna",78.45,6.2
"3300062690_7.fna",83.32,1.65
"3300062690_16.fna",89.96,5.98
"3300062690_40.fna",98.29,9.46
"3300062690_20.fna",79.31,0.49
"3300062690_29.fna",84.76,2.69
"3300062690_22.fna",90.31,1.38
"3300062708_50.fna",84.83,0
"3300062708_57.fna",74.66,7.62
"3300062708_58.fna",72.76,3.36
"3300062708_56.fna",84.94,2.2
"3300062708_48.fna",95.73,1.71
"3300062708_17.fna",82.09,9.09
"3300062708_8.fna",96.15,0.85
"3300062708_52.fna",90.54,1.49
"3300062708_15.fna",72.77,1.38
"3300062708_34.fna",83.04,2.7
"3300062711_8.fna",91.1,1.72
"3300062711_2.fna",81.9,2.7
"3300062711_22.fna",93.21,8.19
"3300062711_9.fna",90.04,9.84
"3300062712_15.fna",91.4,2.56
"3300062712_2.fna",94.18,2.59
"3300062712_9.fna",86.39,4.18
"3300062712_5.fna",83.26,1.33
"3300062712_6.fna",89.98,3.42
"3300062719_33.fna",73.68,2.02
"3300062719_31.fna",96.93,2.24
"3300062719_44.fna",76.21,8.2
"3300062719_28.fna",97.01,0.85
"3300062719_49.fna",73.28,4.31
"3300062719_45.fna",70.47,6.57
"3300062719_4.fna",72.38,4.63
"3300062719_30.fna",89.1,3.7
"3300062719_3.fna",81.16,1.88
"3300062719_24.fna",97.44,1.28
"3300062720_59.fna",98.1,6.99
"3300062720_49.fna",83.3,0
"3300062720_45.fna",70.44,6.84
"3300062720_55.fna",97.44,1.71
"3300062720_54.fna",95.51,2.56
"3300062720_56.fna",93.16,3.42
"3300062720_43.fna",90.08,1.71
"3300062720_69.fna",72.91,2.36
"3300062720_42.fna",74.72,1.71
"3300062720_73.fna",75,8.62
"3300062720_58.fna",98.77,0
"3300062720_66.fna",75.38,4.62
"3300062720_67.fna",72.79,2.32
"3300062720_72.fna",72.77,2.67
"3300062720_25.fna",82.08,2.6
"3300062720_60.fna",77.41,7.89
"3300062720_37.fna",74.94,1.96
"3300062720_71.fna",70.46,1.35
"3300062720_27.fna",92.13,0
"3300062721_19.fna",95.45,4.55
"3300062721_15.fna",76.82,0.05
"3300062721_20.fna",76.21,1.72
"3300062721_87.fna",76.75,6.61
"3300062721_64.fna",83.9,4.7
"3300062721_39.fna",95.73,3.42
"3300062721_12.fna",93.82,1.12
"3300062721_45.fna",95.56,0.89
"3300062721_50.fna",84.57,6.02
"3300062721_92.fna",85.19,1.85
"3300062721_51.fna",82.58,2.74
"3300062721_91.fna",85.87,2.56
"3300062721_40.fna",90.6,2.83
"3300062721_35.fna",97.44,5.3
"3300062721_43.fna",77.99,6.84
"3300062721_22.fna",71.29,4.49
"3300062721_32.fna",97.84,0.93
"3300062722_22.fna",92.9,3.23
"3300062722_29.fna",74.64,2.94
"3300062722_34.fna",93.46,2.16
"3300062722_18.fna",81.81,2.88
"3300062722_9.fna",96.37,2.85
"3300062722_21.fna",86.32,0
"3300062722_46.fna",89.72,2.64
"3300062722_42.fna",96.37,3.8
"3300062722_6.fna",86.3,3.38
"3300062723_51.fna",77.26,1.23
"3300062723_44.fna",92.15,6.07
"3300062723_71.fna",93.42,8.65
"3300062723_73.fna",91.11,3.56
"3300062723_25.fna",81.84,2.8
"3300062723_61.fna",74.61,4.13
"3300062723_62.fna",89.78,2.52
"3300062723_70.fna",92.62,2.85
"3300062723_57.fna",94.23,1.71
"3300062723_55.fna",95.3,1.71
"3300062723_58.fna",75.89,2.58
"3300062723_31.fna",75.86,5.17
"3300062724_11.fna",76.63,1.49
"3300062724_35.fna",92.74,1.71
"3300062724_57.fna",98.82,0
"3300062724_64.fna",92.4,1.6
"3300062724_66.fna",87.84,7.66
"3300062724_69.fna",92.86,7.25
"3300062724_40.fna",94.44,0.85
"3300062724_48.fna",81.2,5.6
"3300062724_87.fna",74.99,2.47
"3300062724_55.fna",87.32,5.07
"3300062724_70.fna",83.78,2.78
"3300062724_74.fna",73.1,2.5
"3300062724_8.fna",80.93,0.84
"3300062725_70.fna",98.76,5.33
"3300062725_53.fna",79.51,2.95
"3300062725_48.fna",73.89,5.72
"3300062725_46.fna",88.22,8.33
"3300062725_101.fna",87.23,2.14
"3300062725_20.fna",83.48,3.23
"3300062725_81.fna",99.07,0
"3300062725_98.fna",75.75,5.93
"3300062725_15.fna",91.24,0.85
"3300062725_29.fna",80.77,3.85
"3300062725_69.fna",93.16,5.56
"3300062725_88.fna",74.32,5.71
"3300062725_84.fna",91.45,9.83
"3300062725_85.fna",97.07,1.6
"3300062768_7.fna",85.08,2.99
"3300062768_13.fna",85.09,0.99
"3300062768_41.fna",76.5,0.85
"3300062768_48.fna",85.52,6.78
"3300062768_43.fna",84.05,0
"3300062768_61.fna",93.02,4.8
"3300062768_44.fna",96.52,1.39
"3300062768_42.fna",80.48,4.46
"3300062768_5.fna",75.07,7.8
"3300062768_60.fna",94.02,2.56
"3300062779_10.fna",79.61,4.2
"3300062779_50.fna",84.44,0
"3300062779_46.fna",72.55,0
"3300062779_42.fna",89.88,6.84
"3300062780_29.fna",71.82,4.26
"3300062780_26.fna",71.23,2.31
"3300062781_49.fna",98.9,5.49
"3300062781_59.fna",98.7,2.36
"3300062781_62.fna",75.86,2.59
"3300062781_63.fna",83.16,5.76
"3300062781_61.fna",98.53,9.24
"3300062781_19.fna",86.75,4.07
"3300062781_60.fna",95.4,4.4
"3300062782_20.fna",98.96,3.13
"3300062782_8.fna",96.87,4.27
"3300062782_29.fna",74.92,3.42
"3300062782_11.fna",85.21,8.72
"3300062782_17.fna",92.31,5.13
"3300062782_2.fna",99.15,3.04
"3300062782_19.fna",98.08,4.27
"3300062790_42.fna",95.33,2.03
"3300062790_39.fna",82.33,1.72
"3300062790_65.fna",99.07,0
"3300062790_45.fna",75.36,3.6
"3300062790_41.fna",95.73,6.41
"3300062790_38.fna",83.5,3.24
"3300062790_34.fna",71.65,2.37
"3300062790_27.fna",75.06,7.23
"3300062790_66.fna",85.68,3.47
"3300062790_12.fna",82.91,2.56
"3300062790_31.fna",87.76,0
"3300062790_26.fna",94.9,7.76
"3300062790_35.fna",70.8,5.3
"3300062790_64.fna",99.09,0.85
"3300062790_48.fna",84.91,0
"3300062790_51.fna",92.57,2.56
"3300062790_67.fna",77.59,0.86
"3300062790_54.fna",80.06,2.22
"3300062790_13.fna",98.29,0.85
"3300062791_9.fna",97.73,4.61
"3300062791_78.fna",74.64,4.7
"3300062791_69.fna",76.16,9.41
"3300062791_41.fna",91.08,5.84
"3300062791_57.fna",79.49,5.98
"3300062791_11.fna",79.09,8.73
"3300062791_22.fna",97.01,1.71
"3300062791_54.fna",85.1,6.99
"3300062791_50.fna",97.39,8.7
"3300062791_20.fna",71.58,5.98
"3300062791_21.fna",81.74,1.85
"3300062791_49.fna",96.3,0.93
"3300062791_48.fna",90.67,3.78
"3300062810_51.fna",71.07,8.64
"3300062810_12.fna",91.25,2.4
"3300062810_13.fna",82.28,2.85
"3300062810_50.fna",94.39,6.48
"3300062810_19.fna",75.75,3.48
"3300062810_35.fna",89.36,5.41
"3300062810_49.fna",79.32,2.88
"3300062810_24.fna",83.09,3.91
"3300062810_66.fna",75.53,0
"3300062810_33.fna",97.34,6.01
"3300062810_56.fna",92.82,5.13
"3300062811_7.fna",86.06,7.54
"3300062811_34.fna",93.56,7.67
"3300062811_68.fna",75.86,1.72
"3300062811_12.fna",83.39,1.68
"3300062811_49.fna",93.07,3.78
"3300062811_43.fna",73.52,4.94
"3300062811_30.fna",74.04,0.91
"3300062811_53.fna",84.37,5.09
"3300062811_55.fna",93.06,1.23
"3300062811_15.fna",83.85,3.35
"3300062811_50.fna",99.15,0.85
"3300062811_58.fna",95.68,1.85
"3300062812_17.fna",93.21,0
"3300062812_18.fna",93.38,4.81
"3300062812_25.fna",97.22,4.42
"3300062812_21.fna",96.58,6.32
"3300062812_8.fna",82.18,0.68
"3300062812_14.fna",72.87,4.62
"3300062812_45.fna",85.28,1.23
"3300062812_7.fna",77.18,0.37
"3300062812_40.fna",84.62,3.42
"3300062812_49.fna",72.65,5.56
"3300062812_38.fna",74.5,0.59
"3300062826_3.fna",91.19,3.42
"3300062826_30.fna",76.5,1.71
"3300062826_60.fna",76.48,5.98
"3300062826_7.fna",76.64,8.92
"3300062826_65.fna",92.77,1.6
"3300062826_25.fna",92.31,1.71
"3300062826_52.fna",97.53,2.01
"3300062826_9.fna",93.28,5.04
"3300062826_44.fna",96.93,8.33
"3300062826_4.fna",85.29,1.73
"3300062826_17.fna",71.78,0
"3300062826_19.fna",71.47,0
"3300062826_47.fna",75.76,0.34
"3300062827_23.fna",72.62,6.01
"3300062827_22.fna",94.05,2.91
"3300062827_13.fna",79.75,9.56
"3300062827_46.fna",72.44,6.84
"3300062827_14.fna",79.35,2.56
"3300062827_31.fna",88.64,0
"3300062827_52.fna",94.2,2.87
"3300062827_54.fna",98.15,4.63
"3300062827_33.fna",78.25,4.66
"3300062832_20.fna",97.41,1.72
"3300062832_42.fna",90.6,2.14
"3300062832_26.fna",87.76,1.61
"3300062832_68.fna",87.46,3.57
"3300062832_66.fna",71.81,0.85
"3300062832_65.fna",76.76,1.78
"3300062834_3.fna",76,2.99
"3300062834_25.fna",83.49,5.98
"3300062834_2.fna",87.25,5.91
"3300062835_40.fna",94.87,3.42
"3300062835_12.fna",84.33,4.62
"3300062835_25.fna",73.07,4.73
"3300062835_39.fna",95,0
"3300062835_41.fna",75.66,3.13
"3300062835_8.fna",74.91,1.14
"3300062836_29.fna",76.19,1.07
"3300062836_4.fna",85.76,0.66
"3300062836_40.fna",93.06,1.23
"3300062836_24.fna",84.38,0.65
"3300062836_26.fna",86.27,8.11
"3300062836_44.fna",85.59,3.75
"3300062836_56.fna",76.58,8.54
"3300062836_55.fna",93.95,0.11
"3300062837_37.fna",74.19,2.56
"3300062837_6.fna",73.93,0
"3300062837_3.fna",75.18,6.14
"3300062837_5.fna",72.53,3.16
"3300062837_24.fna",70.7,3.42
"3300062837_13.fna",91.28,1.85
"3300062837_15.fna",96.3,1.71
"3300062837_44.fna",80.94,4.1
"3300062837_10.fna",98.5,2.48
"3300062837_53.fna",79.06,1.71
"3300062837_52.fna",98.15,0.19
"3300062837_18.fna",90.6,0.85
"3300062837_47.fna",95.44,0.85
"3300062837_55.fna",83.15,0
"3300062838_12.fna",95.53,1.32
"3300062838_18.fna",73.84,0.94
"3300062838_25.fna",82.18,2.87
"3300062838_36.fna",99.15,2.99
"3300062838_29.fna",99.4,0.5
"3300062838_27.fna",91.03,3.51
"3300062838_30.fna",90.08,0.78
"3300062838_42.fna",84.96,2.96
"3300062838_33.fna",72.58,7.4
"3300062839_5.fna",90.88,3.85
"3300062839_4.fna",78.54,0.43
"3300062841_12.fna",74.72,3.51
"3300062841_15.fna",79.36,1.72
"3300062841_42.fna",91.88,0.43
"3300062841_40.fna",92.1,6.27
"3300062841_36.fna",83.55,1.71
"3300062841_67.fna",72.01,0
"3300062841_27.fna",73.03,2.56
"3300062841_13.fna",87.32,1.71
"3300062841_63.fna",99.07,0
"3300062841_34.fna",80.34,6.43
"3300062841_31.fna",70.34,2.59
"3300062841_7.fna",84.21,6.72
"3300062842_56.fna",72.85,2.2
"3300062842_40.fna",94.54,4.63
"3300062842_37.fna",72.08,6.45
"3300062842_54.fna",87.18,5.13
"3300062842_3.fna",76.7,3.03
"3300062842_65.fna",95.73,0.85
"3300062842_13.fna",93.38,2.56
"3300062842_5.fna",81.14,5.33
"3300062842_61.fna",71.85,2.04
"3300062842_7.fna",85.81,1.72
"3300062843_42.fna",85.59,4.58
"3300062843_62.fna",74.22,2.73
"3300062843_58.fna",91.24,4.73
"3300062843_26.fna",82.91,0.85
"3300062843_41.fna",87.38,4.99
"3300062843_54.fna",94.6,0.1
"3300062843_39.fna",76.78,0
"3300062843_19.fna",85.12,1.75
"3300062843_5.fna",94.87,2.14
"3300062843_21.fna",98.29,2.14
"3300062843_25.fna",94.87,2.99
"3300062843_28.fna",90.97,2.61
"3300062843_11.fna",95.51,3.47
"3300062843_18.fna",85.64,4.86
"3300062843_34.fna",94.44,2.14
"3300062843_35.fna",84.19,6.2
"3300062843_67.fna",78.46,4.19
"3300062843_66.fna",75.02,0.8
"3300062844_19.fna",79.71,2.31
"3300062844_9.fna",87.75,0.85
"3300062844_10.fna",84.09,5.28
"3300062845_37.fna",99.79,1.71
"3300062845_48.fna",89.16,3.42
"3300062845_49.fna",85.17,3.38
"3300062845_3.fna",81.61,0.43
"3300062845_47.fna",81.03,0.86
"3300062845_2.fna",81.21,0.85
"3300062845_27.fna",94.02,2.99
"3300062845_17.fna",89.96,5.27
"3300062845_15.fna",89.27,2.81
"3300062845_14.fna",74.39,0.43
"3300062845_25.fna",88.96,2.08
"3300062846_35.fna",76.07,3.42
"3300062846_17.fna",72.68,0.85
"3300062846_36.fna",95.28,2.89
"3300062846_38.fna",97.79,0.86
"3300062846_2.fna",78.82,3.48
"3300062846_20.fna",97.78,1.23
"3300062846_39.fna",96.76,0
"3300062846_16.fna",71.79,1.28
"3300062846_70.fna",93.03,9.07
"3300062846_51.fna",82.69,0.85
"3300062846_79.fna",90.77,3.98
"3300062846_45.fna",73.46,0
"3300062846_72.fna",70.81,1.33
"3300062846_55.fna",89.19,6.42
"3300062846_28.fna",91.31,6.14
"3300062846_52.fna",95.21,2.56
"3300062846_32.fna",82.48,2.65
"3300062846_9.fna",73.34,2.56
"3300062846_13.fna",79.2,2.14
"3300062846_78.fna",87.26,3.2
"3300062846_83.fna",82.28,1.85
"3300062846_46.fna",98.08,1.71
"3300062846_8.fna",92.4,0.85
"3300062847_11.fna",72.35,3.85
"3300062847_30.fna",70.21,4.2
"3300062847_55.fna",83.13,2.56
"3300062847_46.fna",91.45,4.27
"3300062847_8.fna",82.67,3.2
"3300062847_41.fna",93.04,1.74
"3300062847_29.fna",87.72,3.13
"3300062847_7.fna",86.51,6.22
"3300062847_4.fna",81.79,2.25
"3300062847_34.fna",79.2,2.56
"3300062847_22.fna",92.95,0.85
"3300062847_51.fna",80.63,1.71
"3300062847_10.fna",81.89,0.85
"3300062847_35.fna",90.38,4.56
"3300062847_42.fna",88.32,6.74
"3300062848_12.fna",92.31,3.47
"3300062848_40.fna",95.47,1.93
"3300062848_41.fna",85.79,5.97
"3300062848_52.fna",85.85,1.71
"3300062848_50.fna",78.58,0
"3300062848_44.fna",87.55,4.44
"3300062848_19.fna",96.64,5.53
"3300062848_39.fna",93.04,6.96
"3300062848_22.fna",71.65,4.32
"3300062848_25.fna",96.47,3.38
"3300062848_6.fna",76.16,3.85
"3300062848_29.fna",82.84,9.44
"3300062850_33.fna",74.08,6.32
"3300062850_41.fna",73.16,3.28
"3300062851_21.fna",93.52,0
"3300062851_22.fna",92.62,4.49
"3300062851_35.fna",75.32,8.52
"3300062851_8.fna",80.26,2.47
"3300062851_14.fna",77.07,2.74
"3300062851_6.fna",98.15,0
"3300062852_28.fna",72.86,2.56
"3300062852_21.fna",96.81,9.67
"3300062852_8.fna",88.95,0
"3300062853_18.fna",77.21,2.31
"3300062853_13.fna",95.29,7.62
"3300062853_11.fna",79.62,1.99
"3300062853_21.fna",95.73,5.98
"3300062853_23.fna",71.55,0
"3300062853_60.fna",81.79,3.37
"3300062853_56.fna",88.46,8.97
"3300062853_24.fna",94.02,4.27
"3300062853_62.fna",84.51,0.46
"3300062853_57.fna",92.31,5.46
"3300062853_63.fna",80.63,4.61
"3300062854_8.fna",73.66,1.68
"3300062855_14.fna",81.4,1.76
"3300062855_3.fna",96.13,0.69
"3300062855_20.fna",78.94,3.69
"3300062855_6.fna",94.1,2.25
"3300062855_32.fna",82.94,3.39
"3300062856_21.fna",90.17,1.71
"3300062856_27.fna",93.86,9.07
"3300062857_14.fna",97.8,5.49
"3300062857_12.fna",75.55,2.25
"3300062857_16.fna",73.69,4.88
"3300062857_1.fna",78.87,2.49
"3300062858_11.fna",77.56,3.42
"3300062858_2.fna",76.27,4.31
"3300062859_8.fna",97.94,0.22
"3300062859_9.fna",83.19,1.74
"3300062859_10.fna",98.9,3.3
"3300062860_22.fna",73.45,6.03
"3300062860_12.fna",93.76,1.07
"3300062860_19.fna",92.37,6.23
"3300062860_14.fna",82.53,3.07
"3300062861_8.fna",87.5,3.16
"3300062862_24.fna",81.3,1.85
"3300062862_25.fna",83.99,1.06
"3300062862_20.fna",99.07,3.42
"3300062862_17.fna",98.43,4.27
"3300062862_57.fna",94.79,0.71
"3300062862_11.fna",92.68,1.99
"3300062862_26.fna",96.9,0
"3300062862_39.fna",73.76,1.32
"3300062862_43.fna",70.52,1.29
"3300062862_46.fna",72.34,1.04
"3300062862_53.fna",92.41,1.94
"3300062862_16.fna",89.54,3.23
"3300062862_64.fna",71.95,6.3
"3300062862_61.fna",80.87,9.76
"3300062862_65.fna",95.53,7.64
"3300062862_59.fna",79.96,1.33
"3300062863_7.fna",70.62,5.98
"3300062863_53.fna",89.39,6.02
"3300062863_18.fna",96.96,2.12
"3300062863_24.fna",96.21,2.89
"3300062863_52.fna",95.67,9.74
"3300062863_41.fna",95.4,4.31
"3300062863_51.fna",98.78,0
"3300062863_14.fna",86.46,7.95
"3300062863_35.fna",97.37,6.81
"3300062864_6.fna",97.44,5.98
"3300062864_19.fna",80.54,3.16
"3300062865_11.fna",93.73,5.89
"3300062865_4.fna",99.46,2.44
"3300062865_6.fna",81.87,5.13
"3300062866_11.fna",88.21,2.61
"3300062866_3.fna",88.51,1.72
"3300062872_38.fna",98.28,0.86
"3300062872_14.fna",78.48,4.56
"3300062872_70.fna",97.3,3.51
"3300062872_47.fna",98.65,0.49
"3300062872_26.fna",80.46,5.17
"3300062872_34.fna",81.58,3.74
"3300062872_58.fna",85.96,3.36
"3300062872_22.fna",99.01,0
"3300062872_66.fna",97.8,5.68
"3300062872_6.fna",72.13,3.42
"3300062872_51.fna",77.29,1.33
"3300062889_51.fna",77.86,0
"3300062889_52.fna",92.79,7.6
"3300062889_50.fna",85.97,2.52
"3300062889_86.fna",80.83,4.27
"3300062889_88.fna",83.43,2.14
"3300062889_82.fna",74.14,2.59
"3300062889_81.fna",96.72,0.85
"3300062889_61.fna",90.81,2.85
"3300062889_62.fna",72.59,1.72
"3300062889_30.fna",70.66,0
"3300062889_47.fna",90.88,4.22
"3300062889_67.fna",72.91,2.82
"3300062889_100.fna",80.08,1.6
"3300062889_66.fna",90.34,1.71
"3300062889_28.fna",88.46,0.85
"3300062889_89.fna",84.97,1.12
"3300062987_42.fna",98.29,2.12
"3300062987_20.fna",100,0.06
"3300062987_5.fna",98.99,0.2
"3300062987_38.fna",96.89,0.54
"3300062987_17.fna",96.23,1.19
"3300062987_41.fna",96.68,1.27
"3300062987_28.fna",99.5,1.64
"3300062987_39.fna",98.7,0
"3300062987_15.fna",99.58,0.82
"3300062987_21.fna",100,0.16
"3300062987_36.fna",100,0
"3300062987_33.fna",99.7,0
"3300062987_34.fna",99.06,0.63
"3300062987_35.fna",99.47,1.62
"3300062987_37.fna",99.84,1.62
"3300062987_27.fna",99.11,0.47
"3300062987_25.fna",99.68,0.32
"3300063031_50.fna",93.07,2.14
"3300063031_22.fna",79.65,1.03
"3300063031_13.fna",78.14,3.52
"3300063031_62.fna",85.15,4.14
"3300063031_45.fna",71.6,4.82
"3300063031_40.fna",90.22,8.45
"3300063031_51.fna",89.5,6.32
"3300063031_61.fna",70.47,1.29
"3300063031_34.fna",72.09,3.71
"3300063031_57.fna",93.12,2.56
"3300063031_36.fna",93.21,0
"3300063031_7.fna",90.55,3.42
"3300063031_65.fna",76.11,2.16
"3300063031_56.fna",94.12,4.2
"3300063050_1.fna",94.3,2.56
"3300063050_7.fna",76.67,4.54
"3300063050_9.fna",97.39,0.32
"3300063077_4.fna",79.31,3.06
"3300063080_38.fna",95.73,0.85
"3300063080_3.fna",99.15,1.99
"3300063080_44.fna",70.83,0
"3300063080_54.fna",98.65,5.41
"3300063080_60.fna",83.51,1.71
"3300063080_28.fna",87.36,9.34
"3300063080_66.fna",72.79,0
"3300063080_27.fna",93.2,2.85
"3300063080_30.fna",86.36,2.55
"3300063080_36.fna",97.41,8.91
"3300063080_24.fna",91.2,0.93
"3300063080_63.fna",86.32,5.7
"3300063080_57.fna",92.59,0.77
"3300063080_55.fna",99.15,3.7
"3300063080_13.fna",94.12,3.36
"3300063080_53.fna",98.82,1.46
"3300063081_18.fna",78.59,9.16
"3300063081_24.fna",95.95,1.84
"3300063081_28.fna",81.17,5.65
"3300063083_57.fna",84.3,7.36
"3300063083_56.fna",87.18,1.71
"3300063083_69.fna",94.27,1.71
"3300063083_78.fna",76.77,8
"3300063083_35.fna",80.42,2.08
"3300063083_68.fna",86.06,4.91
"3300063083_73.fna",70.61,7.26
"3300063083_81.fna",87.34,1.7
"3300063083_74.fna",90.08,4.11
"3300063083_75.fna",77.16,1.23
"3300063083_72.fna",74.87,2.56
"3300063083_7.fna",90.25,4.13
"3300063084_12.fna",87.27,2.32
"3300063084_63.fna",92.9,3.39
"3300063084_25.fna",92.9,3.23
"3300063084_50.fna",89.35,0.93
"3300063084_52.fna",90.14,4.3
"3300063084_17.fna",86.74,7.71
"3300063084_16.fna",82.76,6.9
"3300063084_11.fna",94.21,4.37
"3300063084_13.fna",98.15,0
"3300063084_80.fna",70.52,6.9
"3300063084_44.fna",89.09,0.68
"3300063084_35.fna",91.45,1.28
"3300063084_30.fna",94.02,4.44
"3300063084_77.fna",70.76,4.48
"3300063084_51.fna",96.99,4.29
"3300063084_32.fna",99.07,0
"3300063086_86.fna",87.43,3.45
"3300063086_14.fna",94.87,3.85
"3300063086_92.fna",84.25,9.62
"3300063086_5.fna",87.18,2.99
"3300063086_22.fna",98.93,1.71
"3300063086_7.fna",96.62,1.35
"3300063086_55.fna",95.54,2.99
"3300063086_85.fna",94.15,5.65
"3300063086_1.fna",92.66,2.71
"3300063086_28.fna",86.7,6.76
"3300063086_61.fna",76.06,2.23
"3300063086_94.fna",70.66,5.98
"3300063086_69.fna",71.99,1.71
"3300063086_96.fna",71.62,4.22
"3300063086_84.fna",86.11,1.39
"3300063086_80.fna",75.07,2.63
"3300063086_32.fna",94.66,3.42
"3300063086_37.fna",72.04,1.74
"3300063086_67.fna",85.54,0.85
"3300063086_38.fna",93.12,4.51
"3300063086_39.fna",72.72,2.53
"3300063086_3.fna",95.3,1.28
"3300063086_30.fna",70.51,0.43
"3300063086_73.fna",89.15,4.86
"3300063117_3.fna",88.46,2.99
"3300063117_11.fna",80.88,1.03
"3300063117_12.fna",70.5,5.86
"3300063119_9.fna",89.14,0.62
"3300063119_1.fna",82.76,1.38
"3300063119_7.fna",71.13,1
"3300063119_6.fna",96.58,5.73
"3300063119_12.fna",87.16,2.46
"3300063122_13.fna",97.61,1.86
"3300063122_34.fna",97.46,0.87
"3300063122_8.fna",96.54,0.58
"3300063122_5.fna",97.37,0
"3300063122_2.fna",99.55,0.69
"3300063122_35.fna",99.51,0.4
"3300063122_19.fna",93.66,1.53
"3300063122_11.fna",99.92,0.63
"3300063122_28.fna",98.63,0.49
"3300063122_1.fna",95.5,1.36
"3300063122_18.fna",100,0.49
"3300063122_37.fna",96.57,0.1
"3300063133_42.fna",100,0.49
"3300063133_1.fna",99.55,0.69
"3300063133_54.fna",96.2,0.99
"3300063133_17.fna",99.93,1.73
"3300063133_14.fna",95.56,3.03
"3300063133_10.fna",97.26,0.68
"3300063133_26.fna",85.54,1.09
"3300063133_16.fna",99.29,1.05
"3300063133_18.fna",99.51,0.25
"3300063133_51.fna",97.61,0.24
"3300063133_53.fna",98.06,0.14
"3300063133_52.fna",96.84,0.48
"3300063133_48.fna",95.58,0.48
"3300063133_33.fna",99.51,0.99
"3300063133_9.fna",96.97,2.38
"3300063133_2.fna",99.2,0.98
"3300063133_21.fna",99.64,3.12
"3300063134_60.fna",100,0.49
"3300063134_62.fna",100,0.25
"3300063134_34.fna",97.49,0.24
"3300063134_39.fna",95.69,0.48
"3300063134_36.fna",99.93,2.07
"3300063134_66.fna",97.95,0.68
"3300063134_4.fna",97.94,4.76
"3300063134_68.fna",99.64,2.76
"3300063134_42.fna",98.03,0.49
"3300063134_46.fna",89.96,3.1
"3300063134_35.fna",72.59,0
"3300063134_26.fna",80.06,0.81
"3300063134_32.fna",95.23,1.83
"3300063134_55.fna",99.77,1.52
"3300063134_5.fna",73.45,0
"3300063134_58.fna",93.26,1.06
"3300063134_27.fna",97.05,1.31
"3300063134_67.fna",99.92,0.63
"3300063134_41.fna",97.61,0.64
"3300063134_40.fna",94.18,2.34
"3300063134_38.fna",79.07,7.59
"3300063134_24.fna",93.84,0.68
"3300063134_12.fna",70.8,0
"3300063135_21.fna",84.48,1.67
"3300063135_14.fna",95.39,1.97
"3300063135_4.fna",87.31,2.64
"3300063135_58.fna",98.1,0
"3300063135_50.fna",83.56,0.53
"3300063135_16.fna",92.48,2.59
"3300063135_40.fna",98.81,1.46
"3300063135_5.fna",79.37,6.03
"3300063135_54.fna",95.13,0.65
"3300063135_59.fna",91.9,1.22
"3300063135_32.fna",97.61,0
"3300063135_8.fna",99.55,0.69
"3300063135_9.fna",100,0.49
"3300063135_37.fna",99.92,0.63
"3300063135_17.fna",99.51,0
"3300063135_44.fna",77.79,0.43
"3300063135_47.fna",92.75,2.74
"3300063135_24.fna",90.97,0.24
"3300063135_34.fna",87.39,2.48
"3300063135_49.fna",89.41,4.07
"3300063136_14.fna",98.43,0.65
"3300063136_16.fna",96.08,0.12
"3300063136_22.fna",96.92,4.1
"3300063136_17.fna",99.51,2.46
"3300063136_23.fna",92.6,0.27
"3300063136_26.fna",100,0.49
"3300063136_48.fna",95.89,0.48
"3300063136_61.fna",93.72,0.48
"3300063136_13.fna",72.41,0.86
"3300063136_21.fna",74.45,2.59
"3300063136_40.fna",98.53,0.81
"3300063136_29.fna",99.92,0.63
"3300063136_35.fna",99.1,0.68
"3300063136_47.fna",93.13,2.55
"3300063136_24.fna",97.61,0
"3300063136_60.fna",97.94,1.45
"3300063136_27.fna",94.25,3.39
"3300063136_58.fna",93.81,2.22
"3300063136_46.fna",99.14,4.65
"3300063136_5.fna",90.14,3.85
"3300063137_60.fna",74.31,1.72
"3300063137_23.fna",83.62,1.84
"3300063137_26.fna",99.55,0.69
"3300063137_7.fna",91.03,2.62
"3300063137_51.fna",99.68,0.16
"3300063137_61.fna",99.25,1.73
"3300063137_10.fna",98.88,0.63
"3300063137_16.fna",99.51,0.49
"3300063137_57.fna",97.98,0.55
"3300063137_46.fna",98.34,1.43
"3300063137_15.fna",99.77,1.58
"3300063137_43.fna",97.85,0.18
"3300063137_58.fna",87.38,2.6
"3300063137_70.fna",96.43,2.59
"3300063137_84.fna",100,0.49
"3300063137_8.fna",96.67,2.44
"3300063137_89.fna",88.64,2.81
"3300063137_19.fna",97.83,0.87
"3300063137_38.fna",86.89,2.83
"3300063137_90.fna",97.12,4.78
"3300063143_30.fna",96.98,0
"3300063143_22.fna",98.02,2.06
"3300063143_12.fna",82.29,3.51
"3300063143_7.fna",84.41,4.65
"3300063143_20.fna",77.59,1.72
"3300063143_19.fna",72.42,0
"3300063151_9.fna",74,3.07
"3300063153_57.fna",94.55,2.29
"3300063153_39.fna",99.12,0.09
"3300063153_68.fna",91.24,2.8
"3300063153_40.fna",94.68,8.13
"3300063153_62.fna",97.13,4.29
"3300063153_60.fna",96.01,0.25
"3300063153_8.fna",85.52,0.49
"3300063153_56.fna",100,1.52
"3300063153_37.fna",98.45,0.98
"3300063153_36.fna",99.64,2.76
"3300063153_42.fna",84.24,2.54
"3300063153_26.fna",100,0.49
"3300063153_17.fna",79.9,1.2
"3300063153_72.fna",99.55,0.69
"3300063153_55.fna",97.61,0.03
"3300063153_34.fna",95.93,0.99
"3300063153_13.fna",86.35,5.26
"3300063153_19.fna",96.29,0.24
"3300063153_71.fna",97.46,1.79
"3300063153_14.fna",97.95,0.68
"3300063153_2.fna",94.74,0.48
"3300063153_69.fna",98.23,1.84
"3300063153_74.fna",92.26,2.04
"3300063153_10.fna",95.08,1.76
"3300063153_49.fna",97.49,1.29
"3300063154_17.fna",99.89,0.49
"3300063154_14.fna",92.01,1.91
"3300063154_27.fna",99.92,0.63
"3300063154_35.fna",99.55,0.69
"3300063154_32.fna",92.58,0.32
"3300063154_16.fna",95.02,0
"3300063154_2.fna",97.91,0.4
"3300063154_31.fna",100,1.86
"3300063154_23.fna",92.22,0.87
"3300063154_37.fna",95.81,0.1
"3300063154_30.fna",96.2,0.82
"3300063154_20.fna",100,0.49
"3300063155_21.fna",96.46,2.78
"3300063155_24.fna",97.61,0.96
"3300063155_29.fna",93.75,0
"3300063155_47.fna",75.85,2.64
"3300063155_46.fna",96.06,0.49
"3300063155_41.fna",99.64,2.76
"3300063155_40.fna",99.51,0.99
"3300063155_17.fna",77.38,0.6
"3300063155_60.fna",75.94,3.82
"3300063155_4.fna",98.04,0.5
"3300063155_2.fna",97.98,0.25
"3300063155_58.fna",94.46,3.55
"3300063155_12.fna",99.12,0.17
"3300063155_59.fna",93.84,3
"3300063155_54.fna",97.53,0.53
"3300063155_57.fna",96.65,3.11
"3300063155_3.fna",98.1,2.38
"3300063155_34.fna",94.52,0.68
"3300063155_55.fna",100,0.49
"3300063155_35.fna",99.2,0.98
"3300063155_56.fna",74.14,0
"3300063155_30.fna",99.55,0.69
"3300063155_33.fna",87.95,1.79
"3300063156_12.fna",96.55,0.49
"3300063156_16.fna",94.31,2.98
"3300063156_13.fna",95.36,4.01
"3300063156_29.fna",99.93,2.41
"3300063156_30.fna",95.48,4.09
"3300063156_27.fna",100,1.14
"3300063156_17.fna",88.69,4.54
"3300063156_26.fna",99.92,0.63
"3300063162_19.fna",100,1.86
"3300063162_55.fna",97.93,1.56
"3300063162_28.fna",85.86,7.76
"3300063162_57.fna",98,0.87
"3300063162_38.fna",96.68,0.73
"3300063162_12.fna",99.55,0.69
"3300063162_47.fna",99.62,1.49
"3300063162_53.fna",94.32,4.28
"3300063162_8.fna",73.3,0.49
"3300063162_21.fna",99.92,0.63
"3300063162_34.fna",97.62,0.6
"3300063162_13.fna",99.41,1.49
"3300063162_10.fna",93.84,2.29
"3300063162_29.fna",97.54,0.89
"3300063162_50.fna",98.76,0.09
"3300063162_22.fna",99.03,1.98
"3300063162_7.fna",100,0.49
"3300063162_36.fna",99.93,1.8
"3300063162_3.fna",92.41,2.68
"3300063162_6.fna",98.1,2.94
"3300063162_33.fna",96.83,0.68
"3300063163_3.fna",80.06,0.43
"3300063164_10.fna",98.7,0.03
"3300063164_6.fna",72.76,3.75
"3300063164_3.fna",72.55,0.54
"3300063165_71.fna",99.12,0.09
"3300063165_78.fna",97.46,0.87
"3300063165_50.fna",79.08,1.89
"3300063165_74.fna",86.59,0.96
"3300063165_44.fna",98.82,0.63
"3300063165_11.fna",98.19,0.45
"3300063165_36.fna",95.89,0.68
"3300063165_43.fna",98.55,2.76
"3300063165_68.fna",99.1,0.69
"3300063165_42.fna",94.79,1.52
"3300063165_41.fna",95.28,0.48
"3300063165_60.fna",91.84,2.14
"3300063165_57.fna",70.17,0
"3300063165_59.fna",76.71,0.58
"3300063165_45.fna",100,0.49
"3300063165_66.fna",96.79,2.74
"3300063165_34.fna",81.82,0
"3300063165_4.fna",91.79,0.3
"3300063165_14.fna",96.55,0.24
"3300063165_10.fna",96.88,2.98
"3300063165_32.fna",98.09,1.05
"3300063165_62.fna",72.92,0.25
"3300063165_67.fna",97.61,1.44
"3300063165_15.fna",86.3,1.93
"3300063165_25.fna",95.63,1.21
"3300063165_12.fna",99.93,1.73
"3300063166_25.fna",99.64,2.76
"3300063166_1.fna",76.12,2.66
"3300063166_29.fna",99.92,0.63
"3300063166_16.fna",95.39,1.67
"3300063166_30.fna",96.38,6.65
"3300063166_27.fna",92.59,0.58
"3300063166_5.fna",93.71,1.83
"3300063166_11.fna",92.85,1.8
"3300063166_55.fna",98.38,0.58
"3300063166_54.fna",97.61,0.16
"3300063166_22.fna",96.62,0.48
"3300063166_33.fna",96.58,0.68
"3300063166_13.fna",100,0.49
"3300063166_3.fna",95.37,2.96
"3300063166_56.fna",81.13,0
"3300063166_61.fna",99.55,0.69
"3300063167_44.fna",77.44,1.74
"3300063167_71.fna",99.4,1.64
"3300063167_22.fna",92.62,0.49
"3300063167_50.fna",99.04,0.02
"3300063167_33.fna",86.54,0.93
"3300063167_47.fna",86.69,8.15
"3300063167_43.fna",97.26,0.68
"3300063167_70.fna",97.29,2.38
"3300063167_55.fna",98.04,2.38
"3300063167_41.fna",99.51,7.51
"3300063167_37.fna",73.02,0.49
"3300063167_17.fna",99.92,0.63
"3300063167_40.fna",75.44,3.51
"3300063167_23.fna",96.64,2.06
"3300063167_10.fna",92.12,0
"3300063167_4.fna",99.51,0.99
"3300063167_52.fna",87.64,0.68
"3300063167_68.fna",99.51,0.49
"3300063167_72.fna",97.05,0
"3300063167_57.fna",99.87,0.2
"3300063167_31.fna",74.14,0
"3300063167_9.fna",75.56,1.07
"3300063167_8.fna",83.97,1.48
"3300063167_34.fna",99.55,0.69
"3300063167_63.fna",98.96,1.9
"3300063167_25.fna",72.41,0
"3300063167_73.fna",93.65,0.71
"3300063167_62.fna",98.76,0.09
"3300063168_12.fna",71.76,0.26
"3300063168_3.fna",96.96,0.03
"3300063168_10.fna",71.73,5.21
"3300063168_7.fna",72.33,7.24
"3300063172_19.fna",84.73,1.22
"3300063172_21.fna",79.84,1.58
"3300063172_161.fna",76.72,1.72
"3300063172_178.fna",90.71,0.68
"3300063172_183.fna",98.09,1.38
"3300063172_29.fna",95.24,0.96
"3300063172_280.fna",78.25,0.06
"3300063172_196.fna",85.68,2.2
"3300063172_181.fna",95.77,9.76
"3300063172_240.fna",84.3,3.42
"3300063172_297.fna",98.59,0.37
"3300063172_20.fna",78.95,0
"3300063172_176.fna",82.87,0
"3300063172_177.fna",85.64,2.88
"3300063172_12.fna",70.53,2.03
"3300063172_192.fna",91.35,0
"3300063172_102.fna",99.86,0.32
"3300063172_179.fna",89.26,1.85
"3300063172_25.fna",88.03,6.41
"3300063172_110.fna",77.25,0.49
"3300063172_252.fna",79.54,5.26
"3300063172_122.fna",81.82,1.93
"3300063172_101.fna",91.69,4.27
"3300063172_157.fna",93.81,9.7
"3300063172_159.fna",78.3,1.48
"3300063172_28.fna",79.19,4.11
"3300063172_160.fna",97.46,0.48
"3300063172_314.fna",98.1,0
"3300063172_150.fna",78.64,4.55
"3300063172_266.fna",94.42,0.25
"3300063172_170.fna",94.58,7.14
"3300063172_100.fna",78.73,1.76
"3300063172_323.fna",97.88,1.73
"3300063172_324.fna",95.19,0
"3300063172_325.fna",99.52,1.35
"3300063172_105.fna",94.84,3.91
"3300063172_284.fna",98.92,0.42
"3300063172_23.fna",90.31,0.4
"3300063172_107.fna",91.91,3.23
"3300063172_74.fna",95.73,0.09
"3300063172_119.fna",88.4,2.21
"3300063172_53.fna",98.27,0
"3300063172_190.fna",72.66,1.54
"3300063172_267.fna",97.01,2.14
"3300063172_274.fna",94.93,1.11
"3300063172_279.fna",97.22,1.31
"3300063172_14.fna",87.4,5.4
"3300063172_249.fna",88.04,2.79
"3300063172_115.fna",95.39,5.58
"3300063172_73.fna",96.03,2.3
"3300063172_299.fna",93.95,1.31
"3300063172_155.fna",76.18,2.78
"3300063172_156.fna",91.67,0.93
"3300063172_16.fna",86.94,1.42
"3300063172_94.fna",85.61,0
"3300063172_106.fna",89.58,0.48
"3300063172_168.fna",97.63,1.2
"3300063172_24.fna",95.87,1
"3300063172_126.fna",91.28,1.74
"3300063172_241.fna",96.67,1.19
"3300063172_98.fna",70.69,1.72
"3300063172_70.fna",96.85,1.08
"3300063172_246.fna",89.77,4.55
"3300063172_328.fna",94.44,0.95
"3300063172_317.fna",99.93,3.37
"3300063172_50.fna",92.31,2.14
"3300063172_52.fna",93.3,0
"3300063172_218.fna",89.14,0.53
"3300063172_219.fna",94.35,1.3
"3300063172_137.fna",87.86,2.06
"3300063172_67.fna",75.45,0.04
"3300063172_226.fna",96.98,3.57
"3300063172_229.fna",90.66,1.62
"3300063172_327.fna",84.4,0
"3300063172_230.fna",96.92,2.03
"3300063172_167.fna",84.78,6.6
"3300063172_301.fna",72.28,0
"3300063172_90.fna",91.5,3.42
"3300063172_225.fna",78.9,1.19
"3300063172_224.fna",76.42,5
"3300063172_245.fna",90.7,1.16
"3300063172_326.fna",92.32,0.05
"3300063172_316.fna",94.05,0.19
"3300063172_78.fna",89.4,4.31
"3300063172_318.fna",96.7,2.2
"3300063172_32.fna",82.18,0
"3300063172_321.fna",98.25,0
"3300063172_237.fna",95.34,1.37
"3300063172_304.fna",98.29,1.28
"3300063172_130.fna",89.01,0
"3300063172_77.fna",93.49,1.88
"3300063172_22.fna",84.67,0.77
"3300063172_69.fna",83.16,2.56
"3300063172_315.fna",71.1,0
"3300063172_305.fna",75.38,0.93
"3300063172_64.fna",90.96,2.99
"3300063172_319.fna",99.51,0.86
"3300063172_163.fna",77.59,0
"3300063172_31.fna",97.31,0.63
"3300063172_154.fna",99.37,0.48
"3300063172_234.fna",71.55,4.55
"3300063172_84.fna",88.12,5.07
"3300063172_82.fna",85.54,3.72
"3300063173_37.fna",89.53,1.71
"3300063173_12.fna",87.52,3.2
"3300063173_18.fna",95.26,0
"3300063173_42.fna",80.05,5.59
"3300063173_34.fna",93.21,5.61
"3300063173_31.fna",82.38,4.7
"3300063174_75.fna",88.36,4.55
"3300063174_43.fna",76.73,4.22
"3300063174_68.fna",95.93,0
"3300063174_63.fna",81.17,7.14
"3300063174_71.fna",81.19,6.68
"3300063174_69.fna",90.72,6.84
"3300063174_90.fna",82.39,2.99
"3300063174_45.fna",97.22,1.94
"3300063174_27.fna",95.48,4.96
"3300063174_81.fna",70.59,3.45
"3300063174_51.fna",86.84,0.88
"3300063174_82.fna",80.72,7.96
"3300063174_60.fna",81.96,1.71
"3300063174_52.fna",98.5,7.58
"3300063174_53.fna",95.63,7.98
"3300063174_14.fna",85.9,3.81
"3300063174_32.fna",81.86,2.92
"3300063174_25.fna",74.36,2.56
"3300063174_80.fna",70.2,3.72
"3300063174_55.fna",90.88,5.41
"3300063175_5.fna",79.15,1.72
"3300063175_13.fna",95.44,4.32
"3300063175_7.fna",97.44,5.24
"3300063178_5.fna",83.66,1.82
"3300063180_23.fna",94.13,1.43
"3300063180_140.fna",75.17,2.59
"3300063180_47.fna",93.3,0
"3300063180_291.fna",73.24,0
"3300063180_49.fna",89.12,1.04
"3300063180_288.fna",96.78,4.99
"3300063180_137.fna",93.81,3.02
"3300063180_48.fna",95.36,0.45
"3300063180_45.fna",93.16,3.42
"3300063180_281.fna",76.13,0
"3300063180_14.fna",91.54,3.08
"3300063180_292.fna",73.25,4.81
"3300063180_231.fna",99.51,0.37
"3300063180_139.fna",77.12,0
"3300063180_134.fna",91.62,1.62
"3300063180_278.fna",98.29,1.28
"3300063180_187.fna",79.08,0
"3300063180_298.fna",75.61,3.47
"3300063180_289.fna",91.59,0.97
"3300063180_287.fna",97.44,1.28
"3300063180_223.fna",85.49,3.36
"3300063180_123.fna",97.01,0
"3300063180_275.fna",99.05,0.16
"3300063180_280.fna",97.31,0.63
"3300063180_34.fna",79.61,4.64
"3300063180_133.fna",73.56,0
"3300063180_35.fna",71.88,1.72
"3300063180_37.fna",95.98,7.14
"3300063180_117.fna",99.37,0.95
"3300063180_121.fna",83.83,0
"3300063180_202.fna",93.15,0.45
"3300063180_31.fna",88.3,5.41
"3300063180_127.fna",85.69,5.05
"3300063180_32.fna",98.45,0
"3300063180_155.fna",80.42,7.69
"3300063180_157.fna",96.67,0.24
"3300063180_95.fna",95.49,1.84
"3300063180_229.fna",96.64,0.29
"3300063180_144.fna",91.76,1.76
"3300063180_205.fna",88.45,0.19
"3300063180_91.fna",84.59,6.83
"3300063180_277.fna",94.05,0.19
"3300063180_110.fna",77.39,2.07
"3300063180_284.fna",99.32,2.05
"3300063180_286.fna",95.98,1.48
"3300063180_16.fna",79.25,3.11
"3300063180_195.fna",89.78,5.64
"3300063180_146.fna",96.55,0.74
"3300063180_208.fna",89.66,0
"3300063180_129.fna",92.12,0.99
"3300063180_130.fna",78.91,0
"3300063180_214.fna",91.19,3.03
"3300063180_217.fna",92.51,0.37
"3300063180_219.fna",85.14,4.03
"3300063180_99.fna",93.07,1.74
"3300063180_162.fna",84.5,0.58
"3300063180_167.fna",81.15,1.02
"3300063180_20.fna",70,0
"3300063180_270.fna",75.41,0.18
"3300063180_51.fna",96.11,0.87
"3300063180_247.fna",71.41,1.9
"3300063180_25.fna",74.42,0
"3300063180_7.fna",81.71,2.14
"3300063180_19.fna",99.86,0
"3300063180_189.fna",80.45,4.41
"3300063180_178.fna",91.67,0.93
"3300063180_92.fna",77.55,1.66
"3300063180_115.fna",90.93,0.24
"3300063180_111.fna",71.21,1.85
"3300063180_76.fna",90.71,0.18
"3300063180_257.fna",98.08,3.04
"3300063180_79.fna",79.17,1.71
"3300063180_261.fna",77.78,2.14
"3300063180_86.fna",77.86,4.8
"3300063180_174.fna",97.46,1.67
"3300063180_147.fna",71.58,1.98
"3300063180_21.fna",78.58,0
"3300063180_57.fna",99.93,3.37
"3300063180_93.fna",79.7,7.66
"3300063180_113.fna",95.98,2.68
"3300063180_266.fna",97.96,1.16
"3300063180_61.fna",80.26,1.97
"3300063180_243.fna",87.27,2.13
"3300063180_104.fna",95.76,7.47
"3300063180_109.fna",80.58,1.43
"3300063180_241.fna",98.18,1.8
"3300063191_30.fna",74.47,0
"3300063191_59.fna",75.86,2.59
"3300063191_56.fna",82.9,1.66
"3300063191_45.fna",94.02,4.27
"3300063191_23.fna",83.94,4.31
"3300063191_16.fna",73.72,1.14
"3300063191_29.fna",95.74,4.9
"3300063191_51.fna",78.17,3.56
"3300063191_52.fna",76.39,5.7
"3300063191_44.fna",92.45,6.84
"3300063191_14.fna",97.13,5.49
"3300063191_31.fna",70.08,0
"3300063201_16.fna",79.37,2.18
"3300063220_8.fna",95.68,1.72
"3300063235_8.fna",88.75,0.96
"3300063237_4.fna",70.48,0
"3300063242_2.fna",78.21,0.65
"3300063244_8.fna",80.16,3.79
"3300063246_7.fna",75.45,2.14
"3300063246_4.fna",77.1,4.98
"3300063247_5.fna",85.85,1.74
"3300063249_2.fna",71.94,1.71
"3300063251_6.fna",73.15,0.65
"3300063257_4.fna",95.73,1.71
"3300063266_7.fna",75.27,0.58
"3300063269_10.fna",74.11,3.59
"3300063279_1.fna",74.68,1.76
"3300063280_7.fna",74.54,0.37
"3300063309_6.fna",77.44,1.19
"3300063310_14.fna",78.54,1.36
"3300063312_4.fna",98.89,0.62
"3300063320_3.fna",98.42,2.22
"3300063322_4.fna",92.28,7.89
"3300063324_1.fna",93.59,0.85
"3300063327_1.fna",74.19,0.52
"3300063333_2.fna",88.68,1.64
"3300063336_4.fna",74.77,0
"3300063337_47.fna",94.87,6.1
"3300063337_25.fna",92.4,0.74
"3300063337_54.fna",73.02,3.41
"3300063337_48.fna",95.46,1.69
"3300063337_39.fna",78.85,2.17
"3300063337_29.fna",96.15,0.85
"3300063337_22.fna",75.6,1.71
"3300063337_40.fna",86.28,8.55
"3300063337_15.fna",81.54,4.27
"3300063338_34.fna",91.18,2.65
"3300063338_30.fna",94.87,3.99
"3300063338_37.fna",88.48,5.08
"3300063338_11.fna",82.12,5.91
"3300063338_51.fna",81.13,2.07
"3300063338_57.fna",95.39,1.55
"3300063338_54.fna",88.26,3.27
"3300063338_14.fna",83.44,5.09
"3300063338_48.fna",99.07,1.08
"3300063338_10.fna",79.52,1
"3300063338_53.fna",97.01,0.85
"3300063338_5.fna",81.74,0.46
"3300063338_50.fna",82.52,0
"3300063339_127.fna",76.61,5.56
"3300063339_101.fna",76.29,9.52
"3300063339_36.fna",77.23,9.83
"3300063339_103.fna",75.26,2.56
"3300063339_40.fna",86.91,4.84
"3300063339_51.fna",77.49,3.53
"3300063339_42.fna",73.42,9.4
"3300063339_45.fna",95.44,1.71
"3300063339_21.fna",89.92,6.72
"3300063339_23.fna",80.56,1.85
"3300063339_78.fna",95.2,2.99
"3300063339_126.fna",83.82,0
"3300063339_18.fna",79.51,2
"3300063339_99.fna",82.91,6.7
"3300063339_105.fna",73.43,3.97
"3300063339_96.fna",82.97,1.99
"3300063339_46.fna",93.39,6.89
"3300063396_61.fna",91.37,1.46
"3300063396_55.fna",99.44,0.78
"3300063396_46.fna",99.55,0.73
"3300063396_54.fna",81.74,0.43
"3300063396_5.fna",95.03,1.83
"3300063396_31.fna",84.54,3.77
"3300063396_47.fna",100,0.16
"3300063396_62.fna",88.08,2.24
"3300063396_8.fna",97.55,0
"3300063396_18.fna",96.46,0.51
"3300063396_4.fna",100,0.49
"3300063396_28.fna",97.29,1.19
"3300063396_2.fna",95.52,1.41
"3300063396_56.fna",97.78,3.29
"3300063396_6.fna",100,0.49
"3300063396_26.fna",86.77,2.02
"3300063396_45.fna",97.95,0.63
"3300063399_4.fna",90.59,2.14
"3300063400_4.fna",86.56,2.5
"3300063400_12.fna",97.79,0.2
"3300063400_10.fna",93.03,1.08
"3300063405_3.fna",97.21,2.7
"3300063406_5.fna",97.31,1.18
"3300063409_7.fna",77.6,0.62
"3300063415_25.fna",96.58,3.59
"3300063415_10.fna",91.6,5.13
"3300063415_41.fna",93.07,2.8
"3300063415_29.fna",93.3,3.57
"3300063415_33.fna",77.19,1.28
"3300063415_3.fna",97.44,4.27
"3300063415_32.fna",83.42,1.52
"3300063417_49.fna",93.83,4.21
"3300063417_9.fna",99.92,0.63
"3300063417_8.fna",96.78,0.97
"3300063417_50.fna",95.5,3.04
"3300063417_48.fna",99.37,0.51
"3300063417_34.fna",91.59,1.67
"3300063417_14.fna",100,0.49
"3300063417_41.fna",94.57,3.33
"3300063417_39.fna",97.08,0
"3300063417_2.fna",95.22,0
"3300063417_47.fna",94.52,0.68
"3300063417_27.fna",94.17,2.69
"3300063417_40.fna",79.83,0
"3300063417_37.fna",99.5,0.58
"3300063417_35.fna",100,1.2
"3300063417_46.fna",99.35,0.69
"3300063417_21.fna",99.64,2.76
"3300063417_18.fna",71.3,1.54
"3300063418_41.fna",86.7,1.25
"3300063418_55.fna",97.7,0.18
"3300063418_36.fna",99.55,0.69
"3300063418_25.fna",99.51,0
"3300063418_11.fna",100,0.49
"3300063418_54.fna",72.66,0.43
"3300063418_10.fna",97.61,0
"3300063418_52.fna",89.15,1.92
"3300063418_49.fna",91.14,2.11
"3300063418_9.fna",99.92,0.63
"3300063418_18.fna",92.19,0.24
"3300063418_12.fna",91.83,2.62
"3300063418_15.fna",89.91,2.85
"3300063418_16.fna",94.91,3.41
"3300063418_51.fna",96.75,1.08
"3300063418_43.fna",85,3.75
"3300063418_66.fna",83.41,1.58
"3300063418_60.fna",74.26,0.45
"3300063418_63.fna",93.57,4.98
"3300063418_45.fna",95,1.25
"3300063418_6.fna",95.71,1.22
"3300063419_24.fna",91.75,4.29
"3300063419_25.fna",99.92,0.63
"3300063419_17.fna",74.86,4.98
"3300063419_15.fna",82.17,0
"3300063419_9.fna",100,0.49
"3300063419_23.fna",94.29,1.98
"3300063419_29.fna",97.49,1.75
"3300063419_45.fna",83.1,4.31
"3300063419_5.fna",70.3,2.59
"3300063419_49.fna",88.25,1.36
"3300063419_22.fna",89.84,3.02
"3300063419_28.fna",98.84,3.15
"3300063419_37.fna",97.61,0
"3300063419_48.fna",97.83,1.46
"3300063419_27.fna",97.4,0.94
"3300063419_47.fna",93.94,0.96
"3300063419_44.fna",99.4,0
"3300063419_30.fna",73.28,0
"3300063419_31.fna",99.55,0.68
"3300063419_43.fna",96.52,0
"3300063422_4.fna",71.89,0.54
"3300063423_6.fna",91.41,4.12
"3300063423_4.fna",92.74,2.14
"3300063424_6.fna",80,2.56
"3300063427_4.fna",70.66,1.28
"3300063428_69.fna",85.28,0
"3300063428_59.fna",95.99,7.93
"3300063428_56.fna",95.83,1.85
"3300063428_8.fna",74.96,2.99
"3300063428_52.fna",75.85,3.32
"3300063428_58.fna",89.73,1.12
"3300063428_37.fna",86.17,4.52
"3300063428_50.fna",95.17,7.59
"3300063428_44.fna",81.55,5.58
"3300063428_41.fna",96.15,0.85
"3300063428_39.fna",78.85,2.62
"3300063431_20.fna",86.48,5.13
"3300063431_109.fna",99.68,0.49
"3300063431_123.fna",87.35,3.01
"3300063431_134.fna",71.55,6.9
"3300063431_117.fna",99.12,0.09
"3300063431_116.fna",100,0
"3300063431_121.fna",92.94,0.99
"3300063431_50.fna",98.73,0.63
"3300063431_102.fna",97.96,0.56
"3300063431_85.fna",97.48,0.6
"3300063431_113.fna",96.95,0.16
"3300063431_96.fna",97.09,0.83
"3300063431_95.fna",99.4,0.36
"3300063431_57.fna",86.61,0.49
"3300063431_99.fna",87.95,1.79
"3300063431_87.fna",99.47,0.25
"3300063431_88.fna",87.18,0.49
"3300063431_63.fna",99.93,1.73
"3300063431_41.fna",95.22,1.7
"3300063431_107.fna",93.93,0.89
"3300063431_110.fna",89.74,0.97
"3300063431_114.fna",98.44,1.82
"3300063431_112.fna",98,0.24
"3300063431_43.fna",98.89,1.74
"3300063431_111.fna",99.15,1.43
"3300063431_73.fna",96.38,0.69
"3300063431_30.fna",93.91,1.45
"3300063431_26.fna",76.72,0
"3300063431_79.fna",99.7,0.6
"3300063431_67.fna",97.91,1.73
"3300063431_81.fna",100,0.49
"3300063431_75.fna",97.11,8.21
"3300063431_71.fna",97.82,1.38
"3300063435_1.fna",73.1,5.17
"3300063438_4.fna",88.41,1.76
"3300063444_1.fna",86.34,7.82
"3300063561_2.fna",79.91,1.93
"3300063665_4.fna",82.83,2.62
"3300063883_7.fna",76.06,0.17
"3300063887_2.fna",76.89,1.74
"3300063887_3.fna",73.78,0
"3300063888_6.fna",75.1,0.85
"3300063892_8.fna",87.21,4.93
"3300063892_7.fna",75.84,2.25
"3300063896_2.fna",76.23,1.04
"3300063897_9.fna",98.35,1.92
"3300063897_4.fna",85.34,0
"3300063897_10.fna",99.02,0.28
"3300063898_1.fna",73.12,3.01
"3300063898_6.fna",71.25,3.88
"3300063899_2.fna",71.55,3.45
"3300063905_11.fna",99.15,2.56
"3300063905_18.fna",92.89,4.48
"3300063905_8.fna",94.87,1.28
"3300063919_9.fna",72.92,1.99
"3300063920_12.fna",77.82,0.65
"3300063921_5.fna",76.38,8.62
"3300063921_12.fna",97.8,5.88
"3300063922_6.fna",98.76,1.98
"3300063926_14.fna",93.04,0.93
"3300063978_25.fna",98.29,5.13
"3300063978_21.fna",80.45,4.26
"3300063978_30.fna",86.32,0
"3300063978_17.fna",93.27,3.42
"3300063983_8.fna",87.11,5.27
"3300063984_3.fna",95.01,1.79
"3300063985_1.fna",96.69,2.07
"3300063989_1.fna",81.23,1.72
"3300064003_12.fna",95.7,7.73
"3300064003_9.fna",80.06,0.46
"3300064003_44.fna",92.51,2.17
"3300064003_41.fna",76.61,9.4
"3300064003_13.fna",97.01,0.85
"3300064003_35.fna",96.52,3.8
"3300064003_5.fna",97.41,1.08
"3300064003_37.fna",98.61,1.17
"3300064003_45.fna",78.85,1.26
"3300064003_11.fna",77.55,3.88
"3300064003_47.fna",78.35,0.86
"3300064003_32.fna",85.2,1.03
"3300064003_2.fna",83.98,4.81
"3300064003_30.fna",86.23,3.04
"3300064003_18.fna",90.14,4.06
"3300064012_4.fna",71.55,0
"3300064013_3.fna",85.54,0.57
"3300064014_12.fna",84.79,0.58
"3300064017_7.fna",78.83,0.78
"3300064022_3.fna",80.17,6.03
"3300064030_29.fna",72.17,0.85
"3300064030_4.fna",82.73,3.57
"3300064030_28.fna",88.89,3.42
"3300064030_3.fna",76.8,7.69
"3300064033_17.fna",99.68,1.3
"3300064033_37.fna",94.93,0.65
"3300064033_114.fna",97.97,3.38
"3300064033_118.fna",98.29,2.56
"3300064033_123.fna",79.87,1.71
"3300064033_72.fna",78.45,6.03
"3300064033_105.fna",83.5,2.94
"3300064033_109.fna",94.97,2.14
"3300064033_78.fna",78.13,8.15
"3300064033_8.fna",90.66,9.63
"3300064033_13.fna",95.73,1.28
"3300064033_86.fna",72.41,9.48
"3300064033_102.fna",97.8,3.3
"3300064033_35.fna",89.37,0.86
"3300064033_137.fna",89.46,9.62
"3300064033_45.fna",95.02,2.89
"3300064033_4.fna",85.71,4.95
"3300064033_107.fna",76.22,4.42
"3300064033_80.fna",87.54,0.85
"3300064033_7.fna",97.07,1.33
"3300064033_141.fna",72.21,2.99
"3300064033_67.fna",96.96,3.84
"3300064033_64.fna",93.09,4.35
"3300064033_18.fna",73.61,0
"3300064033_71.fna",98.48,1.74
"3300064033_31.fna",76.31,7.09
"3300064033_2.fna",70.13,0.76
"3300064033_106.fna",78.22,1.99
"3300064033_19.fna",98.74,0.04
"3300064033_60.fna",97.62,0.24
"3300064033_55.fna",89.66,3.02
"3300064033_6.fna",96.58,2.56
"3300064038_45.fna",75.71,1.42
"3300064038_21.fna",96.82,1.75
"3300064038_49.fna",94.23,1.71
"3300064038_29.fna",84.91,7.57
"3300064038_43.fna",80.7,6.55
"3300064038_34.fna",99.07,0
"3300064038_51.fna",83.08,1.53
"3300064038_31.fna",75.79,8.99
"3300064038_13.fna",75.86,1.37
"3300064038_12.fna",70.35,6.14
"3300064038_42.fna",91.03,6.84
"3300064038_56.fna",91.24,2.44
"3300064038_57.fna",91.88,5.98
"3300064038_52.fna",95.73,0.85
"3300064039_82.fna",97.3,3.42
"3300064039_87.fna",94.32,2.6
"3300064039_73.fna",72.56,2.42
"3300064039_60.fna",93.15,0.78
"3300064039_93.fna",82.11,2.51
"3300064039_34.fna",99.64,1.62
"3300064039_56.fna",94.59,4.27
"3300064039_69.fna",91.37,0.93
"3300064039_75.fna",70.94,0.9
"3300064039_55.fna",99.13,1.01
"3300064039_79.fna",93.8,5.98
"3300064039_25.fna",73.47,6.27
"3300064039_54.fna",83.65,0
"3300064039_47.fna",78.2,9.72
"3300064039_91.fna",99.13,0.72
"3300064039_42.fna",74.72,5.28
"3300064039_46.fna",96.24,0.44
"3300064039_16.fna",84.28,1.14
"3300064039_61.fna",93.84,2.24
"3300064039_44.fna",73.61,0.31
"3300064039_38.fna",97.41,1.01
"3300064039_49.fna",99.95,4.37
"3300064040_104.fna",94.17,1.99
"3300064040_83.fna",97.86,1.71
"3300064040_108.fna",88.34,2.96
"3300064040_81.fna",98.7,0
"3300064040_120.fna",96.58,4.27
"3300064040_102.fna",99.57,1.14
"3300064040_130.fna",98.15,1.85
"3300064040_131.fna",95.69,1.72
"3300064040_79.fna",72.94,0
"3300064040_37.fna",97.85,8.98
"3300064040_121.fna",96.3,0
"3300064040_80.fna",71.58,2.27
"3300064040_76.fna",93.99,2.56
"3300064040_13.fna",98.13,3.12
"3300064040_129.fna",95.73,1.71
"3300064040_56.fna",98.86,1.14
"3300064040_133.fna",98.85,6.27
"3300064040_134.fna",94.87,1.28
"3300064040_49.fna",87.15,4.79
"3300064040_20.fna",88.07,8.62
"3300064040_29.fna",89.48,1.71
"3300064040_42.fna",97.63,0
"3300064040_100.fna",84.27,3.88
"3300064040_8.fna",70.32,0
"3300064040_58.fna",97.15,3.7
"3300064040_73.fna",98.42,0.95
"3300064040_128.fna",75.64,0
"3300064040_25.fna",98.42,1.89
"3300064040_26.fna",93.67,0.93
"3300064040_34.fna",88.77,2.27
"3300064040_32.fna",97.02,3.19
"3300064040_22.fna",76.72,2.63
"3300064040_62.fna",97.96,2.83
"3300064040_75.fna",98.1,3.42
"3300064040_86.fna",96.33,2.22
"3300064040_63.fna",91.67,1.85
"3300064040_72.fna",94.87,1.76
"3300064040_95.fna",89.2,3.62
"3300064040_123.fna",92.9,0.81
"3300064040_91.fna",92.29,5.83
"3300064040_16.fna",96.26,0.86
"3300064041_91.fna",70.08,2.48
"3300064041_59.fna",79.47,2.96
"3300064041_97.fna",94.33,0.99
"3300064041_108.fna",98.63,0
"3300064041_9.fna",88.12,0
"3300064041_110.fna",96.98,0.86
"3300064041_50.fna",91.2,0
"3300064041_46.fna",96.72,1.71
"3300064041_67.fna",96.01,5.47
"3300064041_109.fna",99.59,1.14
"3300064041_55.fna",94.87,0.85
"3300064041_75.fna",72.41,0
"3300064041_115.fna",70.76,1.28
"3300064041_42.fna",92.9,4.84
"3300064041_39.fna",79.16,0.85
"3300064041_87.fna",89.81,4.49
"3300064041_37.fna",93.59,1.71
"3300064041_14.fna",80.74,2.51
"3300064041_66.fna",100,2.03
"3300064041_82.fna",95.44,1.28
"3300064041_60.fna",94.87,3.94
"3300064041_65.fna",94.03,3.55
"3300064041_13.fna",92.77,2.02
"3300064041_98.fna",70.46,0
"3300064041_105.fna",95.52,2.87
"3300064041_107.fna",77.16,0
"3300064041_64.fna",97.44,0
"3300064041_18.fna",98.72,1.14
"3300064041_16.fna",98.15,0
"3300064041_15.fna",92.74,2.14
"3300064041_17.fna",93.55,4.03
"3300064042_29.fna",74.14,1.72
"3300064042_122.fna",98.29,2.42
"3300064042_129.fna",98.65,2.25
"3300064042_16.fna",81.03,0.86
"3300064042_3.fna",95.02,4.84
"3300064042_30.fna",99.6,0.47
"3300064042_66.fna",98.85,1.15
"3300064042_20.fna",72.91,1.22
"3300064042_159.fna",83.68,2.27
"3300064042_174.fna",92.09,5.73
"3300064042_58.fna",85.21,4.71
"3300064042_6.fna",98.29,0.37
"3300064042_113.fna",79.6,3.41
"3300064042_57.fna",76.35,7.12
"3300064042_176.fna",74.22,0
"3300064042_133.fna",78.41,1.08
"3300064042_171.fna",73.61,0.93
"3300064042_91.fna",72.41,1.72
"3300064042_158.fna",92.32,2.33
"3300064042_151.fna",84.06,3.66
"3300064042_186.fna",77.01,3.12
"3300064042_161.fna",72.95,3.02
"3300064042_165.fna",75.32,1.41
"3300064042_130.fna",100,1.28
"3300064042_4.fna",92.56,1.14
"3300064042_79.fna",84.22,5.7
"3300064042_44.fna",96.32,0.5
"3300064042_184.fna",90.3,3.23
"3300064042_70.fna",86.94,3.3
"3300064042_5.fna",73.61,0
"3300064042_53.fna",95.51,2.59
"3300064042_131.fna",92.17,9.04
"3300064042_90.fna",87.48,3.25
"3300064042_99.fna",72.58,0
"3300064042_75.fna",98.61,0.86
"3300064042_138.fna",75.17,1.35
"3300064042_83.fna",92.31,1.71
"3300064042_134.fna",88.43,3.96
"3300064042_137.fna",77.1,4.4
"3300064042_68.fna",86.27,3.78
"3300064043_32.fna",73.45,6.9
"3300064043_34.fna",97.44,1.71
"3300064043_76.fna",95.51,2.56
"3300064043_21.fna",73.88,0.85
"3300064043_75.fna",95.73,1.71
"3300064043_94.fna",85.38,8.92
"3300064043_37.fna",79.83,0
"3300064043_71.fna",87.04,0.93
"3300064043_38.fna",96.58,1.71
"3300064043_15.fna",74.19,6.36
"3300064043_80.fna",78.84,0.63
"3300064043_66.fna",86.57,3.7
"3300064043_64.fna",90.77,0.45
"3300064043_13.fna",82.95,3.64
"3300064043_22.fna",82.33,1.71
"3300064043_81.fna",98.95,2.37
"3300064043_77.fna",92.95,3.42
"3300064043_70.fna",97.14,5.28
"3300064043_85.fna",94.09,3.2
"3300064043_91.fna",86.26,3.15
"3300064043_83.fna",96.41,5.63
"3300064043_87.fna",88.33,0.24
"3300064043_63.fna",96.58,3.35
"3300064043_88.fna",78.35,1.71
"3300064043_84.fna",96.45,5.81
"3300064043_62.fna",91.98,1.71
"3300064044_13.fna",90.26,1.13
"3300064044_86.fna",83.48,0.94
"3300064044_88.fna",88.34,1.67
"3300064044_89.fna",74.14,8.62
"3300064044_18.fna",70.47,6.25
"3300064044_54.fna",75.4,7.47
"3300064044_25.fna",97.61,6.26
"3300064044_34.fna",77.72,6.02
"3300064044_101.fna",72.2,3.99
"3300064044_22.fna",71.57,4.22
"3300064044_72.fna",87.01,1.99
"3300064044_125.fna",71.81,8.94
"3300064044_29.fna",92.31,0
"3300064044_32.fna",93.31,2.01
"3300064044_95.fna",77.92,8.72
"3300064044_91.fna",88.53,0
"3300064044_104.fna",89.02,1.95
"3300064044_75.fna",94.7,3.99
"3300064044_98.fna",86.77,2.59
"3300064044_71.fna",98.96,4.77
"3300064045_24.fna",79.18,5.18
"3300064045_130.fna",90.81,2.27
"3300064045_25.fna",93.73,0.93
"3300064045_150.fna",85.65,6.61
"3300064045_6.fna",92.31,2.56
"3300064045_129.fna",83.14,0.89
"3300064045_27.fna",88.03,0.85
"3300064045_28.fna",94.87,0
"3300064045_98.fna",77.09,3.21
"3300064045_48.fna",83.2,6.2
"3300064045_109.fna",93.3,0.43
"3300064045_89.fna",87.71,4.03
"3300064045_110.fna",92.09,0.85
"3300064045_65.fna",98.7,1.74
"3300064045_116.fna",88.97,1.72
"3300064045_60.fna",74.81,0.85
"3300064045_80.fna",91.38,0.91
"3300064045_66.fna",74.14,1.72
"3300064045_106.fna",91.03,2.08
"3300064045_100.fna",75.28,2.28
"3300064045_108.fna",82.07,1.72
"3300064045_43.fna",80.91,3.3
"3300064045_149.fna",71.55,0
"3300064045_140.fna",79.52,1.72
"3300064045_103.fna",99.15,1.28
"3300064045_120.fna",76.75,3.11
"3300064045_77.fna",78.72,0.86
"3300064045_104.fna",97.15,0.85
"3300064045_37.fna",96.2,5.82
"3300064045_105.fna",97.01,2.99
"3300064045_32.fna",94.44,0.85
"3300064046_50.fna",95.76,1.74
"3300064046_105.fna",70.14,4.31
"3300064046_98.fna",75.73,0.85
"3300064046_86.fna",80.36,0
"3300064046_51.fna",73.28,6.9
"3300064046_32.fna",96.79,1
"3300064046_70.fna",96.3,1.71
"3300064046_16.fna",84.34,6.9
"3300064046_6.fna",96.13,1.29
"3300064046_64.fna",95.19,3.85
"3300064046_33.fna",90.27,0
"3300064046_73.fna",78.75,1
"3300064046_42.fna",74.77,5
"3300064046_71.fna",92.53,6.59
"3300064047_61.fna",70.98,0.13
"3300064047_90.fna",70.69,0
"3300064047_67.fna",94.05,0.19
"3300064047_85.fna",70.79,0
"3300064047_135.fna",91.88,3.69
"3300064047_140.fna",79.07,1.93
"3300064047_54.fna",89.53,3.81
"3300064047_75.fna",72.47,0.56
"3300064047_163.fna",95.88,1.37
"3300064047_91.fna",72.95,0
"3300064047_107.fna",80.83,5.83
"3300064047_116.fna",85.88,3.96
"3300064047_171.fna",76.57,0
"3300064047_114.fna",97.14,1.19
"3300064047_40.fna",94.77,2.96
"3300064047_164.fna",70.05,0.55
"3300064047_119.fna",72.22,0
"3300064047_126.fna",76.72,2.59
"3300064047_127.fna",99.93,3.37
"3300064047_129.fna",74.81,1.28
"3300064047_4.fna",77.97,1.3
"3300064047_35.fna",88.22,1.59
"3300064047_74.fna",91.94,6.55
"3300064047_16.fna",92.76,0.37
"3300064047_46.fna",93.16,2.99
"3300064047_98.fna",93.09,1.35
"3300064047_80.fna",80.94,3.1
"3300064047_23.fna",71.1,0.46
"3300064047_103.fna",94.66,1.79
"3300064047_172.fna",94.79,1.19
"3300064047_41.fna",86.32,7.34
"3300064047_71.fna",98.57,3.1
"3300064047_51.fna",98.29,0.36
"3300064047_19.fna",87.68,0.49
"3300064047_47.fna",89.32,0
"3300064047_105.fna",83.46,6.9
"3300064047_115.fna",99.02,1.35
"3300064047_11.fna",90.78,1.73
"3300064047_32.fna",96.58,2.14
"3300064047_201.fna",72.56,0
"3300064047_95.fna",97.41,0.97
"3300064047_145.fna",81.7,0.96
"3300064047_34.fna",93.46,5.3
"3300064047_196.fna",96.98,1.19
"3300064047_24.fna",70.3,0
"3300064047_15.fna",93.07,0.79
"3300064047_153.fna",98.69,3.1
"3300064047_183.fna",96.39,0.63
"3300064047_179.fna",94.68,0.04
"3300064047_92.fna",91.21,1.65
"3300064047_30.fna",95.24,2.38
"3300064047_22.fna",72.38,0.46
"3300064058_20.fna",95.82,4.27
"3300064058_39.fna",91.28,6.03
"3300064058_48.fna",99.35,0
"3300064058_31.fna",86.77,4.57
"3300064058_24.fna",72.26,1.93
"3300064058_19.fna",99.38,0.87
"3300064058_51.fna",93.09,1.46
"3300064058_50.fna",94.02,2.99
"3300064065_7.fna",80.5,0.77
"3300064066_42.fna",77.42,4.27
"3300064066_31.fna",96.55,0
"3300064066_84.fna",93.59,3.85
"3300064066_83.fna",97.41,2.59
"3300064066_53.fna",72.62,1.16
"3300064066_75.fna",86.89,8.09
"3300064066_35.fna",77.83,4.85
"3300064066_5.fna",74.98,6.68
"3300064066_55.fna",95.67,2.56
"3300064066_73.fna",70.49,6.41
"3300064066_48.fna",95.53,1.71
"3300064066_97.fna",81.08,3.58
"3300064066_74.fna",78.06,1.42
"3300064066_87.fna",90.6,1.28
"3300064066_30.fna",97.75,0
"3300064066_68.fna",94.35,1.68
"3300064066_60.fna",81.66,9.48
"3300064066_69.fna",96.15,3.45
"3300064066_17.fna",84.51,1.6
"3300064066_91.fna",77.91,0.77
"3300064066_89.fna",99.42,1.45
"3300064066_59.fna",90.13,4.86
"3300064066_6.fna",86.7,1.64
"3300064066_90.fna",74.29,0
"3300064096_94.fna",78.74,0
"3300064096_96.fna",98.21,2.68
"3300064096_172.fna",75.73,1.48
"3300064096_93.fna",81.77,0.18
"3300064096_109.fna",86.38,2.13
"3300064096_76.fna",72.36,2.25
"3300064096_71.fna",82.83,1.31
"3300064096_85.fna",74.42,0
"3300064096_70.fna",97.54,3.69
"3300064096_106.fna",85.63,1.29
"3300064096_171.fna",88.47,1.17
"3300064096_144.fna",91.18,2.2
"3300064096_166.fna",96.32,0.89
"3300064096_24.fna",87.29,3.68
"3300064096_168.fna",75.61,0.53
"3300064096_113.fna",98.83,0.48
"3300064096_114.fna",87.01,1.71
"3300064096_173.fna",93.1,0.73
"3300064096_98.fna",77.73,0.53
"3300064096_158.fna",71.1,0
"3300064096_55.fna",74.14,0
"3300064096_25.fna",93.3,0
"3300064096_51.fna",93.84,5.92
"3300064096_14.fna",99.05,0.48
"3300064096_140.fna",94.52,1.81
"3300064096_27.fna",98.94,0.37
"3300064096_99.fna",85.47,2.99
"3300064096_66.fna",73.78,2.68
"3300064096_50.fna",91.62,2.88
"3300064096_163.fna",99.37,7.67
"3300064096_101.fna",93.45,2.42
"3300064096_88.fna",98.74,1.11
"3300064096_29.fna",92.61,0
"3300064096_175.fna",75.9,1.76
"3300064096_79.fna",96.55,8.62
"3300064096_21.fna",92.91,3.37
"3300064096_56.fna",70.84,0.48
"3300064096_68.fna",86.84,5.92
"3300064096_61.fna",95.24,0.48
"3300064096_136.fna",80.59,1.97
"3300064096_119.fna",96.98,0.48
"3300064096_30.fna",85.34,1.03
"3300064096_32.fna",94.5,2.1
"3300064096_127.fna",96.67,1.9
"3300064096_128.fna",94.19,1.11
"3300064096_48.fna",96.67,1.59
"3300064096_3.fna",89.4,0
"3300064096_161.fna",97.31,0.63
"3300064096_19.fna",96.21,2.38
"3300064096_159.fna",90.71,0.68
"3300064096_43.fna",86.15,2.05
"3300064096_46.fna",74.06,1.28
"3300064096_4.fna",96.51,1.9
"3300064101_49.fna",93.14,2.64
"3300064101_35.fna",81.2,4.27
"3300064101_57.fna",89.93,2.03
"3300064101_4.fna",87.72,7.5
"3300064101_26.fna",91.48,1.94
"3300064101_58.fna",95.57,1
"3300064101_22.fna",73.05,0.93
"3300064101_68.fna",83.07,4.9
"3300064109_31.fna",72.12,4.35
"3300064109_29.fna",95.01,0.76
"3300064109_124.fna",94.87,4.34
"3300064109_74.fna",77.02,2.56
"3300064109_136.fna",71.93,1.94
"3300064109_71.fna",76.29,3.19
"3300064109_35.fna",73.55,2.39
"3300064109_110.fna",75.05,0.43
"3300064109_75.fna",76.42,2.14
"3300064109_12.fna",96.62,4.05
"3300064109_70.fna",74.42,3.36
"3300064109_13.fna",88.89,1.71
"3300064109_77.fna",75.17,7.76
"3300064109_67.fna",92.71,7.44
"3300064109_10.fna",89.66,6.9
"3300064109_125.fna",93.16,3.42
"3300064109_64.fna",91.31,0.85
"3300064109_78.fna",93.41,2.2
"3300064109_62.fna",90.68,3.41
"3300064109_130.fna",94.96,1.23
"3300064109_47.fna",78.1,2.61
"3300064109_14.fna",94.78,0.87
"3300064109_127.fna",87.83,6.46
"3300064109_68.fna",97.44,3.42
"3300064109_65.fna",81.45,7.57
"3300064109_126.fna",93.03,6.37
"3300064109_56.fna",81.81,9.07
"3300064109_82.fna",82.81,7.41
"3300064109_95.fna",88.24,4.2
"3300064109_85.fna",86.32,8.26
"3300064109_51.fna",96.58,2.14
"3300064109_96.fna",89.74,3.85
"3300064111_35.fna",74.28,1.42
"3300064111_44.fna",98.28,1.72
"3300064111_27.fna",86.32,7.99
"3300064111_28.fna",81.67,7.04
"3300064111_10.fna",96.12,2.76
"3300064183_5.fna",99.07,4.2
"3300064183_23.fna",89.81,1.34
"3300064183_20.fna",99.47,1.87
"3300064183_19.fna",74.82,1.04
"3300064183_14.fna",86.67,3.96
"3300064183_46.fna",83.2,2.85
"3300064183_12.fna",72.76,0
"3300064183_44.fna",98.1,1.19
"3300064183_29.fna",78.95,3.51
"3300064183_33.fna",80.44,7.74
"3300064310_3.fna",95.35,2.19
"3300064310_20.fna",87.37,2.57
"3300064310_16.fna",85.42,3.89
"3300064310_17.fna",74.9,1.71
"3300064310_7.fna",81.18,3.67
"3300064310_6.fna",96.98,0.86
"3300064311_4.fna",97.84,2.16
"3300064407_58.fna",93.18,6.55
"3300064407_53.fna",70,1.72
"3300064407_49.fna",99.07,2.13
"3300064407_32.fna",86.62,0.23
"3300064407_28.fna",79.01,4.19
"3300064408_23.fna",86.29,8.12
"3300064408_46.fna",88.13,4.86
"3300064408_35.fna",86.99,4.09
"3300064408_39.fna",88.86,4.98
"3300064408_57.fna",72.63,4.4
"3300064408_52.fna",99.5,0.77
"3300064408_51.fna",87.16,3.29
"3300064408_50.fna",93.87,3.17
"3300064746_1.fna",89.89,1.37
"3300064746_4.fna",97.8,2.2
"3300064746_77.fna",94.89,0
"3300064746_130.fna",79.91,3.83
"3300064746_81.fna",75.4,2.64
"3300064746_20.fna",91,2.14
"3300064746_124.fna",85.91,0.68
"3300064746_80.fna",89.26,3.09
"3300064746_31.fna",95.44,4.93
"3300064746_120.fna",91.2,2.53
"3300064746_12.fna",77.01,2.4
"3300064746_23.fna",72.53,0
"3300064746_82.fna",96.03,0.71
"3300064746_73.fna",90.59,0.99
"3300064746_100.fna",97.71,1.34
"3300064746_85.fna",100,0.47
"3300064746_111.fna",86.25,5.94
"3300064746_61.fna",94.02,5.18
"3300064746_87.fna",90.24,2.27
"3300064746_56.fna",94.61,2.48
"3300064746_25.fna",86.9,1.08
"3300064746_54.fna",80.24,0
"3300064746_101.fna",70.69,1.72
"3300065074_11.fna",90.26,0.85
"3300065074_16.fna",87.07,4.41
"3300065074_43.fna",89.79,2.54
"3300065074_15.fna",95.01,0.85
"3300065074_32.fna",73.5,1.71
"3300065074_45.fna",88.01,3.09
"3300065074_34.fna",72.76,4.31
"3300065074_18.fna",87.02,2.14
"3300065074_41.fna",97.94,4.12
"3300065074_52.fna",98.29,6.89
"3300065074_57.fna",74.15,4.05
"3300065074_53.fna",97.44,3.42
"3300065074_69.fna",78.31,2.39
"3300065078_130.fna",75.81,0
"3300065078_153.fna",79.09,5.45
"3300065078_132.fna",98.29,2.99
"3300065078_133.fna",98.1,1.67
"3300065078_129.fna",86.22,0.24
"3300065078_134.fna",96.98,1.43
"3300065078_30.fna",75.86,0.89
"3300065078_36.fna",80.46,0
"3300065078_128.fna",89.62,0.3
"3300065078_138.fna",96.98,0.48
"3300065078_208.fna",72.54,3.22
"3300065078_209.fna",87.44,0.43
"3300065078_206.fna",89.41,9.81
"3300065078_22.fna",93.33,2.19
"3300065078_25.fna",85.97,0.48
"3300065078_172.fna",72.84,3.68
"3300065078_151.fna",71.27,1.06
"3300065078_144.fna",83.93,2.16
"3300065078_44.fna",82.21,0.95
"3300065078_123.fna",89.3,5.36
"3300065078_175.fna",93.65,3.33
"3300065078_170.fna",94.29,5.78
"3300065078_171.fna",75.12,2.68
"3300065078_27.fna",89.37,0.48
"3300065078_169.fna",85.85,0.71
"3300065078_38.fna",75.16,0
"3300065078_221.fna",95.56,0.48
"3300065078_224.fna",76.47,3.97
"3300065078_121.fna",98.59,0.37
"3300065078_24.fna",96.31,2.34
"3300065078_120.fna",97.27,0.89
"3300065078_205.fna",94.15,3.82
"3300065078_80.fna",82.95,0.28
"3300065078_146.fna",78.31,2.3
"3300065078_23.fna",80.61,0.95
"3300065078_6.fna",81.81,0.49
"3300065078_26.fna",81.03,1.72
"3300065078_60.fna",96.55,2.46
"3300065078_104.fna",97.83,0.43
"3300065078_105.fna",85.27,0.89
"3300065078_51.fna",96.9,3.33
"3300065078_115.fna",72.64,0
"3300065078_166.fna",75.75,1.37
"3300065078_202.fna",93.81,3.46
"3300065078_93.fna",92.17,2.21
"3300065078_9.fna",84.49,3.69
"3300065078_161.fna",75.36,0.53
"3300065078_203.fna",99.93,3.37
"3300065078_196.fna",94.28,5
"3300065078_201.fna",91.77,0.53
"3300065078_92.fna",73.7,0
"3300065078_94.fna",71.53,0.43
"3300065078_56.fna",73.91,1.72
"3300065078_53.fna",84.48,8.62
"3300065078_54.fna",98.17,1.95
"3300065078_194.fna",91.15,0.88
"3300065078_193.fna",99.51,0.16
"3300065081_91.fna",92.57,6.46
"3300065081_16.fna",71.43,5.73
"3300065081_18.fna",75.64,5.98
"3300065081_99.fna",88.33,1.83
"3300065081_71.fna",70.19,1.71
"3300065081_80.fna",95.01,3.5
"3300065081_52.fna",81.02,2.08
"3300065081_94.fna",84.52,0.1
"3300065081_106.fna",79.07,0.86
"3300065081_57.fna",78.01,0.46
"3300065081_50.fna",94.66,1.71
"3300065081_51.fna",73.29,2.77
"3300065081_39.fna",96.58,0.85
"3300065081_43.fna",95.3,3.56
"3300065083_78.fna",89.14,1.79
"3300065083_79.fna",70,7.76
"3300065083_16.fna",81.24,3.42
"3300065083_82.fna",79.61,1.94
"3300065083_65.fna",96.7,2.75
"3300065083_84.fna",86.94,0.85
"3300065083_94.fna",98.02,3.42
"3300065083_64.fna",72.02,2.75
"3300065083_110.fna",73.21,2.14
"3300065083_27.fna",76.11,2.37
"3300065083_28.fna",73.97,2.59
"3300065083_10.fna",80.34,2.85
"3300065083_97.fna",84.3,3.85
"3300065083_32.fna",85.19,8.55
"3300065083_60.fna",70.69,0.86
"3300065083_92.fna",97.44,2.56
"3300065083_106.fna",78.55,0
"3300065083_46.fna",75.86,0
"3300065083_33.fna",97.67,3.02
"3300065083_103.fna",85.84,2.21
"3300065083_37.fna",91.17,2.91
"3300065083_105.fna",73.56,0.72
"3300065121_6.fna",93.68,4.6
"3300065121_5.fna",83.9,3.28
"3300065121_13.fna",92.24,1.72
"3300065155_28.fna",98.87,1.2
"3300065155_29.fna",87.96,5.75
"3300065155_15.fna",97.12,0
"3300065155_9.fna",81.13,0.25
"3300065155_13.fna",93.13,0.98
"3300065155_2.fna",93.13,1.44
"3300065155_30.fna",100,0.98
"3300065155_12.fna",93.07,0.82
"3300065424_10.fna",91.26,2.2
"3300065424_59.fna",72.41,6.03
"3300065424_35.fna",94.02,5.98
"3300065424_52.fna",71.91,7.69
"3300065424_66.fna",79.94,0
"3300065424_40.fna",71.42,7.01
"3300065424_7.fna",83.53,4.86
"3300065428_64.fna",81.38,3.48
"3300065428_57.fna",91.39,3.31
"3300065428_44.fna",93.05,2.43
"3300065428_65.fna",98.1,0.95
"3300065428_52.fna",71.92,1.97
"3300065428_92.fna",70.46,0
"3300065428_42.fna",93.28,1.19
"3300065428_99.fna",74.64,3.42
"3300065428_90.fna",96.51,3.89
"3300065428_27.fna",96.19,3.19
"3300065428_97.fna",82.1,6.99
"3300065428_96.fna",76.88,0
"3300065428_39.fna",92.7,2.02
"3300065428_31.fna",83.06,0.17
"3300065428_33.fna",89.88,2.9
"3300065429_4.fna",96.62,0.66
"3300065429_12.fna",95.7,1.36
"3300065429_9.fna",70.69,0
"3300065429_14.fna",100,2.78
"3300065438_5.fna",84.45,3.14
"3300065440_1.fna",87.25,8.24
"3300065440_17.fna",86.75,3.16
"3300065440_8.fna",92.74,4.46
"3300065441_4.fna",78.36,0
"3300065441_5.fna",98.9,5.91
"3300065441_2.fna",87.46,0.51
"3300065442_7.fna",89.74,2.56
"3300065442_4.fna",98.9,6.59
"3300065442_2.fna",72.15,1.52
"3300065443_14.fna",89.03,1.79
"3300065443_24.fna",72.62,2.73
"3300065443_11.fna",76.45,0.85
"3300065443_20.fna",81.42,1.98
"3300065443_5.fna",70.73,2.31
"3300065443_12.fna",88.18,4.73
"3300065454_1.fna",71.67,1.91
"3300065454_8.fna",97.55,2.4
"3300065454_2.fna",98.03,1.23
"3300065454_14.fna",94.97,1.85
"3300065454_5.fna",93.26,0.31
"3300065455_16.fna",97.9,1.25
"3300065455_2.fna",74.93,3.05
"3300065455_15.fna",93.47,0.63
"3300065455_32.fna",97.69,6.01
"3300065455_17.fna",91.95,1.35
"3300065455_28.fna",87.61,2.91
"3300065455_3.fna",96.78,0.01
"3300065455_26.fna",94.87,1.71
"3300065455_27.fna",95.95,5.57
"3300065455_20.fna",95.27,0.36
"3300065455_33.fna",97.09,1.36
"3300065455_21.fna",89.49,2.91
"3300065455_22.fna",98.1,0.85
"3300065455_25.fna",88.68,0.8
"3300065455_23.fna",88.65,0
"3300065455_11.fna",98.52,0.99
"3300065455_1.fna",95.4,2.23
"3300065455_24.fna",72.69,0.16
"3300065455_10.fna",89.88,2.74
"3300065455_9.fna",94.66,1.52
"3300065456_2.fna",84.65,1.17
"3300065456_25.fna",99.49,0.92
"3300065456_9.fna",87.48,2.07
"3300065456_8.fna",73.61,0.8
"3300065456_21.fna",94.87,1.71
"3300065456_7.fna",99.67,6.01
"3300065456_4.fna",94.44,0
"3300065456_19.fna",94.72,0.44
"3300065456_22.fna",96.19,7.07
"3300065456_1.fna",79.85,5.81
"3300065456_3.fna",94,1.93
"3300065456_18.fna",85.61,0.91
"3300065456_31.fna",97.27,0.91
"3300065456_29.fna",78.23,1.11
"3300065456_32.fna",90.49,1.17
"3300065457_13.fna",94.44,2.73
"3300065457_17.fna",89.03,3.45
"3300065457_12.fna",98.94,4.08
"3300065457_20.fna",97.8,6.43
"3300065457_31.fna",98.28,1.11
"3300065457_10.fna",94.87,1.71
"3300065457_18.fna",87.95,2.86
"3300065457_23.fna",95.82,0.94
"3300065457_6.fna",93.16,0.35
"3300065457_25.fna",90,1.09
"3300065457_24.fna",98.41,2.71
"3300065457_30.fna",78.65,3.91
"3300065457_26.fna",94.76,9.61
"3300065457_9.fna",94.44,0
"3300065457_21.fna",73.36,1.98
"3300065457_3.fna",82.81,0.12
"3300065459_3.fna",90.12,0
"3300065459_2.fna",76.05,2.91
"3300065473_61.fna",71.89,3.85
"3300065473_65.fna",76.73,0.99
"3300065473_62.fna",75.55,1.67
"3300065473_34.fna",84.62,2.59
"3300065473_18.fna",92.78,5.56
"3300065473_28.fna",77.28,0
"3300065473_12.fna",97.71,0.87
"3300065473_5.fna",78.57,0
"3300065473_32.fna",87.5,1.07
"3300065473_53.fna",89.74,0
"3300065473_36.fna",95.73,6.27
"3300065473_54.fna",96.58,4.22
"3300065474_33.fna",84.74,8.28
"3300065474_32.fna",95.61,0.68
"3300065474_35.fna",92.03,2.88
"3300065474_27.fna",97.44,1.33
"3300065474_59.fna",99.13,0.32
"3300065474_40.fna",85.76,0.19
"3300065474_31.fna",74.18,7.69
"3300065474_56.fna",90.51,3.3
"3300065474_57.fna",72.22,0.1
"3300065474_5.fna",83.09,4.7
"3300065475_28.fna",100,2.01
"3300065475_24.fna",73.43,9.32
"3300065475_81.fna",75.07,0.88
"3300065475_73.fna",93.11,4.27
"3300065475_12.fna",74.14,3.45
"3300065475_29.fna",88.28,5.57
"3300065475_19.fna",87.85,2.2
"3300065475_11.fna",79.05,3.12
"3300065475_30.fna",92.44,8.33
"3300065475_67.fna",78.31,5.81
"3300065475_63.fna",82.41,6.38
"3300065475_14.fna",94.35,0
"3300065475_35.fna",83.17,9.41
"3300065475_62.fna",70.87,3.42
"3300065475_6.fna",94.02,2.61
"3300065475_60.fna",96.6,5.96
"3300065475_39.fna",96.68,2.76
"3300065475_4.fna",71.03,8.62
"3300065480_53.fna",74.25,2.56
"3300065480_49.fna",87.01,1.29
"3300065480_43.fna",71.79,1.28
"3300065480_36.fna",79.33,2.55
"3300065480_27.fna",99.3,0.46
"3300065480_63.fna",84.97,0.68
"3300065480_80.fna",88.56,2.77
"3300065480_9.fna",78.79,8.39
"3300065480_29.fna",85.81,1.98
"3300066006_2.fna",82.81,5.45
"3300066006_26.fna",80.34,1.37
"3300066006_22.fna",79.69,1.26
"3300066006_64.fna",93.33,4.86
"3300066006_61.fna",98.99,1.18
"3300066006_101.fna",99.24,1.01
"3300066006_115.fna",81.11,6.56
"3300066006_7.fna",99.19,2.54
"3300066006_85.fna",100,5.36
"3300066006_100.fna",93.41,0.04
"3300066006_80.fna",92.48,3.73
"3300066006_46.fna",70.84,3.16
"3300066006_9.fna",95.46,0
"3300066006_92.fna",75.2,3.28
"3300066006_60.fna",83.82,1.43
"3300066006_5.fna",98.99,2.69
"3300066006_32.fna",81.22,2.48
"3300066006_33.fna",93.52,1.85
"3300066006_78.fna",81.42,1.39
"3300066006_141.fna",98.32,1.54
"3300066006_135.fna",98.48,0.76
"3300066006_39.fna",99.49,2.02
"3300066006_40.fna",91,1.71
"3300066006_73.fna",93.13,2.16
"3300066006_118.fna",93.13,5.35
"3300066006_137.fna",95.52,1.49
"3300066006_140.fna",99.07,0
"3300066006_123.fna",88.99,1.14
"3300066006_71.fna",99.22,0.83
"3300066008_85.fna",95.48,1.16
"3300066008_129.fna",76.28,0.86
"3300066008_81.fna",80.85,1.28
"3300066008_132.fna",90.8,1.31
"3300066008_76.fna",97.78,0.49
"3300066008_80.fna",97.03,4.2
"3300066008_11.fna",70.69,1.72
"3300066008_36.fna",89.38,8.79
"3300066008_112.fna",92.82,4.12
"3300066008_115.fna",96.3,1.85
"3300066008_116.fna",99.13,1.3
"3300066008_7.fna",77.81,2.23
"3300066008_4.fna",95.48,5.49
"3300066008_30.fna",75.86,3.45
"3300066008_127.fna",89.17,0.86
"3300066008_133.fna",77.27,1.14
"3300066008_98.fna",99.12,1.76
"3300066008_122.fna",93.71,2.92
"3300066008_31.fna",81.11,0.23
"3300066008_1.fna",75.21,4.8
"3300066008_117.fna",98.59,1.32
"3300066008_118.fna",94.56,1.3
"3300066008_114.fna",100,2.56
"3300066008_71.fna",77.52,3.67
"3300066008_62.fna",87.28,4.4
"3300066008_107.fna",96.74,7.35
"3300066008_99.fna",99.38,0.7
"3300066008_16.fna",99.57,1.18
"3300066008_119.fna",92.92,0.15
"3300066008_101.fna",95.73,2.99
"3300066008_120.fna",90.6,0
"3300066008_106.fna",97.22,1.76
"3300066008_59.fna",100,2.14
"3300066008_102.fna",73.62,4.31
"3300066008_105.fna",98.95,3.07
"3300066008_100.fna",82.08,4.86
"3300066008_54.fna",93.02,4.73
"3300066008_22.fna",92.16,1.61
"3300066008_21.fna",99.46,2.53
"3300066014_32.fna",71.07,3.42
"3300066014_38.fna",88.35,1.72
"3300066014_18.fna",81.83,2.21
"3300066014_5.fna",92.45,0.88
"3300066014_4.fna",76.15,1.65
"3300066014_16.fna",93.25,2.21
"3300066015_31.fna",96.03,1.23
"3300066015_55.fna",97.41,1.72
"3300066015_49.fna",97.61,1.93
"3300066015_8.fna",92.5,8.05
"3300066015_28.fna",97.97,8.94
"3300066015_57.fna",94.87,7.69
"3300066015_21.fna",98.7,1.38
"3300066015_56.fna",100,1.59
"3300066017_36.fna",85.34,3.3
"3300066017_17.fna",97.86,1.71
"3300066017_50.fna",93.22,2.56
"3300066017_16.fna",75.93,3.63
"3300066017_8.fna",90.06,4.73
"3300066017_32.fna",87.84,5.41
"3300066017_19.fna",72.52,2.56
"3300066017_12.fna",70.98,0.49
"3300066017_46.fna",87.32,1.71
"3300066017_9.fna",99.79,3.85
"3300066018_57.fna",81.03,7.86
"3300066018_71.fna",98.93,1.56
"3300066018_112.fna",83.48,9.83
"3300066018_9.fna",93.31,4.89
"3300066018_55.fna",70.26,1.12
"3300066018_32.fna",87.66,5.67
"3300066018_119.fna",76.17,1.95
"3300066018_98.fna",70.98,6.9
"3300066018_7.fna",95.53,1.28
"3300066018_18.fna",78.88,4.95
"3300066018_90.fna",70.41,2.85
"3300066018_53.fna",98.48,0.8
"3300066018_30.fna",94.8,3.43
"3300066018_20.fna",81.94,0
"3300066018_91.fna",91.5,1.24
"3300066018_75.fna",99.79,1.71
"3300066018_78.fna",97.86,1.71
"3300066018_33.fna",93.16,3.47
"3300066018_23.fna",96.27,0.88
"3300066018_105.fna",77.42,5.98
"3300066018_137.fna",76.93,3.21
"3300066018_1.fna",82.43,2.91
"3300066018_11.fna",72.41,6.9
"3300066018_36.fna",94.18,4.92
"3300066018_12.fna",96.12,0.43
"3300066018_51.fna",95.65,3.22
"3300066018_107.fna",92.04,1
"3300066018_103.fna",97.74,4.2
"3300066018_4.fna",79.63,1.71
"3300066018_5.fna",98.57,8.02
"3300066018_124.fna",88.28,3.01
"3300066186_19.fna",72.95,2.6
"3300066187_52.fna",83.76,2.52
"3300066187_42.fna",90.76,1.99
"3300066187_29.fna",91.41,4.55
"3300066187_11.fna",97.1,1.09
"3300066187_53.fna",73.63,6.49
"3300066187_37.fna",76.14,5.98
"3300066187_36.fna",95.72,2.17
"3300066322_86.fna",90.8,2.99
"3300066322_15.fna",77.58,6.86
"3300066322_53.fna",74.85,6.77
"3300066322_12.fna",93.69,3.71
"3300066322_92.fna",78.6,4.04
"3300066322_64.fna",81.3,2.26
"3300066322_45.fna",92.37,8.55
"3300066322_83.fna",82.87,3.45
"3300066322_58.fna",95.29,6.84
"3300066322_93.fna",71.11,1.15
"3300066322_74.fna",82.17,2.81
"3300066322_25.fna",98.28,0.86
"3300066322_73.fna",86.64,1.36
"3300066322_39.fna",94.02,0.85
"3300066322_81.fna",97.41,1.72
"3300066322_82.fna",99.13,0.72
"3300066322_20.fna",74.53,5.81
"3300066322_87.fna",97.97,6.76
"3300066322_38.fna",78.58,1.29
"3300066322_21.fna",84.59,2.99
"3300066328_6.fna",85.8,7.29
"3300066328_53.fna",85.86,2.58
"3300066328_81.fna",72.74,3.45
"3300066328_24.fna",76.19,8.84
"3300066328_27.fna",77.28,5.13
"3300066328_73.fna",76.9,4.4
"3300066328_10.fna",72.01,2.92
"3300066328_52.fna",75.97,5.84
"3300066328_16.fna",89.78,0
"3300066328_3.fna",83.64,6.84
"3300066328_36.fna",89.44,1.98
"3300066377_49.fna",85.09,2.44
"3300066377_3.fna",70.51,0
"3300066377_27.fna",94,1.09
"3300066377_23.fna",73.93,2.75
"3300066377_12.fna",80.21,1.77
"3300066377_41.fna",92.59,0.93
"3300066377_40.fna",97.41,1.24
"3300066377_20.fna",95.26,0.52
"3300066377_6.fna",74.56,4.56
"3300066377_26.fna",84.48,2.27
"3300066457_57.fna",96.76,1.08
"3300066457_24.fna",88.71,0.63
"3300066457_54.fna",96.52,1.74
"3300066457_64.fna",96.87,2.56
"3300066457_65.fna",99.91,0.44
"3300066457_31.fna",93.95,2.19
"3300066457_8.fna",94.39,4.91
"3300066457_60.fna",96.87,3.42
"3300066457_40.fna",71.61,1.86
"3300066457_61.fna",93.1,2.3
"3300066457_67.fna",91.67,0.93
"3300066457_76.fna",70.12,7.01
"3300066457_51.fna",100,2.85
"3300066457_66.fna",75.21,0
"3300066457_2.fna",79.84,5.87
"3300066457_53.fna",98.12,2.7
"3300066457_42.fna",76.59,3.42
"3300066457_69.fna",82.52,2.43
"3300066457_17.fna",97.38,2.56
"3300066457_18.fna",77.64,0.46
"3300066478_16.fna",80.08,5.25
"3300066478_28.fna",81.94,2.9
"3300066478_32.fna",92.94,4.52
"3300066478_66.fna",98.02,2.56
"3300066478_34.fna",75.71,2.96
"3300066478_38.fna",94.92,9.05
"3300066478_45.fna",85.71,2.75
"3300066478_37.fna",74.03,8.19
"3300066480_20.fna",85.2,5.29
"3300066480_7.fna",84.08,4.05
"3300066480_3.fna",87.21,6.92
"3300066480_12.fna",97.84,1.81
"3300066481_26.fna",83.61,0.86
"3300066481_29.fna",94.02,3.42
"3300066481_13.fna",85.91,4.44
"3300066482_9.fna",79.73,1.62
"3300066482_29.fna",84.95,5.49
"3300066482_12.fna",82.32,2.68
"3300066482_13.fna",78.77,7.77
"3300066482_22.fna",81.43,4.84
"3300066482_27.fna",95.69,0.86
"3300066484_25.fna",79.26,0.5
"3300066484_39.fna",92.04,7.39
"3300066484_1.fna",79.64,5.98
"3300066484_40.fna",84.78,3.8
"3300066484_37.fna",88.17,4.84
"3300066484_43.fna",76.2,2.9
"3300066484_51.fna",87.8,7.51
"3300066484_69.fna",81.8,1.09
"3300066484_5.fna",87.59,2.3
"3300066484_79.fna",79.21,4.7
"3300066485_3.fna",87.84,2.33
"3300066485_25.fna",72.86,4.7
"3300066485_32.fna",70.93,0.58
"3300066485_6.fna",81.21,1.28
"3300066485_68.fna",79.15,7.79
"3300066485_85.fna",84.62,3.42
"3300066485_51.fna",86.07,0.85
"3300066485_2.fna",76.42,4.9
"3300066485_96.fna",81.2,5.13
"3300066485_53.fna",81.07,1.15
"3300066485_48.fna",84.43,4.19
"3300066485_89.fna",71.64,7.12
"3300066485_58.fna",87.52,6.03
"3300066485_43.fna",77.09,0.36
"3300066485_72.fna",95,2.05
"3300066485_74.fna",73.15,0.85
"3300066485_41.fna",73.07,1.82
"3300066485_78.fna",85.66,1.92
"3300066485_4.fna",88.46,1.71
"3300066485_39.fna",80.29,3.3
"3300066486_41.fna",96.96,4.14
"3300066486_50.fna",79.54,1.1
"3300066486_70.fna",95.97,2.2
"3300066486_49.fna",74.43,0
"3300066486_44.fna",91.94,2.27
"3300066486_40.fna",81.14,4.27
"3300066486_57.fna",92.58,0.24
"3300066486_7.fna",94.56,0.52
"3300066486_71.fna",98.1,0.24
"3300066486_45.fna",99.24,0.32
"3300066486_37.fna",89.56,3.3
"3300066486_38.fna",100,1.4
"3300066486_68.fna",92.27,2.73
"3300066486_28.fna",93.35,0.62
"3300066486_60.fna",70.85,0
"3300066487_32.fna",80.53,5.35
"3300066487_106.fna",99.14,0
"3300066487_105.fna",74.75,0.99
"3300066487_59.fna",88.56,1.53
"3300066487_107.fna",80.55,1.3
"3300066487_2.fna",97.94,0.71
"3300066487_73.fna",86.37,4.7
"3300066487_75.fna",76.45,4.63
"3300066487_93.fna",70.51,1.35
"3300066487_68.fna",76.4,2.97
"3300066487_19.fna",81.78,0.73
"3300066487_28.fna",85.67,0
"3300066487_3.fna",97.85,0.18
"3300066487_21.fna",97.8,3.3
"3300066487_50.fna",97.71,0.63
"3300066487_51.fna",76.2,1.98
"3300066487_94.fna",92.67,1.72
"3300066487_118.fna",78.53,1.7
"3300066487_43.fna",93.43,5.19
"3300066487_48.fna",96.58,5.56
"3300066487_49.fna",84.62,4.4
"3300066487_90.fna",96.95,0
"3300066487_117.fna",80.94,6.78
"3300066487_88.fna",98.83,0.39
"3300066487_47.fna",82.61,0.24
"3300066488_2.fna",90.76,1.1
"3300066488_68.fna",98.35,4.53
"3300066488_8.fna",91.77,3.56
"3300066488_26.fna",95.86,8.01
"3300066488_44.fna",94.04,2.87
"3300066488_79.fna",87.81,2.58
"3300066488_92.fna",86.07,5.41
"3300066488_22.fna",81.57,5.73
"3300066488_5.fna",86.37,0.66
"3300066488_32.fna",74.82,5.29
"3300066488_34.fna",72.76,4.31
"3300066488_78.fna",91.4,0.96
"3300066488_49.fna",96.24,0.79
"3300066488_40.fna",84.06,5.39
"3300066488_54.fna",82.43,2.55
"3300066488_59.fna",96.59,1.14
"3300066488_42.fna",75.69,4.35
"3300066488_77.fna",94.02,7.12
"3300066489_30.fna",96.12,0.86
"3300066489_37.fna",85.37,1.94
"3300066489_34.fna",88.92,6.08
"3300066489_7.fna",99.53,2.06
"3300066489_29.fna",99.65,0.15
"3300066489_52.fna",88.54,0.6
"3300066489_39.fna",78.33,2.9
"3300066489_3.fna",71.91,3.2
"3300066489_55.fna",81.97,3.55
"3300066489_19.fna",100,1.4
"3300066489_42.fna",99.46,0
"3300066489_49.fna",82.6,2.23
"3300066489_9.fna",94.11,1.97
"3300066490_7.fna",81.71,1.1
"3300066490_72.fna",80.98,1.28
"3300066490_79.fna",71.04,3.87
"3300066490_58.fna",87.59,5.37
"3300066490_31.fna",88.46,6.48
"3300066490_69.fna",91.22,3.85
"3300066490_44.fna",81.52,5.51
"3300066490_9.fna",87.76,4.06
"3300066490_65.fna",83.26,3.85
"3300066490_17.fna",82.62,1.97
"3300066490_62.fna",95.73,7.12
"3300066490_61.fna",96.58,5.56
"3300066505_36.fna",82.69,3.71
"3300066505_5.fna",85.74,4.81
"3300066505_29.fna",78.37,0.43
"3300066505_37.fna",95.84,3.74
"3300066505_38.fna",88.53,5.39
"3300066505_11.fna",92.74,2.61
"3300066505_20.fna",73.26,1.16
"3300066506_56.fna",98.7,0.72
"3300066506_51.fna",88.4,4.27
"3300066506_58.fna",93.05,7.1
"3300066506_57.fna",91.45,1.71
"3300066506_10.fna",93.1,2.59
"3300066506_45.fna",78.04,2.07
"3300066506_66.fna",70.15,3.85
"3300066506_89.fna",97.41,1.72
"3300066506_61.fna",73.72,5.98
"3300066506_59.fna",96.12,1.01
"3300066506_30.fna",72.42,2.2
"3300066506_83.fna",96.06,9.4
"3300066506_68.fna",89.14,6.85
"3300066520_15.fna",97.05,6.84
"3300066520_53.fna",89.33,2.2
"3300066520_21.fna",76.86,5.49
"3300066520_44.fna",99.52,1.4
"3300066520_48.fna",76.61,0.19
"3300066520_20.fna",73.45,2.03
"3300066520_5.fna",76.16,5.53
"3300066520_69.fna",91.25,4.62
"3300066520_71.fna",91.07,1.11
"3300066520_94.fna",97.8,1.64
"3300066520_55.fna",97.35,4.68
"3300066520_40.fna",84.52,4.08
"3300066520_37.fna",80.8,1.49
"3300066520_49.fna",80.46,0
"3300066520_66.fna",99.31,1.23
"3300066520_79.fna",81.04,0
"3300066520_38.fna",76.28,0.68
"3300066520_57.fna",75.86,0
"3300066520_61.fna",89.5,0.19
"3300066520_82.fna",93.91,1.65
"3300066520_29.fna",85.58,7.12
"3300066520_88.fna",77.69,7.03
"3300066520_65.fna",81.81,2.46
"3300066520_91.fna",99.51,1.11
"3300066520_30.fna",77.59,1.72
"3300066521_32.fna",70.5,2.99
"3300066521_20.fna",70.69,1.72
"3300066521_1.fna",95.45,1.14
"3300066521_68.fna",76.73,2.9
"3300066521_73.fna",76.11,8.93
"3300066521_100.fna",97.1,0.65
"3300066521_44.fna",79.31,0
"3300066521_45.fna",90.17,5.13
"3300066521_57.fna",88.46,0.66
"3300066521_91.fna",71.72,8.62
"3300066521_92.fna",71.84,3.06
"3300066521_83.fna",97.1,6.15
"3300066521_90.fna",89.51,0.34
"3300066521_18.fna",72.32,4.27
"3300066521_59.fna",93.33,2.95
"3300066521_77.fna",86.08,4.68
"3300066521_8.fna",89.25,6.2
"3300066521_19.fna",95.26,0.86
"3300066521_2.fna",95.15,2.2
"3300066521_65.fna",89.32,8.19
"3300066521_61.fna",96.65,3.53
"3300066521_64.fna",71.2,5.44
"3300066521_13.fna",86.12,0.59
"3300066533_15.fna",85.36,2.58
"3300066533_30.fna",89.01,2.9
"3300066533_7.fna",98.29,4.37
"3300066533_42.fna",85.03,4.35
"3300066533_19.fna",95.37,1.34
"3300066533_34.fna",75.45,1.31
"3300066533_35.fna",93.3,9.15
"3300066538_17.fna",97.86,1.71
"3300066538_24.fna",95.69,1.72
"3300066538_58.fna",84.76,1.11
"3300066538_59.fna",80.74,3.85
"3300066538_13.fna",82.6,7.12
"3300066538_62.fna",97.07,0.94
"3300066538_65.fna",98.43,1.71
"3300066538_48.fna",97.01,3.42
"3300066538_20.fna",72.62,5.13
"3300066538_6.fna",91.98,2.18
"3300066538_8.fna",98.1,0.42
"3300066538_81.fna",97.41,2.59
"3300066538_64.fna",93.56,7.58
"3300066538_46.fna",82.48,4.56
"3300066538_35.fna",90.87,1.96
"3300066538_74.fna",98.29,1.71
"3300066538_38.fna",86.11,2.56
"3300066538_7.fna",99.15,2.56
"3300066540_13.fna",88.89,1.71
"3300066540_21.fna",88.68,1.15
"3300066540_50.fna",83.32,2.17
"3300066540_104.fna",75.29,3.45
"3300066540_2.fna",93.58,5.98
"3300066540_59.fna",88.81,2.38
"3300066540_49.fna",93.38,2.99
"3300066540_5.fna",97.13,3.72
"3300066540_18.fna",96.55,0.86
"3300066540_60.fna",84.62,0
"3300066540_54.fna",87.98,2.78
"3300066540_57.fna",73.58,0.86
"3300066540_48.fna",83.13,3.3
"3300066540_6.fna",96.91,0.93
"3300066540_93.fna",85.93,1.71
"3300066540_84.fna",90.58,4.89
"3300066540_47.fna",96.72,0.85
"3300066540_90.fna",96.14,0.7
"3300066540_42.fna",96.58,2.56
"3300066540_78.fna",79.54,1.1
"3300066540_63.fna",94.93,4.73
"3300066540_44.fna",86.56,4.27
"3300066540_74.fna",71.71,1.72
"3300066540_4.fna",92.47,2.6
"3300066540_72.fna",94.83,3.95
"3300066540_98.fna",75.91,3.25
"3300066540_97.fna",74.77,2.14
"3300066540_31.fna",94.3,4.13
"3300066541_6.fna",95.69,4.48
"3300066541_10.fna",97.97,3.38
"3300066541_13.fna",91.76,3.42
"3300066541_21.fna",85.82,0
"3300066541_18.fna",71.07,2.56
"3300066601_16.fna",85.48,3.3
"3300066601_10.fna",88.01,4.35
"3300066601_39.fna",71.79,6.5
"3300066601_20.fna",72.36,3.44
"3300066601_18.fna",96.66,3.39
"3300066602_19.fna",96.12,2.73
"3300066602_31.fna",84.55,7.62
"3300066602_32.fna",85.4,5.41
"3300066602_15.fna",90.79,0.88
"3300066602_16.fna",81.2,3.89
"3300066602_10.fna",90.45,0.86
"3300066602_14.fna",71.62,1.71
"3300066602_30.fna",94.31,1.72
"3300066602_27.fna",81.91,5.43
"3300066608_69.fna",88.28,5.56
"3300066608_50.fna",83.03,4.27
"3300066608_26.fna",82.96,1.15
"3300066608_76.fna",97.44,4.27
"3300066608_21.fna",82.91,5.84
"3300066608_27.fna",90.75,7.22
"3300066608_74.fna",89.08,6.49
"3300066608_82.fna",97.41,0
"3300066608_38.fna",97.69,0
"3300066608_102.fna",98.43,1.71
"3300066608_103.fna",96.55,0.86
"3300066608_67.fna",99.15,6.1
"3300066608_15.fna",87.23,2.56
"3300066608_52.fna",97.98,0.35
"3300066608_104.fna",85.2,5.39
"3300066608_13.fna",82.22,7.27
"3300066608_57.fna",77.38,2.42
"3300066608_91.fna",97.38,1.71
"3300066608_56.fna",96.55,1.72
"3300066608_90.fna",98.72,2.85
"3300066608_87.fna",98.39,0.47
"3300066613_20.fna",96.45,2.12
"3300066613_15.fna",78.19,2.26
"3300066613_19.fna",91.05,4.74
"3300066613_58.fna",86.59,2.56
"3300066613_25.fna",77.03,4.27
"3300066613_17.fna",75.42,3.13
"3300066613_53.fna",99.49,0
"3300066613_44.fna",71.17,5.46
"3300066613_57.fna",89.69,3.63
"3300066613_90.fna",72.57,4.14
"3300066613_9.fna",97.01,1.71
"3300066613_3.fna",72.12,3.91
"3300066613_34.fna",79.14,4.24
"3300066613_86.fna",82.22,0.93
"3300066614_61.fna",76.89,8.78
"3300066614_35.fna",89.75,1.96
"3300066614_79.fna",79.8,0.86
"3300066614_99.fna",92.85,6.01
"3300066614_13.fna",77.51,2.73
"3300066614_74.fna",77.52,0.73
"3300066614_59.fna",89.98,5.41
"3300066614_8.fna",78.63,5.98
"3300066614_66.fna",81.55,3.56
"3300066614_80.fna",93.27,3.04
"3300066614_36.fna",95.51,8.47
"3300066614_5.fna",81.03,5.17
"3300066614_64.fna",91.08,4.36
"3300066614_85.fna",80.61,4.4
"3300066614_51.fna",73.59,1.76
"3300066659_82.fna",90.74,4.73
"3300066659_141.fna",77.69,0.08
"3300066659_155.fna",94.32,1.72
"3300066659_31.fna",77.76,1.72
"3300066659_120.fna",80.44,0.85
"3300066659_139.fna",77.78,0
"3300066659_32.fna",76.24,1.98
"3300066659_147.fna",95,2.33
"3300066659_46.fna",82.43,1.32
"3300066659_111.fna",92.27,0.86
"3300066659_78.fna",92.09,3.6
"3300066659_104.fna",96.29,1.98
"3300066659_47.fna",96.15,1.71
"3300066659_117.fna",80.23,1.56
"3300066659_91.fna",79.94,0.93
"3300066659_134.fna",81.68,4.95
"3300066659_96.fna",94.02,0.85
"3300066659_61.fna",92.14,7.56
"3300066659_36.fna",96.42,2.71
"3300066659_38.fna",96.61,2.34
"3300066659_89.fna",84.88,2.56
"3300066659_90.fna",100,2.74
"3300066659_122.fna",97.15,1.71
"3300066659_124.fna",92.68,4.39
"3300066659_126.fna",99.13,0
"3300066659_128.fna",96.61,0.47
"3300066659_129.fna",75.15,0
"3300066659_29.fna",76.56,4.28
"3300066659_5.fna",76.21,3.68
"3300066659_50.fna",95.53,1.58
"3300066659_71.fna",96.3,1.85
"3300066659_55.fna",96.09,9.34
"3300066659_57.fna",100,2.85
"3300066659_92.fna",77.9,3.45
"3300066659_95.fna",80.57,7.41
"3300066659_21.fna",98.71,2.59
"3300066659_156.fna",77.16,7.69
"3300066660_29.fna",90.53,6.53
"3300066660_20.fna",86.7,2.07
"3300066660_19.fna",70.5,3.85
"3300066660_3.fna",81.03,6.9
"3300066756_3.fna",84.77,0.08
"3300066756_7.fna",95.61,2.37
"3300066756_5.fna",77.95,0
"3300066757_7.fna",99.63,0
"3300066757_9.fna",95,0.63
"3300066757_4.fna",100,4.11
"3300066757_2.fna",98.52,1.27
"3300066757_10.fna",98.53,0.08
"3300066758_6.fna",99.3,0.7
"3300066758_2.fna",95.35,0.32
"3300066758_5.fna",98.18,0.63
"3300066758_3.fna",96.4,0
"3300066758_1.fna",88.98,1.9
"3300066759_2.fna",99.63,1.01
"3300066759_1.fna",96.19,0.41
"3300066811_4.fna",97.8,0
"3300066812_2.fna",97.8,0
"3300066814_17.fna",91.08,4.08
"3300066814_11.fna",98.66,0.89
"3300066814_1.fna",73.1,4.43
"3300066814_5.fna",81.21,2.01
"3300066814_14.fna",76.58,0.21
"3300066815_6.fna",97.61,0.89
"3300066815_9.fna",89.77,4.22
"3300066815_4.fna",98.66,2.68
"3300066815_5.fna",98.17,5.22
"3300066815_1.fna",93.04,3.06
"3300066815_2.fna",98.03,0
"3300066817_2.fna",100,4.11
"3300066817_5.fna",84.94,2.87
"3300066818_5.fna",97.2,2.11
"3300066818_6.fna",99.37,1.27
"3300066818_2.fna",98.25,1.75
"3300066818_8.fna",97.79,1.61
"3300066819_8.fna",77.95,0
"3300066819_9.fna",98.56,0.95
"3300066819_4.fna",93.55,1.9
"3300066819_6.fna",99.3,1.4
"3300066819_2.fna",71.9,1.72
"3300067033_91.fna",96.96,0.67
"3300067033_35.fna",73.41,0.89
"3300067033_114.fna",72.88,3.13
"3300067033_42.fna",73.9,1.14
"3300067033_16.fna",94.65,2.22
"3300067033_37.fna",94.07,3.72
"3300067033_101.fna",92.04,0.95
"3300067033_109.fna",85.47,0.97
"3300067033_28.fna",92.32,5.56
"3300067033_13.fna",93.31,0.97
"3300067033_14.fna",95.61,0.19
"3300067033_89.fna",84.59,2.45
"3300067033_29.fna",98.82,1.19
"3300067033_3.fna",80.82,0.86
"3300067033_45.fna",79.94,7.77
"3300067033_92.fna",82.34,1.71
"3300067033_83.fna",74.31,0
"3300067033_77.fna",94.79,0.85
"3300067033_25.fna",86.11,4.55
"3300067033_5.fna",71.72,3.45
"3300067033_17.fna",86.59,0.19
"3300067033_106.fna",74,0.15
"3300067033_20.fna",73.76,0.99
"3300067033_23.fna",79.31,1.72
"3300067033_67.fna",72.59,1.96
"3300067033_22.fna",75.81,3.59
"3300067093_37.fna",75.94,3.93
"3300067093_27.fna",70.94,2.07
"3300067093_50.fna",87.95,2.99
"3300067093_5.fna",92.59,1.72
"3300067093_25.fna",91.4,3.71
"3300067093_1.fna",81.7,6.61
"3300067093_2.fna",79.19,6.27
"3300067093_61.fna",75.83,0
"3300067331_3.fna",98,0.53
"3300067331_4.fna",94.78,0.18
"3300067331_2.fna",74.14,0
"3300067403_7.fna",95.56,0.03
"3300067403_10.fna",98.21,0.32
"3300067403_11.fna",80.7,0
"3300067404_1.fna",100,0.32
"3300067405_2.fna",99.37,1.9
"3300067405_4.fna",99.86,0.61
"3300067405_1.fna",100,0.32
"3300067406_10.fna",70.44,0.16
"3300067406_3.fna",91.06,1.1
"3300067406_5.fna",100,0.32
"3300067406_4.fna",99.37,1.9
"3300067407_3.fna",99.17,2.3
"3300067407_1.fna",99.86,0.61
"3300067408_7.fna",98.01,0.25
"3300067408_3.fna",97.47,2.53
"3300067408_4.fna",89.09,0.29
"3300067409_2.fna",93.41,0
"3300067409_3.fna",99.21,0.53
"3300067409_7.fna",72.57,0
"3300067409_8.fna",90.62,0.89
"3300067410_4.fna",96.88,0.89
"3300067410_2.fna",99.64,0.53
"3300067410_1.fna",98.15,0.03
"3300067411_2.fna",100,0.32
"3300067411_3.fna",100,1.9
"3300067413_4.fna",77.59,3.45
"3300067413_7.fna",98.2,1.9
"3300067413_15.fna",93.07,0
"3300067413_9.fna",98.58,0.36
"3300067413_13.fna",72.41,0
"3300067413_10.fna",98.07,0.89
"3300067415_2.fna",94.41,3.85
"3300067415_4.fna",96.91,2.53
"3300067415_9.fna",79.31,0
"3300067415_3.fna",75,0
"3300067512_44.fna",84.65,0.93
"3300067512_32.fna",74.46,6.84
"3300067512_57.fna",75.53,0.31
"3300067512_31.fna",95.87,3.42
"3300067512_9.fna",73.58,1.65
"3300067512_23.fna",75.73,4.75
"3300067512_11.fna",79.9,8.29
"3300067513_65.fna",75.5,4.64
"3300067513_78.fna",82.85,0.97
"3300067513_62.fna",99.15,1.99
"3300067513_18.fna",80.4,0.86
"3300067513_50.fna",85.43,0
"3300067513_61.fna",89.81,0.93
"3300067513_56.fna",70.41,9.33
"3300067513_20.fna",80.35,5.59
"3300067931_4.fna",87.81,3.56
"3300067931_5.fna",99.91,1.9
"3300067932_3.fna",92.66,1.35
"3300067932_6.fna",97.38,4.43
"3300067933_1.fna",96.88,0.89
"3300067933_3.fna",98.53,0.53
"3300067933_2.fna",98.84,0.45
"3300067934_4.fna",98.05,0.45
"3300067935_6.fna",97.58,0.71
"3300067935_4.fna",99.49,0.03
"3300067935_2.fna",97.9,0.12
"3300067935_3.fna",72.08,0
"3300067936_4.fna",71.28,0
"3300067936_5.fna",98.84,0
"3300067936_3.fna",98.52,0.03
"3300067937_1.fna",70.18,0
"3300067938_4.fna",77.22,0.95
"3300067938_3.fna",96.88,0.45
"3300067939_3.fna",99.99,0.25
"3300067939_2.fna",93.1,1.97
"3300067939_1.fna",98.21,0.32
"3300067939_4.fna",100,1.58
"3300067941_9.fna",77.12,0.86
"3300067941_3.fna",96.88,0.89
"3300067942_5.fna",99.37,1.9
"3300067943_3.fna",98.53,0.61
"3300067943_7.fna",83.26,1.61
"3300067945_4.fna",77.95,0
"3300067945_3.fna",97.04,0.08
"3300067946_8.fna",82.42,0
"3300067946_2.fna",92.33,0
"3300067947_15.fna",93.71,0.7
"3300067949_5.fna",97.6,0.82
"3300067949_1.fna",94.31,1.27
"3300067949_4.fna",96.79,0
"3300067949_2.fna",96.88,0.89
"3300067949_3.fna",88.08,3.8
"3300067981_7.fna",97.38,1.9
"3300067981_1.fna",81.03,0
"3300067982_13.fna",97.53,0.45
"3300067982_12.fna",71.43,0.45
"3300067983_2.fna",92.07,0
"3300067983_9.fna",86.73,1.22
"3300067983_3.fna",82.06,0.49
"3300067984_5.fna",98.08,0.11
"3300068043_6.fna",75.57,1.99
"3300068043_3.fna",96.88,0.45
"3300068044_3.fna",99.2,0.12
"3300068044_2.fna",87.88,0.26
"3300068044_1.fna",98.05,0.45
"3300068045_8.fna",97,0.56
"3300068045_7.fna",100,4.11
"3300068045_4.fna",88.37,0.7
"3300068045_3.fna",70.86,3.02
"3300068481_4.fna",93.71,0.7
"3300068481_9.fna",91.21,0
"3300068482_2.fna",92.37,0
"3300068482_5.fna",96.88,0
"3300068877_6.fna",97.36,0.86
"3300069309_23.fna",99.52,0.63
"3300069309_22.fna",98.81,1.64
"3300069309_47.fna",72.05,0.85
"3300069309_18.fna",95.1,1.48
"3300069309_46.fna",96.38,1.35
"3300069309_31.fna",98.68,0.49
"3300069309_17.fna",94.68,3.9
"3300069309_67.fna",81.25,1.18
"3300069309_32.fna",97.46,0.49
"3300069309_11.fna",99.51,0.49
"3300069309_66.fna",99.55,0.69
"3300069309_39.fna",85.81,2.22
"3300069309_69.fna",71.02,0
"3300069309_72.fna",98.1,2.38
"3300069309_8.fna",97.53,0.97
"3300069309_43.fna",97.9,1.2
"3300069309_61.fna",96.73,0.56
"3300069309_62.fna",98.58,0
"3300069309_36.fna",93.74,0.2
"3300069309_9.fna",95.84,1.22
"3300069309_33.fna",96.58,0.68
"3300069309_34.fna",78.42,1.75
"3300069309_4.fna",80.62,1.23
"3300069309_57.fna",97.04,0.96
"3300069309_59.fna",88.86,0.93
"3300069309_55.fna",99.51,0.99
"3300072117_22.fna",85.48,0
"3300072117_13.fna",95.2,2.32
"3300072117_32.fna",70.18,2.59
"3300072117_23.fna",89.24,3.94
"3300072117_42.fna",96.58,2.14
"3300072117_38.fna",98.02,0.78
"3300072117_16.fna",81.45,1.6
"3300072117_30.fna",85.47,0
"3300072117_35.fna",92.41,2.59
"3300072117_3.fna",98.48,1.75
"3300072117_6.fna",92.62,3.67
"3300072117_9.fna",78.95,3.7
"3300072117_29.fna",85.49,1.72
"3300072118_40.fna",92.31,4.4
"3300072118_3.fna",98.24,1.71
"3300072118_33.fna",92.73,1.82
"3300072118_36.fna",77.66,1.72
"3300072118_17.fna",82.71,4.55
"3300072118_41.fna",92.73,1.16
"3300072118_8.fna",96.15,2.74
"3300072118_12.fna",93.4,2.32
"3300072118_13.fna",98.96,1.3
"3300072118_14.fna",99.48,1.74
"3300072118_15.fna",71.24,0.93
"3300072118_9.fna",96.55,0.65
"3300072118_18.fna",88.28,0.99
"3300072118_21.fna",99.57,0.43
"3300072118_22.fna",88.3,0.9
"3300072118_27.fna",99.06,0.71
"3300072118_24.fna",73.76,0.99
"3300072118_25.fna",86.75,0.51
"3300072118_26.fna",78.28,2.91
"3300072118_29.fna",94.44,1.85
"3300072118_23.fna",98.03,0
"3300072119_8.fna",96.7,1.77
"3300072119_12.fna",90.46,1.14
"3300072119_6.fna",80.48,0.37
"3300072119_5.fna",89.31,2.83
"3300072120_5.fna",90.4,2.54
"3300072120_3.fna",90.22,1.88
"3300072121_13.fna",95.33,1.44
"3300072121_35.fna",96.61,3.22
"3300072121_38.fna",74.19,0.43
"3300072121_15.fna",72.13,9.87
"3300072121_16.fna",99.06,1.26
"3300072121_26.fna",73.27,0
"3300072121_27.fna",90.07,3.36
"3300072121_14.fna",97.44,5.13
"3300072121_31.fna",98.64,0.91
"3300072121_21.fna",98.76,0.65
"3300072121_39.fna",72.26,2.56
"3300072121_4.fna",71.08,3.59
"3300072121_17.fna",98.03,0.99
"3300072121_23.fna",86.32,1.71
"3300072121_24.fna",97.48,1.52
"3300072121_11.fna",96.7,1.89
"3300072121_6.fna",92.14,2.25
"3300072121_3.fna",99.75,1.15
"3300072123_28.fna",94.55,1.92
"3300072123_17.fna",98.06,0.97
"3300072123_18.fna",99.69,1.89
"3300072123_19.fna",90.91,0
"3300072123_34.fna",96.93,2
"3300072123_25.fna",97.73,1.48
"3300072123_39.fna",88.74,1.1
"3300072123_30.fna",94.11,4.39
"3300072123_14.fna",83.09,1.04
"3300072123_38.fna",94.07,4.17
"3300072123_21.fna",95,0.65
"3300072123_23.fna",94.25,2.46
"3300072123_35.fna",84.71,3.66
"3300072123_36.fna",99.78,2.26
"3300072123_37.fna",98.14,0
"3300072124_3.fna",77.78,0.85
"3300072124_1.fna",97.2,0.88
"3300072124_2.fna",70.13,5.08
"3300072176_43.fna",98.07,0.48
"3300072176_1.fna",70.64,2.42
"3300072176_3.fna",89.86,0.47
"3300072176_35.fna",98.59,1.74
"3300072176_9.fna",97.83,1.09
"3300072176_40.fna",95.2,2.08
"3300072176_19.fna",95.97,4.42
"3300072176_46.fna",85.47,2.14
"3300072176_47.fna",83.33,5.17
"3300072176_16.fna",77.65,5.13
"3300072176_49.fna",95,0.87
"3300072176_2.fna",96.84,0.17
"3300072176_28.fna",88.36,3.14
"3300072176_8.fna",97.88,2.73
"3300072176_50.fna",82.03,0
"3300072176_37.fna",96.42,1.73
"3300072176_51.fna",94.43,6.5
"3300072176_6.fna",80,0.94
"3300072176_22.fna",85.04,3.59
"3300072177_26.fna",80.34,1.71
"3300072177_11.fna",97.37,2.36
"3300072177_5.fna",99.75,1.15
"3300072177_9.fna",93.55,2.56
"3300072177_12.fna",76.34,1.36
"3300072177_13.fna",95.73,7.69
"3300072177_15.fna",90.6,0.55
"3300072623_1.fna",94.55,1.4
"3300072627_4.fna",93.33,0.55
"3300072628_1.fna",87.85,1.09
"3300072629_2.fna",96.58,6.15
"3300072636_10.fna",90.01,1.35
"3300072636_14.fna",76.97,2.56
"3300072636_25.fna",100,0.43
"3300072636_50.fna",82.76,3.24
"3300072636_1.fna",85.15,1.32
"3300072636_32.fna",80.19,0.37
"3300072636_36.fna",73.93,0.5
"3300072636_18.fna",78.74,0
"3300072636_4.fna",89.25,0.93
"3300072636_48.fna",83.7,0.69
"3300072636_8.fna",84.15,3.2
"3300072636_51.fna",93.75,1.24
"3300072636_53.fna",92.27,0.8
"3300072636_54.fna",95.63,0.55
"3300072636_59.fna",93.89,0.48
"3300072636_6.fna",98.65,3.51
"3300072636_61.fna",96.48,0
"3300072636_7.fna",96.64,1.31
"3300072657_1.fna",88.48,0.68
"3300072657_15.fna",71.23,0.84
"3300072657_43.fna",89.62,1.15
"3300072657_19.fna",97.48,0
"3300072657_20.fna",88.55,0
"3300072657_21.fna",97.53,0.54
"3300072657_22.fna",86.07,1.85
"3300072657_23.fna",79.31,2.59
"3300072657_26.fna",99.15,0.43
"3300072657_39.fna",78.38,3.52
"3300072657_32.fna",77.84,0.22
"3300072657_48.fna",98.71,1.81
"3300072657_49.fna",75.17,1.72
"3300072657_50.fna",79.61,1.94
"3300072657_6.fna",97.87,0.8
"3300072657_3.fna",99.19,0.54
"3300072658_8.fna",85.47,1.71
"3300072658_10.fna",87.18,3.47
"3300072658_17.fna",81.25,0.68
"3300072658_18.fna",97.7,1.15
"3300072658_19.fna",99.18,0.38
"3300072658_2.fna",90.48,0.36
"3300072658_20.fna",87.45,0.49
"3300072658_22.fna",96.75,0.74
"3300072658_30.fna",97.87,0.8
"3300072658_34.fna",96.41,0.87
"3300072658_36.fna",98.77,0.48
"3300072658_37.fna",92.82,2.97
"3300072658_38.fna",99.25,0
"3300072658_12.fna",97.84,1.17
"3300072658_40.fna",98.29,2.47
"3300072658_42.fna",100,0.43
"3300072658_45.fna",74.07,0.46
"3300072658_47.fna",70.64,9.98
"3300072658_5.fna",98.1,0.48
"3300072658_51.fna",98.03,0
"3300072658_54.fna",98.29,7.86
"3300072658_6.fna",97.7,0.85
"3300072658_64.fna",96.44,4.82
"3300072658_66.fna",96.5,0.68
"3300072658_39.fna",71.45,3.08
"3300072658_68.fna",95.95,2.16
"3300072658_67.fna",88.47,0
"3300072779_76.fna",78.81,0.43
"3300072779_77.fna",91.85,0.95
"3300072779_22.fna",99.28,0.02
"3300072779_26.fna",94.72,0.97
"3300072779_29.fna",93.39,4.86
"3300072779_32.fna",71.48,0.79
"3300072779_34.fna",86.57,1.8
"3300072779_35.fna",96.82,6.64
"3300072779_36.fna",81,2.05
"3300072779_75.fna",93.92,2.7
"3300072779_40.fna",98.57,0.89
"3300072779_42.fna",98.87,0
"3300072779_44.fna",79.22,1.35
"3300072779_45.fna",98.74,0.5
"3300072779_47.fna",93.03,9.16
"3300072779_51.fna",94.29,0
"3300072779_52.fna",70.46,0
"3300072779_55.fna",94.02,6.15
"3300072779_39.fna",98.69,0.65
"3300072779_60.fna",98.57,0
"3300072779_61.fna",88.5,0.45
"3300072779_62.fna",97.15,6.15
"3300072779_66.fna",91.38,0.25
"3300072779_67.fna",91.45,4.32
"3300072779_68.fna",76.77,0.93
"3300072779_69.fna",97.32,0.8
"3300072779_7.fna",98.52,0
"3300072779_71.fna",81.91,6.25
"3300072779_73.fna",83.95,1.58
"3300072779_56.fna",92.67,3.76
"3300072779_57.fna",97.7,1.15
"3300072779_74.fna",100,0.43
"3300072779_8.fna",94.22,0.88
"3300072779_78.fna",90.03,2.21
"3300072779_79.fna",85.47,2.56
"3300072779_13.fna",98.21,0.49
"3300072779_31.fna",96.05,1.17
"3300072779_2.fna",89.76,0.6
"3300072779_15.fna",97.87,0.8
"3300072928_4.fna",92.92,2
"3300072947_2.fna",74.98,8.48
"3300072949_12.fna",80.85,2.88
"3300072949_6.fna",93.67,1.27
"3300072949_16.fna",97.09,4.36
"3300072949_8.fna",94.47,0.63
"3300072949_19.fna",100,4.11
"3300072949_9.fna",97.77,9.21
"3300072952_14.fna",90.28,1.11
"3300072952_16.fna",96.47,1.86
"3300072952_12.fna",100,1.8
"3300072952_20.fna",82.85,7.69
"3300072952_17.fna",93.98,0.93
"3300072952_2.fna",80.65,0
"3300072952_6.fna",97.39,0.87
"3300072952_22.fna",99.07,0.93
"3300072952_27.fna",98.33,1.52
"3300072952_8.fna",75.21,2.14
"3300072952_11.fna",93.98,1.85
"3300072958_2.fna",88.23,0.89
"3300072958_21.fna",74.74,1.36
"3300072958_17.fna",95.7,0
"3300072958_25.fna",93.87,2
"3300072958_37.fna",77.86,1.97
"3300072958_3.fna",96.36,0.45
"3300072958_8.fna",74.02,1.64
"3300072958_36.fna",93.73,3.71
"3300072958_1.fna",90.79,5.13
"3300072958_4.fna",96.86,1.89
"3300072958_30.fna",97.26,0
"3300072958_16.fna",93.4,4.55
"3300072958_6.fna",92.37,4.59
"3300072958_31.fna",96.58,5.13
"3300072959_9.fna",95.75,0.94
"3300072960_10.fna",84.71,1.81
"3300072960_13.fna",93.1,0.57
"3300072960_1.fna",93.64,1.82
"3300072960_30.fna",95.73,0.85
"3300072960_31.fna",94.07,7.14
"3300072960_32.fna",92.76,2.84
"3300072960_14.fna",96.86,1.89
"3300072960_24.fna",73.24,4.27
"3300072960_26.fna",86.35,4.84
"3300072960_16.fna",99.57,0.43
"3300072960_17.fna",88.56,3.07
"3300072960_18.fna",72.64,1.12
"3300072960_34.fna",70.85,1.1
"3300072960_5.fna",73.95,6.84
"3300072960_36.fna",93.33,0.55
"3300072960_38.fna",100,0
"3300072960_37.fna",96.59,1.3
"3300072961_4.fna",94.97,1.89
"3300072961_2.fna",78.62,1.26
"3300072961_3.fna",88.91,1.82
"3300072962_10.fna",97.05,7
"3300072962_11.fna",73.64,1.03
"3300072962_1.fna",96.44,1.96
"3300072962_12.fna",93.39,1.93
"3300072962_6.fna",98.66,1.49
"3300072963_24.fna",87.55,1.46
"3300072963_1.fna",71.41,3.19
"3300072963_25.fna",83.79,1.02
"3300072963_22.fna",99.26,1.52
"3300072963_20.fna",93.44,2.08
"3300072963_21.fna",96.86,3.12
"3300072963_28.fna",96.28,0.37
"3300072963_2.fna",85.09,1.49
"3300072963_31.fna",92.73,1.9
"3300072963_30.fna",98.51,0
"3300072963_17.fna",97.17,0.94
"3300072963_19.fna",91.67,5.5
"3300072963_32.fna",99.69,0
"3300072964_7.fna",98.52,0
"3300072964_8.fna",84.69,1.21
"3300072964_5.fna",95.99,1.77
"3300072964_9.fna",96.7,0.94
"3300072964_14.fna",92.46,1.01
"3300072964_3.fna",85.87,3.21
"3300072965_31.fna",91.1,5.16
"3300072965_18.fna",83.29,2.2
"3300072965_13.fna",97.8,0.94
"3300072965_15.fna",98.9,0.94
"3300072965_16.fna",72.32,3.59
"3300072965_1.fna",98.52,1.97
"3300072965_12.fna",93.64,2.33
"3300072965_32.fna",91.82,1.82
"3300072965_42.fna",97.26,3.48
"3300072965_6.fna",90.57,4.44
"3300072965_37.fna",97.5,2.44
"3300072965_7.fna",99.28,0.48
"3300072965_34.fna",96.11,1.65
"3300072965_35.fna",95.04,1.63
"3300072966_3.fna",80.38,0.94
"3300072966_5.fna",99.76,0.72
"3300072966_10.fna",92.73,1.82
"3300072967_28.fna",98.77,0.34
"3300072967_30.fna",77.15,4.27
"3300072967_2.fna",97.54,2.46
"3300072967_20.fna",98.24,1.71
"3300072967_18.fna",72.26,3.25
"3300072967_19.fna",98.11,2
"3300072967_26.fna",90.31,2.56
"3300072967_49.fna",76.01,6.46
"3300072967_51.fna",85.47,1.71
"3300072967_31.fna",75.87,4.7
"3300072967_1.fna",95.06,7.69
"3300072967_37.fna",93.52,1.46
"3300072967_38.fna",95.2,1.97
"3300072967_39.fna",99.51,0.74
"3300072967_42.fna",73.66,2.25
"3300072967_21.fna",98.55,0.72
"3300072967_24.fna",97.84,1.65
"3300072967_48.fna",99.35,0.43
"3300072967_32.fna",99.13,2.61
"3300072967_36.fna",97.27,1.82
"3300072967_9.fna",97.26,1.52
"3300072967_8.fna",94.87,6.15
"3300072967_55.fna",99.51,0.49
"3300072967_47.fna",91.3,2.28
"3300072968_6.fna",70.82,0
"3300072968_7.fna",98.95,8.45
"3300072968_4.fna",75.36,0
"3300072968_14.fna",98.15,1.96
"3300072968_3.fna",91.76,0.43
"3300072968_2.fna",96.51,0.52
"3300072969_9.fna",98.58,0.94
"3300072969_3.fna",96.48,1.56
"3300072969_4.fna",84.46,0.92
"3300072969_14.fna",78.98,5.13
"3300072969_19.fna",88.89,2.56
"3300072969_2.fna",96.7,1.77
"3300072969_8.fna",71.12,1.91
"3300072970_12.fna",98.19,0.6
"3300072970_17.fna",95.33,0.25
"3300072970_24.fna",91.88,0.85
"3300072970_5.fna",81.09,1.89
"3300072970_8.fna",99.26,1.52
"3300072970_9.fna",98.3,0.63
"3300072970_20.fna",77.83,0.24
"3300072970_22.fna",98.47,0.34
"3300072970_23.fna",84.31,2.76
"3300072971_13.fna",99.69,1.89
"3300072971_14.fna",97.3,2.66
"3300072971_26.fna",95.75,1.65
"3300072971_9.fna",74.26,2.62
"3300072971_7.fna",84.62,0
"3300072971_28.fna",98.18,1.82
"3300072971_3.fna",90.91,0
"3300072971_19.fna",99.56,2.48
"3300072971_12.fna",91.95,4.17
"3300072971_20.fna",93.64,2.33
"3300072971_25.fna",88.98,0.89
"3300072971_24.fna",92.73,0.91
"3300072971_21.fna",99.51,2.46
"3300072982_26.fna",89.36,3.61
"3300072982_25.fna",90.89,1.55
"3300072982_20.fna",97.74,1.25
"3300072982_41.fna",83.15,0
"3300072982_24.fna",88.15,0.43
"3300072982_8.fna",79.99,4.58
"3300072982_44.fna",95.9,0.55
"3300072982_11.fna",98.58,0.38
"3300072982_5.fna",72.41,8.53
"3300072982_23.fna",82.76,0
"3300073287_4.fna",85.9,2.07
"3300073304_7.fna",88.58,0.8
"3300073304_2.fna",80.31,1.71
"3300073306_2.fna",85.3,8.8
"3300073310_5.fna",76.31,2.56
"3300073310_3.fna",81.87,1.01
"3300073312_5.fna",95.51,2.14
"3300073672_12.fna",73.87,0
"3300073672_6.fna",83.56,2.8
"3300073834_10.fna",86.9,3.7
"3300073834_27.fna",87.38,6.07
"3300073834_30.fna",92.25,0.5
"3300073834_12.fna",96.62,1.19
"3300073834_33.fna",94.68,2.18
"3300073834_38.fna",88.02,1.06
"3300073834_4.fna",90.73,3.99
"3300073834_45.fna",80.49,4.47
"3300073834_46.fna",82.9,2.31
"3300073834_55.fna",74.81,0.83
"3300073834_59.fna",92.39,0.59
"3300073834_62.fna",99.07,2.78
"3300073834_65.fna",94,1.05
"3300073834_21.fna",94.72,0.24
"3300073835_17.fna",92.78,5.05
"3300073835_19.fna",92.04,3.23
"3300073835_22.fna",94.48,4.74
"3300073836_23.fna",78.31,0
"3300073837_11.fna",84.65,6.2
"3300073837_10.fna",75.17,4.31
"3300073837_35.fna",71.72,1.72
"3300073837_18.fna",70.29,3.73
"3300073837_30.fna",88.29,2.93
"3300073837_9.fna",90.45,3.41
"3300073837_42.fna",73.36,5
"3300073837_43.fna",79.81,0.93
"3300073838_34.fna",97.13,2.63
"3300073838_26.fna",98.29,9.44
"3300073839_12.fna",93.07,2.5
"3300073839_15.fna",94.71,5.57
"3300073839_16.fna",96.79,2.14
"3300073840_8.fna",86.01,5.04
"3300073840_9.fna",82.38,1.57
"3300073841_14.fna",73.97,6.06
"3300073841_15.fna",90.7,2.91
"3300073841_50.fna",90.6,1.93
"3300073841_56.fna",84.6,0.68
"3300073841_59.fna",72.67,2.03
"3300073843_12.fna",89.38,0.35
"3300073843_35.fna",78.91,0.34
"3300073843_7.fna",86.07,0.29
"3300073843_15.fna",85.01,3.73
"3300073843_23.fna",96.39,0.35
"3300073843_51.fna",75.71,4.94
"3300073844_10.fna",91.91,2.05
"3300073844_45.fna",87.4,3.07
"3300073844_50.fna",79.46,0.99
"3300073844_34.fna",86.16,2.22
"3300073845_20.fna",73.62,6.9
"3300073845_22.fna",71.4,0.5
"3300073846_18.fna",92.64,2.14
"3300073846_19.fna",88.85,9.34
"3300073846_20.fna",85.13,5.13
"3300073846_34.fna",95.95,2.14
"3300073846_27.fna",91.03,2.56
"3300073847_2.fna",81.79,0
"3300073847_4.fna",81.29,1.1
"3300073847_37.fna",78.37,0.81
"3300073847_12.fna",87.5,0.86
"3300073847_15.fna",79.65,5.95
"3300073847_16.fna",72.88,2.97
"3300073847_6.fna",72.09,1.79
"3300073859_10.fna",94.4,4.91
"3300073859_7.fna",77.77,2.66
"3300073872_16.fna",79.47,3.02
"3300073873_26.fna",72.49,8.62
"3300073873_32.fna",88.55,4.38
"3300073873_15.fna",90.47,2.52
"3300073873_4.fna",88.11,2.99
"3300073873_6.fna",79.77,3.02
"3300073873_13.fna",73.5,1.99
"3300073874_13.fna",72.1,0.6
"3300073875_28.fna",75.07,0
"3300073875_3.fna",94.4,1.29
"3300073938_12.fna",98.03,0.16
"3300073938_30.fna",99.34,0.49
"3300073938_8.fna",88.62,1.99
"3300073938_27.fna",98.53,3.85
"3300075320_13.fna",97.83,7.31
"3300075320_15.fna",72.56,3.01
"3300075320_26.fna",83.27,9.55
"3300075320_18.fna",81.32,1.1
"3300075320_28.fna",83.98,2.91
"3300075320_7.fna",93.68,1.64
"3300075320_16.fna",75.23,9.81
"3300075321_21.fna",83.12,1.71
"3300075321_114.fna",78.82,9.56
"3300075321_28.fna",99.07,0.93
"3300075321_30.fna",77.87,3.02
"3300075321_25.fna",70.12,5.59
"3300075321_10.fna",97.88,0
"3300075321_40.fna",97.17,4.7
"3300075321_45.fna",84.63,0.89
"3300075321_55.fna",74.03,4.27
"3300075321_56.fna",70.85,1.81
"3300075321_64.fna",71.45,7.34
"3300075321_65.fna",94.4,3.02
"3300075321_72.fna",90.16,0.63
"3300075321_33.fna",91.98,8.8
"3300075321_80.fna",90.13,2.46
"3300075321_82.fna",87.45,0
"3300075321_84.fna",95.05,0.26
"3300075321_88.fna",78.49,2.2
"3300075321_9.fna",77.03,3.15
"3300075321_90.fna",70.5,0.83
"3300075321_91.fna",77.59,0
"3300075321_93.fna",96.72,2.56
"3300075321_75.fna",97.86,1.71
"3300075321_76.fna",77.75,1.67
"3300075321_77.fna",85.18,2.85
"3300075321_113.fna",84.06,1.97
"3300075321_101.fna",92.31,2.14
"3300075321_103.fna",72.73,0
"3300075321_98.fna",96.26,7.94
"3300075321_97.fna",87.68,1.99
"3300075322_107.fna",92.66,4.27
"3300075322_117.fna",74.49,1.27
"3300075322_100.fna",94.87,1.71
"3300075322_121.fna",77.19,0
"3300075322_26.fna",70.69,1.72
"3300075322_28.fna",81.69,2.76
"3300075322_30.fna",95.95,4.9
"3300075322_32.fna",89.93,2.72
"3300075322_38.fna",98.29,1.03
"3300075322_39.fna",89.35,1.85
"3300075322_43.fna",91.81,2.44
"3300075322_46.fna",97.31,1.34
"3300075322_15.fna",83.55,1.03
"3300075322_54.fna",97.9,4
"3300075322_72.fna",96.46,3.81
"3300075322_76.fna",82.76,3.45
"3300075322_77.fna",77.61,0.65
"3300075322_79.fna",92.9,4.7
"3300075322_81.fna",89.97,2.85
"3300075322_83.fna",91.38,1.58
"3300075322_88.fna",92.16,0
"3300075322_89.fna",93.33,0.83
"3300075322_108.fna",87.98,1.64
"3300075322_110.fna",75.86,6.58
"3300075322_91.fna",80.34,1.72
"3300075322_94.fna",99.15,5.56
"3300075322_95.fna",91.2,1.6
"3300075322_96.fna",77.24,6.9
"3300075322_98.fna",94.4,3.62
"3300075322_99.fna",90.35,4.37
"3300075322_86.fna",85.28,5.95
"3300075322_90.fna",97.48,4.2
"3300075324_10.fna",93.16,7.83
"3300075324_22.fna",97.44,1.85
"3300075324_18.fna",84.44,6.76
"3300075324_40.fna",84.04,2.55
"3300075324_44.fna",80.4,1.25
"3300075324_7.fna",82.6,1.47
"3300075324_14.fna",77.33,2.07
"3300075324_29.fna",85.58,3.4
"3300075492_10.fna",74.19,0.86
"3300075492_13.fna",94.59,1.28
"3300075492_14.fna",95.73,3.42
"3300075492_12.fna",98.49,7.35
"3300075492_31.fna",90.22,1.71
"3300075492_32.fna",81.9,0.16
"3300075492_38.fna",91,2.89
"3300075492_101.fna",78.68,0.35
"3300075492_11.fna",83.09,0.88
"3300075492_51.fna",86.32,4.71
"3300075492_54.fna",89.96,5.63
"3300075492_55.fna",95.07,1.6
"3300075492_22.fna",71.07,1.51
"3300075492_63.fna",80.66,0.97
"3300075492_67.fna",92.12,3.1
"3300075492_7.fna",80.99,1.9
"3300075492_70.fna",95.48,5.48
"3300075492_72.fna",71.28,1.85
"3300075492_76.fna",95.51,1.12
"3300075492_77.fna",97.48,0.84
"3300075492_85.fna",93.01,7.31
"3300075492_88.fna",83.55,2.9
"3300075492_89.fna",95.51,2.56
"3300075492_90.fna",97.27,1.82
"3300075492_91.fna",95.27,3.87
"3300075492_57.fna",92.31,6.15
"3300075492_58.fna",91.71,4.73
"3300075492_62.fna",93.01,7.41
"3300075492_48.fna",81.95,2.16
"3300075492_39.fna",80.12,4.02
"3300075492_41.fna",74.6,0.84
"3300075494_3.fna",91.27,3.59
"3300075494_30.fna",95.06,1.85
"3300075494_23.fna",79.4,0.93
"3300075494_46.fna",82.09,0.65
"3300075494_4.fna",92.51,2.59
"3300075494_6.fna",99.72,2.99
"3300075494_9.fna",86.32,0.43
"3300075495_11.fna",71.71,4.56
"3300075495_16.fna",87.22,1.61
"3300075495_2.fna",84.6,2.6
"3300075495_1.fna",77.9,7.05
"3300075495_8.fna",84.86,3.88
"3300075518_18.fna",86.97,3.42
"3300075518_2.fna",75.41,0
"3300075518_22.fna",79.61,0.85
"3300075518_29.fna",72.56,1.87
"3300075518_30.fna",75,5.98
"3300075518_35.fna",89.53,8
"3300075518_5.fna",87.3,3.76
"3300075518_55.fna",70.78,9.4
"3300075518_58.fna",75.63,1.68
"3300075518_8.fna",71.74,1.28
"3300075518_9.fna",90.13,7.96
"3300075518_11.fna",94.37,2.56
"3300075518_34.fna",85.03,0
"3300075518_19.fna",75.36,5.6
"3300075532_10.fna",94.89,3.23
"3300075532_27.fna",96.12,3.88
"3300075532_3.fna",78.91,1.29
"3300075532_19.fna",81.81,0.44
"3300075532_34.fna",98.52,0.77
"3300075532_38.fna",79.32,2.56
"3300075532_39.fna",97.47,1.01
"3300075532_5.fna",92.07,3.79
"3300075532_20.fna",73.82,9.12
"3300075532_24.fna",96.98,1.72
"3300075532_6.fna",84.23,1.35
"3300075532_62.fna",96.6,0.97
"3300075532_8.fna",89.94,6.32
"3300075532_70.fna",75.04,3.85
"3300075533_27.fna",89.08,3.89
"3300075533_30.fna",91.6,1.71
"3300075533_18.fna",81.57,8.42
"3300075533_38.fna",77.51,2.36
"3300075533_43.fna",97.44,2.75
"3300075533_50.fna",100,5.74
"3300075533_55.fna",89.25,1.05
"3300075533_68.fna",95.94,1.71
"3300075533_70.fna",76.04,3.17
"3300075533_71.fna",79.34,6.25
"3300075533_81.fna",94.93,7.77
"3300075533_86.fna",75.64,0.85
"3300075533_9.fna",86.64,3.7
"3300075533_59.fna",91.28,6.42
"3300075533_6.fna",77,3.1
"3300075535_7.fna",73.62,0.97
"3300075549_31.fna",86.25,1.29
"3300075549_3.fna",71.68,0.46
"3300075549_42.fna",88.32,0
"3300075549_36.fna",93.37,1.94
"3300075549_39.fna",71.54,4.15
"3300075549_2.fna",80.39,2.76
"3300075561_39.fna",99.18,0.99
"3300075561_45.fna",74.42,2.74
"3300075561_50.fna",85.16,0.65
"3300075561_32.fna",91.28,2.52
"3300075561_24.fna",79.95,0
"3300075561_28.fna",96.44,1.94
"3300075561_48.fna",77.71,0.97
"3300075561_5.fna",81.02,1.03
"3300075562_30.fna",73.07,7.64
"3300075562_1.fna",82.62,2.27
"3300075562_52.fna",81.29,0.22
"3300075562_20.fna",94.7,1.94
"3300075562_3.fna",83.26,9.71
"3300075562_38.fna",88.76,8.03
"3300075562_4.fna",72.57,3.58
"3300075563_50.fna",93.41,2.26
"3300075563_53.fna",73.03,1.94
"3300075563_29.fna",81.68,0.86
"3300075563_32.fna",89.66,1.74
"3300075563_51.fna",81.39,1.94
"3300075573_17.fna",86.01,2.57
"3300075573_34.fna",94.79,1.83
"3300075573_35.fna",87.61,4.59
"3300075573_105.fna",74.18,2.39
"3300075573_109.fna",83.19,1.03
"3300075573_65.fna",91.89,7.46
"3300075573_66.fna",77.78,1.6
"3300075573_67.fna",78.16,2.78
"3300075573_26.fna",84.62,0.71
"3300075573_75.fna",82.07,8.29
"3300075573_79.fna",94.99,1.46
"3300075573_80.fna",72.51,0.21
"3300075573_6.fna",79.3,3.55
"3300075573_60.fna",71.8,2.31
"3300075573_64.fna",95.23,1.71
"3300075573_84.fna",91.13,4.23
"3300075573_91.fna",82.38,4.48
"3300075573_68.fna",81.94,0.1
"3300075573_94.fna",94.6,2.01
"3300075573_96.fna",86.9,4.72
"3300075573_97.fna",89.06,0.17
"3300075573_81.fna",92.22,2.14
"3300075573_92.fna",93.21,2.16
"3300075574_10.fna",96.3,0.37
"3300075574_18.fna",97.01,2.56
"3300075574_2.fna",71.79,3.42
"3300075574_16.fna",82.11,1.37
"3300075574_35.fna",92.31,0.85
"3300075574_36.fna",91.94,0.93
"3300075574_52.fna",92.07,3.45
"3300075574_55.fna",76.02,0.93
"3300075574_56.fna",88.65,4.63
"3300075574_26.fna",80.94,4.44
"3300075574_64.fna",73.71,4.39
"3300075574_70.fna",92.9,1.14
"3300075574_72.fna",77.92,1.1
"3300075574_31.fna",91.42,7.73
"3300075574_78.fna",88.89,0.46
"3300075574_79.fna",81.17,4.17
"3300075574_60.fna",71.94,2.14
"3300075574_74.fna",88.73,4.41
"3300075575_10.fna",71.28,1.42
"3300075575_18.fna",84.47,2.91
"3300075575_21.fna",92.95,2.59
"3300075575_27.fna",91.33,1.74
"3300075575_11.fna",78.07,4.95
"3300075575_50.fna",95.14,0.86
"3300075575_22.fna",86.32,5.61
"3300075575_45.fna",79.99,4.61
"3300075577_13.fna",89.75,4.35
"3300075577_20.fna",78.71,0
"3300075577_26.fna",86.14,1.98
"3300075577_5.fna",91.75,3.88
"3300075577_14.fna",99.26,0.62
"3300075577_29.fna",94.34,2.02
"3300075578_18.fna",86.59,2.11
"3300075578_8.fna",71.34,1.42
"3300075578_10.fna",74.57,1.24
"3300075578_12.fna",80.76,3.15
"3300075582_19.fna",81.07,1.38
"3300075582_4.fna",84.03,6.52
"3300075582_35.fna",87.79,4.28
"3300075582_27.fna",92.95,7.46
"3300075582_5.fna",71.33,3.8
"3300075582_6.fna",80.98,4.94
"3300075583_19.fna",77.76,3.45
"3300075583_30.fna",84.42,4.27
"3300075583_43.fna",97.87,0.29
"3300075583_45.fna",81.19,0.99
"3300075583_23.fna",83.85,1.79
"3300075583_52.fna",75.86,4.7
"3300075583_61.fna",84.7,7.84
"3300075583_63.fna",99.01,1.41
"3300075583_68.fna",97.58,1.71
"3300075583_7.fna",73.65,9.47
"3300075583_72.fna",82.53,9.67
"3300075583_78.fna",79.66,1.72
"3300075583_79.fna",71.08,1.14
"3300075583_87.fna",92.74,0.43
"3300075583_88.fna",74.36,0.49
"3300075583_46.fna",93.58,2.85
"3300075583_39.fna",77.94,3.83
"3300075586_2.fna",75.2,5.77
"3300075586_31.fna",91.24,5.66
"3300075586_32.fna",75.91,2.09
"3300075586_33.fna",80.79,1.29
"3300075586_23.fna",89.97,1.94
"3300075586_22.fna",84.18,2.43
"3300075587_15.fna",94.23,0
"3300075587_35.fna",78.18,0.85
"3300075587_28.fna",97.84,0.86
"3300075587_43.fna",77.17,4.4
"3300075587_46.fna",87.51,6.47
"3300075587_49.fna",94.22,2.58
"3300075587_51.fna",79.43,1.94
"3300075587_6.fna",89.43,2.45
"3300075587_18.fna",90.78,4.85
"3300075587_7.fna",99.51,0
"3300075587_36.fna",74.6,8.25
"3300075587_39.fna",74.33,9.83
"3300075590_17.fna",98.28,1.72
"3300075590_40.fna",88.36,1.85
"3300075591_28.fna",83.93,4.19
"3300075591_3.fna",76.79,8.82
"3300075591_12.fna",78.54,8.63
"3300075591_38.fna",86.24,0
"3300075591_4.fna",96.98,0.86
"3300075591_25.fna",70.79,1.32
"3300075591_53.fna",85.28,2.27
"3300075591_59.fna",81.73,3.28
"3300075591_61.fna",83.79,4.86
"3300075591_62.fna",85.65,0.65
"3300075591_35.fna",89.99,5.48
"3300075593_21.fna",79.45,0.86
"3300075593_39.fna",85.63,3.74
"3300075593_38.fna",74.93,3.85
"3300075593_49.fna",93.55,5.98
"3300075593_50.fna",71.5,1.04
"3300075593_51.fna",72.41,0.86
"3300075593_61.fna",81.64,1.29
"3300075593_67.fna",78.43,0.93
"3300075593_69.fna",75.56,2.03
"3300075593_32.fna",74.29,3.45
"3300075593_82.fna",91.09,4.07
"3300075593_84.fna",75.3,2.58
"3300075593_43.fna",71.37,2.56
"3300075593_77.fna",94.87,0.43
"3300075593_78.fna",92.79,0
"3300075593_79.fna",76.55,1.26
"3300075596_13.fna",75.43,0.32
"3300075596_11.fna",94.98,1.94
"3300075596_25.fna",83.15,1.39
"3300075596_26.fna",90.72,1.03
"3300075596_22.fna",93.97,2.92
"3300075596_10.fna",96.67,2.4
"3300075596_44.fna",70.66,4.75
"3300075596_39.fna",99.03,2.91
"3300075597_2.fna",85.91,2.27
"3300075597_20.fna",78.64,3.88
"3300075597_3.fna",91.8,2.64
"3300075597_12.fna",100,0.99
"3300075597_13.fna",77.99,1.16
"3300075597_9.fna",89.92,3.15
"3300075597_31.fna",94.34,3.4
"3300075597_38.fna",85.43,4.73
"3300075597_50.fna",89.44,1.43
"3300075597_53.fna",89.37,1.85
"3300075598_4.fna",74.1,9.44
"3300075598_28.fna",73.23,7.52
"3300075599_23.fna",70.69,0.86
"3300075599_19.fna",87.85,2.4
"3300075601_16.fna",76.9,5.17
"3300075601_35.fna",98.6,0
"3300075601_36.fna",71.65,0.63
"3300075601_39.fna",88.49,0
"3300075601_40.fna",82.94,7.74
"3300075601_44.fna",80.68,1.49
"3300075601_53.fna",96.98,0.86
"3300075601_54.fna",76.61,7.76
"3300075601_25.fna",85.11,4.85
"3300075601_32.fna",89.43,0
"3300075601_60.fna",75,0.86
"3300075605_27.fna",97.41,2.82
"3300075605_23.fna",89.79,1.62
"3300075605_35.fna",77.1,1.1
"3300075606_31.fna",96.58,1.71
"3300075606_38.fna",98.43,0.45
"3300075606_4.fna",87.01,2.56
"3300075606_46.fna",73.28,6.67
"3300075606_49.fna",78.79,2.7
"3300075606_53.fna",78.74,0.86
"3300075606_67.fna",81.48,5.56
"3300075606_69.fna",97.38,2.56
"3300075606_7.fna",96.1,8.97
"3300075606_70.fna",89.55,3.63
"3300075606_75.fna",87.18,1.71
"3300075606_80.fna",86.44,1.71
"3300075606_9.fna",92.95,8.83
"3300075606_18.fna",72.22,0.85
"3300075613_12.fna",75.3,1.98
"3300075613_25.fna",99.18,1.97
"3300075613_28.fna",84.64,0
"3300075613_22.fna",78.45,5.17
"3300075613_14.fna",91.26,3.88
"3300075613_20.fna",95.48,2.96
"3300075614_10.fna",92.17,1.01
"3300075614_11.fna",92.31,3.42
"3300075614_3.fna",95.73,1.71
"3300075615_26.fna",99.01,0.51
"3300075615_3.fna",90.78,5.9
"3300075615_34.fna",88.7,0.97
"3300075615_39.fna",97.84,0.86
"3300075615_48.fna",89.68,0
"3300075615_9.fna",77.23,1.98
"3300075615_43.fna",95.81,0
"3300075615_12.fna",84.95,1.21
"3300075615_14.fna",88.36,1.29
"3300075615_37.fna",75.1,2.41
"3300075618_52.fna",89.39,0.81
"3300075618_32.fna",88.88,1.66
"3300075618_15.fna",98.28,1.72
"3300075618_25.fna",99.43,0.64
"3300075628_6.fna",75.86,0.97
"3300075629_20.fna",85.19,0.71
"3300075629_4.fna",83.09,1.92
"3300075629_26.fna",88.12,0
"3300075629_7.fna",97.58,1.71
"3300075629_45.fna",81.46,4.55
"3300075630_11.fna",89.42,2.55
"3300075630_16.fna",99.12,0.18
"3300075630_23.fna",72.63,3.82
"3300075630_25.fna",94.59,2.92
"3300075630_39.fna",81.43,7.66
"3300075630_57.fna",70.69,4.31
"3300075630_60.fna",95.08,1.09
"3300075630_63.fna",72.85,3.96
"3300075630_75.fna",94.59,5.98
"3300075630_9.fna",82.76,8.62
"3300075630_55.fna",95.98,1.15
"3300075630_51.fna",77.59,0
"3300075630_52.fna",99.89,0.84
"3300075634_13.fna",90.99,1.6
"3300075634_34.fna",92.67,4.4
"3300075634_35.fna",91.1,6.15
"3300075634_38.fna",74.06,2.59
"3300075634_6.fna",92.83,2.91
"3300075634_22.fna",72.82,0
"3300075634_29.fna",71.55,0
"3300075635_10.fna",77.83,0
"3300075635_14.fna",83.67,3.41
"3300075635_16.fna",94.51,2.14
"3300075635_28.fna",89.39,0.97
"3300075635_32.fna",79.48,0.93
"3300075635_38.fna",83.26,4.44
"3300075635_40.fna",97.84,0.86
"3300075635_44.fna",94.84,0
"3300075635_50.fna",70.69,0
"3300075635_19.fna",92.85,3.87
"3300075635_22.fna",89,1.94
"3300075635_26.fna",73.49,1.1
"3300075635_8.fna",73.31,0
"3300075636_22.fna",71.21,8.62
"3300075636_26.fna",77.5,1.85
"3300075636_34.fna",96.98,0.86
"3300075636_39.fna",98.6,0
"3300075636_4.fna",70.75,8.65
"3300075636_45.fna",93.78,1.94
"3300075636_47.fna",91.75,4.21
"3300075636_54.fna",78.63,6.59
"3300075636_56.fna",94.82,3.62
"3300075636_57.fna",71.09,5.13
"3300075636_7.fna",90.32,0
"3300075636_13.fna",92.58,0
"3300075637_10.fna",80.69,2.18
"3300075637_33.fna",75.61,2.99
"3300075637_30.fna",87.68,2.35
"3300075637_32.fna",86.59,0.68
"3300075637_55.fna",97.84,0.86
"3300075637_36.fna",83.66,3.16
"3300075638_3.fna",99.32,2.7
"3300075639_3.fna",95.63,1.46
"3300075640_3.fna",80.64,6.89
"3300075640_21.fna",77.99,6.1
"3300075640_22.fna",78.21,1.71
"3300075640_24.fna",81.77,1.71
"3300075640_17.fna",90.88,5.41
"3300075640_31.fna",91.53,2.52
"3300075640_6.fna",88.02,8.9
"3300075646_11.fna",74.35,0.03
"3300075646_17.fna",84.03,3.73
"3300075646_1.fna",83.48,2.89
"3300075646_21.fna",70.69,1.72
"3300075646_23.fna",95.71,2.97
"3300075646_12.fna",94.91,0.93
"3300075646_14.fna",81.33,1.39
"3300075646_15.fna",78.35,0.85
"3300075646_18.fna",98.86,2.23
"3300075646_38.fna",94.44,0.93
"3300075646_42.fna",75.93,0.67
"3300075646_46.fna",80.41,1.25
"3300075646_27.fna",80.63,1.71
"3300075646_34.fna",71.6,3.42
"3300075646_37.fna",94.4,1.71
"3300075646_48.fna",71.37,0.59
"3300075647_12.fna",82.52,1.95
"3300075647_3.fna",81.95,9.81
"3300075647_31.fna",82.68,2.61
"3300075647_11.fna",91.1,2.73
"3300075647_22.fna",79.99,2.62
"3300075647_14.fna",72.88,0.91
"3300075648_8.fna",94.09,0
"3300075648_30.fna",70.25,5.43
"3300075649_27.fna",79.86,2.75
"3300075649_3.fna",83.71,4.27
"3300075649_11.fna",71.79,1.28
"3300075649_15.fna",80.53,0.86
"3300075650_14.fna",72.27,1.08
"3300075650_17.fna",73.92,3.64
"3300075650_22.fna",74.11,0
"3300075650_18.fna",84.03,6.84
"3300075650_1.fna",81.2,4.27
"3300075650_24.fna",81.12,2
"3300075650_27.fna",94.26,2.32
"3300075651_10.fna",98.43,1.71
"3300075651_109.fna",96.08,2.85
"3300075651_130.fna",99.32,6.05
"3300075651_102.fna",94.14,0
"3300075651_136.fna",78.38,3.3
"3300075651_141.fna",79.08,1.26
"3300075651_145.fna",98.08,1.71
"3300075651_17.fna",75.35,4.07
"3300075651_19.fna",75.07,4.48
"3300075651_2.fna",72.27,8.7
"3300075651_20.fna",78.65,1.71
"3300075651_21.fna",81.41,0.86
"3300075651_24.fna",88.29,1.29
"3300075651_25.fna",96.59,3.41
"3300075651_26.fna",78.45,9.44
"3300075651_35.fna",100,4.27
"3300075651_40.fna",94.58,2.96
"3300075651_46.fna",93.22,0
"3300075651_67.fna",96.26,2.58
"3300075651_68.fna",79.6,5.13
"3300075651_70.fna",97.65,1.71
"3300075651_71.fna",82.42,0.84
"3300075651_74.fna",79.1,6.85
"3300075651_75.fna",97.58,0.85
"3300075651_81.fna",70.09,5.13
"3300075651_88.fna",94.87,2.28
"3300075651_9.fna",86.37,0.97
"3300075651_94.fna",96.03,4.27
"3300075651_95.fna",100,0.99
"3300075651_97.fna",77.05,1.6
"3300075651_125.fna",96.16,3.82
"3300075651_134.fna",98.57,0.81
"3300075652_22.fna",81.03,0.86
"3300075652_68.fna",86.97,2.36
"3300075652_7.fna",96.61,2.85
"3300075652_64.fna",97.58,1.71
"3300075652_28.fna",94.87,2.56
"3300075652_11.fna",70.23,2.99
"3300075653_116.fna",97.47,2.13
"3300075653_23.fna",77.93,4.66
"3300075653_10.fna",91.44,2.85
"3300075653_108.fna",97.58,1.71
"3300075653_64.fna",82.42,0.85
"3300075653_80.fna",74.14,1.72
"3300075653_81.fna",75.86,0
"3300075653_30.fna",72.11,3.19
"3300075653_49.fna",70.69,0
"3300075653_55.fna",82.12,1.11
"3300075653_60.fna",88.8,0.09
"3300075653_92.fna",97.92,3.11
"3300075653_94.fna",76.31,5.92
"3300075653_88.fna",81.19,0.99
"3300075654_11.fna",91.26,0.86
"3300075654_13.fna",95.27,1.29
"3300075654_15.fna",95.95,4.73
"3300075654_24.fna",82.47,7.9
"3300075654_26.fna",70.67,1.74
"3300075654_40.fna",87.54,3.56
"3300075654_46.fna",95.56,0
"3300075654_52.fna",97.86,1.71
"3300075654_53.fna",88.21,2.66
"3300075654_56.fna",90.3,5.84
"3300075654_58.fna",89.65,0.44
"3300075654_33.fna",74.42,1.07
"3300075654_34.fna",70.56,9.31
"3300075654_88.fna",76.2,3.42
"3300075654_67.fna",93.23,2.2
"3300075654_83.fna",92.31,2.99
"3300075654_10.fna",88.17,9.64
"3300075655_12.fna",92.07,3.24
"3300075655_13.fna",96.03,0.72
"3300075655_5.fna",91.99,1.66
"3300075655_14.fna",78.55,0.45
"3300075655_9.fna",71.01,0.99
"3300075655_31.fna",90.25,3.61
"3300075655_26.fna",97.84,0.86
"3300075656_36.fna",78.48,8.9
"3300075656_29.fna",96.67,2.4
"3300075656_5.fna",85.39,0.93
"3300075656_25.fna",96.55,1.81
"3300075657_14.fna",84.55,0.65
"3300075657_15.fna",78.16,1.6
"3300075657_32.fna",83.15,0.67
"3300075657_35.fna",88.95,2.19
"3300075657_23.fna",84.01,2.02
"3300075657_4.fna",72.9,0.99
"3300075657_50.fna",97.84,0.86
"3300075657_10.fna",82.89,1.79
"3300075657_56.fna",73.94,5.92
"3300075657_58.fna",87.7,6.8
"3300075658_29.fna",88.38,2.34
"3300075658_12.fna",91.05,2.21
"3300075658_50.fna",95.69,6.47
"3300075658_14.fna",98.06,1.94
"3300075658_68.fna",71.62,2.48
"3300075658_72.fna",80.79,4.85
"3300075658_67.fna",90.62,8.91
"3300075660_15.fna",78.7,6.25
"3300075660_10.fna",70.52,3.92
"3300075660_25.fna",93.09,0.85
"3300075660_18.fna",70.15,6.05
"3300075660_17.fna",80.51,0.88
"3300075661_17.fna",76.12,0.68
"3300075662_30.fna",91.83,5.91
"3300075662_43.fna",85.69,2.82
"3300075662_49.fna",74.16,6.27
"3300075662_51.fna",87.99,1.29
"3300075662_55.fna",91.61,0
"3300075662_18.fna",99.51,0
"3300075662_29.fna",77.38,3.36
"3300075662_62.fna",97.84,0.86
"3300075662_7.fna",90.45,0.97
"3300075663_27.fna",98.6,0
"3300075663_15.fna",97.84,0.86
"3300075663_47.fna",94.21,4.19
"3300075663_29.fna",86.16,4.44
"3300075663_40.fna",92.26,0
"3300075663_10.fna",82.15,0.85
"3300075663_6.fna",84.71,4.62
"3300075663_23.fna",77.52,0.99
"3300075663_24.fna",90.65,1.94
"3300075663_51.fna",88.03,8.25
"3300075664_21.fna",95.88,0.32
"3300075664_31.fna",80.11,2.59
"3300075664_40.fna",75.86,0
"3300075664_34.fna",83.66,9.71
"3300075664_53.fna",99.01,0.49
"3300075664_55.fna",71.54,6.32
"3300075664_5.fna",97.84,0.86
"3300075664_30.fna",96.38,4.39
"3300075664_44.fna",96.13,0
"3300075665_20.fna",82.32,3.43
"3300075665_4.fna",72.71,0
"3300075665_6.fna",81.2,5.26
"3300075665_8.fna",73.05,1.76
"3300075665_14.fna",82.08,7.48
"3300075666_22.fna",79.31,3.41
"3300075667_23.fna",90.13,2.57
"3300075667_6.fna",70.31,7.26
"3300075765_24.fna",97.65,0.85
"3300075765_29.fna",87.75,0.85
"3300075765_3.fna",74.79,7.69
"3300075765_32.fna",79.79,6.73
"3300075765_37.fna",89.09,3.42
"3300075765_41.fna",97.3,0
"3300075765_21.fna",78.57,4.73
"3300075765_36.fna",90.12,0
"3300075767_17.fna",98.29,2.56
"3300075767_11.fna",70.59,0
"3300075768_2.fna",76.48,6.42
"3300075769_23.fna",80.99,2.17
"3300075769_31.fna",71.54,2.48
"3300075769_32.fna",84.38,3.69
"3300075769_36.fna",79.48,8.61
"3300075769_37.fna",70.57,3.24
"3300075769_11.fna",86.97,0.85
"3300075769_12.fna",89.13,1.41
"3300075769_7.fna",82.91,2.7
"3300075769_21.fna",87.73,2.4
"3300075769_41.fna",72.42,0.65
"3300075770_12.fna",71.88,5.6
"3300075770_27.fna",90.78,4.37
"3300075770_34.fna",87.37,4.44
"3300075770_2.fna",72.94,1.85
"3300075770_4.fna",89.84,1.29
"3300075770_36.fna",73.9,2.03
"3300075770_37.fna",70.34,5.84
"3300075770_51.fna",97.84,0.86
"3300075770_53.fna",72.66,2.63
"3300075770_7.fna",81.42,1.34
"3300075770_43.fna",83.28,4.92
"3300075770_46.fna",82.9,0
"3300075935_45.fna",84.08,2.59
"3300075935_46.fna",83.01,4.09
"3300075935_50.fna",75.07,3.76
"3300075935_33.fna",87.2,2
"3300075935_35.fna",77.92,8.83
"3300075935_10.fna",73.29,3.08
"3300075935_47.fna",83.34,3.47
"3300075935_48.fna",72.35,2.38
"3300075936_14.fna",79.74,5.43
"3300075936_21.fna",76.54,1.35
"3300075936_46.fna",70.26,3.88
"3300075936_45.fna",79.72,0
"3300075936_27.fna",93.96,2.9
"3300075936_30.fna",79.31,0
"3300075936_56.fna",73.42,8.78
"3300075937_10.fna",95.96,7.71
"3300075937_15.fna",80.13,5.98
"3300075937_22.fna",93.19,3.81
"3300075937_19.fna",93.32,5.56
"3300075937_2.fna",87.14,6.04
"3300075937_30.fna",91.23,1.15
"3300075937_42.fna",90.83,0.86
"3300075937_6.fna",84.34,2.09
"3300075937_8.fna",71.66,6.79
"3300075937_29.fna",92.48,2.71
"3300075937_4.fna",98.85,2.3
"3300075986_14.fna",98.28,1.72
"3300075986_7.fna",88.5,2.78
"3300075986_3.fna",89.56,0
"3300075986_46.fna",76.62,6.59
"3300075998_3.fna",93.16,9.63
"3300076003_15.fna",90.21,9.16
"3300076003_35.fna",90.6,4.27
"3300076003_17.fna",87.2,9.96
"3300076003_7.fna",96.53,8.59
"3300076003_3.fna",93.09,4.17
"3300076003_12.fna",95.83,0.93
"3300076003_36.fna",95.26,0.86
"3300076003_38.fna",80.15,3.74
"3300076003_39.fna",83.61,1.29
"3300076007_4.fna",87.04,8.08
"3300076007_7.fna",76.87,2.16
"3300076007_14.fna",84.84,4.27
"3300076008_19.fna",84.33,4.54
"3300076008_24.fna",77.66,1.42
"3300076008_18.fna",77.06,0.79
"3300076008_14.fna",73.49,1.97
"3300076008_6.fna",82.88,1.6
"3300076015_14.fna",93.25,1.24
"3300076015_2.fna",87.52,4.63
"3300076015_3.fna",74.1,4.73
"3300076015_15.fna",97.3,4.08
"3300076015_1.fna",72.41,6.27
"3300076021_26.fna",92.47,6.29
"3300076021_33.fna",78.07,4.4
"3300076021_43.fna",79.24,2.56
"3300076021_47.fna",84.35,3.7
"3300076021_32.fna",89.74,4.27
"3300076021_31.fna",80.48,2.56
"3300076027_13.fna",95.37,0.83
"3300076027_14.fna",97.01,2.14
"3300076027_21.fna",92.09,8.2
"3300076027_22.fna",71.3,2.17
"3300076027_1.fna",96.12,0.86
"3300076027_3.fna",83.77,1.08
"3300076027_35.fna",99.49,1.52
"3300076027_26.fna",99.26,0.87
"3300076027_28.fna",75.12,0.67
"3300076027_17.fna",99.15,1.71
"3300076027_18.fna",89.03,1.71
"3300076027_40.fna",80.84,4.34
"3300076027_42.fna",92.09,1.71
"3300076027_43.fna",97.44,0.85
"3300076028_9.fna",87.35,5.15
"3300076028_21.fna",76.29,5.74
"3300076028_10.fna",92.69,1.29
"3300076030_15.fna",98.08,1.71
"3300076030_16.fna",89.74,1.85
"3300076030_27.fna",81.84,1.71
"3300076030_41.fna",96.72,2.71
"3300076030_23.fna",94.02,2.56
"3300076030_14.fna",96.79,0.85
"3300076030_40.fna",79.25,6.58
"3300076030_30.fna",94.66,5.13
"3300076030_39.fna",80.4,1.71
"3300076030_6.fna",87.55,5.34
"3300076030_7.fna",91.58,3.62
"3300076031_15.fna",96.58,0
"3300076031_2.fna",87.5,3.16
"3300076031_35.fna",97.62,1.29
"3300076031_22.fna",99.14,0
"3300076031_23.fna",74.32,5.28
"3300076031_10.fna",97.36,2.56
"3300076031_43.fna",96.47,5.4
"3300076031_45.fna",83.81,2.84
"3300076031_48.fna",96.38,2.28
"3300076031_5.fna",96.57,8.01
"3300076031_26.fna",98.88,2.56
"3300076031_3.fna",74.78,2.81
"3300076031_34.fna",80.45,4.01
"3300076031_69.fna",83.17,0
"3300076031_36.fna",97.29,1.74
"3300076031_37.fna",96.71,2.33
"3300076031_40.fna",86.11,8.61
"3300076031_56.fna",92.17,2.05
"3300076031_58.fna",70.89,2.05
"3300076031_61.fna",94.66,1.94
"3300076031_8.fna",93.59,0.85
"3300076036_23.fna",82.32,1.23
"3300076036_42.fna",71.39,0.18
"3300076036_46.fna",89.32,2.56
"3300076036_50.fna",85.93,3.66
"3300076036_60.fna",90.39,1.41
"3300076037_21.fna",75.49,7.06
"3300076037_34.fna",80.6,5.68
"3300076037_40.fna",95.6,2.26
"3300076037_47.fna",90.95,5.03
"3300076037_8.fna",86.97,2.56
"3300076037_41.fna",83.71,8.31
"3300076037_43.fna",76.23,3.42
"3300076037_44.fna",88.31,7.26
"3300076037_46.fna",85.08,8.64
"3300076038_21.fna",97.13,1.03
"3300076038_23.fna",85.04,7.51
"3300076038_27.fna",71.85,2.6
"3300076038_32.fna",82.21,2.28
"3300076038_4.fna",83.26,6.03
"3300076038_6.fna",88.35,2.02
"3300076038_16.fna",95.16,2.56
"3300076038_1.fna",92.74,4.31
"3300076038_25.fna",94.11,8.48
"3300076038_15.fna",90.93,3.51
"3300076290_29.fna",79.04,3.45
"3300076290_15.fna",90.58,1.94
"3300076290_18.fna",83.78,1.61
"3300076290_31.fna",89,4.21
"3300076290_49.fna",84.32,9.71
"3300076290_50.fna",96.65,6.7
"3300076290_16.fna",73.17,0.93
"3300076290_56.fna",72.41,0
"3300076291_25.fna",91.72,1.29
"3300076291_21.fna",86.25,8.74
"3300076291_45.fna",82.5,1.85
"3300076292_23.fna",82.59,2.64
"3300076292_4.fna",90.21,0.64
"3300076292_11.fna",89.22,3.45
"3300076292_42.fna",76.03,2.78
"3300076293_25.fna",81.03,3.45
"3300076293_21.fna",84.68,0.65
"3300076293_40.fna",85,2.37
"3300076293_32.fna",72.28,3.45
"3300076293_54.fna",77.19,1.75
"3300076293_44.fna",75.44,0
"3300076293_46.fna",86.61,2.06
"3300076293_18.fna",88.89,3.51
"3300076293_27.fna",98.36,2.17
"3300076293_30.fna",81.03,0
"3300076294_19.fna",78.25,3.86
"3300076294_36.fna",79.77,0
"3300076294_20.fna",80.39,2.47
"3300076294_12.fna",70.17,4.62
"3300076294_40.fna",74.14,1.72
"3300076294_32.fna",73.96,1.65
"3300076295_40.fna",72.41,0
"3300076295_18.fna",90.95,2.01
"3300076295_2.fna",82.53,4.81
"3300076296_16.fna",71.35,1.29
"3300076296_77.fna",91.6,2.65
"3300076296_88.fna",79.19,2.66
"3300076296_70.fna",72.78,0.94
"3300076296_49.fna",90.56,7.4
"3300076593_14.fna",89.42,2.56
"3300076593_5.fna",72.86,4.3
"3300076593_24.fna",95.99,3.17
"3300076603_13.fna",80.55,7.69
"3300076603_3.fna",76.77,1.69
"3300076603_23.fna",70.53,2.94
"3300076604_10.fna",99.79,1.76
"3300076604_17.fna",74.74,2.56
"3300076604_40.fna",97.08,1.71
"3300076604_42.fna",86.86,0
"3300076604_46.fna",99.01,0.99
"3300076604_49.fna",97.58,1.71
"3300076604_18.fna",95.99,0
"3300076604_50.fna",73.17,0
"3300076604_54.fna",96.79,1.71
"3300076604_64.fna",95.81,2.85
"3300076604_75.fna",82.51,0.93
"3300076604_77.fna",99.15,3.85
"3300076604_5.fna",93.98,1.47
"3300076605_10.fna",80.7,0
"3300076605_100.fna",75.87,2.43
"3300076605_103.fna",75.88,2.67
"3300076605_105.fna",97.36,0.99
"3300076605_11.fna",74.66,1.96
"3300076605_110.fna",77.58,3.15
"3300076605_12.fna",97.49,0.81
"3300076605_1.fna",97.3,2.03
"3300076605_23.fna",84.33,0.51
"3300076605_36.fna",78.04,1.64
"3300076605_38.fna",96.6,0
"3300076605_40.fna",94.41,3.93
"3300076605_44.fna",97.86,4.7
"3300076605_45.fna",96.79,1.71
"3300076605_17.fna",98.08,1.71
"3300076605_53.fna",93.58,3.39
"3300076605_64.fna",81.29,0
"3300076605_67.fna",97.26,1.93
"3300076605_70.fna",85.15,4.1
"3300076605_9.fna",94.85,1.25
"3300076605_90.fna",70.83,1.32
"3300076605_97.fna",93.57,8.97
"3300076605_47.fna",72.3,3.9
"3300076605_48.fna",98.43,1.71
"3300076605_5.fna",81.97,2.56
"3300076605_43.fna",91.67,1.04
"3300076606_10.fna",75.86,0
"3300076606_120.fna",70.63,3.48
"3300076606_21.fna",97.3,1.54
"3300076606_24.fna",74.17,1.32
"3300076606_20.fna",99.15,4.7
"3300076606_36.fna",88.09,0.99
"3300076606_38.fna",97.65,1.71
"3300076606_115.fna",99.79,2.56
"3300076606_5.fna",71.87,0
"3300076606_51.fna",88.83,0
"3300076606_55.fna",77.27,4.99
"3300076606_57.fna",98.43,1.71
"3300076606_58.fna",76.8,0.45
"3300076606_31.fna",85.12,0.8
"3300076606_61.fna",97.49,0.54
"3300076606_62.fna",71.67,7.05
"3300076606_4.fna",84.84,3.51
"3300076606_48.fna",79.55,0
"3300076606_79.fna",76.68,2.63
"3300076606_8.fna",71.67,2.36
"3300076606_81.fna",85.26,4.73
"3300076606_84.fna",81.18,0
"3300076606_92.fna",72.15,1.71
"3300076606_96.fna",96.25,0.62
"3300076606_67.fna",85.04,2.99
"3300076606_6.fna",81.6,2.84
"3300076607_17.fna",87.91,2.02
"3300076607_3.fna",78.2,6.42
"3300076607_22.fna",78.99,7.69
"3300076607_4.fna",74.57,1.44
"3300076607_41.fna",91.6,4.93
"3300076607_46.fna",90.88,4.27
"3300076607_47.fna",99.79,2.56
"3300076607_48.fna",72.22,0
"3300076607_5.fna",89.01,2.46
"3300076607_53.fna",72.3,0
"3300076607_57.fna",95.55,1.09
"3300076607_59.fna",85.17,1.48
"3300076607_60.fna",97.44,7.26
"3300076607_44.fna",84.22,0.88
"3300076607_45.fna",73.75,1.13
"3300076607_66.fna",76.37,3.41
"3300076607_69.fna",87.29,0.99
"3300076607_71.fna",75.47,0.11
"3300076607_80.fna",95.22,3.67
"3300076607_82.fna",71.51,1.52
"3300076607_83.fna",96.79,1.71
"3300076607_85.fna",73.62,3.45
"3300076607_86.fna",96.6,0.49
"3300076607_88.fna",92.57,3.35
"3300076607_89.fna",96.63,0.54
"3300076607_9.fna",98.43,1.71
"3300076607_93.fna",70.85,0
"3300076607_97.fna",82.95,6.76
"3300076607_63.fna",75.76,3.68
"3300076608_113.fna",77.41,5.53
"3300076608_12.fna",99.79,2.56
"3300076608_108.fna",87.97,1.81
"3300076608_11.fna",98.43,1.71
"3300076608_20.fna",79.49,0.09
"3300076608_19.fna",81.36,2.15
"3300076608_34.fna",99.01,0.99
"3300076608_39.fna",96.22,0.59
"3300076608_41.fna",70.54,7.69
"3300076608_48.fna",92.2,3.12
"3300076608_24.fna",90.54,3.18
"3300076608_33.fna",90.71,0.96
"3300076608_82.fna",70.23,2.01
"3300076608_93.fna",97.65,1.71
"3300076608_94.fna",90.66,0
"3300076608_97.fna",85.9,1.41
"3300076608_55.fna",82.21,1.44
"3300076608_58.fna",96.95,2.29
"3300076608_74.fna",93.81,2.06
"3300076608_75.fna",91.76,0.62
"3300076608_79.fna",76.18,6.25
"3300076608_67.fna",72.91,1.16
"3300076609_5.fna",72.6,0
"3300076609_27.fna",95.15,3.07
"3300076609_53.fna",80.73,1.61
"3300076609_11.fna",76.86,1.61
"3300076609_10.fna",93.2,4.85
"3300076610_14.fna",98.15,2.34
"3300076610_45.fna",78.95,0
"3300076610_46.fna",74.16,2.02
"3300076610_5.fna",93.33,1.61
"3300076610_29.fna",86.02,0
"3300076610_50.fna",77.81,2.63
"3300076610_42.fna",95.15,1.05
"3300076610_16.fna",83.83,2.67
"3300076610_34.fna",80.42,1.94
"3300076611_19.fna",98.44,1.71
"3300076611_2.fna",71.09,2.97
"3300076611_38.fna",78.29,1.72
"3300076611_20.fna",82.5,0.85
"3300076611_46.fna",73.95,4.85
"3300076611_25.fna",86.82,1.94
"3300076612_32.fna",92.24,1.29
"3300076613_47.fna",77.67,1.94
"3300076613_46.fna",80.51,2.43
"3300076613_20.fna",90.95,0.86
"3300076614_30.fna",98.08,1.38
"3300076614_8.fna",87.36,1.01
"3300076614_43.fna",97.87,1.29
"3300076615_19.fna",87.24,2.59
"3300076615_27.fna",78.19,3.88
"3300076616_15.fna",71.16,1.72
"3300076616_18.fna",77.26,2.16
"3300076616_21.fna",85.78,2.67
"3300076617_14.fna",79,3.24
"3300076617_32.fna",91.81,2.67
"3300076617_33.fna",85.56,3.11
"3300076618_58.fna",71.82,0
"3300076618_18.fna",97.58,0.85
"3300076618_30.fna",96.3,2.14
"3300076618_67.fna",88.52,2.56
"3300076618_45.fna",91.06,1.88
"3300076618_66.fna",74.64,0.85
"3300076618_63.fna",87.55,7.13
"3300076619_1.fna",85.94,0
"3300076619_32.fna",94.12,3.83
"3300076619_4.fna",96.55,1.81
"3300076620_2.fna",78.84,4.43
"3300076620_4.fna",72.49,1.3
"3300076620_3.fna",96.12,3.88
"3300076620_23.fna",70.57,1.04
"3300076620_25.fna",73.95,0.97
"3300076621_17.fna",79.91,2.56
"3300076621_22.fna",87.04,4.3
"3300076621_25.fna",88.48,2.26
"3300076621_39.fna",87.16,2.36
"3300076621_43.fna",86.49,1.81
"3300076621_64.fna",87.69,3.21
"3300076621_65.fna",77.78,2.53
"3300076621_73.fna",73.83,1.68
"3300076621_75.fna",70.6,0.34
"3300076621_8.fna",81.68,3.42
"3300076621_56.fna",84.96,0.81
"3300076621_58.fna",78.46,1.32
"3300076621_6.fna",95.39,1.14
"3300076622_24.fna",93.92,4.05
"3300076622_40.fna",78.76,1.09
"3300076622_49.fna",84.65,9.81
"3300076622_55.fna",97.69,1.23
"3300076622_56.fna",93.44,1.49
"3300076622_16.fna",79.29,1.71
"3300076622_17.fna",76.55,1.72
"3300076622_21.fna",92.53,0.86
"3300076622_68.fna",93.16,3.85
"3300076622_70.fna",91.24,0.85
"3300076622_78.fna",83.86,2.56
"3300076622_75.fna",81.19,2.2
"3300076622_77.fna",75.57,0.86
"3300076622_6.fna",89.66,3.66
"3300076622_60.fna",99.07,0
"3300076623_85.fna",93.56,6.83
"3300076623_20.fna",81.5,3.41
"3300076623_22.fna",95.47,2.4
"3300076623_31.fna",77.56,3.65
"3300076623_33.fna",93.16,1.28
"3300076623_37.fna",97.44,3.42
"3300076623_38.fna",94.23,5.13
"3300076623_13.fna",98.02,2.14
"3300076623_17.fna",94.02,1.71
"3300076623_44.fna",79.51,2.7
"3300076623_46.fna",80.95,0
"3300076623_49.fna",79.06,1.71
"3300076623_53.fna",94.32,2.27
"3300076623_6.fna",76.46,1.85
"3300076623_65.fna",95.24,1.28
"3300076623_4.fna",73.08,1.1
"3300076623_41.fna",94.87,1.71
"3300076623_43.fna",76.07,0.8
"3300076623_84.fna",81.66,8.29
"3300076623_91.fna",88.19,2.68
"3300076623_86.fna",89.19,2.24
"3300076623_9.fna",78.47,7.77
"3300076623_92.fna",81.7,2.99
"3300076623_75.fna",96.31,1.76
"3300076623_78.fna",87.75,3.14
"3300076624_9.fna",74.76,1.98
"3300076624_41.fna",77.56,6.43
"3300076624_42.fna",72.54,1.32
"3300076625_24.fna",72.42,1.29
"3300076625_25.fna",74.67,1.42
"3300076628_22.fna",94.83,4.26
"3300076628_1.fna",78.41,0.29
"3300076629_17.fna",94.38,3.29
"3300076629_14.fna",85.44,1.94
"3300076629_6.fna",88.58,3.82
"3300076629_44.fna",73.82,1.71
"3300076630_4.fna",77.34,1.72
"3300076630_25.fna",71.43,5.57
"3300076630_5.fna",82.85,0.97
"3300076630_51.fna",78.5,6.53
"3300076630_14.fna",71.28,0.85
"3300076631_14.fna",83.5,1.78
"3300076631_11.fna",92.31,2.2
"3300076631_2.fna",76.3,0.87
"3300076631_23.fna",86.68,3.17
"3300076631_27.fna",79.43,4.85
"3300076631_10.fna",89.77,0.99
"3300076631_47.fna",98.51,8.7
"3300076631_49.fna",77.59,0.86
"3300076631_15.fna",88.51,0.95
"3300076631_18.fna",80.61,3.85
"3300076631_9.fna",84.17,7.58
"3300076631_38.fna",84.69,1.42
"3300076631_43.fna",87.35,1.94
"3300076631_51.fna",85.67,4.81
"3300076631_54.fna",73.28,4.31
"3300076632_35.fna",78.12,2.6
"3300076632_71.fna",77.47,2.65
"3300076632_2.fna",82.19,4.25
"3300076633_12.fna",96.79,1.71
"3300076633_41.fna",97.58,1.71
"3300076633_1.fna",90.03,2.06
"3300076633_47.fna",85.15,0.08
"3300076633_48.fna",99.79,1.71
"3300076633_17.fna",92.96,3.92
"3300076633_2.fna",75.3,9.44
"3300076633_55.fna",90.74,0.85
"3300076633_57.fna",70.14,1.76
"3300076633_59.fna",98.2,3.85
"3300076633_71.fna",100,0.99
"3300076633_44.fna",92.08,1.08
"3300076633_93.fna",79.31,8.67
"3300076633_5.fna",92.96,0
"3300076633_98.fna",70.06,0
"3300076633_81.fna",87.83,2.01
"3300076634_101.fna",87.27,3.39
"3300076634_102.fna",81.96,5.77
"3300076634_29.fna",70.24,2.65
"3300076634_14.fna",71.13,4.67
"3300076634_25.fna",85.36,7.15
"3300076634_45.fna",98.43,2.14
"3300076634_22.fna",72.41,0
"3300076634_72.fna",86.73,1.08
"3300076634_78.fna",96.79,1.71
"3300076634_79.fna",71.17,3.39
"3300076634_32.fna",75.93,3.98
"3300076634_88.fna",99.79,1.71
"3300076634_89.fna",82.63,0.28
"3300076634_90.fna",96.5,0.49
"3300076634_99.fna",78.46,1.03
"3300076634_67.fna",86.11,5.45
"3300076634_71.fna",94.75,1.25
"3300076634_80.fna",89.13,1.55
"3300076635_23.fna",83.91,0.81
"3300076635_36.fna",88.89,2.1
"3300076635_38.fna",72.7,3.49
"3300076635_42.fna",77.73,4.56
"3300076635_47.fna",97.58,1.71
"3300076635_49.fna",96.61,0.49
"3300076635_66.fna",75.78,3.45
"3300076635_70.fna",79.9,4.43
"3300076635_72.fna",83.16,4.06
"3300076635_18.fna",97.65,1.71
"3300076635_13.fna",99.79,1.71
"3300076635_15.fna",72.64,0.8
"3300076635_25.fna",92.8,0.79
"3300076636_13.fna",73.68,0
"3300076636_2.fna",76.36,1.07
"3300076636_61.fna",99.79,3.51
"3300076636_63.fna",82.02,2.34
"3300076636_65.fna",85.28,2.4
"3300076636_34.fna",94.59,2.99
"3300076636_37.fna",81.79,0.21
"3300076636_42.fna",72.27,2.9
"3300076636_56.fna",74.09,1.71
"3300076636_9.fna",79.95,4.7
"3300076636_8.fna",90.08,3.39
"3300076636_71.fna",95.7,2.2
"3300076636_73.fna",92.73,2.65
"3300076636_76.fna",97.65,1.71
"3300076637_100.fna",83.29,0
"3300076637_45.fna",89.13,1.08
"3300076637_15.fna",94.31,0
"3300076637_50.fna",91.58,1.1
"3300076637_52.fna",97.65,1.71
"3300076637_60.fna",93.18,1.74
"3300076637_2.fna",71.6,0.93
"3300076637_20.fna",92.87,2.85
"3300076637_30.fna",73.93,4.46
"3300076637_5.fna",75.54,3.3
"3300076637_71.fna",74.07,4.06
"3300076637_63.fna",73.27,0.85
"3300076637_87.fna",73.79,1.72
"3300076638_20.fna",98.43,1.71
"3300076638_22.fna",96.79,1.71
"3300076638_26.fna",73.45,3.42
"3300076638_28.fna",94.3,2.85
"3300076638_37.fna",87.44,1.8
"3300076638_39.fna",95.87,0.94
"3300076638_40.fna",88.83,0
"3300076638_59.fna",87.66,3.99
"3300076638_62.fna",98.08,2.56
"3300076638_75.fna",88.58,1.85
"3300076638_9.fna",90.78,1.47
"3300076638_17.fna",100,0.99
"3300076639_1.fna",82.77,1.85
"3300076639_23.fna",94.83,0
"3300076639_30.fna",72.26,4.68
"3300076639_35.fna",74.03,0.85
"3300076639_17.fna",76.17,2.2
"3300076639_22.fna",84.84,0.65
"3300076641_43.fna",90.04,3.96
"3300076641_46.fna",77.21,2.56
"3300076641_48.fna",85.77,1.85
"3300076641_51.fna",76.7,2.91
"3300076641_14.fna",81.9,0.84
"3300076642_41.fna",84.4,7.25
"3300076642_19.fna",80.27,1
"3300076642_25.fna",78.24,4.24
"3300076642_31.fna",74.99,3.94
"3300076644_9.fna",91.08,0.86
"3300076644_31.fna",70.77,0.4
"3300076648_6.fna",91.26,1.94
"3300076649_104.fna",96.62,0.68
"3300076649_112.fna",92.89,0.86
"3300076649_116.fna",97.32,0.94
"3300076649_102.fna",91.91,0
"3300076649_30.fna",81.12,3.81
"3300076649_43.fna",77.55,0.43
"3300076649_5.fna",83.57,2.98
"3300076649_66.fna",85.99,3.36
"3300076649_68.fna",72.8,2.52
"3300076649_71.fna",72.99,5.64
"3300076649_87.fna",92.42,1.35
"3300076649_99.fna",75,0
"3300076649_137.fna",90.59,0
"3300076649_133.fna",87.02,0.78
"3300076649_29.fna",95.52,1
"3300076650_13.fna",91.45,2.99
"3300076650_37.fna",77.93,3.42
"3300076650_23.fna",98.26,1.74
"3300076650_42.fna",75.17,0
"3300076650_44.fna",79.84,4.39
"3300076650_54.fna",97.64,5.26
"3300076650_57.fna",72.41,0
"3300076650_29.fna",80.88,4.7
"3300076650_35.fna",86.14,9.63
"3300076650_67.fna",97.22,1.29
"3300076650_73.fna",88.61,6.23
"3300076650_86.fna",79.39,0.91
"3300076650_58.fna",94.27,2.4
"3300076664_44.fna",70.88,2.78
"3300076664_45.fna",89.22,3.97
"3300076664_8.fna",71.52,7.77
"3300076673_15.fna",98.48,2.84
"3300076673_16.fna",95.35,4.27
"3300076673_113.fna",73.67,4.19
"3300076673_22.fna",97.65,1.71
"3300076673_30.fna",94.43,2.55
"3300076673_36.fna",72.19,1.4
"3300076673_39.fna",81.76,7.83
"3300076673_40.fna",98.43,1.71
"3300076673_41.fna",80,0
"3300076673_20.fna",91.85,2.14
"3300076673_64.fna",99.79,2.14
"3300076673_66.fna",97.03,0.99
"3300076673_72.fna",90.1,6.42
"3300076673_79.fna",93.09,1.41
"3300076673_80.fna",72.13,3.85
"3300076673_86.fna",98.03,1.97
"3300076673_93.fna",97.49,1.08
"3300076673_61.fna",73.6,6.19
"3300076673_71.fna",85.92,0
"3300076673_69.fna",92.96,4.06
"3300076673_7.fna",73.59,0.8
"3300076676_105.fna",93.24,3.8
"3300076676_104.fna",96.37,1.71
"3300076676_119.fna",87.84,0.69
"3300076676_10.fna",91.9,5.51
"3300076676_101.fna",92.08,0.99
"3300076676_38.fna",78.15,1.92
"3300076676_109.fna",85.49,0
"3300076676_113.fna",83.17,3.8
"3300076676_115.fna",91.49,3.39
"3300076676_51.fna",86.13,1.6
"3300076676_52.fna",95.22,4.2
"3300076676_53.fna",99.51,2.22
"3300076676_30.fna",74.24,6.86
"3300076676_36.fna",75.57,0.66
"3300076676_37.fna",74.36,2.14
"3300076676_7.fna",88.37,6.98
"3300076676_75.fna",84.59,0.22
"3300076676_79.fna",87.69,1.7
"3300076676_86.fna",98.03,0.54
"3300076676_9.fna",98.01,2.63
"3300076676_90.fna",80.7,0
"3300076676_98.fna",98.43,1.71
"3300076676_65.fna",90.16,6.09
"3300076676_67.fna",96.79,1.71
"3300076676_56.fna",96.58,3.85
"3300076760_9.fna",98.93,2.7
"3300076760_17.fna",86.64,4.74
"3300076761_13.fna",70.58,4.06
"3300076761_28.fna",76.32,3.45
"3300076761_22.fna",93.65,3.42
"3300076761_32.fna",70.1,0.68
"3300076762_38.fna",76.28,8.22
"3300076762_30.fna",98.28,0
"3300076762_54.fna",77.51,1.94
"3300076762_56.fna",79.49,3.42
"3300076762_66.fna",83.66,0.97
"3300076762_70.fna",95.73,0.85
"3300076762_71.fna",94.47,4.49
"3300076762_74.fna",77.27,0
"3300076762_75.fna",88.26,0.87
"3300076762_76.fna",94.16,5.13
"3300076762_84.fna",77.95,1.46
"3300076762_86.fna",73.45,1.72
"3300076762_90.fna",76.34,2.71
"3300076762_62.fna",79.36,3.56
"3300076763_31.fna",79.65,0.61
"3300076763_30.fna",90.11,6.9
"3300076763_45.fna",99.32,3.15
"3300076763_32.fna",71.23,3.28
"3300076763_83.fna",81.04,3.51
"3300076763_33.fna",79.44,2.14
"3300076763_95.fna",77.26,3.76
"3300076763_97.fna",93.35,5.88
"3300076763_161.fna",75.17,1.72
"3300076763_163.fna",85.07,1.71
"3300076763_166.fna",76.2,1.69
"3300076763_175.fna",74.73,0
"3300076763_179.fna",95.38,7.77
"3300076763_93.fna",98.29,1.28
"3300076763_185.fna",80.38,0
"3300076763_186.fna",82.36,0.93
"3300076763_190.fna",73.28,0
"3300076763_195.fna",79.51,5.26
"3300076763_200.fna",75.31,1.72
"3300076763_207.fna",74.69,1.25
"3300076763_102.fna",70.95,2.98
"3300076763_124.fna",84.72,6.31
"3300076763_142.fna",97.44,1.83
"3300076763_143.fna",96.58,7.48
"3300076763_151.fna",94.32,4.55
"3300076763_152.fna",90.3,2.55
"3300076763_159.fna",97.29,1.28
"3300076763_160.fna",79.97,0
"3300076763_172.fna",80.17,1.01
"3300076763_173.fna",89.35,2.4
"3300076763_181.fna",71.12,0.99
"3300076803_11.fna",80.52,2.03
"3300076803_12.fna",97.44,2.71
"3300076803_21.fna",77.68,7.55
"3300076803_25.fna",97.17,0.55
"3300076803_32.fna",70.46,0.85
"3300077015_2.fna",93.64,8.76
"3300077018_103.fna",70.69,1.72
"3300077018_36.fna",92.34,2.09
"3300077018_105.fna",91.27,2.85
"3300077018_45.fna",85.61,1.21
"3300077018_53.fna",95.28,3.39
"3300077018_54.fna",97.65,1.71
"3300077018_110.fna",100,1.49
"3300077018_16.fna",89.35,1.9
"3300077018_17.fna",100,4.8
"3300077018_24.fna",95.87,0.85
"3300077018_73.fna",71.73,5.94
"3300077018_8.fna",76.62,4.81
"3300077018_84.fna",87.78,0.93
"3300077018_96.fna",94.66,0
"3300077018_65.fna",99.79,2.14
"3300077018_59.fna",92.95,4.55
"3300077018_6.fna",70.87,4.27
"3300077018_61.fna",86.77,2.03
"3300077018_91.fna",94.52,1.74
"3300077094_115.fna",71.42,0.84
"3300077094_119.fna",70.26,7.15
"3300077094_13.fna",74,7.12
"3300077094_25.fna",87.12,4.29
"3300077094_26.fna",86.57,0
"3300077094_31.fna",93.78,6.7
"3300077094_35.fna",80.64,2.85
"3300077094_43.fna",71.32,3.85
"3300077094_44.fna",75.47,5.17
"3300077094_47.fna",72.14,1.87
"3300077094_49.fna",71.57,0.7
"3300077094_5.fna",98.31,0.85
"3300077094_50.fna",98.43,1.71
"3300077094_52.fna",87.36,2.22
"3300077094_54.fna",93.07,2.97
"3300077094_55.fna",96.79,1.71
"3300077094_64.fna",90.91,3.39
"3300077094_69.fna",93,4.26
"3300077094_71.fna",91.61,7.08
"3300077094_82.fna",73.93,3.7
"3300077094_86.fna",73.21,1.03
"3300077094_89.fna",91.06,1.65
"3300077094_108.fna",89.3,1.92
"3300077094_109.fna",94.42,1.25
"3300077094_11.fna",87.14,3.5
"3300077094_118.fna",82.98,2.54
"3300077094_91.fna",82.29,3.74
"3300077095_13.fna",91.25,1.14
"3300077095_15.fna",72.93,0
"3300077095_16.fna",97.31,0.54
"3300077095_29.fna",86.53,3.13
"3300077095_51.fna",71.91,5.27
"3300077095_53.fna",98.43,2.56
"3300077095_60.fna",87.79,1.98
"3300077095_45.fna",90.03,2.5
"3300077095_66.fna",86.5,0.53
"3300077095_67.fna",99.79,1.71
"3300077095_76.fna",92.73,8.97
"3300077095_78.fna",95.72,4.27
"3300077095_79.fna",94.02,6.27
"3300077095_90.fna",97.78,1.97
"3300077095_63.fna",97.65,1.71
"3300077095_100.fna",96.26,1.74
"3300077095_11.fna",73.91,4.73
"3300077095_27.fna",80.78,2.37
"3300077096_57.fna",73.13,0.85
"3300077096_34.fna",85.04,5.64
"3300077096_25.fna",74.09,4.79
"3300077096_5.fna",75.85,2.62
"3300077107_18.fna",86.9,4.99
"3300077107_2.fna",85.9,8.94
"3300077109_11.fna",79.01,5.64
"3300077109_2.fna",82.69,4.05
"3300077110_13.fna",87.14,4.19
"3300077110_26.fna",83.78,5.98
"3300077110_27.fna",94.83,0.86
"3300077110_28.fna",71.84,0
"3300077110_43.fna",88.64,1.94
"3300077110_70.fna",81.97,3.31
"3300077110_80.fna",93.02,0.85
"3300077110_31.fna",77.98,2.2
"3300077110_40.fna",92.99,2.23
"3300077110_88.fna",81.71,0.85
"3300077110_9.fna",75.93,0
"3300077110_81.fna",79.72,1.51
"3300077110_82.fna",79.5,0
"3300077110_83.fna",94.84,3.11
"3300077115_12.fna",72.55,2.26
"3300077115_18.fna",90.87,0.01
"3300077115_1.fna",89.66,1.72
"3300077115_25.fna",82.39,1.9
"3300077115_26.fna",94.21,0.79
"3300077115_29.fna",95.05,5.15
"3300077115_2.fna",99.1,2.01
"3300077115_23.fna",71.37,3.76
"3300077116_16.fna",76.37,3.78
"3300077116_7.fna",93.22,1.64
"3300077117_14.fna",86.15,1.71
"3300077117_15.fna",98.01,0.85
"3300077117_2.fna",70.31,1.71
"3300077117_26.fna",95.4,0
"3300077117_10.fna",95.87,1.71
"3300077126_13.fna",97.58,1.71
"3300077126_33.fna",85.23,2.03
"3300077126_30.fna",94.56,2.85
"3300077126_41.fna",96.76,3.85
"3300077126_47.fna",94.39,3.96
"3300077126_48.fna",77.63,0
"3300077126_11.fna",91.45,2.14
"3300077126_73.fna",89.55,3.59
"3300077126_74.fna",96.12,5.23
"3300077126_37.fna",97.65,1.71
"3300077126_79.fna",85.95,3.98
"3300077126_80.fna",70.58,8.48
"3300077126_82.fna",87.34,1.2
"3300077126_51.fna",98.06,2.46
"3300077126_96.fna",97.22,2.56
"3300077126_98.fna",97.49,0.54
"3300077126_93.fna",73.49,5.36
"3300077126_88.fna",80.7,0
"3300077127_32.fna",82.02,2.2
"3300077127_45.fna",70.63,0.86
"3300077127_26.fna",75.24,1.28
"3300077127_14.fna",80.42,2.02
"3300077127_60.fna",93.57,1.2
"3300077127_33.fna",79.67,2.03
"3300077127_53.fna",73.39,1.85
"3300077127_55.fna",97.01,1.71
"3300077141_16.fna",100,2.7
"3300077141_22.fna",87.7,2.01
"3300077141_5.fna",95.69,0.86
"3300077141_18.fna",89.24,2.29
"3300077141_20.fna",80.67,5.61
"3300077141_33.fna",77.35,4.93
"3300077141_8.fna",96.55,1.44
"3300077152_19.fna",96.23,0
"3300077152_21.fna",88.8,7.61
"3300077152_33.fna",77.01,2.67
"3300077152_22.fna",95,5.49
"3300077152_12.fna",70,5.94
"3300077152_57.fna",86.51,1.15
"3300077152_68.fna",91.09,9.48
"3300077152_70.fna",89.1,7.62
"3300077152_76.fna",89.53,4.19
"3300077152_8.fna",78.86,3.48
"3300077152_80.fna",76.21,1.94
"3300077152_9.fna",97.86,1.71
"3300077152_41.fna",71.37,1.71
"3300077159_20.fna",88.74,1.15
"3300077159_39.fna",87.98,0.6
"3300077159_32.fna",75.07,3.45
"3300077159_23.fna",99.92,0.92
"3300077160_26.fna",97.13,1.15
"3300077160_44.fna",96.04,1.44
"3300077160_52.fna",98.04,0.99
"3300077160_13.fna",74.22,1.26
"3300077160_15.fna",77.14,8.55
"3300077160_38.fna",100,0.8
"3300077161_15.fna",94.83,1.15
"3300077161_23.fna",93.73,6.84
"3300077161_40.fna",79.73,1.19
"3300077161_44.fna",99.43,0.18
"3300077161_47.fna",98.51,2.86
"3300077161_14.fna",81.17,4.63
"3300077161_8.fna",99.15,1.11
"3300077161_81.fna",82.55,3.29
"3300077161_3.fna",91.27,2.42
"3300077161_25.fna",78.8,1.09
"3300077162_10.fna",96.1,0.85
"3300077162_33.fna",75.24,2.91
"3300077162_35.fna",96.88,0.62
"3300077162_43.fna",70.9,7.32
"3300077162_62.fna",90.2,6.49
"3300077162_27.fna",83.85,6.91
"3300077162_70.fna",80.34,3.45
"3300077162_69.fna",96.15,2.56
"3300077162_64.fna",80.41,1.38
"3300077163_16.fna",98.21,0.67
"3300077163_87.fna",77.35,3.08
"3300077163_40.fna",77.99,0.84
"3300077163_42.fna",97.13,1.15
"3300077164_34.fna",98.57,1.98
"3300077164_35.fna",74.53,1.58
"3300077164_48.fna",94.96,3.42
"3300077164_12.fna",92.53,2.87
"3300077164_14.fna",79.31,5.17
"3300077164_15.fna",99.45,1.09
"3300077164_2.fna",78.49,1.75
"3300077164_29.fna",71.23,4.37
"3300077164_97.fna",83.83,2.64
"3300077164_99.fna",92.19,2.99
"3300077164_49.fna",97.95,1.66
"3300077164_53.fna",77.59,4.55
"3300077164_57.fna",82.07,2.96
"3300077164_61.fna",85.56,1.01
"3300077164_7.fna",75,0.86
"3300077164_78.fna",99.22,0.5
"3300077165_20.fna",80.9,1.25
"3300077165_10.fna",91.95,1.23
"3300077165_101.fna",87.46,1.64
"3300077165_14.fna",99.5,0.5
"3300077165_34.fna",77.59,1.72
"3300077165_36.fna",80,6.16
"3300077165_47.fna",78.95,0
"3300077165_50.fna",98.21,4.35
"3300077165_52.fna",92.14,1.71
"3300077165_53.fna",95.52,0.96
"3300077165_85.fna",86.54,0.03
"3300077165_93.fna",86.92,0.72
"3300077165_94.fna",98.99,3.41
"3300077165_96.fna",98.6,2.96
"3300077165_97.fna",74.31,2.01
"3300077165_30.fna",72.22,6.41
"3300077165_33.fna",72.47,1.88
"3300077166_44.fna",97.3,4.79
"3300077166_45.fna",85.98,3.55
"3300077166_46.fna",88.7,7.16
"3300077166_48.fna",73.15,3.02
"3300077166_49.fna",93,0
"3300077166_53.fna",80.18,7.42
"3300077166_57.fna",79.47,5.39
"3300077166_65.fna",78.83,2.9
"3300077166_28.fna",72.92,4.56
"3300077166_35.fna",97.01,1.71
"3300077166_73.fna",92.26,0.65
"3300077166_74.fna",81.31,2.91
"3300077166_76.fna",77.3,3.42
"3300077166_79.fna",72.51,7.26
"3300077166_69.fna",90.47,3.3
"3300077167_14.fna",77.19,1.75
"3300077167_24.fna",94.59,4.05
"3300077167_38.fna",94.71,0.85
"3300077167_54.fna",97.01,1.71
"3300077167_55.fna",83.98,2.91
"3300077167_60.fna",85.51,2.75
"3300077167_61.fna",95.22,1.29
"3300077167_62.fna",71.32,3.38
"3300077167_7.fna",80.57,2.56
"3300077167_53.fna",70.24,2.91
"3300077168_8.fna",71.63,3.36
"3300077168_39.fna",90.52,8.54
"3300077168_42.fna",74.09,7.55
"3300077169_23.fna",85.45,3.47
"3300077169_15.fna",75.09,1.18
"3300077169_16.fna",83.7,2.85
"3300077170_33.fna",82.18,0
"3300077171_14.fna",95.98,2.96
"3300077172_28.fna",96.64,2.59
"3300077172_3.fna",72.18,1.65
"3300077173_38.fna",96.98,6.12
"3300077174_31.fna",96.7,5.69
"3300077174_21.fna",71.54,1.1
"3300077176_2.fna",98.28,1.72
"3300077176_40.fna",70.11,0
"3300077176_41.fna",92.9,0.99
"3300077176_20.fna",83.16,2.14
"3300077176_1.fna",90.17,3.51
"3300077176_16.fna",98.48,0.64
"3300077177_19.fna",98.28,1.72
"3300077177_34.fna",83.39,1.94
"3300077177_5.fna",94.79,0.64
"3300077177_39.fna",70.48,0
"3300077178_36.fna",93.1,1.11
"3300077178_37.fna",73.03,2.2
"3300077179_15.fna",99.41,0.93
"3300077179_19.fna",76.51,9.05
"3300077179_31.fna",85.69,1.37
"3300077179_48.fna",76.44,3.3
"3300077179_49.fna",95.09,2.63
"3300077179_50.fna",89.74,3.45
"3300077179_24.fna",93.57,0.4
"3300077179_26.fna",83.58,3.47
"3300077180_35.fna",87.1,0.81
"3300077180_40.fna",98.28,1.72
"3300077180_7.fna",90.71,2.92
"3300077180_22.fna",86.8,1.49
"3300077202_1.fna",74.71,2.65
"3300077202_10.fna",89.11,2.84
"3300077202_15.fna",97.22,0.92
"3300077202_26.fna",86.69,3.59
"3300077202_38.fna",96.72,1.71
"3300077202_44.fna",77.39,3.86
"3300077202_45.fna",92.53,3.92
"3300077202_6.fna",91.89,4.19
"3300077202_72.fna",97.46,1.06
"3300077202_78.fna",91.45,3.42
"3300077202_99.fna",75.65,3.89
"3300077203_16.fna",99.51,0.02
"3300077203_18.fna",81.74,3.24
"3300077203_12.fna",93.31,1.03
"3300077203_31.fna",98.03,3.79
"3300077203_35.fna",97.84,0.86
"3300077203_5.fna",79.71,0.65
"3300077203_2.fna",87.26,1.94
"3300077204_1.fna",94.25,5.27
"3300077204_28.fna",96.63,1.99
"3300077204_3.fna",96.12,0.86
"3300077204_13.fna",79.46,0.32
"3300077204_33.fna",82.51,2.26
"3300077205_31.fna",89.81,2.58
"3300077205_25.fna",97.84,0.86
"3300077205_13.fna",79.44,0
"3300077205_46.fna",87.59,0.49
"3300077205_6.fna",81.3,4.24
"3300077205_7.fna",99.51,0.02
"3300077205_10.fna",77.2,0
"3300077205_33.fna",91.27,1.94
"3300077205_4.fna",81.98,5.09
"3300077205_45.fna",71.16,0
"3300077206_21.fna",80.68,0.65
"3300077206_32.fna",97.84,1.29
"3300077206_18.fna",98.01,0.76
"3300077206_29.fna",79.85,3.24
"3300077206_48.fna",80.39,0.02
"3300077206_49.fna",76.25,3.23
"3300077206_6.fna",99.1,0
"3300077206_23.fna",92.12,0
"3300077206_28.fna",72.41,0
"3300077206_47.fna",71.25,7.14
"3300077206_45.fna",75.99,0
"3300077206_8.fna",90.79,2.42
"3300077207_17.fna",82.42,0.32
"3300077207_31.fna",75.99,0
"3300077207_34.fna",80.26,4.93
"3300077207_39.fna",84.08,4.09
"3300077207_33.fna",85.95,0.79
"3300077207_40.fna",88.52,0.99
"3300077207_42.fna",91.2,0
"3300077207_44.fna",88.62,3.11
"3300077207_45.fna",99.51,0
"3300077207_54.fna",78.9,0.42
"3300077207_56.fna",96.12,0.86
"3300077207_58.fna",84.84,1.94
"3300077207_8.fna",77.37,4.17
"3300077207_4.fna",88.37,0.81
"3300077207_11.fna",82.62,2.54
"3300077207_2.fna",79.91,6.06
"3300077208_27.fna",83.1,4.26
"3300077208_29.fna",89.11,6.09
"3300077208_51.fna",71.45,3.16
"3300077208_9.fna",90.3,7.78
"3300077208_10.fna",100,2.73
"3300077208_16.fna",81.06,5.17
"3300077208_3.fna",80.61,3.3
"3300077209_10.fna",95.26,2.16
"3300077209_4.fna",71.44,6.57
"3300077210_15.fna",74.89,1.1
"3300077210_12.fna",90.68,0
"3300077211_7.fna",80.66,3.02
"3300077211_5.fna",95.2,1.99
"3300077211_30.fna",81.9,5.59
"3300077270_25.fna",92.26,1.29
"3300077270_21.fna",76.28,7.69
"3300077270_34.fna",78,1.1
"3300077270_42.fna",76.46,4.02
"3300077270_30.fna",97.22,0.85
"3300077270_50.fna",97.86,1.71
"3300077270_55.fna",97.3,5.41
"3300077270_60.fna",89.1,3.15
"3300077270_43.fna",92.23,4.37
"3300077271_7.fna",84.37,1.72
"3300077271_9.fna",89.96,7.85
"3300077271_13.fna",92.38,2.59
"3300077271_30.fna",75.72,3.36
"3300077279_4.fna",87.16,1.7
"3300077279_27.fna",82.46,1.75
"3300077279_55.fna",97.01,1.71
"3300077279_21.fna",97.22,0
"3300077279_53.fna",94.43,4.86
"3300077279_43.fna",76.77,1.17
"3300077280_55.fna",73.79,6.8
"3300077280_23.fna",91.81,3.85
"3300077280_51.fna",80.24,0.93
"3300077280_30.fna",78.71,1.98
"3300077280_50.fna",83.86,1.25
"3300077281_24.fna",83.3,3.59
"3300077281_7.fna",88.27,2.91
"3300077282_25.fna",96.7,7.17
"3300077282_50.fna",95.6,5.34
"3300077282_14.fna",89.94,2.68
"3300077282_52.fna",83.84,2.2
"3300077282_9.fna",75.87,3.42
"3300077282_49.fna",70.69,0
"3300077283_29.fna",98.28,2.59
"3300077284_23.fna",98.28,1.72
"3300077284_20.fna",75.44,7.02
"3300077284_9.fna",89.43,4.01
"3300077285_28.fna",82.85,0.67
"3300077285_42.fna",74.15,2.31
"3300077285_38.fna",98.23,1.41
"3300077285_18.fna",98.28,1.72
"3300077286_62.fna",81.23,5.83
"3300077286_65.fna",82.15,6.73
"3300077286_71.fna",91.9,3.23
"3300077286_3.fna",75.24,1.27
"3300077286_10.fna",89.52,0
"3300077287_35.fna",89.66,1.38
"3300077287_58.fna",75.88,2.68
"3300077288_11.fna",70.16,3.96
"3300077288_44.fna",74.34,3.44
"3300077288_50.fna",85,4.19
"3300077288_12.fna",94.31,3.09
"3300077288_55.fna",94.02,5.18
"3300077288_61.fna",91.72,6.63
"3300077288_63.fna",93.75,0.68
"3300077288_64.fna",88.49,2.25
"3300077288_65.fna",91.45,2.65
"3300077288_17.fna",96.25,5.84
"3300077288_4.fna",96.77,5.05
"3300077288_42.fna",77.75,5.56
"3300077288_72.fna",76.15,3.82
"3300077288_66.fna",92.33,0
"3300077297_2.fna",86.52,3.07
"3300077297_14.fna",96.42,3.42
"3300077297_28.fna",84.41,2.93
"3300077297_3.fna",85.57,1.89
"3300077297_48.fna",85.17,1.15
"3300077297_31.fna",84.59,2.4
"3300077297_37.fna",88.59,0.59
"3300077297_72.fna",76.08,2.37
"3300077297_73.fna",90.12,0.78
"3300077297_89.fna",70.74,5.45
"3300077297_54.fna",90,0.33
"3300077297_6.fna",99.54,1.49
"3300077298_21.fna",80.18,3.7
"3300077298_34.fna",92.53,1.15
"3300077298_32.fna",100,7.47
"3300077298_65.fna",90.79,2.71
"3300077298_7.fna",90.46,6.41
"3300077298_73.fna",96.41,1.58
"3300077298_33.fna",81.14,2.56
"3300077298_54.fna",77.04,2.89
"3300077298_39.fna",80.43,4.95
"3300077299_30.fna",97.22,0
"3300077299_32.fna",86.58,0.93
"3300077299_58.fna",84.14,4.37
"3300077299_67.fna",87.9,6.22
"3300077299_33.fna",96.15,1.71
"3300077299_78.fna",73.19,3.54
"3300077299_9.fna",93.88,0.68
"3300077299_49.fna",93.96,2.34
"3300077299_57.fna",98.21,0.39
"3300077300_16.fna",70.59,1.94
"3300077300_46.fna",96.85,0.39
"3300077300_21.fna",79.09,7.42
"3300077300_22.fna",93.15,4.45
"3300077300_64.fna",95.3,1.71
"3300077300_66.fna",75.8,3.88
"3300077300_28.fna",86.44,0.99
"3300077300_3.fna",94.49,0
"3300077300_80.fna",76.49,6.59
"3300077300_82.fna",91.38,6.82
"3300077300_57.fna",73.73,1.01
"3300077300_74.fna",71.81,0.93
"3300077300_79.fna",76.88,2.83
"3300077301_13.fna",98.91,1.79
"3300077301_18.fna",82.7,0.23
"3300077301_32.fna",87.83,3.07
"3300077301_34.fna",88.21,2.91
"3300077301_22.fna",96.74,1.66
"3300077301_41.fna",70.06,1.94
"3300077301_42.fna",75.41,2.14
"3300077301_44.fna",95.3,2.99
"3300077301_48.fna",97.95,8.25
"3300077301_50.fna",74.89,0.1
"3300077301_53.fna",93.85,0
"3300077301_65.fna",94.39,7.23
"3300077301_67.fna",78.99,0.16
"3300077301_77.fna",85.9,5.18
"3300077301_31.fna",80.91,4.01
"3300077301_27.fna",91.31,1.4
"3300077302_33.fna",72.68,3.7
"3300077302_44.fna",75.65,1.48
"3300077302_10.fna",77.74,1.23
"3300077302_53.fna",74.53,1.21
"3300077302_55.fna",79.99,5.13
"3300077302_59.fna",71.03,0.86
"3300077302_14.fna",99.19,6.49
"3300077302_17.fna",72.41,5.4
"3300077302_21.fna",81.55,7.21
"3300077302_22.fna",78.59,0.95
"3300077302_7.fna",95.69,0.63
"3300077302_71.fna",96.15,1.71
"3300077302_73.fna",98.06,2.87
"3300077302_49.fna",96.72,2.71
"3300077302_81.fna",72.41,1.72
"3300077302_83.fna",75.24,0.97
"3300077302_96.fna",91.13,0
"3300077302_69.fna",77.67,3.88
"3300077302_77.fna",97.25,0.39
"3300077303_35.fna",78.87,2.2
"3300077303_44.fna",77.59,1.72
"3300077303_49.fna",82.18,0
"3300077303_47.fna",73.71,4.05
"3300077305_15.fna",95.6,3.19
"3300077305_20.fna",80.2,2.97
"3300077305_14.fna",71.08,3.85
"3300077305_38.fna",98.28,1.72
"3300077305_3.fna",80.65,0
"3300077305_1.fna",74.86,7.07
"3300077306_15.fna",87.42,1.29
"3300077306_37.fna",85.86,7.99
"3300077306_46.fna",98.28,1.72
"3300077307_17.fna",77.9,0.65
"3300077307_28.fna",79.24,1.85
"3300077307_19.fna",99.84,0.93
"3300077307_6.fna",98.28,0.86
"3300077308_29.fna",77.29,1.48
"3300077308_6.fna",85.76,1.29
"3300077308_53.fna",70.68,8.62
"3300077308_10.fna",81.55,1.49
"3300077308_11.fna",95.15,1.94
"3300077308_41.fna",93.25,3.12
"3300077308_49.fna",75.2,3.89
"3300077309_13.fna",86.62,4.06
"3300077309_24.fna",96.72,1.71
"3300077309_39.fna",85.11,2.63
"3300077309_41.fna",94.03,1.77
"3300077309_10.fna",80.85,1.71
"3300077309_47.fna",81.75,5.65
"3300077309_51.fna",84.57,0.19
"3300077309_27.fna",80.9,7.49
"3300077309_34.fna",95.77,3.52
"3300077309_6.fna",70.99,2.36
"3300077309_7.fna",71.03,0
"3300077309_43.fna",91.67,2.84
"3300077309_73.fna",70.92,2.91
"3300077309_58.fna",77.59,8.82
"3300077309_59.fna",85.1,4.56
"3300077309_71.fna",91.45,1.03
"3300077310_19.fna",80.66,2.14
"3300077310_43.fna",83.92,9.51
"3300077310_2.fna",70.26,0
"3300077310_40.fna",79.94,4.75
"3300077310_50.fna",96.21,3.98
"3300077310_54.fna",96.03,6.82
"3300077310_56.fna",96.12,1.17
"3300077310_6.fna",92.67,3.64
"3300077310_61.fna",73.72,9.02
"3300077310_68.fna",73.08,7.99
"3300077310_69.fna",73.29,2.9
"3300077310_7.fna",96.72,1.71
"3300077310_70.fna",76.39,5.86
"3300077310_79.fna",75.4,1.24
"3300077310_84.fna",74.91,4.73
"3300077310_90.fna",73.33,2.61
"3300077310_37.fna",93.05,9.61
"3300077310_46.fna",70.77,7.76
"3300077310_31.fna",71.72,0
"3300077311_13.fna",96.72,1.71
"3300077311_22.fna",89.49,7.19
"3300077311_17.fna",72.28,6.5
"3300077311_43.fna",70.96,8.46
"3300077311_55.fna",94.98,0.43
"3300077311_62.fna",85.73,5.38
"3300077311_19.fna",84.48,7.92
"3300077311_71.fna",93.94,2.84
"3300077311_79.fna",86.31,4.04
"3300077311_82.fna",79.03,5.98
"3300077311_92.fna",76.78,2.56
"3300077311_97.fna",70.97,0
"3300077311_64.fna",71.39,4.86
"3300077311_49.fna",85.47,0.66
"3300077311_44.fna",94.46,2.65
"3300077312_20.fna",89.22,5.82
"3300077312_21.fna",71.72,1.72
"3300077312_30.fna",90.18,8.38
"3300077312_50.fna",74.63,4.46
"3300077312_38.fna",75.86,1.72
"3300077312_66.fna",80.89,0.54
"3300077312_70.fna",95.32,6.26
"3300077312_71.fna",95.23,5.55
"3300077312_54.fna",98.28,1.15
"3300077332_20.fna",95.01,3.39
"3300077332_101.fna",74.45,0
"3300077332_12.fna",82.91,0.85
"3300077332_35.fna",99.31,0.78
"3300077332_73.fna",75.73,2.76
"3300077332_74.fna",93.43,5.8
"3300077332_84.fna",97.58,1.71
"3300077332_85.fna",99.16,0.55
"3300077332_86.fna",97.54,0.49
"3300077332_89.fna",85.93,7.78
"3300077332_98.fna",75.38,1.5
"3300077332_47.fna",70.87,3.07
"3300077332_34.fna",90.79,0.79
"3300077332_26.fna",84.96,1.15
"3300077332_29.fna",81.97,9.09
"3300077333_14.fna",71.52,0
"3300077333_16.fna",85.27,0.17
"3300077333_62.fna",90.28,4.89
"3300077333_66.fna",75.22,4.89
"3300077333_73.fna",99.15,1.42
"3300077333_74.fna",74.29,3.45
"3300077333_49.fna",85.97,0.9
"3300077333_58.fna",82.83,6.03
"3300077333_59.fna",74.04,1.08
"3300077333_9.fna",73.61,0.75
"3300077333_84.fna",86.27,2.03
"3300077333_87.fna",91.28,5.81
"3300077435_103.fna",96.79,1.71
"3300077435_105.fna",99.79,1.71
"3300077435_19.fna",70.94,1.3
"3300077435_119.fna",95.87,1.71
"3300077435_120.fna",79.09,0
"3300077435_52.fna",86.14,1.49
"3300077435_56.fna",98.03,0.54
"3300077435_20.fna",98.29,5.41
"3300077435_62.fna",82.72,4.44
"3300077435_63.fna",92.8,2.08
"3300077435_66.fna",93.55,7.99
"3300077435_67.fna",97.66,2.71
"3300077435_68.fna",96.21,2.84
"3300077435_42.fna",89.71,0
"3300077435_8.fna",97.25,1.71
"3300077435_61.fna",100,0.99
"3300077435_9.fna",93.76,1.87
"3300077435_90.fna",93.49,3.52
"3300077435_94.fna",88.3,0.31
"3300077435_71.fna",96.39,3.82
"3300077435_73.fna",91.48,5.11
"3300077435_80.fna",80.7,0
"3300077437_31.fna",70.3,2.49
"3300077437_43.fna",77.76,4.75
"3300077437_48.fna",91.52,5.98
"3300077437_61.fna",96.72,1.71
"3300077437_63.fna",81.84,0.85
"3300077437_38.fna",78.36,4.07
"3300077437_69.fna",72.52,6.25
"3300077437_74.fna",95.08,2.84
"3300077437_76.fna",93.25,5.75
"3300077437_77.fna",79.76,2.88
"3300077437_79.fna",80.45,6.28
"3300077437_49.fna",91.25,0.67
"3300077437_53.fna",88.67,1.77
"3300077437_9.fna",89.04,3.03
"3300077438_54.fna",91.22,0.43
"3300077438_55.fna",82.93,9
"3300077438_11.fna",91.49,3.24
"3300077438_63.fna",94.35,3.64
"3300077438_69.fna",82.66,0.85
"3300077438_7.fna",82.26,3.74
"3300077438_76.fna",96.72,1.71
"3300077438_86.fna",93.94,2.84
"3300077438_56.fna",75.86,3.12
"3300077438_58.fna",88.84,2.83
"3300077438_93.fna",87.08,4.94
"3300077438_98.fna",72.02,3.73
"3300077438_2.fna",80.74,5.48
"3300077439_20.fna",71.72,1.28
"3300077439_23.fna",78.52,0
"3300077439_3.fna",89.29,1.22
"3300077439_4.fna",96.72,2.56
"3300077439_41.fna",86.96,2.85
"3300077440_2.fna",75.45,0.66
"3300077440_3.fna",72.39,0.46
"3300077440_35.fna",95.54,0.55
"3300077440_37.fna",95.58,4.27
"3300077440_39.fna",75.52,6.03
"3300077440_49.fna",71.55,0
"3300077440_5.fna",91.27,2.22
"3300077440_53.fna",83.1,3.45
"3300077440_58.fna",82.25,1.85
"3300077440_60.fna",82.25,2.56
"3300077440_40.fna",98.16,0.84
"3300077440_43.fna",94.19,0.65
"3300077440_14.fna",78.48,2.04
"3300077440_21.fna",85.15,0.16
"3300077441_45.fna",93.76,3.12
"3300077441_47.fna",98.37,1.66
"3300077441_71.fna",93.57,6.84
"3300077441_73.fna",97.5,0.99
"3300077441_14.fna",88.89,0
"3300077441_21.fna",85.29,2.08
"3300077441_39.fna",98.28,1.15
"3300077441_53.fna",77.99,2.85
"3300077442_22.fna",80.16,0.71
"3300077442_28.fna",90.78,1.15
"3300077442_27.fna",99.51,0.18
"3300077442_61.fna",81.03,3.45
"3300077442_15.fna",81.26,0.91
"3300077442_56.fna",71.16,9.37
"3300077487_32.fna",90.2,4.9
"3300077487_48.fna",71.29,2.42
"3300077487_52.fna",79.45,4.4
"3300077487_49.fna",94.02,5.13
"3300077487_77.fna",72.76,1.72
"3300077487_27.fna",82.13,2.42
"3300077487_82.fna",74.01,1.38
"3300077487_71.fna",98.28,1.47
"3300077487_81.fna",94.59,2.42
"3300077488_13.fna",97.12,0.44
"3300077488_20.fna",96.45,2.96
"3300077488_23.fna",79.31,3.45
"3300077488_35.fna",84.22,1.2
"3300077488_14.fna",98.28,1.9
"3300077488_66.fna",93.08,4.84
"3300077488_68.fna",92.74,7.69
"3300077488_8.fna",70.24,0.5
"3300077488_89.fna",87.89,4.63
"3300077488_51.fna",80.86,4.67
"3300077488_58.fna",96.03,1.87
"3300077489_17.fna",93.2,1.94
"3300077489_14.fna",76.91,0.64
"3300077489_23.fna",86.82,1.49
"3300077489_21.fna",77.42,1.99
"3300077489_3.fna",89.16,8.33
"3300077491_11.fna",99.91,3
"3300077491_28.fna",89.54,2.81
"3300077491_41.fna",78.93,5.18
"3300077491_19.fna",93.07,0.23
"3300077491_59.fna",78.61,6.9
"3300077491_35.fna",98.28,1.47
"3300077491_45.fna",93.1,2.13
"3300077491_8.fna",70.69,8.62
"3300077491_65.fna",95.3,6.84
"3300077491_78.fna",92.57,4.05
"3300077493_25.fna",97.86,2.99
"3300077493_12.fna",79.29,0.97
"3300077493_23.fna",73.37,0.85
"3300077493_36.fna",88.06,4.41
"3300077493_42.fna",96.13,0.65
"3300077493_54.fna",78.29,9.26
"3300077493_55.fna",95.56,0.85
"3300077493_57.fna",80.68,7.26
"3300077493_32.fna",89.53,8.91
"3300077493_7.fna",96.62,5.41
"3300077493_38.fna",82.85,1.1
"3300077493_41.fna",84.75,1.25
"3300077493_60.fna",81.18,0.86
"3300077496_10.fna",86.4,1.86
"3300077496_11.fna",90.17,2.82
"3300077496_23.fna",78.36,1.09
"3300077496_34.fna",81.9,0
"3300077496_39.fna",91.94,0.7
"3300077496_26.fna",98.99,0.67
"3300077496_30.fna",77.66,2.47
"3300077496_18.fna",85.63,2.97
"3300077496_65.fna",96.13,1.29
"3300077496_68.fna",89.01,2.3
"3300077496_74.fna",96.04,6.84
"3300077499_19.fna",95.98,1.15
"3300077499_15.fna",76.88,1.14
"3300077499_45.fna",75.86,2.59
"3300077499_62.fna",86.99,3.78
"3300077499_81.fna",98.99,1.11
"3300077499_82.fna",99.06,1.02
"3300077499_84.fna",90.77,0.89
"3300077499_85.fna",76.92,1.37
"3300077499_88.fna",79.07,1.35
"3300077499_9.fna",90.92,6.83
"3300077499_49.fna",92.64,8.01
"3300077500_2.fna",85.76,2.91
"3300077500_20.fna",86.13,0.93
"3300077500_28.fna",95.21,1.71
"3300077500_3.fna",72.69,9.45
"3300077500_40.fna",98.91,1.79
"3300077500_43.fna",92.95,0.17
"3300077500_13.fna",94.93,1.42
"3300077500_71.fna",92.71,0
"3300077500_9.fna",77.29,1.86
"3300077500_30.fna",95.01,0.49
"3300077500_31.fna",99.32,3.31
"3300077500_54.fna",83.41,1.3
"3300077500_6.fna",85.44,5.58
"3300077500_67.fna",75.78,1.71
"3300077501_11.fna",91.67,1.99
"3300077501_101.fna",83.93,3.69
"3300077501_53.fna",74.98,1.35
"3300077501_54.fna",94.83,1.15
"3300077501_83.fna",72.33,2.08
"3300077501_12.fna",99.45,1.41
"3300077501_14.fna",99.52,1.11
"3300077501_18.fna",87.11,1.59
"3300077501_27.fna",77.9,3.57
"3300077501_96.fna",95.13,5.72
"3300077501_97.fna",71.43,2.2
"3300077501_95.fna",99.4,0.99
"3300077502_45.fna",98.81,0.99
"3300077502_49.fna",85.56,1.29
"3300077502_10.fna",96.46,5.13
"3300077502_76.fna",90.6,5.29
"3300077502_77.fna",75.51,2.26
"3300077502_87.fna",95.98,1.15
"3300077502_63.fna",81.59,3.46
"3300077502_64.fna",98.64,1.17
"3300077503_31.fna",98.15,0.99
"3300077503_33.fna",71.34,1.92
"3300077503_53.fna",98.68,1.11
"3300077503_57.fna",93.16,3.42
"3300077503_58.fna",93.68,1.15
"3300077503_20.fna",97.4,1.59
"3300077503_23.fna",71.98,3.36
"3300077503_25.fna",70.37,4.63
"3300077503_98.fna",91.98,4.02
"3300077503_87.fna",98.97,0.18
"3300077503_90.fna",83.51,3.86
"3300077506_15.fna",97.27,0.39
"3300077506_35.fna",70.34,0
"3300077506_37.fna",89.29,0.5
"3300077506_40.fna",77.05,5.17
"3300077506_53.fna",86.32,3.42
"3300077506_59.fna",71.87,5.6
"3300077506_65.fna",97.19,1.53
"3300077506_73.fna",76.09,0.8
"3300077506_74.fna",97.41,2.45
"3300077506_81.fna",92.74,1.71
"3300077506_52.fna",85.02,7.68
"3300077507_2.fna",89.97,0.55
"3300077507_43.fna",82.23,4.31
"3300077507_5.fna",88.89,1.71
"3300077507_56.fna",98.82,2.02
"3300077507_71.fna",92.34,2.99
"3300077507_31.fna",98.28,1.9
"3300077507_33.fna",92.74,1.64
"3300077507_74.fna",79.1,0.4
"3300077508_17.fna",73.92,1.69
"3300077508_15.fna",87.52,0.94
"3300077508_16.fna",98.28,1.72
"3300077508_40.fna",89.68,0.65
"3300077508_18.fna",73.07,0.5
"3300077513_29.fna",96.12,6.49
"3300077517_21.fna",90.94,6.8
"3300077517_33.fna",94.17,1.94
"3300077517_9.fna",95.01,5.35
"3300077517_68.fna",90.45,1.29
"3300077517_8.fna",75.74,1.98
"3300077518_23.fna",76.45,0
"3300077518_44.fna",93.53,3.4
"3300077518_45.fna",74.42,2.78
"3300077518_49.fna",93.45,0.97
"3300077518_69.fna",99.67,1.23
"3300077518_70.fna",79.18,2.12
"3300077518_27.fna",80.72,3.88
"3300077518_79.fna",76.48,1.57
"3300077518_71.fna",73.43,7.6
"3300077550_18.fna",81.49,4.95
"3300077550_39.fna",86.8,2.59
"3300077550_9.fna",71.52,4.17
"3300077551_19.fna",73.46,7.77
"3300077551_34.fna",89.08,3.1
"3300077551_3.fna",87.06,1.94
"3300077552_22.fna",70.39,5.83
"3300077552_37.fna",81.6,2.78
"3300077552_8.fna",70.87,7.77
"3300077552_49.fna",88.97,1.38
"3300077553_101.fna",75.53,0.85
"3300077553_102.fna",78.42,3.42
"3300077553_107.fna",87.06,3.55
"3300077553_108.fna",88.13,5.3
"3300077553_112.fna",75,1.72
"3300077553_113.fna",74.45,2.7
"3300077553_14.fna",78.03,1.27
"3300077553_35.fna",72.04,3.99
"3300077553_40.fna",74.47,6.52
"3300077553_44.fna",70.31,4.25
"3300077553_5.fna",71.2,5.98
"3300077553_58.fna",94.65,5.05
"3300077553_20.fna",82.48,0.85
"3300077553_72.fna",74.14,4.39
"3300077553_82.fna",92.96,2.32
"3300077553_90.fna",96.88,1.62
"3300077553_98.fna",92.09,7.87
"3300077553_65.fna",93.32,2.85
"3300077553_69.fna",99.28,4.3
"3300077554_17.fna",99.7,0.5
"3300077554_55.fna",84.52,1.34
"3300077554_59.fna",70.48,5.4
"3300077554_64.fna",75.79,4.13
"3300077556_24.fna",78.73,3.42
"3300077556_25.fna",86.78,0.86
"3300077556_27.fna",73.64,5.4
"3300077556_23.fna",70.92,2.59
"3300077557_18.fna",92.85,7.84
"3300077557_30.fna",95.73,3.42
"3300077557_13.fna",78.69,5.72
"3300077557_16.fna",91.61,8.54
"3300077557_33.fna",95.46,2.19
"3300077557_35.fna",75.33,5.03
"3300077558_20.fna",83.5,5.53
"3300077558_21.fna",75.16,1.94
"3300077558_40.fna",97.01,1.71
"3300077558_41.fna",88.83,2.2
"3300077558_56.fna",70.78,0.85
"3300077558_7.fna",87.64,2.24
"3300077558_72.fna",71.83,7.83
"3300077558_73.fna",82.17,0.87
"3300077558_47.fna",79.33,0.95
"3300077558_26.fna",78.36,0.45
"3300077558_28.fna",94.23,0
"3300077559_15.fna",74.73,3.87
"3300077559_41.fna",98.1,1.9
"3300077559_46.fna",85.49,9.94
"3300077559_18.fna",72.07,6.9
"3300077559_27.fna",70.72,3.31
"3300077559_7.fna",82.39,2.54
"3300077559_72.fna",91.23,0.44
"3300077559_33.fna",91.88,0.85
"3300077559_78.fna",73.45,1.72
"3300077559_90.fna",81.81,3.54
"3300077559_73.fna",96.41,1.14
"3300077559_74.fna",86.18,9.49
"3300077561_29.fna",70.05,0.27
"3300077561_27.fna",97.23,3.01
"3300077561_48.fna",83.49,1.69
"3300077561_63.fna",99.91,3.02
"3300077561_82.fna",90.17,2.56
"3300077561_84.fna",92.87,0.86
"3300077561_90.fna",95.95,1.71
"3300077561_92.fna",84.14,6.03
"3300077561_42.fna",78.85,3.38
"3300077561_11.fna",85.89,1.2
"3300077561_19.fna",98.28,1.47
"3300077575_12.fna",88.7,0.62
"3300077575_8.fna",98.28,1.72
"3300077576_6.fna",92.49,0.93
"3300077576_5.fna",98.28,1.72
"3300077577_12.fna",87.86,0
"3300077577_21.fna",98.28,1.72
"3300077577_25.fna",82.26,0.81
"3300077579_14.fna",98.28,1.72
"3300077579_24.fna",88.6,0.93
"3300077579_29.fna",83.23,0.65
"3300077581_4.fna",88.36,0.09
"3300077581_9.fna",94.14,2.03
"3300077581_2.fna",96.55,0.86
"3300077581_16.fna",90.8,0.29
"3300077652_40.fna",96.15,1.71
"3300077652_41.fna",96.7,9.41
"3300077652_56.fna",78.64,2.43
"3300077652_48.fna",72.66,1.71
"3300077652_74.fna",79.33,6.59
"3300077652_82.fna",86.3,8.45
"3300077652_69.fna",74.15,1.71
"3300077653_11.fna",95.56,1.82
"3300077653_36.fna",98.25,1.1
"3300077653_75.fna",96.41,1.32
"3300077653_76.fna",98.28,1.47
"3300077653_59.fna",96.32,0.86
"3300077653_82.fna",92.31,0.85
"3300077653_84.fna",87.4,0.9
"3300077653_91.fna",80.12,0.67
"3300077653_80.fna",73.35,3.58
"3300077653_77.fna",84.49,2.56
"3300077654_32.fna",83.97,0.93
"3300077655_28.fna",94.38,6.76
"3300077655_19.fna",91.91,0.93
"3300077657_14.fna",94.2,3.38
"3300077657_22.fna",88.85,2.76
"3300077657_37.fna",98.41,1.68
"3300077657_51.fna",98.28,1.47
"3300077657_28.fna",95.01,2.69
"3300077657_69.fna",84.14,1.47
"3300077657_83.fna",92.31,1.71
"3300077657_87.fna",85.22,4.32
"3300077657_42.fna",84.95,8.4
"3300077657_44.fna",86.14,7.46
"3300077657_56.fna",89.15,0.82
"3300077657_1.fna",72.33,4.53
"3300077657_99.fna",88.98,1.47
"3300077658_29.fna",78.79,0
"3300077658_33.fna",87.73,2.61
"3300077658_10.fna",93.39,1.18
"3300077658_55.fna",97.41,2.16
"3300077658_12.fna",80.94,5.48
"3300077658_17.fna",91.7,2.54
"3300077658_22.fna",88.36,3.45
"3300077658_60.fna",83.36,1.3
"3300077658_65.fna",92.45,8.17
"3300077658_66.fna",71.77,1.18
"3300077658_82.fna",70.08,0
"3300077658_94.fna",85.47,2.05
"3300077658_51.fna",89.35,2.27
"3300077658_53.fna",93.25,4.31
"3300077658_45.fna",81.03,0
"3300077658_48.fna",90.79,3.39
"3300077659_18.fna",81.17,1.92
"3300077659_19.fna",95.87,2.14
"3300077659_36.fna",73.75,1.35
"3300077659_32.fna",90.95,0.86
"3300077660_17.fna",93.61,2.7
"3300077660_22.fna",79.43,1.67
"3300077660_16.fna",98.29,1.38
"3300077660_35.fna",94.87,2.56
"3300077660_37.fna",79.55,1.71
"3300077660_43.fna",87.87,4.27
"3300077660_10.fna",97.97,5.9
"3300077660_11.fna",77.61,1.29
"3300077660_14.fna",87.51,0.49
"3300077660_6.fna",81.26,3.37
"3300077660_7.fna",76.18,5.17
"3300077660_21.fna",84.46,4.27
"3300077660_52.fna",92.26,4.52
"3300077660_44.fna",79.37,4.02
"3300077661_30.fna",98.23,1.11
"3300077661_22.fna",98.28,1.15
"3300077661_51.fna",98.04,1.29
"3300077661_39.fna",98.74,1.9
"3300077661_6.fna",94.02,6.84
"3300077661_9.fna",77.33,2.78
"3300077661_54.fna",70.01,7.43
"3300077661_52.fna",78.24,1.88
"3300077662_20.fna",96.98,0.95
"3300077663_14.fna",98.29,2.56
"3300077663_1.fna",73.15,3.09
"3300077663_16.fna",78.61,0.99
"3300077663_29.fna",72.75,0.98
"3300077663_42.fna",72.71,0
"3300077663_38.fna",85.81,0.21
"3300077663_39.fna",96.83,7.03
"3300077663_70.fna",80.26,2.91
"3300077663_26.fna",96.37,1.48
"3300077663_77.fna",90.82,3.03
"3300077663_76.fna",84.83,5.17
"3300077663_48.fna",96.83,5.9
"3300077664_28.fna",80.7,0
"3300077664_31.fna",93.84,2.24
"3300077664_33.fna",74.47,1.94
"3300077664_54.fna",77.72,2.28
"3300077664_25.fna",95.27,5.41
"3300077664_7.fna",97.22,0
"3300077664_70.fna",83.5,0.97
"3300077664_47.fna",89.43,3.3
"3300077664_51.fna",97.86,1.71
"3300077665_13.fna",72.59,0.86
"3300077665_36.fna",73.02,1.71
"3300077665_15.fna",78.45,4.23
"3300077665_31.fna",75.72,2.75
"3300077666_17.fna",80.7,3.51
"3300077666_53.fna",93.39,1.37
"3300077666_67.fna",79.17,0.59
"3300077666_8.fna",97.59,2.01
"3300077666_26.fna",96.04,6.03
"3300077666_66.fna",73.36,2.14
"3300077669_8.fna",89.42,3.7
"3300077669_36.fna",98.28,1.72
"3300077670_14.fna",95.69,1.21
"3300077670_15.fna",82.1,1.29
"3300077670_19.fna",81.74,5.42
"3300077671_12.fna",82.65,6.76
"3300077673_2.fna",95.69,1.21
"3300077675_101.fna",91.52,7.99
"3300077675_111.fna",79.55,5.35
"3300077675_105.fna",79.54,5.09
"3300077675_117.fna",75.14,0.43
"3300077675_100.fna",88.79,9.64
"3300077675_46.fna",95.86,2.24
"3300077675_77.fna",96.53,0.31
"3300077675_78.fna",97.7,4.36
"3300077675_88.fna",94.5,7.74
"3300077675_90.fna",89.89,4.58
"3300077675_20.fna",84.16,1.63
"3300077675_95.fna",81.43,2.56
"3300077675_97.fna",86.86,1.32
"3300077675_99.fna",91.38,3.02
"3300077675_68.fna",96.72,1.71
"3300077675_92.fna",96.17,1.91
"3300077675_93.fna",84.79,6.04
"3300077676_37.fna",86.49,0.93
"3300077676_6.fna",75.95,0
"3300077676_28.fna",73.02,9.2
"3300077676_24.fna",97.41,1.72
"3300077727_103.fna",88.74,2.84
"3300077727_13.fna",76.54,4.46
"3300077727_21.fna",96.98,1.11
"3300077727_22.fna",95.11,0
"3300077727_101.fna",84.62,2.7
"3300077727_28.fna",91.22,5.47
"3300077727_29.fna",77.84,4.05
"3300077727_42.fna",98.51,1.59
"3300077727_52.fna",77.53,2.5
"3300077727_79.fna",79.9,4.69
"3300077727_80.fna",96.13,1.94
"3300077727_85.fna",85.53,8.61
"3300077727_25.fna",91.67,1.32
"3300077727_63.fna",78.78,2.56
"3300077727_89.fna",83.12,3.86
"3300077728_106.fna",73.71,3.85
"3300077728_22.fna",73.99,1.8
"3300077728_24.fna",81.72,1.72
"3300077728_43.fna",98.28,2.3
"3300077728_52.fna",96.96,0.99
"3300077728_18.fna",72.22,0
"3300077728_64.fna",81.54,1.02
"3300077728_66.fna",74.04,0
"3300077728_68.fna",88.03,2.42
"3300077728_91.fna",76.26,3.63
"3300077728_40.fna",84.51,1.29
"3300077728_61.fna",85.96,7.87
"3300077728_38.fna",79.29,0
"3300077728_57.fna",99.48,0.59
"3300077728_54.fna",94.15,4.27
"3300077729_18.fna",90.97,0.65
"3300077729_45.fna",78.54,6.15
"3300077729_48.fna",77.4,7.69
"3300077729_27.fna",95.27,4.73
"3300077729_29.fna",97.86,1.71
"3300077729_32.fna",77.51,2.91
"3300077729_76.fna",79.71,2.75
"3300077729_36.fna",81.23,0.97
"3300077729_44.fna",93.09,0.86
"3300077729_57.fna",71.83,8.45
"3300077729_72.fna",97.22,0
"3300077730_24.fna",97.86,1.71
"3300077730_36.fna",71.97,0.85
"3300077730_25.fna",96.91,0.6
"3300077730_28.fna",78.63,1.17
"3300077730_29.fna",78.16,2.91
"3300077730_61.fna",94.84,1.29
"3300077730_62.fna",84.61,1.74
"3300077730_11.fna",96.62,4.73
"3300077730_14.fna",89.29,7.7
"3300077730_38.fna",70.94,4.27
"3300077730_58.fna",97.22,0
"3300077730_59.fna",79.8,3.3
"3300077730_7.fna",86.89,1.94
"3300077730_67.fna",83.37,4.8
"3300077731_10.fna",82.53,8.58
"3300077731_20.fna",95.73,2.14
"3300077731_33.fna",76.31,0.74
"3300077731_46.fna",72.89,1.71
"3300077731_54.fna",72.36,9.93
"3300077731_26.fna",71.5,7.71
"3300077731_29.fna",75.86,9.48
"3300077731_75.fna",77.23,7.76
"3300077731_38.fna",77.01,1.08
"3300077731_6.fna",98.49,1.32
"3300077731_63.fna",86.72,2.87
"3300077731_73.fna",98.91,1.79
"3300077731_80.fna",90.58,1.27
"3300077732_15.fna",76.83,2.25
"3300077732_43.fna",90.71,1.71
"3300077732_39.fna",96.72,1.71
"3300077732_61.fna",77.43,1.14
"3300077732_67.fna",85.38,2.12
"3300077732_69.fna",88.9,2.05
"3300077732_7.fna",90.61,3.48
"3300077732_8.fna",95.83,2.84
"3300077732_52.fna",71.03,1.72
"3300077732_32.fna",98.12,6.84
"3300077733_10.fna",97.07,1.26
"3300077733_11.fna",96.72,1.71
"3300077733_46.fna",86.45,7.39
"3300077733_31.fna",83.78,1.7
"3300077733_15.fna",74.19,5.67
"3300077733_19.fna",91.89,2.85
"3300077733_73.fna",93.64,0.65
"3300077734_2.fna",71.6,0
"3300077734_41.fna",96.58,7.69
"3300077734_25.fna",82.23,2.3
"3300077734_50.fna",91.96,3.86
"3300077734_51.fna",79.31,1.72
"3300077734_73.fna",71.38,6.08
"3300077734_45.fna",98.97,0.18
"3300077734_55.fna",79.63,3.4
"3300077734_56.fna",96.58,0.85
"3300077734_57.fna",91.67,1.15
"3300077735_19.fna",85.99,2.4
"3300077735_59.fna",97.84,2.67
"3300077735_38.fna",70.39,0.61
"3300077735_57.fna",84.52,1.31
"3300077737_12.fna",96.72,1.71
"3300077737_36.fna",70.3,1.72
"3300077737_37.fna",89.59,4.72
"3300077737_38.fna",77.46,2.8
"3300077737_40.fna",83.49,7.84
"3300077737_48.fna",80.75,2.12
"3300077737_8.fna",75.74,0.19
"3300077737_30.fna",83.16,1.71
"3300077737_9.fna",72.19,4.44
"3300077737_65.fna",90.3,1.16
"3300077737_54.fna",93,4.94
"3300077737_63.fna",91.67,2.84
"3300077738_103.fna",76.75,1.64
"3300077738_22.fna",79.37,3.66
"3300077738_26.fna",92.09,8.12
"3300077738_52.fna",77.94,3.88
"3300077738_55.fna",98.68,1.11
"3300077738_100.fna",79.32,0.76
"3300077738_74.fna",97.38,2.48
"3300077738_37.fna",98.71,0.92
"3300077738_98.fna",98.28,1.15
"3300077739_108.fna",85.4,0
"3300077739_119.fna",76.06,1.46
"3300077739_139.fna",98.28,2.3
"3300077739_16.fna",73.68,0
"3300077739_20.fna",99.45,0.67
"3300077739_26.fna",98.69,0.57
"3300077739_33.fna",89.42,1.29
"3300077739_72.fna",72.15,0.43
"3300077739_93.fna",97.72,0.93
"3300077739_143.fna",88.48,5.28
"3300077739_29.fna",81.27,1.99
"3300077740_26.fna",85.87,4.09
"3300077740_10.fna",96.49,0.44
"3300077740_12.fna",88.03,2.56
"3300077740_39.fna",98.28,1.9
"3300077740_54.fna",84.05,4.05
"3300077740_22.fna",73.32,4.4
"3300077740_62.fna",93.52,4.05
"3300077740_73.fna",80.34,1.2
"3300077740_82.fna",99.12,1.75
"3300077740_89.fna",73.95,5.81
"3300077740_85.fna",90.46,3.48
"3300077740_84.fna",77.13,6.22
"3300077742_11.fna",75.15,2.19
"3300077742_24.fna",97.86,1.71
"3300077742_3.fna",96.62,4.05
"3300077742_64.fna",72.56,1.71
"3300077742_78.fna",70,0.87
"3300077742_9.fna",77.23,4.85
"3300077742_63.fna",94.71,0.43
"3300077742_50.fna",75.02,9.01
"3300077742_19.fna",81.76,3.3
"3300077743_13.fna",73.66,1.74
"3300077743_15.fna",85.8,3.82
"3300077743_37.fna",95.27,3.89
"3300077743_38.fna",80.91,1.62
"3300077743_18.fna",72.91,0.85
"3300077743_6.fna",74.61,1.85
"3300077743_64.fna",96.52,2.2
"3300077743_70.fna",97.86,1.71
"3300077743_43.fna",90.49,2.01
"3300077743_52.fna",95.51,1.28
"3300077744_40.fna",73.5,8.42
"3300077744_47.fna",98.25,0.88
"3300077744_49.fna",70.69,0
"3300077744_51.fna",78.07,4.48
"3300077744_7.fna",96.38,3.42
"3300077744_9.fna",98.43,1.34
"3300077744_27.fna",98.28,1.47
"3300077744_14.fna",79.45,1.2
"3300077744_25.fna",70.09,1.71
"3300077745_17.fna",96.7,2.67
"3300077745_22.fna",92.25,8.16
"3300077745_37.fna",83.76,4.31
"3300077778_13.fna",72.6,1.78
"3300077778_27.fna",70.58,4.96
"3300077778_21.fna",98.28,1.47
"3300077778_6.fna",73.46,4.17
"3300077779_13.fna",73.58,4.59
"3300077779_29.fna",70.69,0
"3300077779_30.fna",80.44,4.07
"3300077779_33.fna",70.09,1.71
"3300077779_45.fna",89.86,1.09
"3300077779_46.fna",98.28,1.97
"3300077779_55.fna",70.56,0.27
"3300077780_13.fna",85.45,1.03
"3300077780_34.fna",96.47,2.59
"3300077799_25.fna",77.59,1.72
"3300077799_39.fna",70.14,2.2
"3300077800_105.fna",74.34,2.07
"3300077800_2.fna",84.38,2.93
"3300077800_50.fna",92.8,2.84
"3300077800_56.fna",84.09,4.57
"3300077800_59.fna",71.26,3.17
"3300077800_61.fna",73.06,2.02
"3300077800_63.fna",73.46,3.59
"3300077800_64.fna",85.07,1.36
"3300077800_65.fna",93.76,9.85
"3300077800_66.fna",83.96,4.41
"3300077800_81.fna",76.68,9.71
"3300077800_52.fna",84.71,7.1
"3300077800_88.fna",96.83,0.92
"3300077800_94.fna",77.12,1.28
"3300077800_107.fna",81.17,1.72
"3300077806_18.fna",96.67,1.75
"3300077806_19.fna",88.06,1.84
"3300077806_30.fna",90.98,6
"3300077806_33.fna",98.91,2.59
"3300077806_21.fna",83.17,0.97
"3300077806_41.fna",94.54,1.75
"3300077806_42.fna",77.59,0
"3300077806_34.fna",75.21,0.2
"3300077806_15.fna",94.93,3.42
"3300077806_46.fna",72.37,2.68
"3300077807_11.fna",85.71,3.96
"3300077807_42.fna",98.28,1.47
"3300077807_15.fna",95.76,1.32
"3300077807_4.fna",78.77,8.49
"3300077807_62.fna",81.13,3.65
"3300077807_64.fna",70.51,1.2
"3300077807_73.fna",77.29,4.41
"3300077807_8.fna",73.51,4.44
"3300077807_68.fna",99.12,5.26
"3300077808_38.fna",98.28,1.47
"3300077808_41.fna",85.54,5.94
"3300077808_42.fna",87.05,3.77
"3300077808_47.fna",72.03,5
"3300077808_68.fna",84.66,2.19
"3300077808_8.fna",98.25,0.88
"3300077809_31.fna",94.49,0.74
"3300077809_48.fna",98.28,1.9
"3300077809_35.fna",99.12,1.75
"3300077810_3.fna",98.28,2.14
"3300077810_4.fna",92.53,2.92
"3300077810_7.fna",75.24,0.97
"3300077811_35.fna",89.85,0.83
"3300077811_53.fna",97.84,1.47
"3300077812_32.fna",77.26,0.4
"3300077812_59.fna",72.01,6.45
"3300077812_64.fna",96.26,3.36
"3300077812_77.fna",76.08,0.46
"3300077812_15.fna",89.3,2.03
"3300077812_33.fna",79.12,1.28
"3300077812_20.fna",85.09,2.79
"3300077813_18.fna",82.54,3.86
"3300077813_58.fna",83.76,0.88
"3300077813_60.fna",99.12,1.75
"3300077813_64.fna",70.06,1.94
"3300077813_16.fna",93.79,1.71
"3300077813_72.fna",79.17,0
"3300077813_74.fna",94.83,1.98
"3300077814_45.fna",97.01,3.13
"3300077814_29.fna",98.15,1.9
"3300077814_22.fna",85.07,2.72
"3300077814_8.fna",93.16,2.14
"3300077815_20.fna",98.1,3.09
"3300077815_23.fna",72.28,1.98
"3300077816_14.fna",72.13,2.58
"3300077816_40.fna",76.5,3.02
"3300077816_57.fna",97.22,0
"3300077816_44.fna",77.01,2.92
"3300077816_48.fna",76.05,3.61
"3300077816_49.fna",85.86,1.85
"3300077816_67.fna",77.91,2.5
"3300077816_28.fna",85.09,0.93
"3300077816_3.fna",82.4,1.04
"3300077816_71.fna",91.75,0.99
"3300077816_74.fna",85.42,0.93
"3300077816_75.fna",82.13,1.11
"3300077817_4.fna",93.98,1.03
"3300077817_42.fna",98.76,2.99
"3300077817_45.fna",71.49,3.47
"3300077817_47.fna",96.58,1.71
"3300077817_48.fna",83,1.48
"3300077817_49.fna",96.58,0.85
"3300077817_5.fna",90.93,2.34
"3300077817_65.fna",90.95,3.04
"3300077817_76.fna",79.15,4.21
"3300077817_74.fna",79.74,6.65
"3300077817_85.fna",71,0.4
"3300077817_62.fna",74.36,4.27
"3300077817_58.fna",95.95,0.43
"3300077817_61.fna",84.53,1.72
"3300077818_26.fna",86.67,4.73
"3300077818_52.fna",78.74,2.16
"3300077818_31.fna",84.96,6.03
"3300077818_36.fna",91.37,4.09
"3300077818_3.fna",75.55,0
"3300077818_30.fna",73.95,4.66
"3300077818_39.fna",97.25,4.42
"3300077818_4.fna",73.65,3.7
"3300077818_14.fna",94.01,5.6
"3300077818_51.fna",95.77,5.3
"3300077818_58.fna",76.4,1.07
"3300077818_57.fna",77.78,2.56
"3300077818_67.fna",80.88,1.14
"3300077818_59.fna",88.85,5.28
"3300077818_61.fna",92.45,7.01
"3300077818_65.fna",77.59,1.72
"3300077818_43.fna",82.23,7.52
"3300077818_48.fna",85.95,6.56
"3300077819_15.fna",98.29,1.99
"3300077819_16.fna",92.31,1.71
"3300077819_13.fna",93.8,0.85
"3300077819_14.fna",71.09,1.71
"3300077820_113.fna",72.76,1.99
"3300077820_18.fna",84.78,2.85
"3300077820_56.fna",93.8,3.49
"3300077820_57.fna",80.91,0
"3300077820_60.fna",83.89,3.54
"3300077820_66.fna",71.72,3.04
"3300077820_73.fna",88.14,3.11
"3300077820_75.fna",70.43,2.54
"3300077820_78.fna",87.4,0.93
"3300077820_25.fna",93.65,3.42
"3300077820_35.fna",92.74,1.46
"3300077820_52.fna",71.04,1.88
"3300077820_54.fna",82.67,4.29
"3300077820_9.fna",94.87,0.85
"3300077820_79.fna",92.3,4.22
"3300077820_8.fna",95.78,3.33
"3300077821_11.fna",92.13,0.46
"3300077821_31.fna",75.93,1.21
"3300077821_45.fna",79.36,1.83
"3300077821_9.fna",92.12,1.64
"3300077821_61.fna",85.53,2.47
"3300077821_58.fna",86.75,1.14
"3300077906_11.fna",83.02,8.68
"3300077906_33.fna",86.7,0.86
"3300077906_44.fna",93.22,6.15
"3300077906_39.fna",92.39,0.93
"3300077906_41.fna",96.76,0.93
"3300077906_18.fna",97.11,0.28
"3300077906_30.fna",71.95,4.27
"3300077907_64.fna",98.61,4.26
"3300077907_15.fna",94.73,1
"3300077907_22.fna",71.99,2.5
"3300077907_16.fna",99.49,1.01
"3300077907_28.fna",96.51,0.85
"3300077907_4.fna",81.29,1.09
"3300077907_45.fna",81.03,0.85
"3300077907_11.fna",70.69,0
"3300077907_12.fna",94.02,0.85
"3300077907_49.fna",79.96,2.56
"3300077907_56.fna",92.96,2.14
"3300077907_69.fna",99.15,0.85
"3300077907_76.fna",80.41,2.59
"3300077907_80.fna",82.66,7.4
"3300077907_82.fna",91.88,0.43
"3300077907_83.fna",90.35,4.04
"3300077907_48.fna",88.56,1.25
"3300077907_46.fna",86.97,1.71
"3300077991_8.fna",88.89,0.93
"3300077991_29.fna",82.12,3.44
"3300077991_36.fna",93.82,2.88
"3300077991_10.fna",75.76,3.24
"3300077991_5.fna",97.65,1.05
"3300077991_45.fna",98.93,2.99
"3300077992_40.fna",81.04,2.79
"3300077992_105.fna",76.62,2.43
"3300077992_13.fna",98.01,6.42
"3300077992_66.fna",95.87,0.85
"3300077992_73.fna",95.39,4.27
"3300077992_92.fna",85.99,0.93
"3300077992_90.fna",88.3,1.48
"3300077992_85.fna",94.78,0.67
"3300077992_89.fna",98.01,5.13
"3300078045_11.fna",80.63,0
"3300078045_21.fna",70.04,2.56
"3300078045_29.fna",92.49,1.73
"3300078045_42.fna",70.26,0
"3300078045_56.fna",77.88,3.85
"3300078045_41.fna",92.42,2.56
"3300078139_43.fna",79.04,2.85
"3300078139_36.fna",83.98,3.88
"3300078139_23.fna",78.6,3.14
"3300078139_39.fna",91.76,6.62
"3300078139_54.fna",77.53,3.24
"3300078140_43.fna",83.84,4.38
"3300078141_21.fna",81.2,2.56
"3300078141_39.fna",75.01,2.58
"3300078141_16.fna",75.73,2.15
"3300078141_19.fna",96.12,0.86
"3300078141_36.fna",79.31,0.43
"3300078141_5.fna",76.55,2.75
"3300078141_22.fna",82.68,4.23
"3300078141_27.fna",95.29,4.69
"3300078160_47.fna",84.27,6.27
"3300078160_44.fna",80.13,4.27
"3300078161_18.fna",100,2.2
"3300078161_31.fna",86.8,0.78
"3300078161_27.fna",91.31,9.26
"3300078161_35.fna",97.3,2.03
"3300078161_32.fna",87.84,1.72
"3300078161_17.fna",71.01,0
"3300078161_47.fna",94.02,6.7
"3300078161_48.fna",94.2,2.25
"3300078161_28.fna",92.55,0.48
"3300078161_60.fna",95.69,2.73
"3300078161_61.fna",92.58,1.99
"3300078161_62.fna",94.34,3.3
"3300078161_9.fna",96.55,1.71
"3300078161_6.fna",75.3,2.84
"3300078161_37.fna",77.84,1.71
"3300078161_58.fna",98.48,1.14
"3300078162_11.fna",81.65,8.12
"3300078162_2.fna",82.16,3.13
"3300078162_20.fna",72.39,4.09
"3300078162_19.fna",91.81,2.16
"3300078162_26.fna",100,3.38
"3300078162_33.fna",95.73,0.85
"3300078162_39.fna",87.57,2.89
"3300078162_41.fna",94.11,1.9
"3300078162_15.fna",76.07,9.4
"3300078162_22.fna",76.21,1.72
"3300078163_28.fna",83.23,2.14
"3300078164_12.fna",75.69,3.07
"3300078164_6.fna",80.7,7.44
"3300078164_31.fna",81.9,1.72
"3300078164_20.fna",81.52,4.4
"3300078171_29.fna",85.74,4.05
"3300078171_27.fna",96.91,2.04
"3300078171_9.fna",79.55,4.37
"3300078171_31.fna",92.45,2.51
"3300078171_32.fna",74.57,0.17
"3300078172_31.fna",76.07,1.23
"3300078172_25.fna",71.51,3.22
"3300078172_46.fna",74.38,1
"3300078172_44.fna",86.61,0.97
"3300078172_42.fna",81.88,7.81
"3300078172_43.fna",99.66,4.05
"3300078172_4.fna",74.75,3.01
"3300078173_11.fna",97.91,0
"3300078212_20.fna",95.19,2.53
"3300078212_4.fna",79.66,2.56
"3300078212_8.fna",92.22,2.16
"3300078213_37.fna",78.65,0.66
"3300078213_48.fna",86.88,4.68
"3300078213_44.fna",85.75,1.85
"3300078213_45.fna",96.86,0.86
"3300078213_11.fna",72.41,1.72
"3300078213_7.fna",80.93,2.59
"3300078213_19.fna",82.43,1.22
"3300078213_24.fna",72.2,2.49
"3300078213_26.fna",77.3,4.59
"3300078213_68.fna",77.15,5.8
"3300078213_58.fna",79.86,6.81
"3300078214_41.fna",80.89,2.96
"3300078214_42.fna",88.71,0.65
"3300078214_6.fna",73.65,1.57
"3300078217_107.fna",72.5,3.06
"3300078217_12.fna",90.53,2.84
"3300078217_13.fna",93.32,2.85
"3300078217_21.fna",98.97,1.09
"3300078217_46.fna",96.72,1.71
"3300078217_59.fna",96.93,6.1
"3300078217_65.fna",76.88,0.07
"3300078217_8.fna",83.94,4.75
"3300078217_89.fna",98.82,4.06
"3300078217_9.fna",92.59,0.66
"3300078217_93.fna",77.9,1.5
"3300078217_104.fna",71.3,5.22
"3300078217_76.fna",84.31,4.72
"3300078217_110.fna",75.8,9.03
"3300078218_10.fna",100,5.13
"3300078218_105.fna",95.47,4.77
"3300078218_106.fna",96.79,1.71
"3300078218_33.fna",85.4,1.27
"3300078218_35.fna",93.02,4.76
"3300078218_38.fna",89.39,1.09
"3300078218_43.fna",82.77,8.97
"3300078218_46.fna",96.1,3.82
"3300078218_51.fna",75.21,4.74
"3300078218_53.fna",99.51,2.46
"3300078218_58.fna",99.79,1.71
"3300078218_61.fna",89.81,0
"3300078218_62.fna",94.16,0.85
"3300078218_63.fna",95.08,1.7
"3300078218_64.fna",91.8,1.34
"3300078218_67.fna",94.39,3.52
"3300078218_68.fna",81.44,7.89
"3300078218_72.fna",98.46,2.56
"3300078218_74.fna",81.68,1.98
"3300078218_8.fna",87.19,0.1
"3300078218_84.fna",97.93,0.19
"3300078218_85.fna",98.43,1.71
"3300078218_9.fna",93.4,0
"3300078218_90.fna",98.03,0.81
"3300078218_116.fna",74.55,4.39
"3300078218_98.fna",86.27,5.98
"3300078218_23.fna",94.19,2.1
"3300078219_3.fna",73.03,0.85
"3300078221_15.fna",100,4.05
"3300078279_11.fna",71.28,5.13
"3300078279_13.fna",83.25,1.94
"3300078279_44.fna",94.04,2.59
"3300078279_42.fna",78.98,1.04
"3300078279_57.fna",75.18,0
"3300078279_54.fna",76.67,4.84
"3300078280_24.fna",71.96,3.6
"3300078280_39.fna",70.32,4.27
"3300078280_26.fna",91.67,1.94
"3300078280_5.fna",89.41,4.27
"3300078280_30.fna",86.09,1.06
"3300078280_32.fna",87.6,0
"3300078280_41.fna",91.62,3.42
"3300078280_42.fna",70.03,0.85
"3300078281_40.fna",84.12,2.41
"3300078281_28.fna",71.23,2.41
"3300078281_7.fna",77.56,1.81
"3300078281_37.fna",73.43,4.54
"3300078281_33.fna",71.81,3.64
"3300078281_35.fna",83.63,2.16
"3300078281_41.fna",70.19,1.29
"3300078288_109.fna",91.29,2.07
"3300078288_111.fna",95.07,1.15
"3300078288_12.fna",93.27,0.99
"3300078288_124.fna",74.77,1.2
"3300078288_114.fna",98.08,2.56
"3300078288_13.fna",96.09,0
"3300078288_141.fna",82.18,9
"3300078288_115.fna",93.14,1.34
"3300078288_116.fna",99.15,3.85
"3300078288_118.fna",92.17,1.28
"3300078288_119.fna",75.39,3.34
"3300078288_40.fna",81.58,2.48
"3300078288_41.fna",92.46,1.28
"3300078288_45.fna",76.47,5
"3300078288_49.fna",85.79,3.91
"3300078288_23.fna",90.01,0.93
"3300078288_25.fna",88.64,3.68
"3300078288_27.fna",93.96,6.46
"3300078288_59.fna",86.75,1.71
"3300078288_60.fna",98.03,0.81
"3300078288_39.fna",93,2.94
"3300078288_82.fna",98.03,2.46
"3300078288_84.fna",94.39,4.5
"3300078288_87.fna",71.76,3.32
"3300078288_55.fna",86.89,0
"3300078288_69.fna",97.65,1.71
"3300078307_11.fna",97.58,2.14
"3300078307_117.fna",93.84,0.99
"3300078307_121.fna",83.9,1.11
"3300078307_129.fna",98.57,0.81
"3300078307_10.fna",90.4,2.56
"3300078307_130.fna",72.79,4.89
"3300078307_135.fna",89.84,1.6
"3300078307_139.fna",91.63,0.58
"3300078307_14.fna",78.18,0.85
"3300078307_114.fna",96.79,1.71
"3300078307_35.fna",78.4,1.32
"3300078307_4.fna",84.06,2.61
"3300078307_46.fna",71.36,0.07
"3300078307_52.fna",96.21,3.41
"3300078307_56.fna",94.11,1.28
"3300078307_58.fna",95.57,4.22
"3300078307_62.fna",94.44,5.38
"3300078307_33.fna",99.01,1.97
"3300078307_72.fna",93.55,0.65
"3300078307_9.fna",93.39,2.81
"3300078307_98.fna",77.93,4.9
"3300078307_66.fna",95.04,1.93
"3300078307_7.fna",85.71,0.65
"3300078307_84.fna",99.79,1.71
"3300078308_11.fna",80.97,0.32
"3300078308_2.fna",87.23,1.85
"3300078308_31.fna",98.28,1.72
"3300078310_18.fna",78.33,5.25
"3300078310_4.fna",75.47,1.83
"3300078310_10.fna",95.87,1.71
"3300078310_12.fna",97.65,1.71
"3300078310_31.fna",96.79,1.71
"3300078310_25.fna",86.14,0
"3300078310_26.fna",81.01,8.12
"3300078310_44.fna",78.24,7.5
"3300078310_5.fna",78.99,2.14
"3300078311_19.fna",95.28,3.39
"3300078311_30.fna",72.41,5.1
"3300078311_27.fna",96.72,1.71
"3300078311_3.fna",93.05,1.47
"3300078311_1.fna",87.98,0.9
"3300078311_44.fna",81.52,0
"3300078311_45.fna",99.15,4.8
"3300078311_11.fna",87.98,4.7
"3300078311_17.fna",99.79,2.14
"3300078311_48.fna",97.65,1.71
"3300078311_49.fna",97.58,1.71
"3300078311_51.fna",100,0.99
"3300078311_52.fna",96.67,0.99
"3300078311_59.fna",90.43,0.1
"3300078311_8.fna",84.17,5.02
"3300078311_84.fna",94.09,0.58
"3300078311_37.fna",77.54,4.28
"3300078311_43.fna",75.75,3.69
"3300078311_46.fna",89.85,3.63
"3300078312_100.fna",96.65,4.44
"3300078312_35.fna",99.24,0.78
"3300078312_44.fna",73.39,5
"3300078312_67.fna",97.72,0.55
"3300078312_17.fna",82.62,5.3
"3300078312_19.fna",93.94,3.41
"3300078312_76.fna",85.01,3.54
"3300078312_42.fna",94.03,4.11
"3300078312_93.fna",96.78,1.97
"3300078312_95.fna",77.08,0.76
"3300078312_98.fna",96.72,1.71
"3300078312_89.fna",79.77,0.43
"3300078313_14.fna",88.86,1.72
"3300078313_10.fna",86.55,2.01
"3300078313_39.fna",96.3,1.71
"3300078313_22.fna",80.79,1.51
"3300078313_15.fna",81.45,6.46
"3300078313_19.fna",70.64,1.13
"3300078314_19.fna",96.36,9.05
"3300078314_29.fna",70.77,3.38
"3300078314_28.fna",95.3,1.85
"3300078314_15.fna",70.12,2.32
"3300078327_4.fna",98.72,0.85
"3300078327_52.fna",89.41,2.2
"3300078327_1.fna",80.98,9.57
"3300078327_21.fna",85.53,4.95
"3300078328_14.fna",91.36,1.28
"3300078328_12.fna",81.72,3.71
"3300078328_5.fna",70.79,0.78
"3300078328_55.fna",71.1,1.71
"3300078328_64.fna",89.07,2.78
"3300078328_67.fna",73.46,0.97
"3300078328_72.fna",80.17,2.74
"3300078328_118.fna",79.19,3.78
"3300078328_108.fna",96.64,4.2
"3300078328_70.fna",79.45,2.43
"3300078328_109.fna",71.66,1.45
"3300078330_24.fna",84.27,1.72
"3300078330_27.fna",86.22,1.32
"3300078330_33.fna",77.68,5.98
"3300078330_53.fna",94.3,9.56
"3300078330_110.fna",79.25,3.42
"3300078330_57.fna",74.43,4.37
"3300078330_58.fna",83.62,0.22
"3300078330_67.fna",96.7,0
"3300078330_71.fna",76.88,2.68
"3300078330_76.fna",81.94,1.49
"3300078330_79.fna",91.38,1.72
"3300078330_83.fna",96.7,2.45
"3300078330_91.fna",87.71,4.65
"3300078330_40.fna",88.15,1.81
"3300078351_17.fna",93.69,7.12
"3300078351_32.fna",90.94,1.94
"3300078351_52.fna",82.18,1.6
"3300078351_14.fna",87.74,1.61
"3300078351_67.fna",91.94,3.87
"3300078351_37.fna",85.78,3.95
"3300078357_33.fna",84.77,1.13
"3300078357_19.fna",70.53,3.02
"3300078358_19.fna",81.55,4.38
"3300078358_21.fna",92.31,1.71
"3300078358_22.fna",79.96,3.64
"3300078358_38.fna",85.13,3.13
"3300078358_43.fna",80.39,1.26
"3300078358_13.fna",71.24,0.94
"3300078358_15.fna",90.6,1.28
"3300078358_37.fna",95.54,4.27
"3300078359_75.fna",80.22,0
"3300078359_86.fna",82.84,1
"3300078359_76.fna",77.15,4.36
"3300078359_82.fna",80.2,0
"3300078359_129.fna",80.75,0
"3300078359_88.fna",76.88,4.55
"3300078359_125.fna",74.14,6.9
"3300078359_141.fna",96.86,0.45
"3300078359_142.fna",96.72,1.71
"3300078359_144.fna",97.32,1.79
"3300078359_151.fna",95.69,3.02
"3300078359_161.fna",86.23,7.35
"3300078359_162.fna",93.18,4.66
"3300078359_183.fna",78.62,2.04
"3300078359_23.fna",92.96,2.26
"3300078359_28.fna",74.39,1.17
"3300078359_30.fna",96.89,4.23
"3300078359_32.fna",98.06,2.06
"3300078359_38.fna",88.89,0.85
"3300078359_42.fna",89.97,3.7
"3300078359_47.fna",89.51,0.93
"3300078359_50.fna",97.2,2.16
"3300078359_101.fna",77.35,3.7
"3300078359_104.fna",81.36,1.79
"3300078359_111.fna",96.43,4.19
"3300078359_115.fna",94.49,3.73
"3300078359_120.fna",96.62,2.36
"3300078359_124.fna",96.78,1.24
"3300078359_14.fna",96.22,0
"3300078359_138.fna",76.6,2.91
"3300078359_146.fna",97.75,4.31
"3300078359_149.fna",70.69,0
"3300078360_3.fna",93.95,3.18
"3300078360_2.fna",82.92,6.87
"3300078360_25.fna",77.51,0.09
"3300078361_18.fna",93.68,0
"3300078361_26.fna",82.9,2.3
"3300078361_29.fna",93.16,1.71
"3300078361_37.fna",91.28,0.92
"3300078361_38.fna",86.06,1.94
"3300078361_52.fna",94.25,3.42
"3300078364_10.fna",84.43,4.46
"3300078364_39.fna",78.35,6.08
"3300078364_40.fna",80.07,1.94
"3300078364_50.fna",71.35,1.71
"3300078364_67.fna",81.2,3.42
"3300078365_14.fna",95.15,5.83
"3300078365_7.fna",88.01,0.85
"3300078366_23.fna",97.86,2.03
"3300078367_22.fna",79.13,3.92
"3300078367_25.fna",79.13,2.35
"3300078367_15.fna",86.41,1.09
"3300078367_45.fna",76.19,2.14
"3300078367_47.fna",77.14,2.56
"3300078367_48.fna",75.76,4.86
"3300078367_50.fna",93.16,1.28
"3300078367_51.fna",94.87,2.56
"3300078367_53.fna",74.52,0.37
"3300078367_33.fna",96.91,0.19
"3300078367_58.fna",86.06,0.68
"3300078367_60.fna",91.03,0.71
"3300078367_61.fna",81.14,3.42
"3300078367_41.fna",89.66,0.86
"3300078367_68.fna",75.01,5.13
"3300078367_76.fna",77.59,4.53
"3300078367_9.fna",87.75,0
"3300078368_16.fna",86.98,1.29
"3300078368_3.fna",78.39,3.64
"3300078369_27.fna",75.91,1.29
"3300078369_13.fna",72.93,2.99
"3300078369_9.fna",81.19,1.06
"3300078369_20.fna",84.2,4.03
"3300078369_15.fna",93.58,8.45
"3300078371_5.fna",70.81,5.13
"3300078372_2.fna",96.7,0
"3300078372_11.fna",72.33,8.77
"3300078372_26.fna",94.02,2.99
"3300078372_22.fna",74.36,8.92
"3300078372_25.fna",94.87,1.71
"3300078372_32.fna",71.83,7.42
"3300078372_18.fna",73.19,4.09
"3300078372_19.fna",78.79,0.57
"3300078372_29.fna",77.83,0.85
"3300078372_31.fna",77.3,2.65
"3300078372_9.fna",90.2,7.77
"3300078373_10.fna",99.32,2.03
"3300078373_16.fna",97.15,1.71
"3300078378_2.fna",90.78,4.37
"3300078380_2.fna",79.17,2.06
"3300078381_6.fna",86.35,4.48
"3300078383_19.fna",88.89,4.56
"3300078383_20.fna",75.57,4.27
"3300078383_11.fna",96.98,1.29
"3300078383_21.fna",78.23,3.64
"3300078387_112.fna",100,5.74
"3300078387_127.fna",81.49,0.82
"3300078387_135.fna",94.83,1.72
"3300078387_136.fna",93.72,1.68
"3300078387_140.fna",93.66,1.71
"3300078387_142.fna",90.7,1.35
"3300078387_10.fna",77.62,6.42
"3300078387_105.fna",81.77,3.42
"3300078387_151.fna",93.98,0.93
"3300078387_163.fna",83.64,4.67
"3300078387_164.fna",72.01,0.93
"3300078387_167.fna",70.69,0.86
"3300078387_170.fna",73.11,8.07
"3300078387_157.fna",87.27,1.85
"3300078387_22.fna",87.26,4.16
"3300078387_23.fna",99.32,4.51
"3300078387_48.fna",74.65,0
"3300078387_50.fna",81.03,1.72
"3300078387_63.fna",82.81,4.4
"3300078387_65.fna",94.44,1.85
"3300078387_78.fna",85.11,1.57
"3300078387_97.fna",93.06,2.04
"3300078393_11.fna",74.35,0
"3300078393_45.fna",87.93,8.86
"3300078393_30.fna",91.05,0.93
"3300078393_59.fna",90.22,1.03
"3300078394_34.fna",92.67,1.72
"3300078394_4.fna",86.23,8.14
"3300078394_25.fna",72.14,3.24
"3300078400_25.fna",70.94,0
"3300078400_11.fna",72.51,3.71
"3300078402_38.fna",97.84,0.86
"3300078402_39.fna",91.08,1.86
"3300078402_7.fna",74.17,1.19
"3300078402_12.fna",81.96,1.68
"3300078402_36.fna",87.1,1.13
"3300078402_29.fna",86.78,0
"3300078416_22.fna",97.22,2.97
"3300078416_2.fna",74.46,0.63
"3300078416_6.fna",74.31,1.35
"3300078416_8.fna",90.14,2.39
"3300078416_27.fna",90.78,1.33
"3300078416_29.fna",78.57,4.23
"3300078417_1.fna",76.64,4.33
"3300078417_19.fna",86.35,3.94
"3300078417_2.fna",98.52,1.4
"3300078417_44.fna",82.75,3.07
"3300078417_5.fna",88.37,2.03
"3300078417_56.fna",75.85,1.74
"3300078417_6.fna",95.86,8.19
"3300078417_60.fna",96.34,4.15
"3300078417_7.fna",98.29,0.85
"3300078417_43.fna",86.3,1.61
"3300078417_22.fna",93.73,1.71
"3300078418_1.fna",73.26,1.99
"3300078418_19.fna",77.21,0.85
"3300078418_2.fna",99.61,2.33
"3300078418_31.fna",98.28,0.25
"3300078418_34.fna",99.15,2.14
"3300078418_36.fna",95.85,3.73
"3300078418_39.fna",94.59,2.16
"3300078418_12.fna",95.6,2.2
"3300078418_13.fna",93.97,0
"3300078418_14.fna",95.51,0.87
"3300078418_5.fna",84.76,0.85
"3300078418_57.fna",89.64,1.35
"3300078418_63.fna",75.03,0.63
"3300078418_70.fna",91.82,0
"3300078418_84.fna",88.47,4.54
"3300078418_86.fna",94.53,1.78
"3300078418_48.fna",99.09,1.03
"3300078418_47.fna",89.67,0.85
"3300078419_27.fna",75.64,0.85
"3300078419_29.fna",88.99,2.43
"3300078419_40.fna",70.32,3.42
"3300078419_41.fna",97.44,2.99
"3300078419_42.fna",94.02,3.59
"3300078419_43.fna",91.23,6.08
"3300078419_5.fna",80.84,0.71
"3300078422_26.fna",79.46,4.82
"3300078422_52.fna",79.91,0.85
"3300078422_49.fna",81.62,5.41
"3300078423_28.fna",88.35,2.91
"3300078423_20.fna",84.43,0.86
"3300078423_36.fna",72.09,3.51
"3300078423_33.fna",96.62,1.35
"3300078424_26.fna",83.22,2.64
"3300078424_1.fna",83.13,2.32
"3300078424_20.fna",96.98,1.87
"3300078425_47.fna",93.91,1.43
"3300078425_5.fna",97.42,4.76
"3300078425_54.fna",93.78,3.14
"3300078425_4.fna",96.06,2.38
"3300078425_46.fna",91.45,0.74
"3300078425_50.fna",87.4,3.7
"3300078425_73.fna",87.77,4.27
"3300078425_77.fna",89.47,0.1
"3300078425_71.fna",70.09,0.85
"3300078425_72.fna",93.73,1.71
"3300078430_13.fna",87.93,1.72
"3300078430_19.fna",82.99,1.87
"3300078430_5.fna",70.84,1.01
"3300078431_2.fna",72.97,1.29
"3300078431_1.fna",73.65,2.56
"3300078432_19.fna",74.97,5.45
"3300078432_37.fna",83.52,4.5
"3300078432_52.fna",83.1,1.28
"3300078432_66.fna",81.06,1.28
"3300078432_7.fna",74.43,0.49
"3300078432_8.fna",93.45,9.21
"3300078432_43.fna",89.89,4.85
"3300078434_24.fna",73.04,1.45
"3300078434_29.fna",82.32,1.1
"3300078434_15.fna",80.48,3.73
"3300078435_9.fna",74.8,0.93
"3300078436_20.fna",78.37,4.99
"3300078436_28.fna",70.23,2.91
"3300078436_44.fna",70.74,0
"3300078436_47.fna",97.1,1.28
"3300078481_10.fna",96.58,1.76
"3300078481_41.fna",90.5,1.93
"3300078481_54.fna",81.98,3.33
"3300078488_13.fna",74.92,4.15
"3300078488_36.fna",92.11,4.68
"3300078488_37.fna",76.64,6.84
"3300078488_48.fna",97.07,1.71
"3300078488_52.fna",75.99,1.88
"3300078488_45.fna",73.3,0.19
"3300078488_42.fna",88.83,2.84
"3300078489_32.fna",72.51,2.56
"3300078489_16.fna",79.64,1.74
"3300078489_7.fna",90.91,3.74
"3300078492_15.fna",84.08,2.57
"3300078492_34.fna",81.31,1.03
"3300078492_22.fna",91.83,1.31
"3300078492_4.fna",98.28,1.72
"3300078492_9.fna",91.72,2.49
"3300078493_29.fna",70.89,2.39
"3300078493_60.fna",79.55,3.42
"3300078501_15.fna",76.72,1.72
"3300078501_18.fna",73.08,0.85
"3300078515_11.fna",95.69,1.72
"3300078515_28.fna",89.81,1.94
"3300078515_34.fna",92.24,0.86
"3300078515_37.fna",88.34,1.35
"3300078515_22.fna",90.23,2.73
"3300078515_14.fna",78.95,1.68
"3300078518_42.fna",86.61,5.13
"3300078518_60.fna",97.84,1.72
"3300078518_65.fna",70.47,1.71
"3300078518_66.fna",74.61,1.96
"3300078518_38.fna",94.44,1.25
"3300078518_10.fna",79.91,2.14
"3300078520_20.fna",92.18,4.95
"3300078520_41.fna",96.76,0.93
"3300078520_10.fna",82.3,2.16
"3300078520_55.fna",81.95,4.3
"3300078521_18.fna",80.36,1.14
"3300078521_35.fna",77.5,2.73
"3300078521_12.fna",85,1.32
"3300078521_28.fna",99.53,2.07
"3300078521_22.fna",76.54,1.94
"3300078522_5.fna",70.06,0
"3300078522_8.fna",78.51,1.32
"3300078523_12.fna",91.24,0.85
"3300078523_4.fna",94.59,4.39
"3300078523_34.fna",77.6,3.39
"3300078523_21.fna",97.3,3.38
"3300078523_29.fna",76.19,3.45
"3300078523_53.fna",93.24,2.3
"3300078525_27.fna",71.89,0.43
"3300078525_33.fna",99.31,0.93
"3300078525_25.fna",83.64,0
"3300078525_45.fna",96.04,0.99
"3300078525_46.fna",96.7,2.37
"3300078525_48.fna",87.53,2.86
"3300078525_49.fna",97.91,0.76
"3300078525_19.fna",76.15,5.33
"3300078525_6.fna",87.27,3.03
"3300078525_80.fna",88.65,2.96
"3300078525_51.fna",82.52,0.38
"3300078525_55.fna",95.69,1.71
"3300078525_65.fna",96.72,1.71
"3300078526_10.fna",93.57,4.08
"3300078526_105.fna",99.01,2.46
"3300078526_108.fna",73.67,9.84
"3300078526_123.fna",79.06,4.27
"3300078526_125.fna",98.91,2.04
"3300078526_109.fna",95.48,1.29
"3300078526_11.fna",98.43,1.71
"3300078526_117.fna",79.45,0.11
"3300078526_122.fna",80.09,5.21
"3300078526_33.fna",98.03,0.81
"3300078526_35.fna",95.28,3.39
"3300078526_133.fna",77.54,1.44
"3300078526_18.fna",78.26,6.59
"3300078526_51.fna",91.45,2.14
"3300078526_28.fna",94.19,1.85
"3300078526_58.fna",99.79,2.56
"3300078526_66.fna",96.85,3.85
"3300078526_76.fna",93.94,2.84
"3300078526_85.fna",97.65,1.71
"3300078526_86.fna",76.72,2.96
"3300078526_88.fna",91.06,2.84
"3300078526_9.fna",90.51,1.47
"3300078526_93.fna",98.28,0.49
"3300078526_96.fna",85.87,3.91
"3300078526_50.fna",86.94,1.09
"3300078526_44.fna",94.72,1.98
"3300078527_15.fna",93.47,4.05
"3300078527_38.fna",97.86,1.71
"3300078527_63.fna",94.71,0.43
"3300078527_64.fna",91.16,2.2
"3300078527_65.fna",87.7,3.4
"3300078527_29.fna",89.97,2.91
"3300078527_69.fna",79.98,6.84
"3300078527_46.fna",74.79,0.85
"3300078527_67.fna",88.21,1.85
"3300078528_26.fna",84.87,1.03
"3300078528_9.fna",86.28,2.9
"3300078528_5.fna",98.28,1.72
"3300078529_13.fna",98.28,1.72
"3300078529_9.fna",86.93,0.93
"3300078530_10.fna",93.98,1.85
"3300078530_18.fna",98.28,2.16
"3300078530_19.fna",94.02,0.85
"3300078530_12.fna",100,4.27
"3300078530_3.fna",95.73,2.62
"3300078531_9.fna",90.61,2.16
"3300078532_15.fna",70.69,0
"3300078533_29.fna",80.6,1.72
"3300078533_41.fna",74.91,2.42
"3300078533_50.fna",70.16,3.25
"3300078533_52.fna",97.72,2.59
"3300078533_69.fna",93.94,2.74
"3300078533_67.fna",97.41,0.86
"3300078533_64.fna",95.83,2.36
"3300078533_65.fna",99.05,1.9
"3300078538_34.fna",94.11,2.01
"3300078538_10.fna",92.58,1.29
"3300078539_3.fna",88.01,1.49
"3300078539_43.fna",71.06,0.55
"3300078539_48.fna",84.76,3.88
"3300078539_21.fna",77.07,0
"3300078539_58.fna",84.19,0.99
"3300078539_61.fna",94.01,8.74
"3300078539_57.fna",71.72,0.16
"3300078539_49.fna",97.52,1.71
"3300078539_9.fna",97.84,0.86
"3300078539_62.fna",80.12,2.85
"3300078541_110.fna",70.35,1.49
"3300078541_41.fna",83.19,0.6
"3300078541_48.fna",97.74,2.35
"3300078541_62.fna",83.12,1.5
"3300078541_67.fna",98.22,1.61
"3300078541_77.fna",74.14,1.72
"3300078541_78.fna",91.07,2.31
"3300078541_80.fna",93.4,2.85
"3300078541_81.fna",77.67,4.8
"3300078541_91.fna",99.31,0.78
"3300078541_31.fna",100,0.55
"3300078541_39.fna",71.7,3.94
"3300078541_28.fna",78.26,2.18
"3300078542_27.fna",82.89,0
"3300078542_39.fna",95.21,3.95
"3300078542_43.fna",83.19,0.86
"3300078542_28.fna",87.2,4.32
"3300078542_49.fna",88.61,0
"3300078542_50.fna",77.58,8.43
"3300078542_51.fna",77.7,1.69
"3300078542_52.fna",83.02,7.55
"3300078542_56.fna",99.51,0
"3300078542_32.fna",72.18,3.42
"3300078542_6.fna",90.3,1.45
"3300078542_60.fna",86.29,2.2
"3300078542_61.fna",78.2,1.71
"3300078542_45.fna",79.81,2.02
"3300078542_68.fna",89.93,0.65
"3300078542_69.fna",75.73,1.94
"3300078542_57.fna",79.78,1.85
"3300078542_58.fna",92.8,0
"3300078544_49.fna",75.56,0
"3300078544_54.fna",75.01,3.48
"3300078545_22.fna",73.08,2.99
"3300078545_38.fna",93.68,5.75
"3300078545_9.fna",92.24,0.67
"3300078546_38.fna",81.79,7.22
"3300078546_26.fna",71.65,1.7
"3300078546_19.fna",96.63,1.12
"3300078546_5.fna",88.06,2.56
"3300078548_27.fna",96.98,1.72
"3300078575_29.fna",90.87,3.59
"3300078575_34.fna",76.38,0
"3300078576_24.fna",93.8,1.62
"3300078576_17.fna",75.91,2.56
"3300078578_19.fna",78.19,2.85
"3300078578_35.fna",96.98,0.86
"3300078578_16.fna",81.07,0.97
"3300078578_24.fna",90.63,3.07
"3300078578_28.fna",83.64,1.82
"3300078580_7.fna",84.99,1.24
"3300078580_1.fna",83.02,1.28
"3300078580_12.fna",97.44,2.56
"3300078580_15.fna",98.43,1.71
"3300078583_23.fna",86.15,2.63
"3300078583_2.fna",96.18,2.85
"3300078583_39.fna",85.98,1.5
"3300078584_28.fna",97.46,1.21
"3300078584_27.fna",97.81,1.71
"3300078584_11.fna",93.16,0.85
"3300078584_26.fna",98.99,2.03
"3300078706_3.fna",83.98,1.94
"3300078708_4.fna",86.68,2.59
"3300078709_12.fna",73.42,3.16
"3300078709_13.fna",83.42,1.91
"3300078710_10.fna",72.78,2.14
"3300078710_23.fna",74.11,2.27
"3300078710_31.fna",90.06,2.85
"3300078710_19.fna",77.32,3.2
"3300078711_11.fna",85.17,1.92
"3300078711_1.fna",70.23,2.87
"3300078713_3.fna",70.5,4.54
"3300078713_16.fna",78.35,3.42
"3300078713_21.fna",74.51,4.82
"3300078714_14.fna",88.97,2.27
"3300078714_26.fna",92.56,4.52
"3300078714_24.fna",83.9,2.05
"3300078714_28.fna",80.36,2.55
"3300078715_1.fna",81.11,2.89
"3300078716_9.fna",81.61,2.75
"3300078716_14.fna",87.18,2.99
"3300078716_28.fna",73.44,3.74
"3300078716_27.fna",97.39,2.61
"3300078726_11.fna",87.54,5.34
"3300078726_27.fna",90.94,1.94
"3300078726_16.fna",75.55,1.69
"3300078726_22.fna",85.34,5.98
"3300078726_51.fna",79.48,1.09
"3300078726_29.fna",75.25,3.09
"3300078726_4.fna",96.66,1.05
"3300078727_26.fna",86.29,1.87
"3300078727_29.fna",72.58,0
"3300078727_47.fna",86.57,3.79
"3300078727_44.fna",83.86,0.6
"3300078727_23.fna",99.39,1.19
"3300078727_7.fna",78.55,1.49
"3300078728_6.fna",98.41,0
"3300078729_12.fna",79.89,4.48
"3300078729_57.fna",91.08,3.33
"3300078729_51.fna",96.12,0.97
"3300078729_14.fna",74.66,0.99
"3300078729_43.fna",91.11,1.98
"3300078730_11.fna",82.2,2.91
"3300078730_33.fna",97.84,0.86
"3300078730_21.fna",70.92,0.93
"3300078730_42.fna",92.9,0
"3300078730_67.fna",90.13,3.88
"3300078730_14.fna",92.74,0.65
"3300078730_18.fna",83.06,1.21
"3300078730_10.fna",99.01,0.49
"3300078730_59.fna",86.77,3.87
"3300078731_13.fna",93.73,1.99
"3300078731_23.fna",82.13,1.21
"3300078732_1.fna",85.47,2.64
"3300078732_39.fna",98.93,1.71
"3300078732_16.fna",96.55,1.72
"3300078732_25.fna",99.15,2.56
"3300078732_57.fna",82.61,5.09
"3300078732_6.fna",82.76,8.62
"3300078732_61.fna",70.37,8.48
"3300078732_29.fna",95.09,1.71
"3300078732_5.fna",78.81,0.15
"3300078732_72.fna",75.24,3.6
"3300078735_11.fna",93.6,2.43
"3300078735_38.fna",81.32,2.2
"3300078735_15.fna",96.91,4.22
"3300078735_59.fna",97.84,0.86
"3300078735_61.fna",90.61,4.85
"3300078735_66.fna",78.11,2.97
"3300078735_69.fna",94.19,0.65
"3300078735_16.fna",74.62,4.36
"3300078735_27.fna",87.54,3.88
"3300078735_39.fna",79.31,0
"3300078740_33.fna",90.52,1.72
"3300078740_36.fna",97.25,2.2
"3300078740_23.fna",71.52,4.85
"3300078740_46.fna",83.25,2.43
"3300078741_17.fna",88.35,3.88
"3300078741_1.fna",95.65,2.17
"3300078741_23.fna",83.19,2.59
"3300078750_16.fna",90.52,1.51
"3300078750_25.fna",76.84,3.64
"3300078750_22.fna",87.7,3.51
"3300078750_36.fna",83.57,2.58
"3300078750_60.fna",73.82,1.19
"3300078750_63.fna",89.3,0.54
"3300078750_65.fna",84.24,2.58
"3300078750_56.fna",76.3,3.42
"3300078750_17.fna",78.13,2.06
"3300078751_16.fna",87.99,3.21
"3300078751_8.fna",75.4,4.37
"3300078751_41.fna",81.39,1.94
"3300078751_38.fna",87.21,0.86
"3300078754_20.fna",70.33,2.53
"3300078754_3.fna",90.66,3.53
"3300078754_50.fna",74.28,3.55
"3300078761_44.fna",92.68,5.43
"3300078761_48.fna",81.8,3.96
"3300078761_57.fna",97.63,0.71
"3300078761_6.fna",89.84,2.99
"3300078761_62.fna",92.86,4.4
"3300078761_67.fna",76.07,7.37
"3300078761_77.fna",95.61,0.88
"3300078761_78.fna",97.41,3.45
"3300078761_79.fna",92.96,3.53
"3300078761_9.fna",93.95,3.26
"3300078761_16.fna",71.48,5.98
"3300078761_35.fna",73.56,4.31
"3300078823_106.fna",73.59,1.72
"3300078823_107.fna",86.37,1.9
"3300078823_10.fna",95.94,1.49
"3300078823_111.fna",71.88,4.72
"3300078823_64.fna",81.03,0.86
"3300078823_68.fna",92.95,3.56
"3300078823_75.fna",94.67,8.78
"3300078823_21.fna",92.48,0.97
"3300078823_25.fna",88.45,6.14
"3300078823_30.fna",72.41,0.59
"3300078823_96.fna",91.97,1.13
"3300078823_92.fna",82.05,1.75
"3300078823_44.fna",79.31,1.72
"3300078823_82.fna",86.14,1.55
"3300078838_31.fna",71.05,2.14
"3300078838_33.fna",94.84,0.65
"3300078838_48.fna",71.69,3.07
"3300078838_5.fna",96.38,2.57
"3300078838_25.fna",96.72,4.02
"3300078838_23.fna",97.41,1.9
"3300078838_45.fna",93.16,3.42
"3300078840_10.fna",86.34,0.68
"3300078840_13.fna",85.86,2.1
"3300078840_32.fna",89.47,2.05
"3300079099_46.fna",79.13,3.95
"3300079099_52.fna",71.62,1.71
"3300079099_56.fna",85.92,4.82
"3300079099_58.fna",77.8,2.93
"3300079099_23.fna",92.39,0.86
"3300079099_71.fna",71.79,9.93
"3300079099_51.fna",81.79,2.2
"3300079099_6.fna",77.16,3.12
"3300079100_1.fna",78.21,3.97
"3300079100_11.fna",77.59,4.33
"3300079100_13.fna",70.48,1.1
"3300079100_17.fna",74.88,4.59
"3300079100_32.fna",79.96,2.23
"3300079100_34.fna",84.11,6.45
"3300079100_37.fna",75.4,1.87
"3300079100_49.fna",74.36,4.38
"3300079100_15.fna",83.06,2.2
"3300079100_6.fna",80.51,1.47
"3300079100_25.fna",73.35,2.2
"3300079100_66.fna",90.66,1.15
"3300079100_71.fna",70.1,3.54
"3300079100_72.fna",95.72,3.88
"3300079100_74.fna",77.44,3.55
"3300079100_5.fna",72.28,0.88
"3300079101_116.fna",93.82,2.97
"3300079101_128.fna",72.59,3.45
"3300079101_138.fna",71.47,0.54
"3300079101_15.fna",74.83,0
"3300079101_18.fna",86.99,2.25
"3300079101_21.fna",82.77,3.96
"3300079101_23.fna",88.35,3.98
"3300079101_24.fna",97.86,2.56
"3300079101_28.fna",88.65,3.97
"3300079101_37.fna",97.44,1.71
"3300079101_47.fna",94.02,1.14
"3300079101_59.fna",82.2,4.86
"3300079101_61.fna",88.31,2.39
"3300079101_64.fna",72.65,1.71
"3300079101_69.fna",82.37,3.3
"3300079101_71.fna",74.04,1.87
"3300079101_84.fna",95.46,1.74
"3300079101_13.fna",73.6,6.98
"3300079101_135.fna",91.19,5.2
"3300079101_119.fna",94.4,3.66
"3300079101_129.fna",95.4,0
"3300079102_22.fna",93.53,0.86
"3300079102_35.fna",73.11,9.35
"3300079102_71.fna",83.3,0.86
"3300079102_72.fna",90.26,4.95
"3300079102_14.fna",89.18,0.07
"3300079102_15.fna",91.72,4.96
"3300079102_8.fna",89.74,0.28
"3300079102_80.fna",96.98,4.05
"3300079102_9.fna",97.86,1.71
"3300079102_6.fna",88.85,9.73
"3300079102_7.fna",87.26,4.27
"3300079102_74.fna",78.74,3.64
"3300079103_21.fna",96.15,4.95
"3300079103_15.fna",94.36,4.27
"3300079103_40.fna",73.73,3.02
"3300079103_41.fna",73.62,5.74
"3300079103_43.fna",93.69,3.96
"3300079103_47.fna",81.89,0.37
"3300079103_62.fna",98.39,6.12
"3300079103_63.fna",84.62,3.28
"3300079103_32.fna",85.04,5.34
"3300079103_9.fna",89.05,3.77
"3300079103_92.fna",93.66,2.56
"3300079103_52.fna",80.71,3.85
"3300079103_61.fna",81.32,1.2
"3300079103_78.fna",75.96,0.33
"3300079107_14.fna",81.79,2.76
"3300079107_22.fna",98.03,2.15
"3300079107_26.fna",94.93,2.56
"3300079107_28.fna",97.44,1.71
"3300079107_29.fna",75.84,6.15
"3300079107_3.fna",84.57,4.17
"3300079107_40.fna",90.37,0.92
"3300079107_10.fna",93.32,7.88
"3300079107_53.fna",97.83,1.16
"3300079107_56.fna",71.85,4.31
"3300079107_20.fna",85.19,3.62
"3300079107_46.fna",98.52,2.05
"3300079107_18.fna",84.23,3.85
"3300079118_115.fna",83.75,1.71
"3300079118_120.fna",80.52,3.76
"3300079118_126.fna",95.16,1.45
"3300079118_129.fna",93.79,0.74
"3300079118_131.fna",88.51,4.76
"3300079118_144.fna",73.67,9.32
"3300079118_152.fna",76.93,2.3
"3300079118_154.fna",82.36,6.8
"3300079118_22.fna",82.47,2.67
"3300079118_65.fna",81.85,4.4
"3300079118_74.fna",88.68,4.27
"3300079118_83.fna",83.36,1.48
"3300079118_87.fna",84.92,2.56
"3300079118_95.fna",82.73,1.82
"3300079118_47.fna",81.98,1.94
"3300079118_64.fna",73.11,3.55
"3300079118_33.fna",75.6,0.58
"3300079118_77.fna",70.72,3.28
"3300079119_23.fna",75.21,2.88
"3300079119_11.fna",72.26,4.73
"3300079119_44.fna",95.45,1.14
"3300079119_45.fna",93.84,1.23
"3300079119_48.fna",92.85,2.78
"3300079119_56.fna",88.15,5.83
"3300079119_57.fna",89.24,0.68
"3300079119_27.fna",80.46,0
"3300079119_29.fna",84.3,3.26
"3300079119_34.fna",98.4,1.93
"3300079119_41.fna",97.55,0
"3300079119_43.fna",83.73,4.5
"3300079119_77.fna",77.3,0
"3300079119_9.fna",97.3,1.35
"3300079119_59.fna",91.45,3.42
"3300079119_62.fna",75.84,0.23
"3300079119_65.fna",83.92,1.85
"3300079119_7.fna",81.59,1.69
"3300079119_70.fna",84.5,2.27
"3300079119_72.fna",99.15,1.28
"3300079119_76.fna",79.18,6.84
"3300079120_33.fna",97.04,0.95
"3300079120_17.fna",77.21,0.85
"3300079120_31.fna",96.77,1.79
"3300079120_4.fna",95.52,6.12
"3300079121_39.fna",78.56,2.11
"3300079121_61.fna",74.41,2.22
"3300079121_55.fna",76.05,0
"3300079157_20.fna",97.84,1.72
"3300079157_27.fna",75.99,0
"3300079157_31.fna",81.33,0.6
"3300079157_33.fna",93.85,3.24
"3300079157_34.fna",75.6,5.26
"3300079157_35.fna",95.75,1.11
"3300079157_6.fna",86.07,3.22
"3300079157_67.fna",93.23,0.65
"3300079157_72.fna",87.33,0.86
"3300079157_75.fna",82.27,1.1
"3300079157_36.fna",96.13,0
"3300079157_38.fna",90.1,0.47
"3300079157_40.fna",99.51,0
"3300079157_8.fna",95.76,6.4
"3300079158_53.fna",74.14,1.72
"3300079158_10.fna",77.21,1.85
"3300079158_66.fna",91.81,2.16
"3300079158_9.fna",79.52,3.39
"3300079160_35.fna",99.15,3.85
"3300079161_2.fna",84.76,1.29
"3300079162_35.fna",70.52,3.45
"3300079162_23.fna",97.41,0
"3300079162_25.fna",85.21,6.27
"3300079162_52.fna",78.29,2.63
"3300079162_53.fna",76.18,3.67
"3300079162_59.fna",78.88,3.19
"3300079162_64.fna",78.06,4.17
"3300079162_65.fna",96.55,0.86
"3300079162_69.fna",76.9,0.93
"3300079162_72.fna",94.82,4.37
"3300079162_73.fna",80.79,2.06
"3300079162_46.fna",93.62,0.86
"3300079162_47.fna",73.89,2.26
"3300079169_33.fna",75.44,0
"3300079169_48.fna",97.73,2.27
"3300079169_62.fna",74.23,0.66
"3300079169_8.fna",95.73,1.28
"3300079169_6.fna",97.86,1.99
"3300079169_28.fna",93.82,9.46
"3300079169_18.fna",86.65,3.42
"3300079169_12.fna",95.15,1.23
"3300079305_12.fna",96.43,2.61
"3300079305_17.fna",77.16,3.06
"3300079305_21.fna",80.57,4.74
"3300079305_26.fna",72.74,1.58
"3300079305_29.fna",90.29,1.25
"3300079305_31.fna",93.16,0.85
"3300079305_46.fna",73.72,1.49
"3300079305_16.fna",82.73,4.95
"3300079305_7.fna",75.86,0
"3300079305_8.fna",94.53,2.14
"3300079305_42.fna",88.17,2.79
"3300079305_33.fna",99.52,0
"3300079305_47.fna",96.34,0
"3300079306_39.fna",89.87,2.76
"3300079306_4.fna",79.86,3.21
"3300079306_40.fna",71.73,2.56
"3300079306_5.fna",93.84,1.72
"3300079306_50.fna",72.15,0.85
"3300079306_54.fna",72.26,2.53
"3300079306_60.fna",82.99,4.16
"3300079306_14.fna",94.79,0.86
"3300079385_105.fna",83.4,7.59
"3300079385_113.fna",77.32,1.01
"3300079385_110.fna",75.2,9.98
"3300079385_30.fna",82.59,1.71
"3300079385_51.fna",79.48,0.1
"3300079385_69.fna",89.12,3.7
"3300079385_27.fna",72.61,4.31
"3300079385_86.fna",90.54,9.46
"3300079387_26.fna",71.37,2.92
"3300079387_24.fna",87.38,1.94
"3300079387_42.fna",82.04,0
"3300079387_31.fna",75,0
"3300079387_45.fna",88.6,3.11
"3300079390_15.fna",86.19,1.46
"3300079390_17.fna",79.87,7.43
"3300079390_28.fna",72.51,3.91
"3300079391_16.fna",84.76,0
"3300079391_11.fna",89.53,0.85
"3300079391_3.fna",73.05,3.21
"3300079391_38.fna",90.23,5.33
"3300079391_51.fna",86.96,1.72
"3300079391_8.fna",89.79,2.3
"3300079391_25.fna",97.86,0.28
"3300079393_14.fna",92.64,2.33
"3300079393_28.fna",93.18,0
"3300079393_30.fna",78.41,3.42
"3300079393_33.fna",74.7,1.28
"3300079393_51.fna",73.68,0.85
"3300079393_59.fna",73.64,1.78
"3300079393_61.fna",89.46,0.85
"3300079393_47.fna",82.81,2.13
"3300079393_34.fna",93.59,2.56
"3300079393_42.fna",88.19,0
"3300079394_17.fna",74.39,2.87
"3300079394_12.fna",91.03,0.85
"3300079394_15.fna",100,2.25
"3300079394_26.fna",90.14,1.15
"3300079394_6.fna",78.94,6.2
"3300079394_20.fna",80.27,3.59
"3300079394_24.fna",78.95,7.94
"3300079394_5.fna",93.07,2.75
"3300079394_39.fna",74.36,1.62
"3300079397_35.fna",84.66,5.98
"3300079397_16.fna",84.48,3.3
"3300079397_31.fna",88.57,1.82
"3300079397_48.fna",81.54,1.55
"3300079397_49.fna",73.05,2.1
"3300079397_61.fna",81.33,3.07
"3300079397_26.fna",70.97,6.09
"3300079397_67.fna",79.81,3.3
"3300079397_43.fna",82.62,5.18
"3300079397_78.fna",77.21,0
"3300079397_79.fna",90.3,6.08
"3300079397_9.fna",87.82,2.56
"3300079397_77.fna",85.92,1.81
"3300079397_64.fna",85.11,5.98
"3300079399_14.fna",83.87,0.85
"3300079399_25.fna",81.02,2.79
"3300079399_19.fna",87.58,0.25
"3300079399_26.fna",84.3,3.19
"3300079399_5.fna",86.75,2.74
"3300079400_13.fna",83.68,1.4
"3300079400_21.fna",97.43,3.1
"3300079400_14.fna",87.33,1.89
"3300079400_37.fna",83.32,5.8
"3300079400_22.fna",91.37,1.71
"3300079400_34.fna",98.86,1.71
"3300079400_5.fna",80.95,4.39
"3300079400_53.fna",78.92,4.13
"3300079400_6.fna",77.31,2.98
"3300079400_16.fna",86.09,0.87
"3300079400_66.fna",74.16,1.29
"3300079400_43.fna",100,3.86
"3300079400_42.fna",90.63,5.73
"3300079400_60.fna",98.85,0
"3300079401_14.fna",74.56,8
"3300079401_41.fna",93.13,8.51
"3300079401_42.fna",92.74,0.94
"3300079401_34.fna",86.27,3.16
"3300079401_49.fna",84.43,6.45
"3300079401_24.fna",80.84,3.65
"3300079401_44.fna",73.62,3.45
"3300079404_10.fna",78.21,5.56
"3300079404_18.fna",81.68,2.44
"3300079404_24.fna",76.97,1.3
"3300079404_19.fna",76.57,1.72
"3300079404_3.fna",87.7,3.72
"3300079428_29.fna",72.17,3.97
"3300079428_40.fna",72.26,3.12
"3300079428_36.fna",95.96,0.84
"3300079428_38.fna",72.03,3.73
"3300079428_19.fna",74.79,1.71
"3300079430_30.fna",82.73,2.59
"3300079430_36.fna",70.42,2.74
"3300079430_38.fna",89.28,3.07
"3300079430_4.fna",80.77,2.27
"3300079430_7.fna",88.09,1.29
"3300079430_17.fna",94.87,1.71
"3300079481_31.fna",71.55,0
"3300079481_38.fna",71.35,3.32
"3300079481_30.fna",74.9,1.23
"3300079481_45.fna",97.36,0.85
"3300079481_49.fna",71.55,8.89
"3300079481_56.fna",75.33,6.03
"3300079481_57.fna",80.23,4.19
"3300079481_58.fna",76.32,5.56
"3300079481_42.fna",96.79,0.85
"3300079481_44.fna",91.47,5
"3300079481_28.fna",76.5,6.05
"3300079482_18.fna",100,0.85
"3300079482_19.fna",93.94,3.02
"3300079482_24.fna",70.99,1.66
"3300079482_11.fna",78.64,2.97
"3300079482_14.fna",95.73,2.56
"3300079482_38.fna",90.94,4.84
"3300079482_4.fna",81.3,2.73
"3300079482_43.fna",74.16,1.92
"3300079482_45.fna",73.42,5.88
"3300079482_49.fna",81.79,8.88
"3300079482_27.fna",98.93,2.56
"3300079482_28.fna",95.93,4.01
"3300079482_30.fna",93.86,1.75
"3300079482_9.fna",97.22,0
"3300079482_34.fna",73.44,8.13
"3300079482_36.fna",85.47,4.58
"3300079482_37.fna",96.14,7.09
"3300079482_55.fna",71.72,1.63
"3300079482_53.fna",97.47,2.74
"3300079482_54.fna",95.73,1.28
"3300079509_106.fna",90.69,1.47
"3300079509_111.fna",86,2.18
"3300079509_127.fna",94.02,4.27
"3300079509_145.fna",88.22,1.04
"3300079509_153.fna",78.4,3.85
"3300079509_164.fna",97.13,3.26
"3300079509_166.fna",77.45,2.01
"3300079509_167.fna",90.08,2.7
"3300079509_170.fna",76.61,3.2
"3300079509_181.fna",74.08,4.17
"3300079509_132.fna",96.77,0.3
"3300079509_134.fna",95.87,3.65
"3300079509_144.fna",76.08,0
"3300079509_19.fna",76.78,3.14
"3300079509_190.fna",94.83,0.86
"3300079509_193.fna",78.08,4.58
"3300079509_195.fna",72.19,4.31
"3300079509_204.fna",93.98,0.93
"3300079509_206.fna",77.55,1.29
"3300079509_186.fna",82.32,4.35
"3300079509_188.fna",90.5,6.84
"3300079509_189.fna",92.95,1.14
"3300079509_218.fna",82.12,0.58
"3300079509_105.fna",70.16,4.31
"3300079509_34.fna",70.49,1.71
"3300079509_37.fna",100,2.63
"3300079509_38.fna",98.28,2.33
"3300079509_42.fna",94.03,4.09
"3300079509_53.fna",82.04,3.34
"3300079509_57.fna",74.22,2.23
"3300079509_58.fna",71.15,4.31
"3300079509_60.fna",83.93,3.99
"3300079509_61.fna",74.31,1.72
"3300079509_74.fna",70.54,4.78
"3300079509_79.fna",78.31,0.74
"3300079509_86.fna",93.59,2.56
"3300079509_92.fna",84.58,1.76
"3300079509_97.fna",95.66,0.44
"3300079509_211.fna",85.7,3.21
"3300079509_208.fna",79.1,0
"3300079509_209.fna",90.18,4.99
"3300079510_4.fna",75.04,4.53
"3300079510_42.fna",75.4,9.4
"3300079510_6.fna",92.03,1.01
"3300079510_29.fna",78.95,3
"3300079522_28.fna",70.09,0.43
"3300079522_56.fna",86.3,4.95
"3300079522_9.fna",90.58,4.86
"3300079522_41.fna",72.41,0.97
"3300079525_8.fna",76.59,1.51
"3300079526_13.fna",98.45,5.44
"3300079526_32.fna",77.7,7.31
"3300079526_33.fna",80.23,2.69
"3300079526_23.fna",74.96,3.23
"3300079526_24.fna",79.24,2.2
"3300079526_39.fna",91.74,2.99
"3300079526_40.fna",77.76,6.1
"3300079526_42.fna",89.88,5.99
"3300079526_43.fna",82.4,1.15
"3300079526_44.fna",94.87,0
"3300079526_25.fna",92.55,2.56
"3300079526_28.fna",98.29,4.27
"3300079526_3.fna",73.98,5.13
"3300079526_30.fna",99.25,1.24
"3300079526_5.fna",74.77,0.86
"3300079526_35.fna",97.84,0.86
"3300079526_36.fna",94.83,2.01
"3300079526_60.fna",89.74,2.59
"3300079526_62.fna",93.8,1.31
"3300079526_66.fna",92.06,0.89
"3300079526_47.fna",99.13,1.3
"3300079526_48.fna",97.22,3.02
"3300079526_49.fna",90.24,2.14
"3300079526_57.fna",79.41,0.46
"3300079526_67.fna",94.7,1.88
"3300079526_71.fna",90.44,6.51
"3300079528_43.fna",95.69,1.72
"3300079528_55.fna",71.37,0.48
"3300079528_69.fna",72.77,0.99
"3300079528_59.fna",72.02,2.02
"3300079528_63.fna",95.47,1.94
"3300079528_11.fna",89.03,0.04
"3300079532_21.fna",100,2.19
"3300079532_24.fna",90.25,0.86
"3300079532_35.fna",98.08,4.8
"3300079532_9.fna",90.78,4.85
"3300079532_20.fna",95.13,1.71
"3300079532_7.fna",96.75,4.87
"3300079532_6.fna",93.73,2.91
"3300079533_12.fna",97.2,2.89
"3300079533_14.fna",94.36,1.57
"3300079533_33.fna",94.26,3.7
"3300079533_5.fna",94.81,1.3
"3300079533_51.fna",93.76,1.22
"3300079533_19.fna",95.73,2.61
"3300079533_58.fna",98.71,0.86
"3300079533_61.fna",91.44,2.27
"3300079533_62.fna",96.45,1.29
"3300079533_63.fna",93.38,1.71
"3300079533_9.fna",72.32,5.07
"3300079533_43.fna",100,0.85
"3300079533_42.fna",76.48,0.65
"3300079533_52.fna",92.02,1.71
"3300079534_23.fna",79.47,0.75
"3300079534_25.fna",92.74,2.99
"3300079534_1.fna",89.32,2.28
"3300079534_32.fna",73.57,1.77
"3300079534_42.fna",96.43,6.33
"3300079534_12.fna",81.19,1.14
"3300079534_58.fna",91.3,4.42
"3300079534_63.fna",92.29,4.69
"3300079534_7.fna",81.6,0.8
"3300079534_76.fna",83.71,2.48
"3300079534_79.fna",89.74,3.5
"3300079534_80.fna",70.62,2.78
"3300079534_82.fna",98.28,3.13
"3300079534_90.fna",88.06,3.23
"3300079534_87.fna",71.21,2.4
"3300079535_5.fna",85.63,1.31
"3300079540_13.fna",96.55,2.59
"3300079540_20.fna",98.29,4.44
"3300079540_31.fna",80.6,0.86
"3300079540_32.fna",95.21,2.99
"3300079540_2.fna",92.48,3.87
"3300079540_35.fna",70.19,1.95
"3300079540_29.fna",97.38,2.56
"3300079540_33.fna",92.23,2.07
"3300079541_12.fna",77,1.14
"3300079541_9.fna",77.63,1.85
"3300079542_17.fna",96.58,1.99
"3300079542_16.fna",80.79,0.85
"3300079542_4.fna",98.28,1.72
"3300079542_7.fna",79.01,2.76
"3300079542_3.fna",80.08,4.01
"3300079543_10.fna",74.48,0.85
"3300079543_82.fna",86.52,3.8
"3300079543_84.fna",84.75,5.4
"3300079543_88.fna",81.23,2.99
"3300079543_34.fna",73.28,1.94
"3300079543_40.fna",99.51,0.49
"3300079545_20.fna",78.8,5.49
"3300079545_35.fna",89.13,3.04
"3300079545_42.fna",75.47,2.3
"3300079545_46.fna",99.73,1.71
"3300079545_22.fna",81.2,3.95
"3300079545_8.fna",81.65,2.21
"3300079545_28.fna",89.96,4.27
"3300079547_25.fna",75.17,0.43
"3300079547_29.fna",98.58,1.37
"3300079547_16.fna",74.73,1
"3300079547_43.fna",86.4,3.73
"3300079548_11.fna",88.6,3.85
"3300079548_15.fna",96.15,0.85
"3300079548_31.fna",77.94,2.27
"3300079548_32.fna",94.74,2.63
"3300079548_37.fna",93.41,4.43
"3300079548_110.fna",82.35,1.16
"3300079548_111.fna",89.96,2.56
"3300079548_5.fna",96.59,2.34
"3300079548_121.fna",77.31,0.85
"3300079548_61.fna",92.83,0.86
"3300079548_68.fna",94.66,1.71
"3300079548_70.fna",95.73,1.71
"3300079548_71.fna",90.56,1.65
"3300079548_72.fna",96.15,0.85
"3300079548_43.fna",95.73,1.71
"3300079548_86.fna",99.14,0
"3300079548_87.fna",88.04,7.96
"3300079548_88.fna",77.28,2.56
"3300079548_50.fna",88.81,1.58
"3300079548_52.fna",76.2,5.88
"3300079548_95.fna",84.06,4.59
"3300079548_83.fna",99.75,8.96
"3300079548_85.fna",97.01,1.34
"3300079548_75.fna",86.69,4.41
"3300079548_93.fna",71.9,0
"3300079548_90.fna",96.58,1.28
"3300079549_103.fna",87.44,1.22
"3300079549_100.fna",82.95,3.42
"3300079549_129.fna",78.06,1.51
"3300079549_104.fna",87.13,2.25
"3300079549_105.fna",79.34,0.84
"3300079549_138.fna",71.4,1.25
"3300079549_14.fna",88.85,0.68
"3300079549_29.fna",87.68,1.93
"3300079549_30.fna",74.16,5
"3300079549_112.fna",75.19,1.72
"3300079549_42.fna",73.5,2.61
"3300079549_59.fna",85.23,3.42
"3300079549_61.fna",85.26,1.71
"3300079549_63.fna",92.68,4.95
"3300079549_77.fna",74.54,2.27
"3300079549_44.fna",80.1,3.36
"3300079549_5.fna",72.41,0
"3300079549_10.fna",85.47,2.7
"3300079549_82.fna",75.13,2.04
"3300079549_87.fna",86.32,6.84
"3300079549_91.fna",95.8,8.82
"3300079549_97.fna",88.57,1.94
"3300079549_70.fna",94.32,4.05
"3300079549_71.fna",92.88,4.01
"3300079549_72.fna",94.1,3.71
"3300079549_69.fna",90.52,0.05
"3300079550_24.fna",74.6,0
"3300079550_26.fna",78.38,1.71
"3300079550_9.fna",73.83,2.06
"3300079551_16.fna",85.44,0.97
"3300079551_52.fna",86.08,4.05
"3300079551_56.fna",76.86,0
"3300079551_43.fna",79.31,3.45
"3300079551_51.fna",77.13,1.29
"3300079552_16.fna",81.84,0.86
"3300079552_2.fna",77.04,1.28
"3300079552_10.fna",83.02,3.04
"3300079552_3.fna",85.37,9.67
"3300079554_12.fna",85.72,3.03
"3300079554_5.fna",71.72,3.38
"3300079559_11.fna",74.71,0.86
"3300079559_10.fna",89.17,2.27
"3300079559_17.fna",82.52,2.17
"3300079559_12.fna",93.74,2.7
"3300079559_14.fna",94.97,1.58
"3300079559_16.fna",89.54,1.14
"3300079559_25.fna",91.98,4.75
"3300079559_32.fna",70.95,0.87
"3300079559_36.fna",92.31,2.56
"3300079559_39.fna",82.17,0.25
"3300079559_44.fna",96.86,0.86
"3300079559_46.fna",94.02,4.27
"3300079559_18.fna",86.56,3.5
"3300079559_20.fna",87.62,8.86
"3300079559_22.fna",90.76,2.56
"3300079559_56.fna",94.87,3.42
"3300079559_66.fna",87.43,1.29
"3300079560_26.fna",97.2,1.72
"3300079560_30.fna",88.32,0.43
"3300079560_27.fna",87.16,2.66
"3300079560_3.fna",83.48,2.27
"3300079560_35.fna",94.82,1.03
"3300079560_34.fna",99.65,1.62
"3300079560_42.fna",97.73,0.86
"3300079560_29.fna",96.01,0
"3300079560_155.fna",96.55,1.72
"3300079560_159.fna",97.58,0.86
"3300079560_160.fna",72.87,2.33
"3300079560_161.fna",90.5,3.57
"3300079560_162.fna",94.99,2.56
"3300079560_164.fna",94.02,1.71
"3300079560_175.fna",76.01,2.59
"3300079560_178.fna",72.57,2.59
"3300079560_20.fna",90.46,1.36
"3300079560_22.fna",76.95,7.92
"3300079560_24.fna",86.38,1.35
"3300079560_100.fna",83.15,0.68
"3300079560_115.fna",99.79,2.56
"3300079560_120.fna",95.95,1.35
"3300079560_39.fna",91.09,2.17
"3300079560_4.fna",92.56,4.29
"3300079560_133.fna",95.64,7.9
"3300079560_136.fna",79.27,1.71
"3300079560_14.fna",77.49,4.7
"3300079560_55.fna",87.18,1.69
"3300079560_66.fna",79.22,5.18
"3300079560_71.fna",100,2.14
"3300079560_72.fna",90.54,6.4
"3300079560_8.fna",95.4,1.15
"3300079560_80.fna",99.26,2.46
"3300079560_82.fna",97.22,0.75
"3300079560_89.fna",78.55,2.14
"3300079560_9.fna",99.79,4.27
"3300079560_91.fna",98.04,0.87
"3300079560_95.fna",94.87,3.42
"3300079560_129.fna",97.84,2.14
"3300079560_127.fna",99.15,5.98
"3300079560_52.fna",75.85,1.71
"3300079560_128.fna",100,0.87
"3300079561_36.fna",73.21,7.44
"3300079690_1.fna",85.52,1.1
"3300079690_29.fna",92.1,1.21
"3300079690_3.fna",87.68,3.22
"3300079690_31.fna",75.38,4.77
"3300079690_35.fna",87.15,3.1
"3300079690_38.fna",90.96,2.98
"3300079690_43.fna",90.04,3.88
"3300079690_44.fna",90.03,8.97
"3300079690_45.fna",90.59,5.56
"3300079690_49.fna",86.04,2.67
"3300079690_50.fna",80.56,7.92
"3300079690_51.fna",75.71,1.71
"3300079690_6.fna",97.1,9.59
"3300079690_62.fna",92.58,1.72
"3300079690_65.fna",77.63,8.71
"3300079690_69.fna",80.52,5.7
"3300079690_74.fna",79.76,3.36
"3300079690_28.fna",92.76,2.05
"3300079692_24.fna",82.22,2.52
"3300079692_26.fna",80.95,4.41
"3300079692_39.fna",79.67,4.74
"3300079692_46.fna",89.86,4.42
"3300080028_101.fna",71.79,1.75
"3300080028_103.fna",97.44,1.28
"3300080028_106.fna",95.73,3.85
"3300080028_110.fna",95.51,1.71
"3300080028_111.fna",87.1,1.49
"3300080028_12.fna",82.97,2.18
"3300080028_121.fna",70,6.21
"3300080028_126.fna",94.02,1.71
"3300080028_127.fna",76.54,0
"3300080028_128.fna",93.16,3.42
"3300080028_130.fna",94.19,0
"3300080028_131.fna",98.66,3.42
"3300080028_134.fna",97.97,5.74
"3300080028_135.fna",96.55,1.15
"3300080028_139.fna",84.91,9.49
"3300080028_141.fna",88.19,3.42
"3300080028_145.fna",93.85,2.94
"3300080028_147.fna",73.58,4.7
"3300080028_150.fna",87.68,6.03
"3300080028_156.fna",73.47,4.49
"3300080028_160.fna",96.81,0.43
"3300080028_162.fna",98.6,1.64
"3300080028_165.fna",87.72,0.97
"3300080028_166.fna",95.45,3.62
"3300080028_167.fna",97.73,1.14
"3300080028_169.fna",94.48,2.17
"3300080028_172.fna",94.79,0.77
"3300080028_173.fna",91.05,0
"3300080028_178.fna",83.5,6.84
"3300080028_179.fna",95.62,3.16
"3300080028_180.fna",84.88,0.92
"3300080028_181.fna",93.33,2.61
"3300080028_182.fna",70.69,0
"3300080028_185.fna",70.56,6.62
"3300080028_186.fna",70.69,0
"3300080028_187.fna",90.53,6.84
"3300080028_19.fna",89.77,1.29
"3300080028_192.fna",71.97,0.43
"3300080028_194.fna",92.28,1.7
"3300080028_195.fna",86.17,2.34
"3300080028_203.fna",75.49,5.23
"3300080028_204.fna",79.4,0.21
"3300080028_23.fna",89.46,2.17
"3300080028_27.fna",79.01,0
"3300080028_28.fna",97.07,2.12
"3300080028_32.fna",91.52,0.5
"3300080028_34.fna",91.23,3.51
"3300080028_35.fna",98.18,0.71
"3300080028_36.fna",97.01,3.36
"3300080028_40.fna",89.17,2.27
"3300080028_46.fna",91.74,2.56
"3300080028_48.fna",97.86,1.79
"3300080028_53.fna",99.22,0.86
"3300080028_56.fna",94.97,2.74
"3300080028_68.fna",89.58,5.88
"3300080028_69.fna",73.35,5.48
"3300080028_70.fna",97.73,1.14
"3300080028_71.fna",93.59,1.28
"3300080028_75.fna",96.44,2.56
"3300080028_90.fna",80.69,6.86
"3300080028_91.fna",89.72,0.88
"3300080028_95.fna",98.84,0.14
"3300080028_98.fna",87.97,2.3
"3300080028_99.fna",96.48,1.15
"3300080029_1.fna",98.72,3.22
"3300080029_18.fna",94.71,1.05
"3300080029_19.fna",97.84,1.72
"3300080029_23.fna",93.16,6.69
"3300080029_4.fna",96.02,0
"3300080029_8.fna",95.18,0.5
"3300080030_12.fna",96.98,0.95
"3300080030_18.fna",74.92,0
"3300080030_24.fna",91.98,4.27
"3300080031_10.fna",74.12,3.86
"3300080031_11.fna",86.11,0.31
"3300080031_12.fna",84.17,2.06
"3300080031_16.fna",71.2,0
"3300080031_17.fna",90.11,4.4
"3300080031_24.fna",80.56,1.98
"3300080031_33.fna",93.21,5.13
"3300080031_35.fna",72.67,0.62
"3300080031_39.fna",85.42,1.42
"3300080031_49.fna",73.37,3.85
"3300080031_57.fna",84.26,0.93
"3300080031_58.fna",72.7,5.32
"3300080031_6.fna",79.29,4.85
"3300080031_63.fna",72.08,2.2
"3300080031_68.fna",82.05,6.5
"3300080031_75.fna",75.44,1.89
"3300080031_77.fna",83.7,6.59
"3300080031_9.fna",84.48,8.31
"3300080032_106.fna",82.78,5.17
"3300080032_114.fna",77.91,1.56
"3300080032_115.fna",91.91,4.36
"3300080032_117.fna",97.7,3.45
"3300080032_119.fna",90.19,9.38
"3300080032_121.fna",92.52,0
"3300080032_124.fna",88.95,0.58
"3300080032_126.fna",77.93,1.85
"3300080032_13.fna",70.18,5.97
"3300080032_136.fna",75.64,4.95
"3300080032_143.fna",96.91,0.93
"3300080032_144.fna",92.95,1.71
"3300080032_145.fna",98.29,9.4
"3300080032_147.fna",95.42,2.39
"3300080032_149.fna",86.32,1.28
"3300080032_150.fna",94.87,2.99
"3300080032_153.fna",97.97,3.38
"3300080032_154.fna",90.19,1.71
"3300080032_156.fna",80.34,2.56
"3300080032_157.fna",86.14,1.87
"3300080032_159.fna",81.16,0.97
"3300080032_163.fna",86.47,4.46
"3300080032_167.fna",80.67,5.63
"3300080032_172.fna",74.13,0.93
"3300080032_35.fna",91.07,4
"3300080032_39.fna",93.5,7.26
"3300080032_4.fna",73.88,0.8
"3300080032_47.fna",96.77,1.67
"3300080032_51.fna",90.3,4.81
"3300080032_52.fna",88.24,2.58
"3300080032_6.fna",77.99,3.47
"3300080032_86.fna",93.61,2.91
"3300080032_88.fna",99.47,7.31
"3300080033_13.fna",85.26,0.85
"3300080033_15.fna",94.87,0.85
"3300080033_33.fna",82.42,3.58
"3300080033_38.fna",81.5,1.36
"3300080033_48.fna",91.2,0.93
"3300080033_5.fna",71.73,7.09
"3300080033_9.fna",80.11,8.24
"3300080034_31.fna",77.56,5.34
"3300080034_4.fna",77.03,1.31
"3300080034_49.fna",77.31,4.53
"3300080034_52.fna",71.36,0
"3300080035_21.fna",74.36,3.11
"3300080035_30.fna",84.57,1.87
"3300080035_4.fna",78.32,5.16
"3300080035_62.fna",74.36,7.8
"3300080035_8.fna",96.55,0.29
"3300080036_26.fna",84.92,1.37
"3300080036_30.fna",76.8,2.53
"3300080036_33.fna",80.61,7.77
"3300080036_41.fna",95.73,1.71
"3300080036_5.fna",95.66,3.42
"3300080036_64.fna",76.91,6.72
"3300080036_67.fna",71.76,0
"3300080036_80.fna",76.36,9.68
"3300080036_87.fna",76.79,2.14
"3300080036_90.fna",73.47,2.56
"3300080037_18.fna",86.65,9.38
"3300080037_41.fna",100,4.94
"3300080037_53.fna",77.69,3.87
"3300080037_55.fna",75.92,4.58
"3300080038_24.fna",84.23,3.06
"3300080038_28.fna",96.53,2.56
"3300080038_48.fna",80.15,2.72
"3300080055_16.fna",81.03,4.23
"3300080055_26.fna",71.91,4.56
"3300080055_35.fna",81.4,4.58
"3300080055_45.fna",73.4,5.07
"3300080055_48.fna",85.61,5.13
"3300080055_5.fna",84.87,4.59
"3300080057_19.fna",80.22,2.19
"3300080057_25.fna",74.68,9.91
"3300080057_28.fna",75.5,4.34
"3300080057_29.fna",80.83,3.3
"3300080057_34.fna",80.75,0
"3300080057_39.fna",92.23,9.71
"3300080057_44.fna",95.69,0.86
"3300080062_39.fna",96.86,1.72
"3300080062_41.fna",82.78,1.2
"3300080063_18.fna",74.05,8.77
"3300080064_100.fna",100,5.74
"3300080064_104.fna",74.14,0
"3300080064_107.fna",77.35,7.75
"3300080064_117.fna",95.28,5.08
"3300080064_118.fna",88.41,2.07
"3300080064_122.fna",77.16,0.46
"3300080064_125.fna",89.53,2.85
"3300080064_133.fna",84.83,2.74
"3300080064_152.fna",89.12,0.28
"3300080064_166.fna",87.35,1.71
"3300080064_176.fna",94.12,4.25
"3300080064_177.fna",92.58,1.68
"3300080064_181.fna",90.6,2.56
"3300080064_184.fna",88.27,0.97
"3300080064_185.fna",93.17,3.66
"3300080064_188.fna",92.55,2.85
"3300080064_207.fna",70.38,7.12
"3300080064_24.fna",84.87,4.82
"3300080064_28.fna",70.31,7.65
"3300080064_32.fna",74.87,0.43
"3300080064_35.fna",92.26,3.26
"3300080064_36.fna",93.16,1.76
"3300080064_37.fna",86.02,1.31
"3300080064_52.fna",78.91,3.62
"3300080064_63.fna",83.81,0.46
"3300080064_71.fna",87.83,1.75
"3300080064_73.fna",71.6,4.36
"3300080064_95.fna",88.53,1.83
"3300080065_13.fna",72.33,0
"3300080065_24.fna",71.47,4.21
"3300080065_31.fna",81.13,5.99
"3300080065_33.fna",96.1,2.56
"3300080065_46.fna",97.97,2.7
"3300080065_8.fna",89.43,5.24
"3300080066_10.fna",70.87,2.06
"3300080066_15.fna",97.29,1.75
"3300080066_16.fna",85.77,3.55
"3300080066_20.fna",76.92,7.07
"3300080066_28.fna",91.45,0.85
"3300080066_7.fna",92.68,2.56
"3300080097_23.fna",97.86,4.36
"3300080097_36.fna",80.7,9.72
"3300080097_38.fna",93.16,2.56
"3300080097_39.fna",70.42,5.56
"3300080097_40.fna",75.43,2.47
"3300080097_50.fna",95.3,0.94
"3300080097_51.fna",96.52,2.61
"3300080097_53.fna",90.67,6.02
"3300080098_31.fna",70.81,0.93
"3300080098_45.fna",78.96,9.04
"3300080098_47.fna",91.61,4.96
"3300080098_49.fna",71.02,2.1
"3300080621_13.fna",98.8,5.49
"3300080621_26.fna",75.96,0
"3300080621_4.fna",79.45,5.09
"3300080622_14.fna",75.49,0.45
"3300080622_9.fna",77.65,2.54
"3300080623_20.fna",74.13,1.03
"3300080626_25.fna",81.22,3.75
"3300080626_38.fna",76.64,1.98
"3300080626_4.fna",86.11,3.05
"3300080626_40.fna",81.27,1.71
"3300080626_58.fna",82.72,2.21
"3300080626_59.fna",70.46,3.23
"3300080627_27.fna",95.59,1.88
"3300080627_31.fna",76.23,1.98
"3300080627_45.fna",94.7,0.59
"3300080627_59.fna",89.39,2.63
"3300080627_7.fna",93.38,0
"3300080630_10.fna",84.01,6.22
"3300080630_56.fna",71.47,2.05
"3300080630_65.fna",91.79,3.39
"3300080648_13.fna",90.76,0.88
"3300080648_20.fna",80.85,1.03
"3300080648_37.fna",82.04,1.94
"3300080648_38.fna",76.46,8.83
"3300080649_18.fna",98.31,0.19
"3300080651_32.fna",84.16,0
"3300080652_17.fna",75.18,1.16
"3300080653_2.fna",81.33,1.05
"3300080653_6.fna",96.58,3.42
"3300080672_38.fna",81.9,0.96
"3300080673_14.fna",80.86,2.85
"3300080673_38.fna",96.87,3.42
"3300080673_6.fna",74.42,2.55
"3300080682_10.fna",92.69,3.39
"3300080682_18.fna",86.7,0.99
"3300080682_21.fna",71.65,0.71
"3300080682_23.fna",72.64,2.59
"3300080682_34.fna",96.72,1.71
"3300080682_43.fna",97.54,2.35
"3300080682_76.fna",85.91,0.23
"3300080684_47.fna",79.05,2.2
"3300080684_48.fna",72.41,1.72
"3300080685_4.fna",81.96,1.75
"3300080686_134.fna",99.32,0.8
"3300080686_140.fna",86.71,6.14
"3300080686_144.fna",87.37,2.55
"3300080686_16.fna",78.43,6.38
"3300080686_180.fna",70,0
"3300080686_22.fna",98.68,1.11
"3300080686_6.fna",93.6,1.29
"3300080686_62.fna",98.85,1.25
"3300080686_7.fna",97.5,0.99
"3300080686_79.fna",96.14,4.3
"3300080686_81.fna",70.35,0
"3300080687_130.fna",80.68,1.36
"3300080687_16.fna",71.76,7.52
"3300080687_25.fna",71.48,1.06
"3300080687_39.fna",89.24,1.15
"3300080687_45.fna",93.41,8.74
"3300080687_47.fna",92.67,2.59
"3300080687_53.fna",79.13,6.8
"3300080687_58.fna",90.26,2.46
"3300080687_71.fna",83.45,7.46
"3300080687_80.fna",87.05,2.85
"3300080688_11.fna",84.37,2.03
"3300080688_27.fna",87.7,0.97
"3300080689_26.fna",77.91,3.14
"3300080690_14.fna",83.24,0.55
"3300080690_6.fna",71.64,1.41
"3300080692_32.fna",97.36,1.54
"3300080692_48.fna",84.15,1.73
"3300080692_50.fna",78.58,0.56
"3300080692_58.fna",87.06,1.94
"3300080694_1.fna",74.48,0
"3300080694_10.fna",93.82,6.78
"3300080694_12.fna",96.09,1.95
"3300080694_22.fna",70.37,4.32
"3300080719_2.fna",73.28,0.86
"3300080737_102.fna",75.17,3.23
"3300080737_11.fna",88.35,6.25
"3300080737_113.fna",93.73,1.76
"3300080737_120.fna",82.29,2.2
"3300080737_122.fna",87.99,0.96
"3300080737_126.fna",95.69,0.86
"3300080737_135.fna",92.05,2.73
"3300080737_18.fna",96.01,1.18
"3300080737_20.fna",76.12,3.82
"3300080737_33.fna",92.53,0
"3300080737_6.fna",72.71,0.75
"3300080737_63.fna",73.03,0.7
"3300080737_7.fna",78.63,4.2
"3300080737_71.fna",96.98,0
"3300080737_96.fna",75,5.17
"3300080738_15.fna",88.87,3.35
"3300080744_19.fna",89.66,3.88
"3300080744_41.fna",79.78,1.2
"3300080744_43.fna",96.76,0.95
"3300080744_44.fna",72.41,3.88
"3300080744_67.fna",86.81,2.16
"3300080785_16.fna",84.29,1.46
"3300080786_11.fna",94.92,1.71
"3300080786_34.fna",75.38,4.73
"3300080786_35.fna",85.51,2.08
"3300080786_40.fna",85.22,1.48
"3300080786_6.fna",82.65,0.46
"3300080928_11.fna",95.73,4.16
"3300080928_12.fna",93.96,5.13
"3300080928_15.fna",90.81,6.15
"3300080928_23.fna",97.84,2.16
"3300080928_8.fna",81.68,6.29
"3300080929_21.fna",91.6,4.7
"3300080930_30.fna",79.43,4.4
"3300080930_34.fna",70.2,1.03
"3300080930_62.fna",77.07,4.17
"3300080930_8.fna",97.83,5.94
"3300080942_27.fna",72.22,1.24
"3300080942_5.fna",79.88,9.87
"3300081038_17.fna",79.7,4.8
"3300081038_22.fna",74.62,2.07
"3300081038_25.fna",96.58,7.74
"3300081038_30.fna",81.07,2.27
"3300081038_37.fna",70.33,4.54
"3300081038_38.fna",89.49,0.96
"3300081038_8.fna",72.45,9.22
"3300081040_25.fna",90.44,7.17
"3300081040_6.fna",94.17,6.8
"3300081041_13.fna",79.05,2.85
"3300081041_26.fna",78.61,2.08
"3300081137_2.fna",73.54,0.88
"3300081137_3.fna",77.61,1.31
"3300081138_2.fna",95.3,5.66
"3300081138_3.fna",85.49,3.45
"3300081138_8.fna",93.6,0.88
"3300081193_22.fna",98.31,1.99
"3300081193_39.fna",90.53,0.09
"3300081193_9.fna",81.78,1.4
"3300081207_10.fna",70.74,1.87
"3300081257_18.fna",71.62,2.23
"3300081264_5.fna",96.12,6.12
"3300081264_9.fna",72.55,2.79
"3300081272_10.fna",97.84,1.72
"3300081272_12.fna",77.67,2.99
"3300081272_20.fna",96.55,0.86
"3300081272_9.fna",97.44,5.98
"3300081485_10.fna",92.35,2.59
"3300081485_101.fna",90.3,2.12
"3300081485_107.fna",79.72,5.59
"3300081485_108.fna",77.13,2.5
"3300081485_111.fna",70.6,6.64
"3300081485_17.fna",88.62,1.13
"3300081485_24.fna",93.61,3.45
"3300081485_36.fna",76.72,0
"3300081485_37.fna",86.84,7.55
"3300081485_45.fna",76.18,1.72
"3300081485_48.fna",83.45,5.41
"3300081485_54.fna",99.07,0.93
"3300081485_61.fna",94.59,1.28
"3300081485_63.fna",97.91,2.14
"3300081485_70.fna",94.44,2.56
"3300081485_71.fna",92.95,0.85
"3300081485_80.fna",78.93,0.8
"3300081485_88.fna",92.28,1.39
"3300081485_93.fna",90.2,2.41
"3300081486_13.fna",77.19,1.58
"3300081486_25.fna",88.64,0.86
"3300081486_33.fna",74.83,3.45
"3300081486_34.fna",90.76,5.79
"3300081486_38.fna",96.15,0.85
"3300081486_5.fna",78.18,5.13
"3300081487_107.fna",86.11,6.01
"3300081487_111.fna",90.13,2.97
"3300081487_115.fna",73.6,8.55
"3300081487_116.fna",77.27,6.32
"3300081487_128.fna",73.56,3.48
"3300081487_145.fna",80.56,1.31
"3300081487_16.fna",72.28,4.48
"3300081487_161.fna",91.76,1.1
"3300081487_162.fna",90.6,1.99
"3300081487_166.fna",89.03,5.41
"3300081487_169.fna",73.45,1.72
"3300081487_17.fna",77.74,2.86
"3300081487_172.fna",70.09,1.48
"3300081487_173.fna",70.69,1.72
"3300081487_177.fna",93.43,6.03
"3300081487_181.fna",76.82,1.26
"3300081487_182.fna",83.85,4.03
"3300081487_186.fna",98.28,1.29
"3300081487_188.fna",91.22,2.56
"3300081487_191.fna",83.65,1.76
"3300081487_195.fna",75.1,9.18
"3300081487_21.fna",79.45,8.79
"3300081487_22.fna",94.19,1.14
"3300081487_29.fna",94.87,4.8
"3300081487_32.fna",82.64,3.41
"3300081487_36.fna",76.92,9.4
"3300081487_39.fna",88.55,7.26
"3300081487_40.fna",91.87,2.44
"3300081487_41.fna",92.74,3.42
"3300081487_42.fna",96.98,1.72
"3300081487_43.fna",72.14,6.77
"3300081487_45.fna",88.02,2.23
"3300081487_53.fna",76.56,6.51
"3300081487_56.fna",99.19,6.71
"3300081487_61.fna",72.26,2.26
"3300081487_67.fna",95.73,1.14
"3300081487_76.fna",84.42,3.63
"3300081487_9.fna",72.89,6.84
"3300081487_94.fna",79.08,2.2
"3300081505_108.fna",99.01,0
"3300081505_109.fna",93.72,2.84
"3300081505_110.fna",82.76,0.86
"3300081505_128.fna",87.61,8.05
"3300081505_135.fna",72.26,4.91
"3300081505_141.fna",81.93,4.62
"3300081505_23.fna",88.39,1.77
"3300081505_30.fna",87.96,0.93
"3300081505_34.fna",71.19,4.5
"3300081505_38.fna",89.5,3.86
"3300081505_46.fna",77.67,5.61
"3300081505_47.fna",88.15,4.52
"3300081505_55.fna",88.36,0.86
"3300081505_65.fna",93.61,1.97
"3300081506_106.fna",88.86,3.62
"3300081506_11.fna",89.89,2.56
"3300081506_19.fna",94.02,1.71
"3300081506_25.fna",86.32,1.71
"3300081506_29.fna",97.04,7.74
"3300081506_43.fna",88.36,5.92
"3300081506_59.fna",81.2,7.69
"3300081506_62.fna",96.3,5.81
"3300081506_63.fna",80.83,5.12
"3300081506_64.fna",80.2,3.42
"3300081506_68.fna",75.14,6.41
"3300081506_92.fna",91.28,4.02
"3300081506_93.fna",87.7,4.52
"3300081506_94.fna",95.55,5.96
"3300081511_1.fna",76.99,1.71
"3300081511_12.fna",97.15,1.71
"3300081511_17.fna",97.58,8.45
"3300081511_22.fna",93.26,1.74
"3300081511_35.fna",77.61,2.99
"3300081511_38.fna",70.65,0.25
"3300081511_42.fna",98.29,1.28
"3300081511_43.fna",94.66,0
"3300081511_8.fna",91.73,1.6
"3300081523_12.fna",83.23,4.79
"3300081523_20.fna",96.77,4.72
"3300081523_26.fna",96.15,4.33
"3300081523_31.fna",90.05,1.1
"3300081523_33.fna",97.51,1.55
"3300081523_36.fna",78.45,0
"3300081523_39.fna",92.31,1.71
"3300081524_14.fna",89.66,1.72
"3300081524_15.fna",97.41,0.86
"3300081524_19.fna",87.45,1.03
"3300081524_23.fna",80.7,3.51
"3300081524_29.fna",91.28,1.1
"3300081524_61.fna",74.57,8.6
"3300081524_64.fna",92.7,3.97
"3300081524_78.fna",78.79,7.46
"3300081525_13.fna",82.48,4.49
"3300081525_20.fna",73.11,1.21
"3300081525_21.fna",87.39,6.14
"3300081525_31.fna",83.12,3.47
"3300081525_32.fna",95.86,2.09
"3300081525_34.fna",81.77,8.05
"3300081525_41.fna",97.15,3.85
"3300081525_42.fna",87.74,1.28
"3300081525_5.fna",98.72,4.27
"3300081525_6.fna",89.79,7.12
"3300081525_7.fna",98.29,4.27
"3300081526_32.fna",75.61,6.33
"3300081526_4.fna",83.52,9.34
"3300081527_26.fna",85.65,7.69
"3300081527_28.fna",87.44,8.65
"3300081527_30.fna",75.92,2.89
"3300081527_31.fna",91.66,3.67
"3300081527_35.fna",96.86,1.72
"3300081527_41.fna",92.55,0
"3300081527_43.fna",81.19,4.27
"3300081528_21.fna",70.39,5.34
"3300081528_28.fna",70.67,2.99
"3300081528_44.fna",72.31,1.95
"3300081529_20.fna",91.55,1.98
"3300081529_21.fna",77.59,6.9
"3300081529_31.fna",71.9,2.59
"3300081529_33.fna",86.9,0.42
"3300081529_8.fna",93.07,2.74
"3300081530_28.fna",84.74,3.38
"3300081530_4.fna",95.69,3.13
"3300081534_105.fna",89.55,5.91
"3300081534_123.fna",73.5,1.77
"3300081534_130.fna",78.93,1.29
"3300081534_132.fna",85.65,2.81
"3300081534_28.fna",89.52,0.73
"3300081534_29.fna",92.49,6.27
"3300081534_31.fna",77.18,0.44
"3300081534_36.fna",79.83,2.1
"3300081534_45.fna",80.86,1.6
"3300081534_49.fna",85.8,1.14
"3300081534_54.fna",71.75,1.08
"3300081534_61.fna",81.74,6.54
"3300081534_7.fna",74.15,3.45
"3300081534_70.fna",96.59,1.14
"3300081534_72.fna",98.93,2.8
"3300081534_76.fna",95.95,6.76
"3300081534_82.fna",83.72,4.73
"3300081534_88.fna",70.91,2.3
"3300081638_1.fna",86.11,1.3
"3300081638_12.fna",90.13,0.29
"3300081638_18.fna",96.55,1.72
"3300081638_20.fna",94.82,2.56
"3300081638_8.fna",76.25,1.71
"3300081702_13.fna",82.98,2.27
"3300081702_34.fna",71.53,0.6
"3300081702_4.fna",81.63,1.77
"3300081702_49.fna",76.28,0.93
"3300081702_56.fna",94.51,6.59
"3300081702_64.fna",95.71,1.21
"3300081702_70.fna",80.72,8.19
"3300081702_77.fna",81.38,0
"3300081702_84.fna",96.98,0.86
"3300081702_86.fna",92.82,0.21
"3300081702_87.fna",98.39,0.97
"3300081720_24.fna",80.12,2.56
"3300081720_28.fna",72.69,3.66
"3300081720_34.fna",74.6,0
"3300081720_47.fna",75.64,0.96
"3300081720_48.fna",91.89,9.9
"3300081720_49.fna",76.5,3.42
"3300081720_54.fna",74.39,2.58
"3300081720_59.fna",83.03,6.94
"3300081720_6.fna",88.03,1.08
"3300081720_63.fna",72.81,2.56
"3300081720_69.fna",72.07,1.01
"3300081720_75.fna",72.79,5.13
"3300081721_42.fna",72.48,6.27
"3300081721_45.fna",76.32,7.65
"3300081721_63.fna",78.03,4.27
"3300081722_22.fna",95.63,2.91
"3300081722_36.fna",78.87,4.27
"3300081722_42.fna",77.27,0
"3300081722_49.fna",90.66,7.25
"3300081722_7.fna",71.44,3.88
"3300081722_9.fna",76.7,0
"3300081723_11.fna",77.14,0.85
"3300081723_28.fna",97.56,0.86
"3300081723_29.fna",82.54,6.61
"3300081723_32.fna",87.38,2.59
"3300081723_34.fna",85.56,1.15
"3300081724_1.fna",75.45,2.56
"3300081724_18.fna",78.23,2.3
"3300081724_23.fna",98.28,0.86
"3300081724_31.fna",93.95,4.68
"3300081724_40.fna",79.17,2.07
"3300081758_26.fna",77.9,4.06
"3300081758_36.fna",79.82,1.26
"3300081784_1.fna",98.28,1.9
"3300081784_12.fna",76.38,0.8
"3300081784_23.fna",100,1.75
"3300081784_79.fna",93.6,2.19
"3300081784_8.fna",72.69,2.92
"3300081784_85.fna",87.4,9.41
"3300081785_32.fna",92.01,2.68
"3300081785_37.fna",77.54,0.26
"3300081785_42.fna",88.31,0
"3300081785_57.fna",82.63,2.12
"3300081786_33.fna",98.29,3.42
"3300081786_46.fna",98.28,1.72
"3300081787_11.fna",88.74,1.51
"3300081787_12.fna",94.08,0.32
"3300081787_43.fna",83.08,2.91
"3300081788_16.fna",84.63,3.1
"3300081788_17.fna",83.56,4.1
"3300081788_34.fna",83.66,6.31
"3300081788_42.fna",72.98,1.94
"3300081788_50.fna",70.64,3.4
"3300081789_4.fna",80.89,5.88
"3300081790_5.fna",82.33,0.86
"3300081791_13.fna",91.79,4.81
"3300081791_27.fna",95.26,0
"3300081791_31.fna",98.29,4.27
"3300081791_41.fna",97.38,1.71
"3300081791_44.fna",79.45,4.13
"3300081791_48.fna",74.35,8.51
"3300081791_9.fna",76.7,0
"3300081792_11.fna",75,0
"3300081792_24.fna",89.94,3.3
"3300081792_49.fna",78.95,4.39
"3300081793_1.fna",89.22,7.45
"3300081793_12.fna",71,0
"3300081793_18.fna",79.94,1.15
"3300081794_11.fna",76.77,0.19
"3300081794_8.fna",81.03,1.72
"3300081823_16.fna",82.38,5.41
"3300081823_18.fna",75.98,7.83
"3300081823_22.fna",95.27,5.86
"3300081823_28.fna",84.22,0.8
"3300081823_29.fna",85.51,2.31
"3300081823_30.fna",87.99,0
"3300081823_32.fna",72.56,0
"3300081823_35.fna",70.69,0
"3300081823_40.fna",90.03,3.7
"3300081823_43.fna",75.6,5.3
"3300081823_46.fna",82.8,4.27
"3300081823_56.fna",81.63,2.99
"3300081823_63.fna",86.57,4
"3300081823_67.fna",94.61,1.88
"3300081823_72.fna",76.65,2.17
"3300081823_8.fna",88.78,1.54
"3300081823_9.fna",82.05,0.85
"3300081824_2.fna",77.78,3.23
"3300081824_40.fna",84.25,8.55
"3300081824_43.fna",88,3.96
"3300081824_55.fna",95.3,4.19
"3300081824_56.fna",78.26,5.77
"3300081824_58.fna",87.05,7.69
"3300081824_59.fna",77.59,3.38
"3300081824_60.fna",87.98,5.04
"3300081824_73.fna",84.34,6.68
"3300081826_100.fna",98.86,2.27
"3300081826_102.fna",96.28,9.04
"3300081826_104.fna",84.72,7.71
"3300081826_107.fna",89.74,2.56
"3300081826_17.fna",85.21,4.07
"3300081826_19.fna",81.2,5.98
"3300081826_2.fna",93.53,0
"3300081826_45.fna",81.57,4.84
"3300081826_46.fna",97.01,0.85
"3300081826_47.fna",83.98,8.36
"3300081826_48.fna",92.13,0
"3300081826_5.fna",70.24,1.19
"3300081826_51.fna",98.25,4.61
"3300081826_57.fna",92.67,5.84
"3300081826_67.fna",91.45,1.71
"3300081826_69.fna",80.93,1.71
"3300081826_71.fna",92.25,2.14
"3300081826_72.fna",85.08,5.65
"3300081826_75.fna",97.3,5.41
"3300081826_85.fna",93.55,4.03
"3300081826_89.fna",97.97,2.7
"3300081826_9.fna",94.6,0.46
"3300081826_90.fna",91.95,3.13
"3300081826_92.fna",92.02,0.85
"3300081826_94.fna",70.45,9.08
"3300081827_18.fna",96.15,2.14
"3300081827_21.fna",85.24,1.15
"3300081827_22.fna",94.87,1.71
"3300081827_23.fna",94.96,1.68
"3300081827_24.fna",86.27,0
"3300081827_32.fna",93.55,4.52
"3300081827_36.fna",97.07,4.86
"3300081827_39.fna",72.6,5.98
"3300081827_44.fna",85.42,2.56
"3300081827_60.fna",75.28,2.67
"3300081827_63.fna",97.97,5.68
"3300081827_73.fna",98.96,2.39
"3300081827_8.fna",91.97,1.99
"3300081827_9.fna",90.26,1.71
"3300081828_13.fna",92.74,5.13
"3300081828_14.fna",94.76,5.55
"3300081828_15.fna",90.26,4.86
"3300081828_16.fna",95.94,5.13
"3300081828_22.fna",85.68,8.62
"3300081828_37.fna",83.12,4.44
"3300081828_43.fna",72.12,2.33
"3300081828_47.fna",72.32,1.71
"3300081828_6.fna",79.96,2.34
"3300081828_63.fna",85.99,8.19
"3300081828_7.fna",70.55,2.04
"3300081828_79.fna",89.66,0.52
"3300081828_87.fna",88.18,3.51
"3300081828_88.fna",96.37,3.42
"3300081828_89.fna",83.14,3.23
"3300081828_93.fna",75.99,5.96
"3300081829_100.fna",79.82,2.3
"3300081829_102.fna",88.73,1.23
"3300081829_112.fna",72.13,0
"3300081829_13.fna",93.59,1.28
"3300081829_28.fna",80.91,5.59
"3300081829_30.fna",95.09,1.28
"3300081829_31.fna",92.08,2.14
"3300081829_35.fna",90.6,2.14
"3300081829_37.fna",76.19,2.56
"3300081829_40.fna",94.15,3.08
"3300081829_43.fna",96.8,0.49
"3300081829_50.fna",82.65,2.26
"3300081829_51.fna",70.95,1.14
"3300081829_57.fna",94.55,4.49
"3300081829_6.fna",84.62,5.56
"3300081829_65.fna",73.52,5.62
"3300081829_66.fna",88.89,2.56
"3300081829_7.fna",90.06,3.26
"3300081829_72.fna",94.98,6.84
"3300081829_74.fna",73.2,2.02
"3300081829_8.fna",92.17,2.61
"3300081829_85.fna",91.45,1.28
"3300081829_86.fna",95.83,7.47
"3300081829_87.fna",90.84,1.71
"3300081829_89.fna",98.86,2.27
"3300081829_9.fna",73.81,2.99
"3300081829_90.fna",92.61,4.78
"3300081829_96.fna",85.16,4.86
"3300081829_97.fna",75.16,3.65
"3300081830_12.fna",77.49,1.53
"3300081830_22.fna",86.89,1.71
"3300081830_39.fna",81.75,4.82
"3300081830_45.fna",70.69,4.36
"3300081830_5.fna",71.29,1.41
"3300081830_54.fna",89.51,0
"3300081830_55.fna",75.64,5.13
"3300081830_70.fna",94.39,1.11
"3300081831_106.fna",95.47,0.86
"3300081831_109.fna",92.93,1.29
"3300081831_110.fna",93.66,0
"3300081831_122.fna",84.47,0.85
"3300081831_123.fna",80.87,2.63
"3300081831_13.fna",96.02,0.91
"3300081831_136.fna",80.51,2.83
"3300081831_142.fna",85.89,4.08
"3300081831_21.fna",77.59,0
"3300081831_29.fna",76.9,0.86
"3300081831_31.fna",71.03,0
"3300081831_37.fna",96.02,0
"3300081831_38.fna",97.91,6.39
"3300081831_54.fna",94.02,2.28
"3300081831_63.fna",94.87,0
"3300081831_68.fna",91.91,0
"3300081831_78.fna",97.1,2.12
"3300081831_79.fna",70.75,0.88
"3300081831_84.fna",97.32,0.89
"3300081831_89.fna",96.77,0
"3300081831_9.fna",93.26,1.74
"3300081831_94.fna",94.6,0.93
"3300081831_95.fna",90.03,1.26
"3300081832_102.fna",88.89,1.79
"3300081832_110.fna",82.84,1.95
"3300081832_18.fna",95.45,0
"3300081832_20.fna",86.32,1.71
"3300081832_27.fna",83.51,2.75
"3300081832_3.fna",72.86,0
"3300081832_31.fna",89.74,6.84
"3300081832_48.fna",72.01,2.25
"3300081832_52.fna",72.45,1.3
"3300081832_54.fna",87.63,1.08
"3300081832_55.fna",91.6,5.13
"3300081832_65.fna",92.02,0.43
"3300081832_66.fna",88.12,1.71
"3300081832_69.fna",94.44,0
"3300081832_79.fna",96.15,3.85
"3300081832_8.fna",85.82,1.6
"3300081832_80.fna",70.95,8.56
"3300081832_81.fna",77.86,0.85
"3300081832_85.fna",89.08,2.52
"3300081832_86.fna",86.41,5.79
"3300081832_89.fna",77.99,3.56
"3300081832_90.fna",79.49,4.7
"3300081832_91.fna",76.8,6.27
"3300081832_96.fna",70.32,2.7
"3300081867_12.fna",81.46,1.71
"3300081867_19.fna",75.54,5.41
"3300081867_22.fna",82.85,7.69
"3300081867_23.fna",90.11,1.1
"3300081867_24.fna",85.04,8.17
"3300081867_37.fna",88.75,0.99
"3300081867_43.fna",80.7,8.89
"3300081867_52.fna",90.26,1.68
"3300081867_56.fna",71.85,5.17
"3300081867_73.fna",76.89,5.77
"3300081867_78.fna",75.24,8.74
"3300081867_90.fna",92.62,4.03
"3300081867_93.fna",78,6.53
"3300081964_20.fna",95.73,3.42
"3300081964_25.fna",88.79,7.46
"3300081964_29.fna",91.16,2.59
"3300081964_39.fna",77.16,0
"3300081964_41.fna",84.46,2.55
"3300081964_43.fna",94.87,0.85
"3300081964_45.fna",95.8,5.04
"3300081964_47.fna",91.47,2.59
"3300081964_54.fna",72.39,2.01
"3300081964_9.fna",70.87,3.32
"3300081965_102.fna",91.56,3.42
"3300081965_103.fna",97.8,1.2
"3300081965_104.fna",96.7,4.45
"3300081965_116.fna",96.96,1.73
"3300081965_119.fna",91.69,6.2
"3300081965_123.fna",82.88,1.08
"3300081965_124.fna",84.45,2.95
"3300081965_129.fna",97.8,3.3
"3300081965_13.fna",79.23,6.21
"3300081965_135.fna",90.32,0.65
"3300081965_14.fna",74.14,0
"3300081965_141.fna",94.3,2.48
"3300081965_142.fna",84.23,0.91
"3300081965_143.fna",94.51,2.2
"3300081965_148.fna",92.74,3.42
"3300081965_155.fna",100,1.28
"3300081965_156.fna",81.54,7.28
"3300081965_157.fna",90.5,1.71
"3300081965_158.fna",91.91,3.26
"3300081965_159.fna",94.63,5.75
"3300081965_16.fna",90.92,7.58
"3300081965_160.fna",89.92,4.2
"3300081965_161.fna",80.85,2.73
"3300081965_162.fna",81.03,1.72
"3300081965_164.fna",82.46,4.26
"3300081965_166.fna",87.5,0.86
"3300081965_168.fna",87.23,1.7
"3300081965_170.fna",95.5,5.04
"3300081965_175.fna",97.3,1.35
"3300081965_177.fna",87.56,1.73
"3300081965_180.fna",92.22,1.85
"3300081965_181.fna",93.2,1.3
"3300081965_182.fna",95.01,3.49
"3300081965_183.fna",89.08,0.54
"3300081965_184.fna",88.29,0.48
"3300081965_185.fna",96.12,1.16
"3300081965_188.fna",82.13,6.9
"3300081965_189.fna",86.95,4.95
"3300081965_190.fna",83.12,2.56
"3300081965_192.fna",82.91,0.85
"3300081965_193.fna",95.51,1.12
"3300081965_194.fna",92.88,1.61
"3300081965_195.fna",86.09,3.57
"3300081965_197.fna",93.01,4.35
"3300081965_198.fna",92.59,3.42
"3300081965_2.fna",72.61,0
"3300081965_201.fna",88.65,7.4
"3300081965_203.fna",79.33,4.71
"3300081965_204.fna",83.33,2.73
"3300081965_21.fna",80.77,8.11
"3300081965_23.fna",82.95,0.85
"3300081965_24.fna",73.88,2.54
"3300081965_28.fna",97.64,7.3
"3300081965_29.fna",72.56,4.39
"3300081965_30.fna",70.27,1.31
"3300081965_33.fna",92.74,6.35
"3300081965_4.fna",85.37,5.23
"3300081965_43.fna",98.07,1.49
"3300081965_44.fna",86.68,6.59
"3300081965_46.fna",85.52,1.71
"3300081965_52.fna",90.6,5.56
"3300081965_54.fna",71.36,2.73
"3300081965_57.fna",76.37,3.85
"3300081965_58.fna",82.69,3.42
"3300081965_59.fna",85.65,1.39
"3300081965_63.fna",92.31,7.61
"3300081965_65.fna",89.01,3.11
"3300081965_66.fna",80.53,8.79
"3300081965_70.fna",93.16,1.71
"3300081965_72.fna",86.45,5.16
"3300081965_76.fna",87.37,3.18
"3300081965_77.fna",72.24,2.29
"3300081965_78.fna",85.48,2.1
"3300081965_79.fna",93.02,1.24
"3300081965_81.fna",92.56,7.88
"3300081965_85.fna",71.46,2.19
"3300081965_95.fna",92.9,0.9
"3300081965_96.fna",94.02,4.7
"3300081965_98.fna",91.61,1.73
"3300081966_1.fna",72.71,1.37
"3300081966_108.fna",93.55,7.36
"3300081966_114.fna",81.23,1.3
"3300081966_115.fna",90.92,2.11
"3300081966_122.fna",89.33,3.48
"3300081966_126.fna",96.56,0
"3300081966_127.fna",94.37,1.96
"3300081966_130.fna",72.69,2.56
"3300081966_131.fna",87.22,0.24
"3300081966_146.fna",92.23,2.03
"3300081966_147.fna",95.17,1.27
"3300081966_148.fna",77.59,3.61
"3300081966_149.fna",88.61,4.58
"3300081966_152.fna",87.16,3.38
"3300081966_155.fna",82.77,3.25
"3300081966_157.fna",83.08,2.82
"3300081966_158.fna",76.21,2.14
"3300081966_159.fna",83.27,6.42
"3300081966_161.fna",89.87,1.29
"3300081966_162.fna",73.05,6.64
"3300081966_166.fna",93.58,3.27
"3300081966_2.fna",75.41,9.49
"3300081966_23.fna",92.84,8.7
"3300081966_30.fna",91.68,2.26
"3300081966_31.fna",86.63,2.97
"3300081966_35.fna",72.54,2.96
"3300081966_39.fna",76.27,7.34
"3300081966_44.fna",81.5,0
"3300081966_46.fna",87.54,1.13
"3300081966_48.fna",86.82,2.32
"3300081966_5.fna",81.58,6.72
"3300081966_51.fna",95.18,1.96
"3300081966_57.fna",77.78,3.42
"3300081966_59.fna",73.02,3.96
"3300081966_61.fna",79.17,0.29
"3300081966_65.fna",73.07,0.86
"3300081966_70.fna",85.23,5.13
"3300081966_75.fna",85.52,5.08
"3300081966_78.fna",96.8,1.63
"3300081966_8.fna",80.16,2.33
"3300081966_83.fna",74.16,8.62
"3300081966_93.fna",78.18,3.85
"3300081966_94.fna",90.01,3.85
"3300081966_99.fna",93.16,3.93
"3300081967_13.fna",71.26,2.26
"3300081967_14.fna",93.81,5
"3300081967_2.fna",81.84,3.42
"3300081967_20.fna",97.57,1.88
"3300081967_21.fna",78.16,2.4
"3300081967_27.fna",73.98,4.11
"3300081967_37.fna",99.16,0.16
"3300081967_41.fna",90.67,9.03
"3300081967_47.fna",89.05,4.62
"3300081967_9.fna",98.22,3.45
"3300081968_105.fna",84.37,3.59
"3300081968_117.fna",76.94,4.24
"3300081968_129.fna",71.58,1.82
"3300081968_133.fna",86.08,5.93
"3300081968_139.fna",92.12,8.79
"3300081968_25.fna",77.96,7.28
"3300081968_26.fna",83.06,3.21
"3300081968_28.fna",86.32,3.42
"3300081968_34.fna",74.85,1.84
"3300081968_38.fna",94.01,0.49
"3300081968_44.fna",88.96,5.03
"3300081968_46.fna",76.44,3.69
"3300081968_5.fna",75.61,2.61
"3300081968_69.fna",70.55,4.17
"3300081968_72.fna",79.3,0.22
"3300081968_80.fna",74.22,1.28
"3300081968_82.fna",78.96,6.77
"3300081968_83.fna",91.12,0.61
"3300081968_88.fna",75.07,2.14
"3300081969_102.fna",77.68,3.2
"3300081969_104.fna",76.39,1.28
"3300081969_27.fna",72.61,1.71
"3300081969_53.fna",83.61,1.85
"3300081969_57.fna",71.9,4.27
"3300081969_6.fna",75.5,8.98
"3300081969_68.fna",83.99,1.8
"3300081969_76.fna",91.03,1.28
"3300081969_80.fna",73.36,6.03
"3300081969_81.fna",85.6,5.69
"3300081969_82.fna",76.86,0
"3300081969_83.fna",75.36,3.74
"3300082023_10.fna",92.39,3.88
"3300082023_16.fna",72.92,3.84
"3300082023_17.fna",77.82,7.77
"3300082023_19.fna",75.92,8.9
"3300082023_28.fna",81.27,3.07
"3300082023_43.fna",79.93,1.83
"3300082023_54.fna",70.74,1.71
"3300082023_57.fna",70.77,0
"3300082023_7.fna",76.37,2.91
"3300082023_9.fna",72.36,0.49
"3300082024_26.fna",71.77,1.14
"3300082024_35.fna",79.49,5.13
"3300082024_42.fna",80,9.63
"3300082024_53.fna",72.2,5.96
"3300082024_63.fna",88.67,1.94
"3300082024_67.fna",70.17,2.56
"3300082024_68.fna",82.32,1.71
"3300082024_69.fna",73.42,1.81
"3300082024_70.fna",81.15,2.39
"3300082024_87.fna",85.9,3.7
"3300082024_90.fna",72.1,1.71
"3300082024_96.fna",88.78,0
"3300082025_12.fna",70.09,0.85
"3300082025_28.fna",73.78,1.72
"3300082025_41.fna",71,3.8
"3300082025_46.fna",90.88,4.84
"3300082025_51.fna",74.14,0
"3300082025_52.fna",73.3,0
"3300082025_57.fna",84.93,2.16
"3300082025_7.fna",96.12,2.16
"3300082025_70.fna",80.1,3.04
"3300082026_22.fna",78.32,3.85
"3300082026_35.fna",83.58,2.23
"3300082026_7.fna",75.78,0.86
"3300082026_75.fna",81.09,3.92
"3300082027_12.fna",82.53,1.15
"3300082027_26.fna",89.35,3.7
"3300082027_36.fna",72.36,5.98
"3300082027_6.fna",71.79,2.14
"3300082027_60.fna",90.66,0.5
"3300082028_14.fna",73.84,2.5
"3300082028_17.fna",86.18,1.71
"3300082028_18.fna",86.41,4.83
"3300082028_26.fna",81.91,7.18
"3300082028_27.fna",74.59,2.56
"3300082028_28.fna",88.83,0
"3300082028_38.fna",72.2,5.41
"3300082028_53.fna",81.03,3.45
"3300082028_59.fna",82.29,9.25
"3300082028_60.fna",80.53,1.85
"3300082028_61.fna",73.8,7.25
"3300082028_77.fna",81.79,2.14
"3300082028_78.fna",87.58,8.38
"3300082028_83.fna",70.55,2.57
"3300082028_84.fna",80.76,0.46
"3300082028_88.fna",80.64,0.29
"3300082029_18.fna",83.66,0.97
"3300082029_29.fna",73.52,0.46
"3300082029_32.fna",85.41,3.89
"3300082029_54.fna",71.24,1.86
"3300082029_58.fna",76.02,5.16
"3300082029_6.fna",73.23,1.12
"3300082030_12.fna",71.2,1.94
"3300082030_28.fna",82.04,2.02
"3300082030_46.fna",73.71,2.13
"3300082030_59.fna",86.49,2.81
"3300082030_7.fna",79.99,1.49
"3300082030_9.fna",88.97,3.02
"3300082031_12.fna",89.4,2.98
"3300082031_13.fna",82.05,3.75
"3300082031_26.fna",72.93,0.85
"3300082031_32.fna",90.52,2.59
"3300082031_36.fna",81.44,1.59
"3300082031_41.fna",80.24,4.87
"3300082031_66.fna",89.48,0.97
"3300082031_70.fna",72.41,6.9
"3300082031_81.fna",71.9,8.12
"3300082031_85.fna",78.3,2.18
"3300082032_12.fna",81.85,8.27
"3300082032_16.fna",76.68,5.81
"3300082032_38.fna",71.42,4.7
"3300082033_19.fna",95.04,4.27
"3300082033_23.fna",84.09,1.14
"3300082033_33.fna",96.7,2.01
"3300082033_44.fna",97.67,2.33
"3300082033_45.fna",86.79,4.72
"3300082033_46.fna",82.76,9.47
"3300082033_53.fna",90.24,2.31
"3300082033_54.fna",93.38,8.59
"3300082033_55.fna",91.29,5.93
"3300082033_58.fna",96.12,1.29
"3300082033_9.fna",85.13,1.94
"3300082034_27.fna",96.59,3.41
"3300082034_35.fna",83.49,4.83
"3300082034_55.fna",77.45,2.56
"3300082034_58.fna",82.24,4.38
"3300082035_100.fna",74.34,8.72
"3300082035_104.fna",79.55,4.59
"3300082035_116.fna",95.6,2.2
"3300082035_118.fna",74.55,6.84
"3300082035_124.fna",91.65,1.45
"3300082035_138.fna",78.21,2.42
"3300082035_141.fna",80.67,4.87
"3300082035_24.fna",99.09,6.39
"3300082035_26.fna",78.46,7.26
"3300082035_49.fna",94.89,2.84
"3300082035_51.fna",97.5,7.74
"3300082035_60.fna",96.2,7.33
"3300082035_62.fna",97.44,2.99
"3300082035_75.fna",71.98,1.29
"3300082035_77.fna",70.09,7.86
"3300082035_85.fna",82.95,2.27
"3300082035_95.fna",91.45,2.56
"3300082035_96.fna",82.21,1.23
"3300082035_98.fna",81.55,0.97
"3300082053_10.fna",78.92,0.34
"3300082053_51.fna",80.74,8.54
"3300082053_57.fna",74.13,1.01
"3300082053_6.fna",96.77,3.17
"3300082054_10.fna",78.02,5.56
"3300082054_11.fna",96.43,3.45
"3300082054_29.fna",78.38,2.56
"3300082054_42.fna",70.47,3.42
"3300082054_7.fna",81.87,5.75
"3300082054_72.fna",72.88,7.1
"3300082054_74.fna",79.17,1.71
"3300082054_90.fna",72.7,2.88
"3300082054_93.fna",71.66,7.38
"3300082054_99.fna",74.48,2.56
"3300082055_14.fna",98.04,5.7
"3300082055_16.fna",79.59,8.55
"3300082055_22.fna",76.94,0.29
"3300082055_3.fna",70.49,4.39
"3300082055_30.fna",83.42,1.42
"3300082060_15.fna",87.04,4.63
"3300082060_17.fna",72.55,7.85
"3300082060_19.fna",96.55,0.86
"3300082073_104.fna",73.85,2.91
"3300082073_107.fna",79.93,8.47
"3300082073_111.fna",77.99,4.53
"3300082073_123.fna",95.95,2.36
"3300082073_125.fna",94.52,2.58
"3300082073_128.fna",80.18,1.73
"3300082073_13.fna",84.79,1.92
"3300082073_19.fna",77.14,9.41
"3300082073_24.fna",97.41,4.31
"3300082073_28.fna",80.63,1.45
"3300082073_45.fna",76.57,2.9
"3300082073_49.fna",77.92,7.17
"3300082073_50.fna",75.53,1.75
"3300082073_59.fna",83.48,1.38
"3300082073_68.fna",79.8,4.74
"3300082073_80.fna",74.68,7.69
"3300082073_81.fna",96.98,1.72
"3300082073_83.fna",77.18,2.91
"3300082073_98.fna",91.79,1.07
"3300082166_12.fna",88.83,1.62
"3300082166_22.fna",99.15,1.28
"3300082166_39.fna",86.59,1.82
"3300082166_47.fna",98.43,0.85
"3300082166_63.fna",97.01,1.28
"3300082166_64.fna",90.14,5.41
"3300082166_66.fna",82.55,0.93
"3300082166_70.fna",86.75,4.35
"3300082166_73.fna",72.05,8.76
"3300082166_76.fna",85.21,5.13
"3300082166_78.fna",70.27,3.37
"3300082166_8.fna",82.91,1.71
"3300082166_88.fna",75.2,9.2
"3300082166_9.fna",83.61,0.87
"3300082172_24.fna",94.3,0.66
"3300082172_27.fna",93.16,2.56
"3300082172_32.fna",97.52,5.79
"3300082172_5.fna",71.58,3.35
"3300082172_53.fna",94.8,2.37
"3300082172_59.fna",93.27,3.66
"3300082172_6.fna",91.6,0.93
"3300082172_69.fna",98.11,1.72
"3300082172_76.fna",78.86,7.22
"3300082172_9.fna",90.86,5.8
"3300082173_19.fna",89.6,1.71
"3300082173_20.fna",98.29,1.28
"3300082173_30.fna",93.52,4.71
"3300082173_33.fna",94.44,0.21
"3300082173_37.fna",98.27,4
"3300082173_50.fna",97.44,3.08
"3300082173_54.fna",75.16,6.9
"3300082173_56.fna",74.29,0
"3300082173_57.fna",81.2,2.62
"3300082173_61.fna",92.54,4.7
"3300082173_63.fna",92.16,9.62
"3300082173_67.fna",88.49,7.16
"3300082173_68.fna",93.98,6.96
"3300082173_84.fna",76.92,6.56
"3300082173_9.fna",76.68,2.16
"3300082191_26.fna",95.09,5.13
"3300082191_27.fna",97.84,2.59
"3300082191_28.fna",96.96,1.74
"3300082191_30.fna",75.94,4.64
"3300082191_9.fna",83.31,5.83
"3300082192_14.fna",98.29,3.42
"3300082192_21.fna",78.65,0.85
"3300082192_26.fna",71.26,0.29
"3300082192_30.fna",82.38,3.1
"3300082192_38.fna",75.8,1.3
"3300082192_39.fna",86.68,1.71
"3300082192_5.fna",73.16,2.27
"3300082192_56.fna",100,2.78
"3300082192_57.fna",98.98,5.91
"3300082192_58.fna",94.18,8.03
"3300082192_59.fna",79.29,0
"3300082192_6.fna",74.47,0
"3300082192_60.fna",92.64,2.53
"3300082192_61.fna",74.91,2.16
"3300082192_64.fna",97.38,1.71
"3300082192_68.fna",88.25,2.14
"3300082192_70.fna",72.22,2.78
"3300082192_71.fna",80.99,2.97
"3300082192_73.fna",79.17,4.63
"3300082192_74.fna",76.89,3.7
"3300082192_77.fna",77.74,2.28
"3300082193_11.fna",78.69,5.81
"3300082193_18.fna",89.45,5.4
"3300082193_20.fna",89.07,1.2
"3300082193_23.fna",94.59,2.56
"3300082193_26.fna",94.66,1.99
"3300082193_29.fna",86.41,4.06
"3300082193_32.fna",93.62,1.99
"3300082193_34.fna",87.1,1.72
"3300082193_40.fna",98.77,0
"3300082193_43.fna",93.16,7.85
"3300082193_51.fna",71.07,4.02
"3300082193_55.fna",97.8,2.2
"3300082193_66.fna",89.01,0.85
"3300082193_67.fna",87.91,3.65
"3300082193_73.fna",94.98,2.09
"3300082193_74.fna",84.9,5.22
"3300082193_76.fna",97.44,4.27
"3300082193_79.fna",76.35,2.78
"3300082193_80.fna",80.99,9.2
"3300082193_9.fna",97.86,3.28
"3300082193_94.fna",71,0.31
"3300082194_12.fna",81.61,6.91
"3300082194_23.fna",91.17,1.28
"3300082194_26.fna",87.5,4.7
"3300082194_40.fna",71.28,1.37
"3300082194_9.fna",88.13,8.06
"3300082195_14.fna",93.25,1.98
"3300082195_20.fna",75.99,0.85
"3300082195_29.fna",81.55,0
"3300082195_3.fna",92.54,8.54
"3300082195_30.fna",78.09,4.99
"3300082195_40.fna",94.96,1.71
"3300082195_45.fna",79.3,3.09
"3300082196_10.fna",83.87,2.04
"3300082196_11.fna",75.87,1.87
"3300082196_3.fna",80.34,2.71
"3300082196_32.fna",90.86,1.13
"3300082196_40.fna",94.31,3.97
"3300082196_45.fna",75.57,1.94
"3300082196_5.fna",96.52,7.83
"3300082197_102.fna",90.38,0
"3300082197_104.fna",82.23,1.61
"3300082197_105.fna",75.32,5.08
"3300082197_11.fna",75.84,9.44
"3300082197_116.fna",94.65,1.07
"3300082197_117.fna",92.33,4.7
"3300082197_118.fna",71.03,0
"3300082197_120.fna",84.66,1.75
"3300082197_122.fna",91.77,1.5
"3300082197_123.fna",92.39,5.68
"3300082197_125.fna",91.03,3.7
"3300082197_127.fna",89.74,2.99
"3300082197_129.fna",87.75,2.2
"3300082197_130.fna",74.29,1.71
"3300082197_141.fna",76.66,3.65
"3300082197_146.fna",73.2,2.4
"3300082197_23.fna",78.95,1.75
"3300082197_25.fna",94.55,1.82
"3300082197_31.fna",96.67,2.38
"3300082197_36.fna",98.08,0.85
"3300082197_41.fna",82.48,0
"3300082197_43.fna",83.78,0.68
"3300082197_48.fna",72.76,0
"3300082197_50.fna",89.89,1.77
"3300082197_51.fna",91.28,1.83
"3300082197_53.fna",90.91,0
"3300082197_57.fna",97.62,3.02
"3300082197_61.fna",71.65,0.99
"3300082197_65.fna",88.89,2.23
"3300082197_67.fna",93.67,2.16
"3300082197_68.fna",91.45,2.14
"3300082197_79.fna",75.64,1.83
"3300082197_84.fna",83.4,1.39
"3300082197_90.fna",94.52,0.22
"3300082197_94.fna",96.15,0.85
"3300082197_96.fna",95.3,2.56
"3300082197_99.fna",77.4,5.41
"3300082200_3.fna",84.06,4.32
"3300082200_33.fna",74.16,3.74
"3300082200_41.fna",84.87,7.17
"3300082200_48.fna",90.57,5.87
"3300082201_14.fna",93.59,1.28
"3300082201_16.fna",72.82,1.04
"3300082201_18.fna",74.03,3.59
"3300082201_29.fna",76.84,3.99
"3300082201_55.fna",80.57,8.23
"3300082201_60.fna",86.72,0
"3300082202_24.fna",81.59,2.78
"3300082202_32.fna",93.16,3.05
"3300082202_33.fna",76.57,3.52
"3300082202_38.fna",74.6,2.52
"3300082202_50.fna",81.77,1.88
"3300082202_58.fna",86.76,1.2
"3300082202_61.fna",74.88,3.36
"3300082202_62.fna",78.41,2.14
"3300082203_23.fna",71.36,8.49
"3300082203_24.fna",70.86,0
"3300082203_28.fna",85.62,1.18
"3300082203_37.fna",88.16,6.14
"3300082203_50.fna",75.24,3.88
"3300082204_20.fna",77.77,1.87
"3300082204_42.fna",92.39,5.56
"3300082204_44.fna",95.17,0
"3300082204_49.fna",93.96,5.13
"3300082204_50.fna",90.91,5.22
"3300082204_51.fna",90.75,9.46
"3300082204_8.fna",93.41,3.3
"3300082204_9.fna",95.26,0.86
"3300082205_1.fna",87.11,0.24
"3300082205_10.fna",100,2.85
"3300082205_37.fna",88.55,3.91
"3300082205_46.fna",90.17,1.36
"3300082205_48.fna",75.67,3.7
"3300082206_27.fna",94.09,9.13
"3300082206_3.fna",91.79,2.42
"3300082206_31.fna",78.29,5.2
"3300082206_4.fna",99.09,1.82
"3300082206_5.fna",96.91,0.93
"3300082207_14.fna",70.68,4.63
"3300082207_40.fna",97.41,0.86
"3300082207_44.fna",72.91,1.8
"3300082207_48.fna",97.32,0.97
"3300082208_18.fna",93.36,0.86
"3300082208_25.fna",77.16,8.97
"3300082208_26.fna",88.84,0.85
"3300082208_28.fna",78.92,1.96
"3300082208_47.fna",73.3,5.3
"3300082208_49.fna",76.01,3.42
"3300082208_53.fna",76.03,2.08
"3300082208_54.fna",93.76,4.72
"3300082208_59.fna",71.84,2.3
"3300082209_10.fna",88.97,0.87
"3300082209_12.fna",71.68,2.66
"3300082209_13.fna",97.84,0
"3300082209_15.fna",93.59,2.42
"3300082209_21.fna",92.25,2.35
"3300082209_24.fna",94.57,0.19
"3300082209_30.fna",82.88,2.56
"3300082209_32.fna",79.52,2.32
"3300082209_49.fna",78.92,4.76
"3300082209_53.fna",91.45,2.92
"3300082209_54.fna",86,2.03
"3300082209_63.fna",73.08,0.85
"3300082209_69.fna",78.45,4.65
"3300082209_70.fna",97.32,4.82
"3300082209_73.fna",83.11,6.56
"3300082209_74.fna",77.59,3.45
"3300082209_77.fna",77.12,3.07
"3300082209_8.fna",73.31,7.26
"3300082209_81.fna",97.01,2.56
"3300082209_82.fna",73.59,1.72
"3300082210_15.fna",82.46,5.73
"3300082210_20.fna",70.9,1.09
"3300082210_27.fna",74.86,2.67
"3300082210_34.fna",84.56,1.71
"3300082210_55.fna",72.22,3.33
"3300082210_73.fna",86.32,7.69
"3300082210_74.fna",80,5.98
"3300082210_75.fna",72.53,1.73
"3300082211_1.fna",75.49,1.19
"3300082211_102.fna",84.85,0.84
"3300082211_103.fna",92.95,3.78
"3300082211_104.fna",98.93,0
"3300082211_106.fna",88.41,4.7
"3300082211_113.fna",84.8,0.57
"3300082211_114.fna",92.99,0.04
"3300082211_118.fna",80.88,3.75
"3300082211_123.fna",84.35,0.72
"3300082211_125.fna",72.98,8.38
"3300082211_132.fna",96.24,1.69
"3300082211_134.fna",87.72,1.97
"3300082211_135.fna",85.03,2.75
"3300082211_136.fna",77.7,6.92
"3300082211_14.fna",71.75,1.94
"3300082211_141.fna",94.17,0.02
"3300082211_148.fna",80.7,1.71
"3300082211_15.fna",86.81,1.74
"3300082211_150.fna",94.3,9.59
"3300082211_151.fna",86.54,2.99
"3300082211_156.fna",90.61,2.1
"3300082211_158.fna",91.25,5.94
"3300082211_162.fna",78.7,0.93
"3300082211_163.fna",74.39,1.19
"3300082211_17.fna",70,2.59
"3300082211_170.fna",79.6,0.16
"3300082211_172.fna",88.86,2.13
"3300082211_174.fna",91.24,1.71
"3300082211_176.fna",92.66,3.42
"3300082211_19.fna",97,1.72
"3300082211_20.fna",93.97,0.48
"3300082211_21.fna",90.86,3.63
"3300082211_22.fna",96.3,1.71
"3300082211_26.fna",77.68,2.4
"3300082211_29.fna",76.39,8.55
"3300082211_31.fna",88.66,2.1
"3300082211_34.fna",79.31,2.82
"3300082211_35.fna",95.69,1.72
"3300082211_37.fna",83.53,4.27
"3300082211_39.fna",82.69,1.5
"3300082211_41.fna",89.32,0.97
"3300082211_42.fna",95.45,2.91
"3300082211_46.fna",90.31,2.52
"3300082211_47.fna",83.11,0
"3300082211_5.fna",85.01,5.61
"3300082211_50.fna",88.5,4.72
"3300082211_51.fna",88.02,3.42
"3300082211_54.fna",83.39,1.73
"3300082211_56.fna",84.02,2.05
"3300082211_72.fna",95.56,5.56
"3300082211_79.fna",93.16,0.85
"3300082211_83.fna",90.43,5.94
"3300082211_85.fna",72.23,1.99
"3300082211_87.fna",75.59,1.28
"3300082211_90.fna",91.39,1.12
"3300082211_93.fna",89.46,6.45
"3300082211_94.fna",86.27,3.36
"3300082211_95.fna",75.36,8.52
"3300082211_96.fna",74.92,0
"3300082211_99.fna",80.24,3.45
"3300082212_101.fna",80.7,0
"3300082212_102.fna",77.89,8.91
"3300082212_105.fna",99.15,0.85
"3300082212_12.fna",95.68,2.91
"3300082212_14.fna",90.23,4.2
"3300082212_26.fna",78.69,1.94
"3300082212_28.fna",97.44,1.71
"3300082212_35.fna",96.58,6.48
"3300082212_46.fna",86.67,1.03
"3300082212_5.fna",75.95,2.9
"3300082212_57.fna",77.78,2.56
"3300082212_58.fna",84.4,1.71
"3300082212_59.fna",72.25,9.63
"3300082212_6.fna",79.44,0.78
"3300082212_61.fna",98.65,0.68
"3300082212_63.fna",71.22,3.88
"3300082212_70.fna",96.53,1.8
"3300082212_77.fna",84.7,0
"3300082212_78.fna",84.47,2.27
"3300082212_8.fna",91.91,9.05
"3300082212_80.fna",86.32,4.32
"3300082212_82.fna",91.83,6.41
"3300082212_9.fna",87.65,3.41
"3300082212_92.fna",73.85,1.01
"3300082212_95.fna",73.84,1.71
"3300082213_11.fna",86.07,3.85
"3300082213_23.fna",88.89,2.56
"3300082213_26.fna",90.27,3.67
"3300082213_58.fna",75.2,0
"3300082214_10.fna",83.37,0.87
"3300082214_11.fna",82.48,1.71
"3300082214_17.fna",75.6,0
"3300082214_19.fna",91.12,6.82
"3300082214_2.fna",75.62,2.59
"3300082214_27.fna",75.39,5.07
"3300082214_36.fna",88.81,6.14
"3300082214_40.fna",73.49,1.72
"3300082214_6.fna",77.16,4.29
"3300082214_67.fna",71.3,7.45
"3300082215_11.fna",94.87,3.42
"3300082215_18.fna",94.9,6.65
"3300082215_26.fna",97.3,2.93
"3300082215_33.fna",76.33,8
"3300082215_36.fna",81.02,2.55
"3300082215_47.fna",99.51,0.02
"3300082215_5.fna",85.78,7.7
"3300082215_51.fna",97.65,2.85
"3300082215_52.fna",97.22,0
"3300082215_53.fna",95.01,4.02
"3300082215_63.fna",73.71,5.67
"3300082215_68.fna",89.98,6.85
"3300082215_70.fna",79.63,6.03
"3300082215_77.fna",81.67,5.24
"3300082215_78.fna",89.6,0
"3300082215_81.fna",74.87,1.13
"3300082216_13.fna",90.38,7.01
"3300082216_19.fna",74.86,1.94
"3300082216_35.fna",74.28,1.97
"3300082216_37.fna",94.77,2.98
"3300082216_40.fna",71.02,3.03
"3300082216_48.fna",80.85,0.85
"3300082216_51.fna",71.31,1.54
"3300082216_6.fna",88.72,1.72
"3300082216_63.fna",75.36,1.71
"3300082216_9.fna",71.68,5.41
"3300082217_16.fna",89.17,8.4
"3300082217_37.fna",70.34,1.72
"3300082217_64.fna",74.78,2.67
"3300082217_66.fna",75.51,5.95
"3300082217_68.fna",77.59,8.62
"3300082217_69.fna",86.32,5.56
"3300082217_76.fna",73.45,3.45
"3300082217_81.fna",71.37,8.55
"3300082217_9.fna",79.34,5.13
"3300082220_13.fna",82.69,8.74
"3300082220_26.fna",75.38,4.27
"3300082220_35.fna",94.9,1.65
"3300082220_40.fna",77.59,1.29
"3300082221_19.fna",80.94,8.21
"3300082221_25.fna",80.06,3.99
"3300082221_32.fna",75.86,1.71
"3300082221_36.fna",78.88,1.72
"3300082222_112.fna",95.73,4.27
"3300082222_119.fna",89.17,0.82
"3300082222_122.fna",98.28,6.9
"3300082222_123.fna",91.45,1.71
"3300082222_125.fna",82.24,1.52
"3300082222_127.fna",83.33,4.38
"3300082222_138.fna",91.06,7.88
"3300082222_140.fna",83.91,3.12
"3300082222_15.fna",70.85,1.72
"3300082222_18.fna",85.48,4.95
"3300082222_25.fna",76.01,6.01
"3300082222_47.fna",72.89,1.42
"3300082222_49.fna",83.55,2.71
"3300082222_51.fna",77.35,2.99
"3300082222_52.fna",84.44,2.99
"3300082222_56.fna",81.58,0
"3300082222_63.fna",98.42,1.84
"3300082222_74.fna",77.83,1.71
"3300082222_79.fna",86.89,0.85
"3300082223_13.fna",74.11,7.44
"3300082223_30.fna",77.29,7.01
"3300082223_33.fna",76.15,1.1
"3300082223_41.fna",94.45,3.25
"3300082223_42.fna",84.12,1.45
"3300082223_59.fna",70.88,0.48
"3300082223_66.fna",83.26,3.13
"3300082224_38.fna",72.1,8.79
"3300082224_65.fna",73.56,0.97
"3300082224_66.fna",79.73,1.65
"3300082224_67.fna",76,2.4
"3300082225_105.fna",91.17,9.4
"3300082225_108.fna",87.46,4.4
"3300082225_127.fna",79.99,3.85
"3300082225_130.fna",84.57,5.44
"3300082225_138.fna",87.75,6.44
"3300082225_139.fna",72.74,6.65
"3300082225_143.fna",81.01,4.71
"3300082225_156.fna",79.17,1.85
"3300082225_157.fna",92.97,5.3
"3300082225_159.fna",88.78,3.3
"3300082225_167.fna",86.8,1.32
"3300082225_168.fna",81.2,4.35
"3300082225_169.fna",74.6,6.72
"3300082225_2.fna",87.6,0.65
"3300082225_23.fna",91.45,6.71
"3300082225_32.fna",87.92,8.6
"3300082225_34.fna",87.26,2.73
"3300082225_39.fna",94.98,4.27
"3300082225_47.fna",87.32,1.71
"3300082225_5.fna",85.47,2.14
"3300082225_50.fna",75.82,2.78
"3300082225_6.fna",93.16,5.98
"3300082225_70.fna",76.48,4.27
"3300082225_71.fna",91.21,6.86
"3300082225_80.fna",88.51,2.16
"3300082225_81.fna",90.05,1.74
"3300082225_82.fna",89.1,8.02
"3300082225_87.fna",70.66,0.63
"3300082225_94.fna",72.9,6.63
"3300082225_95.fna",74.15,3.29
"3300082226_11.fna",71.4,3.12
"3300082226_16.fna",98.29,0
"3300082226_25.fna",78.58,0.55
"3300082226_33.fna",98.29,7.17
"3300082226_34.fna",97.83,2.01
"3300082226_36.fna",99.15,0.85
"3300082226_42.fna",95.61,1.28
"3300082226_75.fna",78.63,7.69
"3300082226_78.fna",96.48,0
"3300082226_84.fna",74.14,5.17
"3300082226_94.fna",81.63,2.47
"3300082228_14.fna",88.35,1.94
"3300082228_31.fna",91.91,1.94
"3300082228_4.fna",77.49,7.91
"3300082228_48.fna",74.58,4.53
"3300082235_15.fna",72.32,3.13
"3300082235_16.fna",94.34,0.97
"3300082235_27.fna",75.52,0.86
"3300082235_37.fna",81.72,4.21
"3300082235_52.fna",77.3,4.24
"3300082236_35.fna",97.57,1.94
"3300082236_46.fna",81.6,2.73
"3300082236_9.fna",75.75,2.91
"3300082239_13.fna",79.52,0.58
"3300082239_14.fna",79.58,3.12
"3300082239_32.fna",88.68,1.19
"3300082239_4.fna",79.41,4.7
"3300082240_18.fna",75.33,7.05
"3300082240_23.fna",86.4,2.56
"3300082240_28.fna",84.53,1.85
"3300082240_29.fna",81.89,5.13
"3300082240_33.fna",79.56,6.62
"3300082240_34.fna",95.3,6.89
"3300082240_36.fna",95.26,0.86
"3300082240_38.fna",76.7,3.3
"3300082240_39.fna",88.46,0.85
"3300082240_46.fna",99.47,0.46
"3300082240_8.fna",96.5,1.4
"3300082244_23.fna",76.17,2.99
"3300082244_25.fna",70.09,0.85
"3300082244_35.fna",85.47,6.86
"3300082244_36.fna",81.13,0.28
"3300082244_8.fna",71.71,0
"3300082245_10.fna",86.11,1.99
"3300082245_23.fna",94.87,4.27
"3300082245_29.fna",73.98,2.36
"3300082245_35.fna",88.03,5.38
"3300082245_46.fna",97.7,2.24
"3300082245_57.fna",97.44,6.89
"3300082245_58.fna",95.73,1.57
"3300082245_64.fna",91.88,1.71
"3300082245_65.fna",71.47,2.74
"3300082245_72.fna",95.13,3.17
"3300082252_10.fna",71.58,0.68
"3300082252_13.fna",75.5,1.71
"3300082252_21.fna",81,1.68
"3300082252_23.fna",77.32,2.2
"3300082252_25.fna",81.75,4.62
"3300082252_34.fna",89.01,6.04
"3300082252_41.fna",97.75,1.12
"3300082252_47.fna",91.82,1.89
"3300082252_56.fna",94.7,1.94
"3300082252_57.fna",88.06,0.85
"3300082252_58.fna",73.17,2.56
"3300082252_61.fna",91.37,2.95
"3300082252_66.fna",72.87,2.64
"3300082252_69.fna",82.14,1.3
"3300082252_8.fna",92.74,4.34
"3300082258_1.fna",85.57,3.14
"3300082258_6.fna",97.13,1.72
"3300082258_7.fna",75.04,2.28
"3300082258_8.fna",89.51,0.95
"3300082259_10.fna",79.02,9
"3300082259_23.fna",82.16,8.78
"3300082259_42.fna",86.36,5.14
"3300082259_5.fna",85.99,2.56
"3300082259_55.fna",80.94,5.22
"3300082259_7.fna",96.18,4.75
"3300082260_10.fna",79.37,0.95
"3300082260_14.fna",99.57,0
"3300082260_18.fna",99.32,3.38
"3300082260_29.fna",76.62,1.62
"3300082260_34.fna",90.27,3.42
"3300082261_11.fna",72.52,1.16
"3300082261_3.fna",82.76,4.25
"3300082261_34.fna",83.76,2.14
"3300082261_37.fna",92.72,5.57
"3300082261_4.fna",82.55,3.58
"3300082261_5.fna",91.63,2.63
"3300082261_50.fna",79.32,5.66
"3300082261_6.fna",77.07,6.41
"3300082261_63.fna",80.3,2.33
"3300082261_68.fna",80.71,8.54
"3300082261_7.fna",92.31,0.85
"3300082262_106.fna",72.07,5.82
"3300082262_11.fna",85.47,6.15
"3300082262_12.fna",75.62,2.22
"3300082262_17.fna",77.65,5.41
"3300082262_21.fna",77.27,3.18
"3300082262_29.fna",83.93,2.14
"3300082262_31.fna",82.3,1.09
"3300082262_35.fna",72.87,3.71
"3300082262_4.fna",89.09,4.55
"3300082262_5.fna",74.17,1.98
"3300082262_62.fna",75.14,2.61
"3300082262_7.fna",81.24,2.09
"3300082262_80.fna",95.2,1.6
"3300082262_82.fna",83.36,3.18
"3300082262_83.fna",87.79,2.97
"3300082262_94.fna",89.13,0.85
"3300082262_98.fna",92.54,5.06
"3300082263_26.fna",95.01,5.64
"3300082263_40.fna",82.52,0.97
"3300082263_47.fna",76.5,0.17
"3300082263_55.fna",84.99,2.56
"3300082263_56.fna",89.9,2.16
"3300082263_57.fna",80.24,2.3
"3300082263_64.fna",71.7,5.89
"3300082263_68.fna",95.23,4.5
"3300082263_69.fna",81.14,5.98
"3300082263_71.fna",78.21,4.37
"3300082263_73.fna",81.09,3.85
"3300082263_74.fna",74.65,0.85
"3300082263_78.fna",73.28,2.59
"3300082264_15.fna",77.78,4.27
"3300082264_18.fna",85.43,4.6
"3300082264_21.fna",94.66,0.97
"3300082264_31.fna",74.72,9.26
"3300082264_41.fna",77.31,1.85
"3300082264_44.fna",80.77,9.49
"3300082264_5.fna",73.21,8.94
"3300082264_58.fna",88.17,3.27
"3300082264_67.fna",87.73,4.94
"3300082265_18.fna",92.74,3.42
"3300082265_28.fna",83.09,1.35
"3300082265_31.fna",88.48,3.44
"3300082265_38.fna",97.39,2.03
"3300082265_7.fna",76.83,0.36
"3300082266_102.fna",74.14,2.34
"3300082266_19.fna",90.72,3.91
"3300082266_24.fna",79.26,2.43
"3300082266_39.fna",77.34,3.23
"3300082266_41.fna",70.88,4.03
"3300082266_43.fna",95.73,0.85
"3300082266_50.fna",86.22,4.92
"3300082266_53.fna",72.12,4.55
"3300082266_70.fna",79.56,0
"3300082266_89.fna",70.33,0.22
"3300082266_97.fna",74.3,7.74
"3300082267_12.fna",84.05,1.7
"3300082267_16.fna",79.08,2.99
"3300082267_17.fna",96.12,6.12
"3300082267_21.fna",94.54,1.72
"3300082267_25.fna",98.28,1.72
"3300082267_29.fna",94.4,1.72
"3300082267_33.fna",84.28,0.85
"3300082267_35.fna",91.18,3.14
"3300082267_42.fna",79.8,2.14
"3300082267_44.fna",73.6,3.71
"3300082267_51.fna",94.97,0.86
"3300082267_52.fna",97.44,1.71
"3300082267_55.fna",74.15,1.71
"3300082267_64.fna",77.24,0.43
"3300082267_66.fna",76.84,2.59
"3300082267_7.fna",80.27,2.48
"3300082267_8.fna",80.86,3.91
"3300082268_10.fna",99.51,0.49
"3300082268_15.fna",95.26,0.86
"3300082268_17.fna",74.21,1.55
"3300082268_24.fna",91.48,1.14
"3300082268_25.fna",99.51,0.74
"3300082268_26.fna",91.71,2.81
"3300082268_3.fna",82.01,5.4
"3300082268_35.fna",76.9,3.45
"3300082268_5.fna",78.85,6.2
"3300082268_52.fna",86.39,3.83
"3300082268_9.fna",94.11,2.92
"3300082269_14.fna",74.11,0
"3300082269_34.fna",80.64,3.42
"3300082269_37.fna",81.27,1.81
"3300082269_44.fna",71.87,1.71
"3300082269_45.fna",71.79,2.85
"3300082269_56.fna",74.97,3.85
"3300082270_25.fna",75.45,0.68
"3300082270_27.fna",93.52,0.93
"3300082270_33.fna",94.44,0.85
"3300082270_38.fna",77.35,1.28
"3300082277_12.fna",83.72,4.69
"3300082277_16.fna",70.5,5.52
"3300082277_32.fna",74.76,6.63
"3300082277_35.fna",81.78,1.18
"3300082277_41.fna",71.28,2.38
"3300082277_46.fna",83.57,6.07
"3300082277_51.fna",83.36,7.83
"3300082277_7.fna",87.14,4.4
"3300082277_71.fna",84.45,3.31
"3300082281_102.fna",84.56,3.04
"3300082281_109.fna",86.92,4.27
"3300082281_110.fna",81.45,5.06
"3300082281_115.fna",96.36,2.1
"3300082281_119.fna",88.79,5.33
"3300082281_12.fna",88.06,2.16
"3300082281_121.fna",89.74,0
"3300082281_122.fna",89.96,2.74
"3300082281_123.fna",97.2,3.71
"3300082281_124.fna",96.58,6.84
"3300082281_128.fna",80.77,4.4
"3300082281_130.fna",93.16,1.28
"3300082281_138.fna",86.57,0
"3300082281_148.fna",83.81,1.76
"3300082281_161.fna",83.12,1.71
"3300082281_165.fna",76.86,0.97
"3300082281_167.fna",70.73,1.36
"3300082281_168.fna",73.68,1.42
"3300082281_17.fna",90.36,1.66
"3300082281_170.fna",76.32,1.08
"3300082281_171.fna",79.33,2.1
"3300082281_176.fna",78.22,3.61
"3300082281_18.fna",91.33,4.48
"3300082281_192.fna",88.15,2.05
"3300082281_196.fna",83.72,0.8
"3300082281_197.fna",83.38,0.68
"3300082281_200.fna",78.57,5.16
"3300082281_202.fna",80.29,9.83
"3300082281_25.fna",77.94,6.41
"3300082281_27.fna",98.48,6.93
"3300082281_28.fna",96.37,3.63
"3300082281_4.fna",71.06,0.85
"3300082281_40.fna",90.19,3.42
"3300082281_42.fna",85.34,0.86
"3300082281_46.fna",94.8,4.96
"3300082281_48.fna",88.22,9.83
"3300082281_5.fna",77.83,1.94
"3300082281_50.fna",88.66,7.49
"3300082281_52.fna",96.79,3.28
"3300082281_55.fna",98.54,0.97
"3300082281_57.fna",95,2.78
"3300082281_59.fna",89.15,1.69
"3300082281_60.fna",93.95,0
"3300082281_65.fna",98.61,1.01
"3300082281_67.fna",76.3,2.21
"3300082281_72.fna",71.16,0
"3300082281_74.fna",94.35,4.7
"3300082281_75.fna",81.36,2.85
"3300082281_81.fna",94.02,7.69
"3300082281_84.fna",83.33,8.91
"3300082281_89.fna",86.11,0
"3300082281_92.fna",89.17,2.14
"3300082281_93.fna",88.96,4.72
"3300082281_97.fna",96.43,1.72
"3300082282_14.fna",81.61,0.14
"3300082282_25.fna",81.05,2.59
"3300082282_32.fna",87.22,0.97
"3300082282_38.fna",79.45,4.75
"3300082282_50.fna",83.1,0
"3300082282_55.fna",82.19,4.27
"3300082282_57.fna",83.41,4.42
"3300082282_58.fna",92.73,1.36
"3300082282_66.fna",70.36,4.37
"3300082282_69.fna",77.22,0.85
"3300082282_71.fna",77.44,1.81
"3300082282_77.fna",94.44,8.93
"3300082282_78.fna",85.78,4.18
"3300082282_83.fna",70.69,6.9
"3300082282_84.fna",86.8,1.85
"3300082282_9.fna",73.26,0
"3300082283_1.fna",73.17,3.7
"3300082283_2.fna",91.91,7.74
"3300082283_22.fna",78.84,1.15
"3300082283_5.fna",96.55,2.59
"3300082284_10.fna",81.03,3.45
"3300082284_28.fna",74.77,3.96
"3300082284_33.fna",75.88,0.99
"3300082284_4.fna",77.78,3.42
"3300082284_6.fna",84.62,4.7
"3300082285_17.fna",83.62,6.84
"3300082285_3.fna",96.44,7.79
"3300082285_5.fna",99.16,0.23
"3300082285_8.fna",92.25,4.27
"3300082286_10.fna",72.22,8.67
"3300082286_11.fna",93.97,2.46
"3300082286_17.fna",70.18,2.14
"3300082286_28.fna",96.41,1.55
"3300082286_36.fna",76.21,6.02
"3300082286_38.fna",95.31,9.83
"3300082286_45.fna",80.09,2.58
"3300082286_46.fna",91.31,1.28
"3300082286_53.fna",71.78,3.8
"3300082286_57.fna",75.15,3.38
"3300082286_6.fna",91.45,1.71
"3300082287_16.fna",72.3,3.98
"3300082287_19.fna",85.19,2.78
"3300082287_20.fna",88.88,2.2
"3300082287_23.fna",75.71,2.61
"3300082287_24.fna",76.95,2.2
"3300082287_27.fna",93.76,3.66
"3300082287_29.fna",91.53,3.06
"3300082287_31.fna",72.27,4.02
"3300082287_44.fna",72.41,5.17
"3300082287_45.fna",89.89,1.85
"3300082287_6.fna",93,4.14
"3300082288_12.fna",74.45,7.66
"3300082288_16.fna",86.7,5.17
"3300082288_22.fna",91.28,0.92
"3300082309_10.fna",96.76,0.93
"3300082309_14.fna",91.91,2.91
"3300082309_17.fna",75.73,5.18
"3300082309_40.fna",96.58,4.32
"3300082309_41.fna",81.2,6.13
"3300082309_44.fna",84.71,2.96
"3300082317_13.fna",80.74,3.96
"3300082317_15.fna",89.52,3.87
"3300082317_19.fna",83.96,6.28
"3300082317_33.fna",91.08,2.19
"3300082317_36.fna",72.61,4.05
"3300082317_41.fna",74.31,1.04
"3300082317_42.fna",94.84,5.54
"3300082317_51.fna",89.57,5.2
"3300082317_55.fna",73.65,2.31
"3300082317_7.fna",75.16,1.31
"3300082317_73.fna",80.41,1.08
"3300082317_76.fna",75.46,5.98
"3300082317_9.fna",87.36,1.77
"3300082353_1.fna",96.2,3.67
"3300082353_14.fna",96.58,5.98
"3300082353_15.fna",83.64,4.31
"3300082353_20.fna",96.03,1.18
"3300082353_37.fna",90.17,6.41
"3300082504_18.fna",88.13,2.73
"3300082504_19.fna",99.15,2.14
"3300082504_21.fna",98.95,1.32
"3300082504_6.fna",81.2,8.32
"3300082504_7.fna",70.56,7.61
"3300082505_10.fna",79.75,1.9
"3300082505_3.fna",92.13,2.81
"3300082505_4.fna",89.97,3.96
"3300082505_8.fna",94.87,4.27
"3300082505_9.fna",97.44,0.85
"3300082506_28.fna",93.97,1.29
"3300082506_35.fna",94.02,0.57
"3300082506_42.fna",92.13,3.93
"3300082508_9.fna",74.24,2.59
"3300082509_5.fna",82.65,0.72
"3300082510_11.fna",80.69,0
"3300082510_13.fna",83.66,6.48
"3300082510_34.fna",92.64,1.67
"3300082510_36.fna",88.92,6.72
"3300082510_4.fna",95.73,1.79
"3300082510_40.fna",89.62,4.87
"3300082510_44.fna",96.37,2.14
"3300082510_45.fna",96.31,7.3
"3300082510_48.fna",85.71,4.4
"3300082510_51.fna",95.73,0.85
"3300082510_61.fna",95.87,1.71
"3300082510_64.fna",97.44,1.71
"3300082510_66.fna",95.48,3.35
"3300082510_68.fna",83.96,0.86
"3300082510_69.fna",83.43,1.24
"3300082510_71.fna",78.05,1.48
"3300082511_33.fna",89.74,3.25
"3300082511_43.fna",71.66,2.29
"3300082511_59.fna",82.64,1.39
"3300082511_60.fna",72.99,3.99
"3300082511_63.fna",75.29,7.76
"3300082511_69.fna",80.09,1.36
"3300082511_8.fna",70.66,4.84
"3300082512_11.fna",96.58,6.84
"3300082512_16.fna",78.24,1.85
"3300082512_25.fna",99.15,0.85
"3300082513_19.fna",93.94,1.91
"3300082513_24.fna",71.3,1.85
"3300082513_31.fna",81.9,9.01
"3300082513_34.fna",81.41,2.56
"3300082513_36.fna",72.01,2.67
"3300082513_38.fna",91.24,9.15
"3300082513_43.fna",91.51,1.28
"3300082513_54.fna",83.52,3.32
"3300082513_55.fna",88.07,3.67
"3300082513_56.fna",80.38,1.48
"3300082514_22.fna",88.67,5.85
"3300082514_25.fna",91.56,1
"3300082514_27.fna",79.37,1.86
"3300082514_28.fna",72.41,0
"3300082514_37.fna",70.13,0.43
"3300082514_50.fna",97.86,2.14
"3300082514_52.fna",80.41,2.77
"3300082514_6.fna",95.58,4.42
"3300082514_64.fna",80.89,2.28
"3300082514_8.fna",96.01,1.28
"3300082523_22.fna",80.24,7.76
"3300082523_24.fna",71.26,1.94
"3300082523_38.fna",89.56,2
"3300082523_42.fna",88.8,0.65
"3300082523_43.fna",86.16,2.16
"3300082524_10.fna",95.95,5.86
"3300082524_13.fna",73.22,3.85
"3300082524_17.fna",75.2,2.58
"3300082524_22.fna",94.24,1.13
"3300082524_26.fna",83.79,2.56
"3300082524_28.fna",96.92,6.41
"3300082524_30.fna",94.2,5.7
"3300082524_31.fna",98.29,0.43
"3300082524_39.fna",81.29,1.71
"3300082524_40.fna",93.98,0.93
"3300082525_11.fna",94.8,3.74
"3300082525_16.fna",97.39,2.61
"3300082525_27.fna",93.62,1.06
"3300082525_36.fna",95.73,0.85
"3300082525_37.fna",91.61,0.85
"3300082525_5.fna",92.48,5.47
"3300082525_52.fna",94.02,1.71
"3300082525_7.fna",100,1.12
"3300082525_8.fna",97.15,2.56
"3300082526_16.fna",93.55,4.52
"3300082526_19.fna",98.93,8.25
"3300082526_24.fna",98.1,0.24
"3300082526_37.fna",94.37,5.18
"3300082526_38.fna",97.79,0
"3300082526_4.fna",82.4,2.63
"3300082526_46.fna",99,4.24
"3300082526_5.fna",79.67,5.17
"3300082526_6.fna",82.61,0
"3300082526_7.fna",96.55,1.29
"3300082527_17.fna",75.21,3.36
"3300082527_37.fna",90,1.97
"3300082527_39.fna",79.2,0
"3300082527_40.fna",74.79,6.75
"3300082527_42.fna",76.75,5.64
"3300082528_30.fna",97.52,1.69
"3300082528_38.fna",87.01,1.14
"3300082528_47.fna",73.84,6.15
"3300082528_49.fna",80.32,1.82
"3300082530_25.fna",75.94,1.62
"3300082531_25.fna",80.77,0
"3300082531_42.fna",78.86,3.51
"3300082532_18.fna",85.22,0.86
"3300082532_19.fna",71.53,3.06
"3300082533_11.fna",72.58,2.56
"3300082533_16.fna",76.65,3.04
"3300082533_18.fna",99.66,1.57
"3300082533_20.fna",90.18,2.74
"3300082533_25.fna",99.07,0.53
"3300082533_31.fna",83.62,1.72
"3300082533_9.fna",84.43,0.74
"3300082535_21.fna",74.28,2.59
"3300082535_43.fna",77.32,2.5
"3300082536_21.fna",87.43,4.27
"3300082536_22.fna",91.89,8.98
"3300082536_27.fna",79.59,2.7
"3300082536_28.fna",90.46,1.92
"3300082536_31.fna",99.35,0.65
"3300082536_32.fna",91.28,1.83
"3300082536_33.fna",97.8,2.03
"3300082536_37.fna",100,2.56
"3300082536_39.fna",83.71,3.49
"3300082536_40.fna",71.3,4.81
"3300082536_44.fna",98.29,1.71
"3300082536_45.fna",92.31,1.71
"3300082536_46.fna",99.32,3.38
"3300082536_47.fna",94.05,4.2
"3300082536_48.fna",76.27,2.92
"3300082536_49.fna",81.13,1.92
"3300082536_7.fna",93,6.51
"3300082537_16.fna",77.83,6.84
"3300082537_26.fna",89.18,5.24
"3300082537_27.fna",87.63,8.19
"3300082537_5.fna",75.21,4.51
"3300082538_1.fna",87.52,8.81
"3300082538_19.fna",86.52,2.6
"3300082538_24.fna",73.22,1.13
"3300082538_26.fna",87.61,2.74
"3300082538_28.fna",96.55,0.86
"3300082538_31.fna",70.39,7.18
"3300082538_32.fna",75.83,1.49
"3300082538_33.fna",89.98,1.02
"3300082538_36.fna",95.69,0.42
"3300082538_51.fna",86.03,4.8
"3300082538_54.fna",74.51,4.05
"3300082538_57.fna",81.55,7.76
"3300082538_64.fna",93.85,8.38
"3300082538_9.fna",86.54,3.42
"3300082539_37.fna",77.79,4.96
"3300082539_8.fna",76.91,1.05
"3300082822_22.fna",95.73,1.71
"3300082822_33.fna",77.64,6.2
"3300082822_4.fna",94.87,3.42
"3300082822_41.fna",91.22,8.78
"3300082822_42.fna",85.54,4.61
"3300082822_43.fna",98.88,0.38
"3300082822_46.fna",90.24,1.76
"3300082822_53.fna",71.32,8.41
"3300082822_59.fna",88.53,0.85
"3300082822_71.fna",93.17,4.74
"3300082822_73.fna",92.95,2.56
"3300082822_75.fna",91.6,0.93
"3300082822_76.fna",80.66,5.7
"3300082822_79.fna",72.71,3.98
"3300082970_18.fna",78.88,2.02
"3300082970_31.fna",74.14,6.9
"3300082970_9.fna",84.62,4.02
"3300083088_15.fna",85.6,0.97
"3300083098_16.fna",73.45,8.12
"3300083098_20.fna",72.14,2.14
"3300083098_34.fna",72.98,0.46
"3300083121_25.fna",71.95,0.38
"3300083121_40.fna",77.63,6.56
"3300083121_48.fna",96.72,1.71
"3300083121_53.fna",96.15,2.56
"3300083121_57.fna",76.21,8.25
"3300083121_73.fna",80.81,3.56
"3300083121_74.fna",78.49,2.99
"3300083121_80.fna",78.81,1.48
"3300083121_81.fna",75.59,6.32
"3300083121_87.fna",86.4,4.7
"3300083122_13.fna",77.08,2.78
"3300083122_17.fna",77.65,1.54
"3300083122_32.fna",77.84,2.06
"3300083122_36.fna",91,2.51
"3300083122_37.fna",71.55,0
"3300083131_14.fna",84.52,0.65
"3300083131_41.fna",78.42,8.43
"3300083131_57.fna",93.53,2.87
"3300083131_60.fna",81.3,0.93
"3300083131_8.fna",96.12,1.94
"3300083131_9.fna",76.54,6.8
"3300083158_13.fna",79.81,0.68
"3300083158_15.fna",93.07,3.89
"3300083158_19.fna",82.79,4.79
"3300083158_6.fna",98.29,6.18
"3300083162_19.fna",82.32,1.71
"3300083162_8.fna",77.35,0
"3300013100_25.fna",83.47,0.02
"3300013100_29.fna",89.01,9.54
"3300013100_20.fna",98,2.47
"3300013100_13.fna",94.74,1.78
"3300013100_17.fna",76.36,7.3
"3300013100_31.fna",75.36,3.87
"3300013100_30.fna",94.64,3.4
"3300013102_21.fna",91.79,1.29
"3300013102_18.fna",91.6,1.28
"3300013102_11.fna",70.13,6.8
"3300013102_17.fna",97.08,1.59
"3300013102_20.fna",98.69,0.57
"3300013102_25.fna",89.96,3.2
"3300013102_19.fna",74.73,7.69
"3300013104_31.fna",97.29,4.53
"3300013104_22.fna",97.26,5.03
"3300013104_57.fna",88.83,1.67
"3300013104_34.fna",87.99,1.97
"3300013104_37.fna",90.73,2.85
"3300013104_21.fna",90.87,4.94
"3300013104_43.fna",98.7,3.67
"3300013104_47.fna",74.79,5.76
"3300013104_48.fna",70.41,6.22
"3300013105_19.fna",97.6,1.7
"3300013105_42.fna",96.95,1.29
"3300013105_20.fna",94.7,3.03
"3300013105_33.fna",72.04,0.26
"3300013105_21.fna",79.89,6.93
"3300013105_22.fna",96.67,1.43
"3300013105_27.fna",86.51,9.64
"3300013105_29.fna",94.27,0.87
"3300013105_28.fna",77.03,0.51
"3300013105_23.fna",88.21,1.59
"3300013296_32.fna",77.81,6.98
"3300013296_33.fna",95.95,3.6
"3300013296_23.fna",99.15,2.56
"3300013296_35.fna",89.59,1.49
"3300013296_28.fna",87.8,1.73
"3300013296_25.fna",94.62,1.61
"3300013296_18.fna",85.22,1.72
"3300013296_24.fna",93.34,2.18
"3300013297_36.fna",70.77,4.19
"3300013297_38.fna",75.93,1.02
"3300013297_27.fna",89.92,5.26
"3300013297_17.fna",88.54,3.7
"3300013297_21.fna",89.65,3.55
"3300013306_60.fna",81.72,7.22
"3300013306_64.fna",71.39,0
"3300013306_28.fna",96.42,1.45
"3300013306_16.fna",96.58,2.32
"3300013306_34.fna",83.76,1.07
"3300013306_25.fna",76.2,1.07
"3300013306_33.fna",98,1.01
"3300013306_40.fna",90.85,1.23
"3300013306_46.fna",79.29,0.74
"3300013307_16.fna",91.68,4.68
"3300013307_19.fna",93.45,7.29
"3300013307_39.fna",71.95,9.36
"3300013307_26.fna",92.86,0.74
"3300013307_31.fna",92.92,2.14
"3300013307_24.fna",97.22,0.8
"3300013307_97.fna",80.98,1.23
"3300013307_74.fna",71.91,0
"3300013308_22.fna",93.07,4.9
"3300013308_50.fna",80.16,3.07
"3300013308_31.fna",86.39,3.2
"3300013308_19.fna",99.31,3.42
"3300013308_21.fna",94.4,1.29
"3300013308_26.fna",94.14,1.01
"3300014325_9.fna",97.43,1.56
"3300014325_8.fna",94.33,8.16
"3300014325_10.fna",83,2.35
"3300014326_8.fna",74.82,3.33
"3300014326_7.fna",91.83,1.11
"3300014497_10.fna",100,0
"3300014497_12.fna",73.03,2.75
"3300014968_13.fna",97.1,2.99
"3300014969_9.fna",87.38,0.99
"3300014969_15.fna",91.16,1.73
"3300015262_4.fna",96.16,5.55
"3300015262_7.fna",76.05,4.14
"3300015265_4.fna",99.18,1.64
"3300021358_3.fna",96.09,2.97
"3300021358_2.fna",94.83,9.43
"3300021361_9.fna",93.58,1.11
"3300028017_2.fna",81.75,0
"3300028556_9.fna",74.8,0.86
"3300028563_5.fna",87.8,6.6
"3300028573_8.fna",83.21,1.34
"3300028573_6.fna",82.62,8.43
"3300028577_10.fna",75.95,1.52
"3300028577_9.fna",83.97,1.2
"3300028653_3.fna",94.52,9.39
"3300028654_9.fna",99.51,0
"3300028654_8.fna",75.55,6.45
"3300028654_6.fna",73,0
"3300028666_5.fna",95.63,3.83
"3300028666_7.fna",79.45,4.2
"3300028800_47.fna",78.74,1.72
"3300028800_44.fna",83.91,2.59
"3300028800_45.fna",76.4,4.09
"3300028800_17.fna",97.32,1.79
"3300028800_18.fna",90,4.13
"3300028800_8.fna",82.42,8.67
"3300029957_7.fna",98.9,2.2
"3300031235_5.fna",93.99,8.12
"3300031235_8.fna",97.61,0.55
"3300031235_7.fna",78.58,2.3
"3300031235_9.fna",81,7.65
"3300031235_6.fna",97.8,1.1
"3300031238_9.fna",97.35,0.5
"3300031238_10.fna",91.88,0
"3300031238_8.fna",96.7,0
"3300031238_5.fna",99.46,2.45
"3300031239_7.fna",99.57,0.85
"3300031239_8.fna",78.72,0.86
"3300031240_22.fna",70.22,2.25
"3300031241_12.fna",98.54,1.94
"3300031241_11.fna",74,1.51
"3300031242_4.fna",94.3,4.23
"3300031242_5.fna",71.47,4.93
"3300031242_9.fna",72.77,0
"3300031247_5.fna",74.39,1.96
"3300031249_3.fna",83.9,0
"3300031250_10.fna",88.98,7.74
"3300031250_9.fna",77.4,4.08
"3300031250_24.fna",71.84,0
"3300031250_12.fna",77.41,3.01
"3300031251_8.fna",85.36,5.72
"3300031251_14.fna",73.68,7.02
"3300031251_21.fna",99.72,1.04
"3300031251_15.fna",98.65,0.98
"3300031251_9.fna",100,5.85
"3300031251_13.fna",95.83,8.14
"3300031251_20.fna",98.92,1.77
"3300031251_24.fna",89.66,0.99
"3300031251_18.fna",93.81,1.67
"3300031251_34.fna",77.24,8.99
"3300031251_19.fna",100,0.99
"3300031251_26.fna",96.11,0.86
"3300031344_27.fna",91.75,0.07
"3300031344_20.fna",95.45,1.14
"3300031344_21.fna",94.38,8.91
"3300031344_45.fna",73.64,0.86
"3300031344_14.fna",97.8,0
"3300031344_12.fna",99.38,0.14
"3300031344_17.fna",79.39,7.77
"3300031548_23.fna",72.14,0
"3300031548_12.fna",87.34,3.21
"3300031548_13.fna",100,4.66
"3300031548_18.fna",89.73,0.17
"3300031595_10.fna",81.32,5.57
"3300031595_6.fna",70.96,1.42
"3300031595_12.fna",92.23,3.38
"3300031691_8.fna",75.67,9.27
"3300031711_19.fna",97.57,7.04
"3300031711_12.fna",96.92,0.5
"3300031711_11.fna",97.8,0
"3300031712_8.fna",97.8,0
"3300031712_13.fna",97.75,3.37
"3300031712_12.fna",87.81,6.45
"3300031712_7.fna",93.2,6.34
"3300031712_10.fna",71.37,7.98
"3300031712_18.fna",72.77,2.27
"3300031712_23.fna",76.85,0
"3300031728_11.fna",75.86,3.29
"3300031728_6.fna",74.91,5.04
"3300031852_7.fna",90.41,0.68
"3300031852_6.fna",95.72,2.61
"3300031901_10.fna",85.34,8.29
"3300031995_8.fna",88.36,0.37
"3300032002_9.fna",87.76,5.77
"3300032004_16.fna",72.48,1.02
"3300032005_9.fna",76.37,6.02
"3300032005_7.fna",97.84,9.04
"3300034817_1.fna",71.01,9.78
"3300035089_4.fna",89.11,3.38
"3300035112_3.fna",95.95,2.25
"3300035114_2.fna",97.24,2.15
"3300035117_5.fna",83.42,2.91
"3300035118_5.fna",88.51,2.91
"3300035118_4.fna",78.62,2.42
"3300035119_4.fna",88.61,6.47
"3300035170_5.fna",71.98,1.2
"3300035172_4.fna",87.14,2.91
"3300035242_4.fna",84.48,2.7
"3300035691_4.fna",98.65,2.28
"3300035695_11.fna",71.25,0.1
"3300035695_5.fna",98.68,7.26
"3300035724_6.fna",98.06,2.91
"3300035724_5.fna",77.24,4.95
"3300036401_7.fna",94.17,1.94
"3300036401_10.fna",77.36,5.72
"3300037466_18.fna",85.86,1.42
"3300037466_12.fna",76.42,7.07
"3300037466_25.fna",73.04,0
"3300037471_14.fna",99.05,0.95
"3300037471_20.fna",98.1,8.84
"3300037471_24.fna",91.32,0
"3300037471_13.fna",79.01,4.16
"3300037471_16.fna",87.16,4.73
"3300038443_13.fna",87.54,1.46
"3300041404_3.fna",97.36,1.43
"3300041404_16.fna",78.32,1.04
"3300041405_19.fna",70.69,0
"3300041407_8.fna",84.75,1.02
"3300041411_12.fna",84.06,2.84
"3300041413_6.fna",72.15,5.18
"3300041413_8.fna",87.25,0.49
"3300042001_2.fna",77.4,0
"3300042002_11.fna",90.11,0.12
"3300042004_6.fna",84.12,2.33
"3300042004_1.fna",74.49,2.23
"3300042005_4.fna",85.82,1.11
"3300042006_21.fna",75.69,3.19
"3300042006_6.fna",85.32,2.35
"3300042007_7.fna",78.74,3.93
"3300042007_24.fna",87.36,1.72
"3300042011_2.fna",79.21,1.46
"3300042014_6.fna",71.78,1.15
"3300042016_4.fna",82.82,1.29
"3300042115_5.fna",85.24,2.9
"3300042115_3.fna",95.85,0.49
"3300042127_3.fna",99.28,1.36
"3300042130_2.fna",85.67,0.68
"3300042131_1.fna",88.28,1.9
"3300042138_1.fna",90.69,2.61
"3300042139_1.fna",74.14,1.72
"3300042145_9.fna",72.02,1.41
"3300042146_3.fna",85.89,0.44
"3300042157_5.fna",75.65,1
"3300042184_3.fna",91.04,0.5
"3300042439_4.fna",71.26,0
"3300042531_7.fna",89.49,2.28
"3300042876_35.fna",70.9,0.25
"3300042876_123.fna",86.22,3.44
"3300042876_4.fna",82.85,3.12
"3300042876_30.fna",78.71,0
"3300042876_47.fna",96.27,0.15
"3300042876_127.fna",80.02,0
"3300042876_128.fna",95.78,0
"3300042876_122.fna",96.67,2.78
"3300042876_72.fna",75.22,1.85
"3300042876_140.fna",96.83,0
"3300042876_75.fna",99.35,0.16
"3300042876_129.fna",95.09,0.85
"3300042876_13.fna",78.36,2.83
"3300042876_73.fna",97.74,5.49
"3300042876_53.fna",95.36,0.23
"3300042876_109.fna",84.48,4.42
"3300042876_26.fna",100,2.15
"3300042876_143.fna",88.88,4.02
"3300042876_144.fna",74.61,1.72
"3300042876_145.fna",74.96,3.85
"3300042876_148.fna",73.1,2.39
"3300042876_149.fna",70.55,5.65
"3300042876_137.fna",77.98,0.16
"3300042876_138.fna",99.57,1.98
"3300042876_139.fna",90.76,0
"3300042876_141.fna",100,0.56
"3300042876_142.fna",84.27,1.82
"3300042876_3.fna",95.98,0.81
"3300042876_121.fna",70.12,0
"3300042876_76.fna",70.76,3.41
"3300042876_21.fna",82.75,1.09
"3300042876_77.fna",71.29,0
"3300042876_79.fna",90.82,1.63
"3300042876_116.fna",81.57,4
"3300042876_81.fna",94.3,1.13
"3300042876_82.fna",78.38,6.3
"3300042876_114.fna",90.14,2.15
"3300042876_6.fna",99.44,0
"3300042876_87.fna",97.95,2.4
"3300042876_113.fna",89.38,5.16
"3300042876_86.fna",95.63,0.82
"3300042876_112.fna",91.23,2.21
"3300044656_14.fna",73.58,3.37
"3300044656_21.fna",97.08,2.94
"3300044656_22.fna",90.16,1.01
"3300044656_32.fna",88.78,2.21
"3300044658_18.fna",72.58,7.76
"3300044658_15.fna",77.64,3.6
"3300044658_32.fna",76.93,0.33
"3300044658_14.fna",97.8,1.76
"3300044658_7.fna",97.09,2.98
"3300044658_31.fna",81.63,1.8
"3300044658_13.fna",85.59,2.49
"3300044658_23.fna",99.51,0
"3300044673_77.fna",92.47,0.54
"3300044673_11.fna",96.67,2.78
"3300044673_76.fna",98.77,2.15
"3300044673_10.fna",72.77,0.99
"3300044673_36.fna",92.22,1.19
"3300044673_16.fna",100,0
"3300044673_48.fna",96.25,2.5
"3300044673_49.fna",80.97,0.22
"3300044673_53.fna",96.13,1.29
"3300044673_9.fna",97.69,2.42
"3300044673_17.fna",77.43,0
"3300044673_87.fna",98.67,2.58
"3300044673_72.fna",72.74,3.47
"3300044673_71.fna",79.31,0
"3300044673_55.fna",90.17,5.48
"3300044673_32.fna",99.98,1.94
"3300044673_54.fna",93.55,3.51
"3300044673_37.fna",98.85,1.15
"3300044673_70.fna",88.56,5.92
"3300044673_35.fna",87.24,1.94
"3300044673_6.fna",74.9,2.1
"3300044673_44.fna",79.3,2.42
"3300044673_69.fna",92.78,4.88
"3300044673_58.fna",91.61,2.18
"3300044673_7.fna",86.73,3.36
"3300044673_43.fna",99.44,0
"3300044683_14.fna",73.81,3.77
"3300044683_29.fna",98.99,2.02
"3300044684_27.fna",95.58,1.3
"3300044684_62.fna",94.83,6.93
"3300044684_52.fna",71.84,2.97
"3300044684_6.fna",75.18,1.15
"3300044684_41.fna",84.59,5.43
"3300044684_44.fna",74.87,3.3
"3300044684_12.fna",96.72,1.46
"3300044684_55.fna",86.84,1.95
"3300044684_49.fna",79.1,1.15
"3300044693_2.fna",91.88,2.99
"3300044693_29.fna",79.21,1.89
"3300044693_26.fna",76.19,3.85
"3300044693_27.fna",96.93,7.21
"3300044693_6.fna",89.46,3.82
"3300044694_9.fna",92.02,2.21
"3300044694_34.fna",86.82,1.6
"3300044694_26.fna",95.26,1.29
"3300044706_15.fna",77.91,4.32
"3300044712_165.fna",81.36,8.36
"3300044712_163.fna",97.91,1.24
"3300044712_106.fna",72.57,3.79
"3300044712_108.fna",97.01,1.53
"3300044712_168.fna",75.16,0
"3300044712_308.fna",98.51,0
"3300044712_339.fna",87.64,2.32
"3300044712_37.fna",92.81,1.92
"3300044712_170.fna",91.95,2.11
"3300044712_171.fna",82.24,0.93
"3300044712_173.fna",79.62,1.72
"3300044712_20.fna",85.58,2.69
"3300044712_109.fna",99.16,0.84
"3300044712_110.fna",86.77,3.2
"3300044712_112.fna",88.75,0.48
"3300044712_114.fna",78.71,0
"3300044712_115.fna",94.07,0.99
"3300044712_119.fna",98.13,0.55
"3300044712_160.fna",72,0
"3300044712_162.fna",97.27,2.73
"3300044712_128.fna",97.42,3.08
"3300044712_129.fna",91.55,3.41
"3300044712_130.fna",82.6,0.68
"3300044712_134.fna",77.43,0
"3300044712_140.fna",96.36,2
"3300044712_141.fna",82.22,0.55
"3300044712_142.fna",96.67,3.61
"3300044712_146.fna",78.95,1.75
"3300044712_336.fna",86.33,2.26
"3300044712_152.fna",93.35,0.82
"3300044712_153.fna",83.16,1.15
"3300044712_156.fna",73.43,0.99
"3300044712_256.fna",92.73,7.58
"3300044712_259.fna",70.06,6.9
"3300044712_26.fna",78.04,1.12
"3300044712_39.fna",99.09,5.15
"3300044712_4.fna",73.8,5.01
"3300044712_49.fna",73.68,0
"3300044712_147.fna",92.07,2.51
"3300044712_120.fna",83.59,2.14
"3300044712_102.fna",87.16,3.38
"3300044712_196.fna",94.55,1.27
"3300044712_289.fna",91.36,0.61
"3300044712_292.fna",70.98,0
"3300044712_294.fna",92.9,0.86
"3300044712_295.fna",87.37,3.95
"3300044712_304.fna",99.32,1.35
"3300044712_306.fna",71.79,0
"3300044712_307.fna",73.76,0
"3300044712_83.fna",73.12,0.54
"3300044712_310.fna",77.98,0.16
"3300044712_311.fna",98.51,0
"3300044712_313.fna",95.16,1.94
"3300044712_314.fna",98.64,0.54
"3300044712_315.fna",98.84,0
"3300044712_320.fna",97.3,3.38
"3300044712_321.fna",100,4.17
"3300044712_326.fna",75.44,0
"3300044712_327.fna",92.74,1.71
"3300044712_329.fna",77.04,1.61
"3300044712_330.fna",95.91,0.97
"3300044712_331.fna",85.02,0
"3300044712_332.fna",74.56,0
"3300044712_333.fna",86.18,6.22
"3300044712_335.fna",82.3,2.26
"3300044712_25.fna",97.14,2.38
"3300044712_63.fna",98.36,0.82
"3300044712_264.fna",78.92,2.91
"3300044712_265.fna",91.11,7.1
"3300044712_186.fna",78.38,3.29
"3300044712_191.fna",91.69,1.64
"3300044712_56.fna",79.08,1.85
"3300044712_91.fna",95.08,0.15
"3300044712_94.fna",70.62,0.1
"3300044712_74.fna",91.06,0.57
"3300044712_77.fna",77.91,2.4
"3300044712_78.fna",98.1,0
"3300044712_210.fna",91.24,5.13
"3300044712_88.fna",98.12,1.69
"3300044712_89.fna",70.16,8.12
"3300044712_286.fna",94.88,0.97
"3300044712_23.fna",95.64,6.6
"3300044712_230.fna",97.46,0
"3300044712_97.fna",94.72,6.45
"3300044712_99.fna",77.43,0
"3300044712_24.fna",85.68,2.15
"3300044712_240.fna",73.72,4.27
"3300044712_245.fna",73.49,1.12
"3300044712_283.fna",97.44,3.42
"3300044712_226.fna",96.11,0
"3300044712_204.fna",88.61,0
"3300044712_207.fna",98.49,0
"3300044712_269.fna",75.71,0
"3300044712_55.fna",89.89,0
"3300044712_232.fna",77.21,0
"3300044712_233.fna",80.54,0
"3300044712_220.fna",71.3,4.32
"3300044712_235.fna",94.87,3.42
"3300044712_234.fna",99.44,0.56
"3300044712_22.fna",91.22,2.22
"3300044712_27.fna",74.62,0
"3300044719_6.fna",80.41,0.6
"3300044719_14.fna",96.96,2.03
"3300044719_30.fna",88.46,2.37
"3300044719_20.fna",79.13,4.1
"3300044719_18.fna",75.43,2.03
"3300044735_13.fna",70.41,2.64
"3300044735_22.fna",86.6,4.95
"3300044735_1.fna",77.22,2.03
"3300044735_9.fna",75.57,1.58
"3300044735_26.fna",75.56,3.3
"3300044765_30.fna",88.91,4.58
"3300044765_23.fna",81.45,3.96
"3300044765_12.fna",90.33,2.15
"3300044765_32.fna",79.24,0.12
"3300044842_42.fna",82.34,1.57
"3300044842_11.fna",89.9,6.33
"3300044842_7.fna",86.94,2.22
"3300044842_30.fna",81.76,3.55
"3300044842_12.fna",76.26,3.02
"3300044901_10.fna",87.18,4.13
"3300045049_17.fna",84.16,1.49
"3300045049_37.fna",98.03,1.64
"3300045049_56.fna",90.36,1.79
"3300045049_28.fna",73.7,2.01
"3300045049_38.fna",93.98,2.15
"3300045051_170.fna",72.77,0.99
"3300045051_171.fna",99.66,1.71
"3300045051_175.fna",76.02,0
"3300045051_109.fna",77.43,0
"3300045051_105.fna",93.58,1.83
"3300045051_106.fna",80.31,0
"3300045051_116.fna",97.67,1.37
"3300045051_180.fna",98.85,1.15
"3300045051_100.fna",99.44,0
"3300045051_62.fna",77.37,2.63
"3300045051_7.fna",76.88,2.2
"3300045051_70.fna",79.93,2.87
"3300045051_184.fna",95.32,4.45
"3300045051_186.fna",98.18,2.91
"3300045051_190.fna",95.45,1.14
"3300045051_194.fna",84.6,1.67
"3300045051_11.fna",94.12,2.1
"3300045051_111.fna",74.7,2.28
"3300045051_112.fna",98.89,0.95
"3300045051_115.fna",85.82,2.76
"3300045051_153.fna",78.4,0
"3300045051_10.fna",88.58,0.13
"3300045051_121.fna",96.24,1.31
"3300045051_122.fna",76.66,3.91
"3300045051_126.fna",83.42,0.54
"3300045051_128.fna",95.76,1.91
"3300045051_130.fna",92.37,1.08
"3300045051_135.fna",89.51,1.12
"3300045051_136.fna",87.33,2.7
"3300045051_143.fna",81.94,2.83
"3300045051_145.fna",89.5,3.36
"3300045051_119.fna",90.22,0
"3300045051_12.fna",95.99,6.23
"3300045051_58.fna",80.27,3.74
"3300045051_90.fna",75.99,0
"3300045051_91.fna",96.55,2.11
"3300045051_195.fna",85.84,0.1
"3300045051_73.fna",81.64,3.23
"3300045051_8.fna",88.39,2.27
"3300045051_151.fna",71.48,0
"3300045051_19.fna",74.53,0
"3300045051_89.fna",99.46,2.15
"3300045051_28.fna",76.38,5.17
"3300045051_36.fna",96.82,0.35
"3300045051_37.fna",91.71,1.47
"3300045051_39.fna",93.1,2.4
"3300045051_196.fna",86.98,2.92
"3300045051_198.fna",84.45,1.64
"3300045051_199.fna",71.84,0
"3300045051_99.fna",98.72,1.48
"3300045051_204.fna",75.92,7.35
"3300045051_23.fna",79.54,1.2
"3300045051_24.fna",71.64,0.85
"3300045051_26.fna",99.32,1.29
"3300045051_189.fna",85.6,1.43
"3300045051_85.fna",75.05,0.45
"3300045051_97.fna",94.01,2.25
"3300045051_95.fna",76.73,0
"3300045051_187.fna",99,1.16
"3300045051_188.fna",92.01,0
"3300045836_40.fna",73.75,0.81
"3300045836_35.fna",88.82,1
"3300045836_21.fna",83.66,1.95
"3300045836_24.fna",90.61,4.02
"3300045976_17.fna",84.93,0.68
"3300045976_36.fna",76.72,1.72
"3300045976_9.fna",96.98,0.86
"3300046452_18.fna",71.03,0.86
"3300046452_2.fna",90.11,1.41
"3300046452_10.fna",97.53,0.92
"3300046452_6.fna",91.51,5.08
"3300046453_15.fna",97.7,0.45
"3300046453_13.fna",74.48,2.59
"3300046453_11.fna",95.77,0.67
"3300046453_14.fna",100,0
"3300046453_29.fna",96.7,1.71
"3300046453_30.fna",98.26,0.85
"3300046453_7.fna",97.48,0.94
"3300046454_34.fna",94.27,6.03
"3300046454_36.fna",76.02,4.76
"3300046454_27.fna",97.3,1.35
"3300046454_24.fna",96.66,4.21
"3300046455_34.fna",70.13,0.68
"3300046455_9.fna",94.68,0.86
"3300046455_5.fna",85.69,1.72
"3300046455_2.fna",95.24,1.64
"3300046457_5.fna",95.75,1.59
"3300046457_14.fna",74.29,4.31
"3300046457_24.fna",83.93,1.27
"3300046457_1.fna",99.6,1.2
"3300046458_14.fna",93.87,0.11
"3300046458_19.fna",72.41,0
"3300046458_1.fna",96.63,1.53
"3300046458_6.fna",71.9,3.45
"3300046458_16.fna",93.04,3.34
"3300046459_2.fna",96.58,2.56
"3300046459_41.fna",78.62,6.9
"3300046459_27.fna",82.05,0.84
"3300046460_45.fna",74.83,3.45
"3300046460_40.fna",73.43,0.86
"3300046460_36.fna",98.02,2.86
"3300046460_11.fna",99.98,1.69
"3300046460_2.fna",94.63,3.4
"3300046460_20.fna",95.17,0.95
"3300046460_31.fna",96.47,1.71
"3300046460_54.fna",83.16,2.3
"3300046460_58.fna",74.02,3.59
"3300046460_28.fna",97.59,1.91
"3300046461_6.fna",72.32,1.71
"3300046461_13.fna",96.55,0.86
"3300046461_16.fna",92.07,2.01
"3300046462_5.fna",85.39,6.59
"3300046462_40.fna",87.17,3.9
"3300046462_58.fna",90.66,4.4
"3300046462_59.fna",94.11,1.03
"3300046462_9.fna",78.46,0.93
"3300046462_50.fna",72.45,2.61
"3300046462_48.fna",75.85,1.98
"3300046462_51.fna",92.98,6.84
"3300046463_26.fna",78.85,2.51
"3300046463_30.fna",80.81,8.14
"3300046463_43.fna",98.31,1.53
"3300046463_25.fna",96.41,5.75
"3300046463_16.fna",72.2,0.05
"3300046463_6.fna",97.8,6.59
"3300046463_38.fna",70.76,9.89
"3300046471_48.fna",97.01,1.71
"3300046471_22.fna",97.85,1.3
"3300046471_2.fna",100,1.57
"3300046471_49.fna",100,0.85
"3300046471_39.fna",96.04,3.48
"3300046471_19.fna",95.65,1.51
"3300046471_37.fna",98.36,0
"3300046471_50.fna",97.02,1.43
"3300046471_44.fna",86.45,2.22
"3300046471_47.fna",97.94,2.62
"3300046471_7.fna",75.02,0.86
"3300046471_38.fna",96.37,2.04
"3300046471_43.fna",98.22,3.14
"3300046471_17.fna",74.04,0
"3300046471_41.fna",96.94,0.14
"3300046471_9.fna",99.16,0.62
"3300046471_1.fna",94.6,4.05
"3300046471_42.fna",87.33,1.2
"3300046472_56.fna",88.69,6.46
"3300046472_59.fna",75.48,5.02
"3300046472_54.fna",91.98,2.01
"3300046472_5.fna",88.01,0.68
"3300046472_57.fna",81.91,1.75
"3300046472_50.fna",88.42,4.48
"3300046472_18.fna",77.93,1.72
"3300046472_48.fna",81.72,4.4
"3300046472_45.fna",89.32,7.99
"3300046472_7.fna",90.76,5.04
"3300046473_32.fna",80.02,4.4
"3300046473_22.fna",89.58,3.39
"3300046473_35.fna",82.63,4.27
"3300046473_28.fna",97.01,1.45
"3300046473_18.fna",89.28,0.58
"3300046473_11.fna",98.28,0.86
"3300046473_15.fna",71.27,2.2
"3300046474_6.fna",95.55,1.07
"3300046474_29.fna",99.01,0.13
"3300046474_4.fna",94.78,1.99
"3300046475_11.fna",82.08,7.59
"3300046475_20.fna",79.7,1.28
"3300046475_27.fna",79.62,4.99
"3300046475_22.fna",74.61,2.95
"3300046475_5.fna",93.5,1.71
"3300046475_28.fna",79.99,1.72
"3300046476_7.fna",91.69,0.86
"3300046476_9.fna",79.37,7.47
"3300046476_25.fna",77.18,0
"3300046476_23.fna",79.68,6.41
"3300046476_16.fna",88.7,2.37
"3300046477_4.fna",79.84,2.9
"3300046477_24.fna",98.63,2.29
"3300046477_11.fna",97.01,0
"3300046491_21.fna",82.76,0.86
"3300046491_19.fna",79.38,1.53
"3300046492_19.fna",96.05,1.08
"3300046492_31.fna",75.63,6.9
"3300046492_33.fna",74.72,0.95
"3300046499_9.fna",85.49,4.9
"3300046499_19.fna",96.98,1.72
"3300046499_4.fna",94.87,0.82
"3300046500_5.fna",93.5,2.03
"3300046500_9.fna",87.54,4.76
"3300046500_21.fna",85.78,0.98
"3300046501_39.fna",76.9,3.45
"3300046506_27.fna",97.65,0.47
"3300046506_13.fna",95.65,3.82
"3300046506_38.fna",98.93,1.07
"3300046506_26.fna",95.27,1.48
"3300046506_35.fna",90.8,1.57
"3300046506_9.fna",99.15,1.01
"3300046507_30.fna",96.56,1.51
"3300046507_25.fna",89.68,8.34
"3300046507_12.fna",95.8,3.55
"3300046507_1.fna",98.32,2.97
"3300046507_19.fna",96.12,0.86
"3300046507_6.fna",85.55,1.9
"3300046507_69.fna",96.24,6.25
"3300046507_52.fna",70.73,2.22
"3300046507_55.fna",92.11,0.8
"3300046507_62.fna",99.5,1.01
"3300046511_22.fna",75.84,6.92
"3300046511_37.fna",98.95,5.25
"3300046511_35.fna",91.81,0.86
"3300046511_44.fna",77.47,0.14
"3300046511_42.fna",97.41,1.72
"3300046511_24.fna",71.11,0
"3300046511_33.fna",87.6,2.47
"3300046511_40.fna",87.24,6.45
"3300046511_38.fna",71.07,1.34
"3300046512_18.fna",98.89,1.62
"3300046512_50.fna",88.54,3.41
"3300046512_8.fna",76.84,1.42
"3300046512_14.fna",83.76,3.01
"3300046512_5.fna",90.36,2.01
"3300046512_21.fna",99.32,0.37
"3300046512_12.fna",99.33,1.21
"3300046512_44.fna",77.93,0.86
"3300046512_33.fna",95.59,2.07
"3300046512_39.fna",88.63,5.87
"3300046512_9.fna",97.96,3.23
"3300046512_34.fna",96.81,2.36
"3300046513_3.fna",97.38,3.29
"3300046513_17.fna",97.65,0.94
"3300046513_30.fna",84.4,2.81
"3300046513_2.fna",78.53,5.08
"3300046514_19.fna",96,2.59
"3300046514_25.fna",95.31,4.03
"3300046514_16.fna",90.11,0.06
"3300046514_27.fna",75.11,4.05
"3300046514_35.fna",70.68,2.97
"3300046514_29.fna",94.52,0.85
"3300046515_15.fna",92.21,5.47
"3300046515_25.fna",95.69,0.86
"3300046515_18.fna",97.24,0.42
"3300046516_26.fna",84.25,0.79
"3300046516_30.fna",92.47,2.75
"3300046516_25.fna",74.92,3.45
"3300046516_39.fna",80.34,8.12
"3300046516_32.fna",94.59,1.72
"3300046516_9.fna",91.9,2.16
"3300046516_53.fna",98.63,1.87
"3300046516_40.fna",89.01,5.62
"3300046516_41.fna",85.75,0.85
"3300046517_21.fna",91.88,2.14
"3300046517_59.fna",76.58,2.56
"3300046517_17.fna",96.59,2.27
"3300046517_28.fna",77.76,5.17
"3300046517_36.fna",97.97,5.88
"3300046517_27.fna",70.43,1.2
"3300046517_54.fna",91.38,1.72
"3300046517_8.fna",70.55,2.56
"3300046517_37.fna",74.22,0.87
"3300046517_34.fna",95.17,6.47
"3300046518_5.fna",86.95,5.01
"3300046518_3.fna",80.45,5
"3300046519_23.fna",92.24,5.41
"3300046519_22.fna",97.44,3.28
"3300046519_16.fna",83.22,0.25
"3300046519_41.fna",92.93,3.33
"3300046519_14.fna",84.81,4.6
"3300046520_31.fna",89.82,3.74
"3300046520_20.fna",97.46,1.12
"3300046522_48.fna",95.84,2.79
"3300046522_18.fna",83.26,2
"3300046522_40.fna",77.29,4.56
"3300046522_8.fna",96.17,0.49
"3300046522_31.fna",97.3,4.05
"3300046522_38.fna",86.38,1.37
"3300046522_5.fna",84.91,6.12
"3300046522_33.fna",98.9,5.68
"3300046522_6.fna",96.59,1.05
"3300046523_4.fna",80.45,3.03
"3300046523_19.fna",87.08,0.86
"3300046523_17.fna",83.84,0.86
"3300046524_14.fna",97.53,1.37
"3300046524_27.fna",83.26,3.03
"3300046524_44.fna",97.84,1.76
"3300046524_37.fna",95.04,2.96
"3300046524_38.fna",93.99,1.29
"3300046524_53.fna",96.22,1.03
"3300046524_59.fna",96.18,4.19
"3300046524_52.fna",78.48,0.99
"3300046525_10.fna",75,0
"3300046525_8.fna",99.32,0
"3300046525_13.fna",84.48,3.47
"3300046525_3.fna",99.32,0.54
"3300046526_14.fna",87.75,2.56
"3300046526_24.fna",78.69,1.99
"3300046526_28.fna",86.14,1.09
"3300046528_4.fna",74.48,1.72
"3300046529_18.fna",93.1,0
"3300046529_28.fna",97.84,1.76
"3300046529_26.fna",81.39,0.97
"3300046529_20.fna",70.14,3.25
"3300046529_31.fna",90.29,4.4
"3300046529_44.fna",89.01,4.95
"3300046529_30.fna",92.07,1.29
"3300046529_53.fna",74.64,1.72
"3300046529_8.fna",77.83,2.14
"3300046530_26.fna",92.76,0.65
"3300046530_27.fna",99.65,1.41
"3300046530_31.fna",100,0
"3300046530_25.fna",94.55,3.89
"3300046530_13.fna",97.7,0.04
"3300046530_15.fna",95.19,0.49
"3300046531_5.fna",91.29,4.4
"3300046531_37.fna",77.9,1.28
"3300046531_44.fna",84.6,4.62
"3300046531_3.fna",84.54,6.04
"3300046531_28.fna",76.52,1.44
"3300046533_8.fna",75.59,3.49
"3300046533_42.fna",79.18,1.94
"3300046533_15.fna",98.31,2.66
"3300046535_20.fna",98.65,5.54
"3300046535_37.fna",83.28,4.05
"3300046535_21.fna",84.24,1.29
"3300046535_2.fna",86.21,9.2
"3300046535_39.fna",70.78,7.77
"3300046535_40.fna",82.2,1.93
"3300046535_8.fna",94.87,4.33
"3300046536_21.fna",89.01,8.47
"3300046536_17.fna",93.82,0.86
"3300046536_47.fna",84.14,5.72
"3300046536_35.fna",70.69,0
"3300046536_46.fna",90.33,2.99
"3300046536_16.fna",99.42,4.61
"3300046537_3.fna",70.85,4.6
"3300046538_36.fna",72.63,0
"3300046538_1.fna",99.51,0
"3300046538_37.fna",98.25,0.85
"3300046538_32.fna",79.4,3.76
"3300046538_18.fna",89.07,1.52
"3300046539_1.fna",84.1,4.27
"3300046542_21.fna",90.42,1.5
"3300046542_17.fna",87.2,9.74
"3300046542_23.fna",92.81,2.63
"3300046543_48.fna",93.59,1.99
"3300046543_54.fna",84.83,2.91
"3300046543_6.fna",97.09,1.71
"3300046543_26.fna",99.58,2.19
"3300046543_16.fna",93.59,6.41
"3300046543_2.fna",89.43,1.92
"3300046543_21.fna",79.43,3.51
"3300046543_27.fna",84.62,1.1
"3300046543_25.fna",76.13,3.22
"3300046543_29.fna",91.21,8.79
"3300046557_10.fna",96.98,2.16
"3300046557_11.fna",84.35,1.99
"3300046557_2.fna",92.33,1.89
"3300046557_8.fna",72.52,2.6
"3300046557_19.fna",91.3,3.19
"3300046557_7.fna",70.33,6.03
"3300046558_21.fna",99.51,0.52
"3300046558_40.fna",93.58,0.92
"3300046558_20.fna",71.93,3.24
"3300046558_30.fna",96.67,1.67
"3300046558_31.fna",76.57,1.36
"3300046558_13.fna",90.69,0.37
"3300046558_38.fna",97.62,0.49
"3300046559_33.fna",82.67,5.13
"3300046559_28.fna",97.84,0.86
"3300046559_24.fna",97.84,3.61
"3300046559_30.fna",80.29,0.88
"3300046559_41.fna",79.96,1.75
"3300046559_7.fna",70.58,0
"3300046559_29.fna",76.18,3.79
"3300046559_54.fna",87.82,2.69
"3300046615_19.fna",88.32,1.79
"3300046615_16.fna",91.66,1.72
"3300046616_19.fna",99.4,4.02
"3300046616_26.fna",81.62,2.22
"3300046616_25.fna",91.39,0.71
"3300046616_37.fna",98.53,1.51
"3300046616_20.fna",98.03,0
"3300046616_5.fna",91.26,2.63
"3300046616_35.fna",97.04,0.03
"3300046616_28.fna",85.04,1.22
"3300046616_29.fna",97.08,0.96
"3300046616_9.fna",99.3,1.19
"3300046616_46.fna",92.31,2.61
"3300046616_48.fna",96.67,0.71
"3300046616_39.fna",99.15,2.98
"3300046642_26.fna",94.4,1.29
"3300046642_44.fna",71.98,3.3
"3300046642_25.fna",81.85,4.73
"3300046642_40.fna",73.54,1.51
"3300046642_27.fna",70.32,8.5
"3300046642_13.fna",77.87,1.49
"3300046642_45.fna",89.14,6.8
"3300046642_37.fna",92.22,3.19
"3300046642_1.fna",97.76,1.72
"3300046648_5.fna",83.79,0.93
"3300046648_13.fna",95.54,1.75
"3300046648_18.fna",87.94,2.41
"3300046648_1.fna",92.99,1.31
"3300046660_56.fna",88.56,3.27
"3300046660_59.fna",97.94,5.76
"3300046660_52.fna",95.55,3.5
"3300046660_45.fna",98.62,2.48
"3300046660_41.fna",98.03,2.75
"3300046660_70.fna",71.13,1.03
"3300046660_66.fna",99.51,0.34
"3300046660_51.fna",96.55,0.86
"3300046660_79.fna",86.36,7.87
"3300046660_80.fna",78.42,0
"3300046660_38.fna",91.08,4.03
"3300046660_9.fna",74.14,1.77
"3300046660_77.fna",80.32,2.68
"3300046660_50.fna",74.38,2.78
"3300046660_48.fna",89.08,1.6
"3300046663_15.fna",77.08,2.85
"3300046663_33.fna",96.98,0
"3300046663_39.fna",95.6,4.95
"3300046663_30.fna",71.68,3.95
"3300046663_41.fna",89.1,2.56
"3300046664_12.fna",93.41,5.49
"3300046664_11.fna",72.89,6.17
"3300046665_34.fna",89.85,0.99
"3300046665_36.fna",92.46,2.14
"3300046665_30.fna",81.03,3.45
"3300046665_9.fna",70.53,0
"3300046665_11.fna",75.79,0
"3300046665_45.fna",79.57,2.19
"3300046674_40.fna",73.96,2.99
"3300046674_44.fna",88.85,4.4
"3300046674_3.fna",94.4,0
"3300046674_4.fna",81.03,4.6
"3300046674_31.fna",95.99,1.82
"3300046674_27.fna",71.29,0
"3300046674_18.fna",77.91,2.89
"3300046675_7.fna",77.01,5.2
"3300046675_25.fna",81.89,4.7
"3300046675_5.fna",72.67,1.36
"3300046675_41.fna",94.7,3.28
"3300046675_40.fna",97.41,1.72
"3300046675_20.fna",97.01,1.71
"3300046675_34.fna",96.15,4.4
"3300046675_35.fna",86.25,0.85
"3300046678_13.fna",98.63,9.98
"3300046678_38.fna",92.86,4.95
"3300046678_37.fna",81.95,1.26
"3300046678_19.fna",73.25,6.59
"3300046679_26.fna",71.91,1.14
"3300046680_36.fna",71.03,3.9
"3300046680_15.fna",72.08,1.03
"3300046680_32.fna",78.71,3.22
"3300046680_10.fna",98.63,2.19
"3300046681_23.fna",81.92,2.99
"3300046681_10.fna",96.12,0.86
"3300046681_12.fna",77.96,5.52
"3300046681_14.fna",82.61,2.71
"3300046683_11.fna",86.22,3.3
"3300046683_41.fna",71.82,1.72
"3300046683_23.fna",85.47,3.36
"3300046683_16.fna",82.17,1.51
"3300046683_3.fna",76.15,1.08
"3300046683_37.fna",75.86,0
"3300046683_28.fna",98.28,0.86
"3300046683_4.fna",88.03,4.51
"3300046684_27.fna",73.64,0.76
"3300046684_10.fna",95.34,0.86
"3300046684_21.fna",97.73,0.32
"3300046684_1.fna",92.8,5.27
"3300046689_48.fna",93.33,3.23
"3300046689_10.fna",76.84,1.35
"3300046689_1.fna",73.14,5.76
"3300046689_27.fna",97.41,1.72
"3300046689_47.fna",87.96,3.42
"3300046689_54.fna",87.65,7.75
"3300046689_29.fna",97.41,0.86
"3300046689_28.fna",79.82,0.43
"3300046689_55.fna",91.87,1.21
"3300046690_9.fna",76.35,1.88
"3300046690_42.fna",90.52,1.29
"3300046690_12.fna",95.09,6.03
"3300046690_4.fna",70.89,3.19
"3300046691_16.fna",99.18,4.3
"3300046691_26.fna",72.41,5.17
"3300046691_23.fna",80.18,1.61
"3300046692_19.fna",98.7,1.82
"3300046692_33.fna",97.26,1.34
"3300046692_26.fna",98.29,1.05
"3300046692_17.fna",96.12,4.13
"3300046694_32.fna",97.94,0.95
"3300046694_26.fna",84.86,8.22
"3300046694_34.fna",71.55,0.86
"3300046694_35.fna",98.26,2.11
"3300046694_10.fna",84.81,1.68
"3300046694_48.fna",84.41,0.95
"3300046694_25.fna",83.91,2.23
"3300046694_18.fna",71.91,4.2
"3300046794_4.fna",98.52,1.28
"3300046794_19.fna",95.98,0.45
"3300046809_15.fna",93.21,7.14
"3300046809_33.fna",98,2.82
"3300046809_45.fna",71.6,4.87
"3300046809_46.fna",78.4,2.84
"3300046810_20.fna",97.8,2.54
"3300046810_11.fna",86.12,6.07
"3300046810_28.fna",96.85,0
"3300046810_5.fna",95.94,0.12
"3300046810_37.fna",95.34,2.86
"3300047315_7.fna",83,5.49
"3300047315_39.fna",80.79,0.11
"3300047315_2.fna",73.12,7.44
"3300047315_18.fna",84.41,0.86
"3300047315_5.fna",73.7,5.13
"3300047315_31.fna",77.59,0.34
"3300047317_17.fna",93.28,0
"3300047317_55.fna",85.65,3.42
"3300047317_12.fna",75.17,4.56
"3300047317_22.fna",76.78,5.98
"3300047317_7.fna",73.55,2.81
"3300047317_50.fna",88.65,4.31
"3300047317_23.fna",99.42,5.31
"3300047317_27.fna",96.7,3.3
"3300047317_9.fna",98.28,5.6
"3300047317_5.fna",92.67,2.16
"3300047317_4.fna",91.85,6.39
"3300047318_9.fna",80.68,1.14
"3300047318_19.fna",94.58,1.01
"3300047319_8.fna",96.98,1.72
"3300047319_13.fna",99.42,1.55
"3300047319_38.fna",94.92,5.68
"3300047319_54.fna",85.09,2.6
"3300047319_10.fna",76,1.39
"3300047320_58.fna",93.16,2.14
"3300047320_8.fna",84.66,0.86
"3300047320_44.fna",98.69,0.08
"3300047320_21.fna",93.84,2.44
"3300047320_14.fna",94.19,1.84
"3300047320_56.fna",100,1.11
"3300047320_5.fna",85.83,8.42
"3300047320_17.fna",72.41,0
"3300047320_34.fna",78.45,0
"3300047320_24.fna",92.62,6.84
"3300047320_47.fna",98.16,2.42
"3300047320_43.fna",91.66,6.51
"3300047320_33.fna",98.32,0
"3300047320_45.fna",96.37,1.64
"3300047320_41.fna",98.97,1.69
"3300047321_32.fna",72.28,0
"3300047321_4.fna",76.66,0.85
"3300047321_3.fna",70.83,2.5
"3300047321_47.fna",93.1,3.02
"3300047321_29.fna",81.75,2.3
"3300047322_41.fna",91.81,3.59
"3300047322_27.fna",76.32,3.15
"3300047322_13.fna",81.03,0
"3300047322_45.fna",94.02,3.42
"3300047322_49.fna",72.35,3.3
"3300047322_26.fna",75.16,2.14
"3300047322_52.fna",92.51,3.89
"3300047322_14.fna",88.03,6.58
"3300047322_63.fna",93.72,9.47
"3300047322_34.fna",71.66,2.91
"3300047322_35.fna",70.41,1.17
"3300047323_14.fna",92.05,4.57
"3300047323_17.fna",91.61,1.46
"3300047323_19.fna",95.04,3.45
"3300047323_33.fna",87,1.99
"3300047443_21.fna",93.84,1.53
"3300047443_34.fna",92.5,1.43
"3300047443_22.fna",94.39,1.16
"3300047443_6.fna",93.71,2.37
"3300047443_30.fna",94.09,1.23
"3300047443_25.fna",93.58,2.15
"3300047443_29.fna",98.77,0.86
"3300047444_40.fna",91.87,1.87
"3300047444_30.fna",97.41,1.72
"3300047444_46.fna",93.59,1.71
"3300047444_31.fna",76.76,6.15
"3300047445_12.fna",96.77,1.43
"3300047446_3.fna",95.06,3.44
"3300047446_2.fna",81.05,2.63
"3300047447_8.fna",95.91,2.14
"3300047469_12.fna",98.73,2.16
"3300047469_11.fna",99.51,0.33
"3300047469_16.fna",98.2,0.28
"3300047469_34.fna",86.16,1.19
"3300047469_36.fna",94.87,3.36
"3300047469_27.fna",98.68,0.37
"3300047469_15.fna",81.73,9.45
"3300047469_7.fna",77.54,0
"3300047469_28.fna",94.67,1.49
"3300047469_5.fna",98.6,1.54
"3300047470_5.fna",97.1,0.54
"3300047470_28.fna",74.84,1.52
"3300047470_1.fna",96.75,1.81
"3300047471_48.fna",81.38,2.27
"3300047471_11.fna",77.34,2.69
"3300047472_30.fna",99.59,0.49
"3300047472_24.fna",88.54,2.62
"3300047472_31.fna",98.69,1.77
"3300047472_63.fna",73.92,1.53
"3300047472_64.fna",89.33,9.36
"3300047472_57.fna",75.77,0.49
"3300047472_2.fna",88.82,0.86
"3300047472_50.fna",94.76,1.84
"3300047472_53.fna",95.69,1.81
"3300047472_54.fna",87.22,1.87
"3300047472_39.fna",98.28,0.74
"3300047472_69.fna",99.68,1.06
"3300047472_71.fna",86.9,0.43
"3300047472_75.fna",94.58,2.93
"3300047472_72.fna",94.8,3.81
"3300047472_73.fna",89.27,2.13
"3300047472_61.fna",99.01,1.1
"3300047673_35.fna",91.52,1.37
"3300047673_22.fna",93.61,3.3
"3300047673_21.fna",81.03,9.32
"3300047673_17.fna",81.75,3.19
"3300047673_18.fna",71.06,1.29
"3300048088_37.fna",96.98,2.67
"3300048088_11.fna",91.55,2.16
"3300048088_50.fna",92.1,1.57
"3300048088_34.fna",70.5,6.9
"3300048088_16.fna",96.14,5.64
"3300048088_46.fna",85.28,2.91
"3300048088_27.fna",93.11,3.85
"3300048088_7.fna",97.68,2.57
"3300048089_7.fna",82.87,4.4
"3300048089_20.fna",82.17,1.9
"3300048089_15.fna",72.38,0.85
"3300048090_3.fna",96.65,1.21
"3300048091_11.fna",88.57,1.7
"3300048091_30.fna",95.8,1.82
"3300048091_7.fna",93.95,2.89
"3300049459_34.fna",78.98,5.4
"3300049459_25.fna",72.28,0
"3300049459_21.fna",96,2.16
"3300049459_30.fna",97.59,0.82
"3300049459_20.fna",92.34,0.6
"3300049459_12.fna",98.63,0.2
"3300049513_2.fna",79.23,2.33
"3300049513_5.fna",79.32,1.28
"3300049514_2.fna",82.87,0.98
"3300049515_6.fna",82.03,1.92
"3300049515_2.fna",94.72,1.36
"3300049518_1.fna",71.34,2.78
"3300049519_2.fna",84.06,4.32
"3300049520_2.fna",75.7,0.31
"3300049521_3.fna",70.4,0.96
"3300049522_2.fna",81.31,2.39
"3300049523_2.fna",81.41,1.82
"3300049568_59.fna",90.93,1.9
"3300049568_6.fna",80.39,1.61
"3300049568_65.fna",98.96,4.15
"3300049568_30.fna",78.74,5.13
"3300049568_27.fna",96.62,3.18
"3300049568_47.fna",83.78,4.13
"3300049568_51.fna",80.18,0.87
"3300049568_43.fna",94.48,0.68
"3300049568_1.fna",81.06,1.06
"3300049569_31.fna",77.51,3.58
"3300049569_53.fna",73.61,2.34
"3300049569_3.fna",82.42,2.13
"3300049569_41.fna",93.87,2.5
"3300049569_33.fna",81.53,0.95
"3300049569_50.fna",88.36,1.59
"3300049569_51.fna",75.98,1.41
"3300049569_21.fna",89.15,2.66
"3300049569_34.fna",90.54,0.68
"3300049569_35.fna",81.03,1.72
"3300049569_37.fna",95.09,2.03
"3300049569_57.fna",79.72,0.86
"3300049569_8.fna",87.05,1.55
"3300049569_83.fna",91.32,1.03
"3300049569_11.fna",80.91,7.69
"3300049569_58.fna",94.07,5.1
"3300049569_61.fna",84.19,1.01
"3300049569_46.fna",92.08,2.68
"3300049569_20.fna",73.2,0.51
"3300049569_70.fna",78.3,1.08
"3300049569_67.fna",91.01,2.05
"3300049569_44.fna",89.13,3.21
"3300049569_18.fna",81.61,0.72
"3300049570_16.fna",84.76,2.74
"3300049570_38.fna",74.04,3.51
"3300049570_12.fna",84.28,3.49
"3300049570_15.fna",94.63,1.77
"3300049570_37.fna",90.85,0.86
"3300049570_71.fna",82.77,1.31
"3300049570_17.fna",100,2.7
"3300049570_73.fna",97.05,0.25
"3300049570_3.fna",73.62,1.72
"3300049570_39.fna",92.52,1.83
"3300049570_2.fna",79.39,4.4
"3300049570_78.fna",94.31,5.89
"3300049570_4.fna",100,0
"3300049570_100.fna",73.7,1.74
"3300049570_43.fna",86.51,0.98
"3300049570_21.fna",76.36,5.17
"3300049570_41.fna",83.93,7.1
"3300049570_55.fna",89.71,5.66
"3300049570_49.fna",89.1,5.77
"3300049570_90.fna",88.97,1.72
"3300049570_24.fna",71.16,1.26
"3300049570_52.fna",97.3,3.38
"3300049570_91.fna",70.08,3.87
"3300049570_94.fna",92.31,3.42
"3300049571_103.fna",83.74,0.57
"3300049571_104.fna",82.56,2.5
"3300049571_110.fna",70.8,1.72
"3300049571_100.fna",98.19,0.4
"3300049571_5.fna",96.78,0
"3300049571_114.fna",92.85,0.9
"3300049571_165.fna",86.36,4.55
"3300049571_10.fna",88.71,1.26
"3300049571_135.fna",80.2,1.76
"3300049571_39.fna",96.59,4.55
"3300049571_85.fna",72.18,7.26
"3300049571_86.fna",89.53,2.14
"3300049571_91.fna",99.01,0.74
"3300049571_33.fna",73.32,0.12
"3300049571_83.fna",94.14,1.16
"3300049571_170.fna",93.32,3.62
"3300049571_171.fna",85.44,2.68
"3300049571_178.fna",70.55,1.94
"3300049571_18.fna",74.28,0.99
"3300049571_94.fna",83.51,1.75
"3300049571_95.fna",82.62,0
"3300049571_99.fna",93.04,3.45
"3300049571_166.fna",84.32,1.57
"3300049571_169.fna",72.15,3.74
"3300049571_79.fna",95.81,2.58
"3300049571_82.fna",94.62,0
"3300049571_25.fna",88.94,1.9
"3300049571_23.fna",89.49,2.84
"3300049571_158.fna",100,3.92
"3300049571_63.fna",72.08,2.56
"3300049571_67.fna",76.93,0
"3300049571_69.fna",99.25,2.1
"3300049571_162.fna",93.98,7.6
"3300049571_163.fna",78.47,2.2
"3300049572_43.fna",91.3,4.35
"3300049572_83.fna",91.84,1.64
"3300049572_68.fna",99.1,5.35
"3300049572_52.fna",94.87,0.42
"3300049572_42.fna",82.7,1.29
"3300049572_88.fna",87.79,9.23
"3300049572_93.fna",72.3,4.69
"3300049572_100.fna",75.54,1.59
"3300049572_37.fna",92.46,1.29
"3300049572_7.fna",70.44,1.28
"3300049572_81.fna",70.72,5.11
"3300049572_36.fna",90.95,4.27
"3300049573_19.fna",72.19,2.76
"3300049573_48.fna",96.42,3.65
"3300049573_13.fna",73.7,0.69
"3300049573_52.fna",73.1,0
"3300049573_28.fna",91.77,1.82
"3300049573_8.fna",74.73,2.61
"3300049573_29.fna",99.29,2.03
"3300049573_7.fna",73.28,1.67
"3300049573_39.fna",70.69,7.76
"3300049573_36.fna",90.77,2.07
"3300049573_82.fna",91.93,2.16
"3300049573_97.fna",85.68,1.79
"3300049573_99.fna",92.5,2.16
"3300049573_83.fna",87.13,1.85
"3300049573_84.fna",76.34,2.4
"3300049573_80.fna",92.58,3.94
"3300049573_51.fna",72.94,0
"3300049574_117.fna",78.59,4.75
"3300049574_116.fna",86.14,0.74
"3300049574_89.fna",92.61,4.86
"3300049574_114.fna",91.8,2.94
"3300049574_101.fna",97.97,9.12
"3300049574_120.fna",84.38,2.61
"3300049574_40.fna",89.15,7.69
"3300049574_105.fna",89.01,2.71
"3300049574_88.fna",85.82,2.73
"3300049574_62.fna",85.16,1.93
"3300049574_63.fna",79.63,0.86
"3300049574_27.fna",88.55,0.87
"3300049574_36.fna",97.87,4.3
"3300049574_14.fna",94.96,2.94
"3300049574_80.fna",77.28,3.23
"3300049574_69.fna",86.93,2.27
"3300049574_70.fna",84.3,1.12
"3300049574_67.fna",81.8,0.85
"3300049574_43.fna",88.79,0.86
"3300049574_51.fna",70.6,9.12
"3300049574_54.fna",71.93,1.75
"3300049574_68.fna",77.51,1.06
"3300049574_8.fna",76.9,2.59
"3300049574_2.fna",86.29,2.36
"3300049574_19.fna",86.88,2.61
"3300049575_45.fna",75.37,2.33
"3300049575_15.fna",71.53,0
"3300049575_36.fna",92.83,0.58
"3300049575_1.fna",74.33,2.21
"3300049575_12.fna",93.25,3.1
"3300049575_79.fna",82.37,2.7
"3300049575_80.fna",80.3,1.01
"3300049575_69.fna",79.91,2.03
"3300049575_49.fna",97.39,1.43
"3300049575_6.fna",96.77,1.41
"3300049575_68.fna",94.39,2.42
"3300049575_2.fna",80.58,0.97
"3300049575_26.fna",84.06,3.87
"3300049575_3.fna",70.48,1.34
"3300049575_76.fna",84.88,5.27
"3300049576_47.fna",81.55,1.94
"3300049576_2.fna",96.3,3.58
"3300049576_1.fna",89.77,6.12
"3300049576_43.fna",83.76,3.38
"3300049576_34.fna",99.57,0.76
"3300049576_22.fna",88.08,5.83
"3300049576_39.fna",83.57,1.94
"3300049576_41.fna",80.23,1.21
"3300049576_40.fna",73.84,1.43
"3300049576_44.fna",73.01,5.98
"3300049576_37.fna",92.24,3.87
"3300049577_7.fna",94.42,3.47
"3300049577_25.fna",90.94,4.52
"3300049577_36.fna",77.04,2.91
"3300049577_40.fna",83.97,2.16
"3300049577_29.fna",75.69,1.98
"3300049577_28.fna",71.98,0.72
"3300049577_13.fna",90.78,0.97
"3300049578_8.fna",72.5,2.3
"3300049578_31.fna",85.15,3.91
"3300049578_59.fna",82.49,5.88
"3300049578_46.fna",72.27,3.64
"3300049578_40.fna",85,3.3
"3300049579_42.fna",82.62,1.75
"3300049579_47.fna",82.21,2.16
"3300049579_69.fna",95.68,2.19
"3300049579_7.fna",90.03,2.19
"3300049579_5.fna",96.26,0.89
"3300049579_51.fna",96.02,2.5
"3300049579_54.fna",87.45,4.45
"3300049579_39.fna",70.69,1.72
"3300049579_66.fna",93.1,2.66
"3300049579_23.fna",86.41,1.5
"3300049579_40.fna",88,2.42
"3300049579_104.fna",70.3,8.4
"3300049579_106.fna",76.38,1.94
"3300049579_33.fna",98.75,2.1
"3300049579_3.fna",87.88,1.64
"3300049579_75.fna",86.27,4.05
"3300049579_4.fna",84.38,0
"3300049579_65.fna",73.12,2.65
"3300049579_79.fna",83.13,0.86
"3300049579_35.fna",90.43,2.78
"3300049579_91.fna",86.43,0.54
"3300049580_5.fna",70.69,1.72
"3300049580_46.fna",93.13,3.99
"3300049580_51.fna",92.39,3.5
"3300049580_57.fna",90.48,3.23
"3300049580_78.fna",96.7,2.2
"3300049580_88.fna",85.54,1.99
"3300049580_45.fna",93.47,2.27
"3300049580_105.fna",92.14,0.44
"3300049580_107.fna",91.92,1.71
"3300049580_55.fna",84.38,0.43
"3300049580_17.fna",99.38,0.47
"3300049580_18.fna",93.53,0.86
"3300049580_39.fna",88.11,1.74
"3300049580_98.fna",83.59,5.13
"3300049580_59.fna",72.69,3.23
"3300049580_74.fna",93.53,3.45
"3300049580_104.fna",70.69,2.06
"3300049580_90.fna",93.77,2.16
"3300049580_91.fna",96.68,2.48
"3300049580_30.fna",72.94,0
"3300049580_22.fna",82.45,6.04
"3300049580_29.fna",80.42,0.97
"3300049580_3.fna",85.83,3.56
"3300049580_92.fna",79.63,0.86
"3300049580_60.fna",71.13,1.5
"3300049580_94.fna",88.91,1.74
"3300049581_22.fna",71.57,3.51
"3300049581_16.fna",86.87,4.73
"3300049581_3.fna",73.61,1.85
"3300049581_74.fna",95.16,2.58
"3300049581_66.fna",90.15,0.86
"3300049581_141.fna",83.91,1.32
"3300049581_47.fna",84.91,1.49
"3300049581_50.fna",99.64,0.47
"3300049581_115.fna",81.42,1.64
"3300049581_123.fna",74.38,0.06
"3300049581_125.fna",71.08,2.51
"3300049581_44.fna",88.01,3.22
"3300049581_12.fna",91.04,1.64
"3300049581_1.fna",76.96,5.18
"3300049581_139.fna",85.62,1.72
"3300049581_100.fna",81.27,1.7
"3300049581_61.fna",95.12,1.06
"3300049581_134.fna",91.54,6.71
"3300049581_136.fna",87.97,3.1
"3300049581_81.fna",71.36,1.36
"3300049581_52.fna",87.55,1.52
"3300049581_102.fna",72.8,4.7
"3300049581_137.fna",82.25,5.2
"3300049581_138.fna",88.79,0.43
"3300049581_90.fna",95.03,1.04
"3300049581_95.fna",98.35,0.79
"3300049581_14.fna",70.67,1.14
"3300049581_143.fna",72.41,0
"3300049582_56.fna",92.24,2.16
"3300049582_2.fna",92.76,1.72
"3300049582_57.fna",90.68,3.3
"3300049582_55.fna",74.98,8.62
"3300049582_27.fna",85.59,4.69
"3300049582_64.fna",70.19,0
"3300049582_28.fna",74.19,1.29
"3300049582_46.fna",93.35,1.46
"3300049582_31.fna",75.62,7.69
"3300049582_65.fna",70.87,3.66
"3300049582_3.fna",91,0
"3300049582_38.fna",74.7,2.33
"3300049582_25.fna",74.86,0.87
"3300049582_36.fna",97.56,2.24
"3300049582_66.fna",78.51,1.59
"3300049582_49.fna",83.31,3.23
"3300049582_33.fna",75.46,1.47
"3300049582_34.fna",74.68,0
"3300049583_21.fna",95.08,4.91
"3300049583_37.fna",79.06,3.04
"3300049583_33.fna",76.27,0.8
"3300049583_20.fna",82.39,8.81
"3300049583_45.fna",79.1,1.96
"3300049583_4.fna",74.62,1.64
"3300049583_7.fna",85.52,2.35
"3300049584_29.fna",71.53,0.79
"3300049584_24.fna",94.27,2.58
"3300049584_46.fna",83.61,2.25
"3300049584_35.fna",87.99,4.35
"3300049585_40.fna",83.48,4.42
"3300049585_43.fna",84.63,2.69
"3300049585_37.fna",99.47,0.76
"3300049585_9.fna",97.44,1.42
"3300049585_19.fna",75.24,1.71
"3300049585_31.fna",84.92,2.5
"3300049585_13.fna",83.26,2.99
"3300049585_15.fna",75.89,0.55
"3300049586_47.fna",95.73,0.57
"3300049586_37.fna",74.29,0
"3300049586_46.fna",89.51,4.18
"3300049586_34.fna",72.22,4.01
"3300049586_38.fna",75.6,1.78
"3300049586_25.fna",89.33,2.26
"3300049586_84.fna",94.88,0.41
"3300049586_99.fna",90.14,7.38
"3300049586_63.fna",93.47,5.81
"3300049586_69.fna",91.31,4.27
"3300049586_76.fna",90.2,0.1
"3300049586_33.fna",79.69,7.31
"3300049586_16.fna",87.14,2.42
"3300049586_83.fna",99.06,9.01
"3300049586_14.fna",71.45,0
"3300049587_45.fna",93.2,2.91
"3300049587_5.fna",86.64,2.47
"3300049587_55.fna",82.23,3.87
"3300049588_31.fna",86.27,7.69
"3300049588_29.fna",84.6,2.61
"3300049588_51.fna",80.88,4.27
"3300049588_50.fna",70.63,1.15
"3300049588_25.fna",87.7,3.96
"3300049588_27.fna",77.25,0
"3300049588_28.fna",94.49,5.16
"3300049588_4.fna",74.31,6.9
"3300049588_58.fna",86.54,3.7
"3300049588_48.fna",96.77,2.26
"3300049588_5.fna",91.54,2.8
"3300049588_45.fna",81.46,3.15
"3300049588_47.fna",97.41,1.29
"3300049588_66.fna",72.9,1.01
"3300049588_19.fna",82.4,0.83
"3300049589_72.fna",83.05,0
"3300049589_73.fna",97.75,0.34
"3300049589_75.fna",86.27,2.92
"3300049589_15.fna",98.92,3.51
"3300049589_79.fna",78.56,2.16
"3300049589_80.fna",82.86,2.61
"3300049589_68.fna",84.42,0.65
"3300049589_11.fna",90.82,4.65
"3300049589_29.fna",74.29,2.59
"3300049589_33.fna",90.75,4.78
"3300049589_12.fna",72.38,1.3
"3300049589_41.fna",92,3.47
"3300049589_52.fna",74.57,4.35
"3300049589_19.fna",85.13,3.97
"3300049589_58.fna",77.92,1.91
"3300049589_21.fna",85.21,7.91
"3300049589_62.fna",79.44,0
"3300049589_44.fna",77.92,4.27
"3300049590_13.fna",78.39,3.95
"3300049590_39.fna",84.49,0.35
"3300049590_35.fna",73.56,1.32
"3300049590_14.fna",72.56,1.15
"3300049590_84.fna",79.58,3.44
"3300049590_48.fna",71.69,8.41
"3300049590_49.fna",88.35,1.37
"3300049590_24.fna",71.79,3.35
"3300049590_4.fna",90.41,2.25
"3300049590_5.fna",83.58,1.03
"3300049590_17.fna",72.92,0
"3300049591_8.fna",78.02,8.76
"3300049591_9.fna",80.1,0.97
"3300049591_1.fna",88.93,5.13
"3300049591_45.fna",89.55,7.31
"3300049591_37.fna",79.6,0
"3300049591_20.fna",74.32,2.78
"3300049591_60.fna",90.12,2.84
"3300049591_57.fna",80.55,0.86
"3300049592_65.fna",86.97,0.97
"3300049592_24.fna",91.27,4.52
"3300049592_46.fna",72.99,0.95
"3300049592_43.fna",71.14,5.98
"3300049593_53.fna",84.71,3.23
"3300049593_25.fna",89.46,5.61
"3300049593_50.fna",91.59,4.86
"3300049593_12.fna",80.1,0.22
"3300049593_18.fna",93.86,5.13
"3300049593_22.fna",74.27,1.77
"3300049593_6.fna",98.85,2.44
"3300049593_32.fna",77.35,5.66
"3300049649_1.fna",99.35,1.14
"3300049661_10.fna",75.12,1.95
"3300049662_5.fna",99.35,1.05
"3300049664_5.fna",98.4,1.07
"3300049665_4.fna",70.65,2.96
"3300049668_2.fna",74.23,1.76
"3300049669_2.fna",77.59,2.73
"3300049671_3.fna",87.65,1.3
"3300049679_7.fna",83.38,1.09
"3300049686_10.fna",93.58,0.24
"3300049688_6.fna",76.64,1.35
"3300049690_5.fna",85.93,0.9
"3300049703_2.fna",80.26,1.48
"3300049705_8.fna",77.85,1.82
"3300049707_7.fna",73.75,2.73
"3300049741_69.fna",71.71,2.43
"3300049741_49.fna",78.37,3.96
"3300049741_46.fna",81.41,2.17
"3300049741_25.fna",94.52,3.87
"3300049741_56.fna",81.65,2.1
"3300049741_62.fna",75.86,0
"3300049741_67.fna",80.85,0.86
"3300049741_55.fna",73.41,1.98
"3300049741_43.fna",82.26,3.56
"3300049741_5.fna",73.71,1.72
"3300049741_30.fna",83.36,0.54
"3300049741_29.fna",86.29,4.17
"3300049741_8.fna",87.93,6.16
"3300049741_3.fna",83.32,3.42
"3300049742_127.fna",93.03,2.88
"3300049742_61.fna",94.11,2.94
"3300049742_65.fna",99.4,1.65
"3300049742_105.fna",80.59,1.88
"3300049742_49.fna",79.3,0.83
"3300049742_69.fna",78.96,1.94
"3300049742_138.fna",74.89,2.56
"3300049742_52.fna",97.22,1.36
"3300049742_2.fna",83.23,2.58
"3300049742_22.fna",91.68,9.86
"3300049742_131.fna",82.69,7.07
"3300049742_132.fna",91.82,8.17
"3300049742_12.fna",92.85,3.48
"3300049742_82.fna",71.54,1.29
"3300049742_25.fna",76.37,5.13
"3300049742_26.fna",73.28,1.72
"3300049742_134.fna",83.54,1.12
"3300049742_46.fna",71.22,2.61
"3300049742_74.fna",88.92,1.57
"3300049743_13.fna",92.25,1.72
"3300049743_39.fna",81.07,0.32
"3300049743_20.fna",75.4,2.86
"3300049743_17.fna",75.42,2.14
"3300049743_54.fna",72.41,4.11
"3300049743_3.fna",76.93,0.86
"3300049743_51.fna",91.82,6.46
"3300049743_22.fna",82.5,7.58
"3300049743_43.fna",74.35,3.56
"3300049744_5.fna",87.79,1.71
"3300049744_4.fna",85,2.8
"3300049744_64.fna",99.07,0.63
"3300049744_8.fna",73.41,4.34
"3300049744_30.fna",76.99,1.71
"3300049744_70.fna",95.53,5.07
"3300049744_43.fna",87.39,3
"3300049744_3.fna",91.07,3.42
"3300049744_42.fna",91.19,1.14
"3300049744_23.fna",81.47,1.05
"3300049758_2.fna",100,0
"3300049761_1.fna",71.75,1.19
"3300049763_4.fna",99.29,0.58
"3300049766_1.fna",97.54,7.57
"3300049766_3.fna",88.21,2.09
"3300049775_4.fna",95.78,0.02
"3300049775_5.fna",76.36,2.97
"3300049776_6.fna",96.61,0.92
"3300049776_5.fna",82.21,1.11
"3300049776_7.fna",79.76,0.64
"3300049776_3.fna",77.27,1.72
"3300049778_4.fna",72.25,0.11
"3300049779_1.fna",83.23,1.09
"3300049822_118.fna",95.08,0.7
"3300049822_12.fna",72.62,1.95
"3300049822_14.fna",87.07,1.77
"3300049822_120.fna",83.79,1.72
"3300049822_97.fna",81.61,0.68
"3300049822_112.fna",74.79,1.96
"3300049822_122.fna",79.13,2.62
"3300049822_109.fna",92.42,7.26
"3300049822_42.fna",81.67,3.75
"3300049822_59.fna",82.61,7.96
"3300049822_49.fna",74.54,1.85
"3300049822_29.fna",90.67,9.04
"3300049822_62.fna",87.05,2.33
"3300049822_104.fna",96.4,4.86
"3300049822_135.fna",85.82,1.32
"3300049822_61.fna",77.19,0.54
"3300049822_67.fna",81.46,2.9
"3300049822_74.fna",96.55,1.01
"3300049822_32.fna",80.34,0
"3300049822_35.fna",84.16,2.25
"3300049822_39.fna",100,1.35
"3300049822_134.fna",99.51,2.08
"3300049822_81.fna",71.92,3.04
"3300049822_133.fna",99.4,1.41
"3300049823_77.fna",87.93,5.52
"3300049823_68.fna",88.41,5.1
"3300049823_78.fna",86.22,3.99
"3300049823_149.fna",99.4,0.74
"3300049823_150.fna",97.26,0.82
"3300049823_102.fna",86.6,8.3
"3300049823_90.fna",74.27,1.94
"3300049823_61.fna",76.9,8.62
"3300049823_153.fna",71.83,0.71
"3300049823_154.fna",88.6,2.98
"3300049823_11.fna",89.67,4.27
"3300049823_151.fna",93.52,0.93
"3300049823_12.fna",92.56,3.41
"3300049823_125.fna",97.42,3.18
"3300049823_56.fna",90.01,3.08
"3300049823_113.fna",78.24,2.71
"3300049823_9.fna",71.07,4.83
"3300049823_25.fna",74.75,1.28
"3300049823_34.fna",96.68,5.24
"3300049823_35.fna",97.3,2.03
"3300049823_155.fna",79.05,2.55
"3300049823_146.fna",87.64,4.87
"3300049823_46.fna",84.3,2.2
"3300049823_48.fna",96.03,0.95
"3300049823_57.fna",89.64,2.38
"3300049823_138.fna",91.09,1.44
"3300049823_139.fna",90.86,1.08
"3300049823_137.fna",99.92,4.38
"3300049824_44.fna",87.61,6.3
"3300049824_1.fna",77.73,6.41
"3300049824_33.fna",89.91,4.42
"3300049824_56.fna",77.68,1.08
"3300049824_3.fna",70.34,2.59
"3300049824_43.fna",85.84,0.54
"3300049824_19.fna",89.89,0.86
"3300049824_26.fna",81.23,2.91
"3300049824_62.fna",84.49,2.58
"3300049824_64.fna",74.27,0.97
"3300049824_37.fna",73.2,1.15
"3300049824_4.fna",77.37,1.1
"3300050005_1.fna",98.91,0.49
"3300051615_36.fna",75.39,3.91
"3300051615_54.fna",74.98,0.77
"3300051615_56.fna",71.71,4.36
"3300051615_74.fna",70.22,1.29
"3300051615_80.fna",98.59,1.31
"3300051615_17.fna",74.14,0
"3300054114_40.fna",87.07,2.3
"3300054114_78.fna",81.14,0.87
"3300054114_61.fna",83.55,2.38
"3300054114_42.fna",86.41,0
"3300054114_47.fna",88.9,1.87
"3300054114_52.fna",78.24,3.06
"3300054114_48.fna",95.16,1.94
"3300054114_37.fna",74.49,0
"3300054114_60.fna",81.75,0.95
"3300054114_75.fna",91.84,2.78
"3300054114_76.fna",91.59,3.23
"3300054114_77.fna",70.36,2.73
"3300054114_67.fna",92.26,2.26
"3300054114_82.fna",71.1,5.7
"3300054114_3.fna",73.48,9.25
"3300054680_63.fna",92.59,0
"3300054680_37.fna",94.54,0.86
"3300054680_41.fna",96.58,1.71
"3300054680_33.fna",92.26,2.14
"3300054680_36.fna",96.12,2.91
"3300054680_32.fna",82.24,2.59
"3300054680_105.fna",94.75,0.85
"3300054680_13.fna",97.44,0
"3300054680_103.fna",95.51,2.56
"3300054680_19.fna",94.02,2.99
"3300054680_21.fna",89.08,2.52
"3300054680_23.fna",97.22,0
"3300054680_15.fna",94.91,1.68
"3300054680_100.fna",97.57,2.91
"3300054680_101.fna",85.59,1.85
"3300054680_30.fna",89.28,1.91
"3300054680_92.fna",98.73,1.77
"3300054680_93.fna",94.06,7.92
"3300054680_42.fna",100,2.7
"3300054680_43.fna",87.79,6.93
"3300054680_44.fna",77.28,2.97
"3300054680_49.fna",88.32,0.43
"3300054680_5.fna",97.77,1.71
"3300054680_25.fna",96.15,0.17
"3300054680_28.fna",72.49,0
"3300054680_3.fna",77.35,1.76
"3300054680_53.fna",94.87,2.14
"3300054680_54.fna",94.66,2.56
"3300054680_56.fna",94.01,3.51
"3300054680_57.fna",92.86,6.72
"3300054680_58.fna",82.91,1.85
"3300054680_78.fna",86.7,1.04
"3300054680_64.fna",99.61,0
"3300054680_65.fna",84.34,0
"3300054680_66.fna",79.78,0.46
"3300054680_67.fna",97.09,2.43
"3300054680_70.fna",91.19,1.77
"3300054680_71.fna",91.6,2.52
"3300054680_72.fna",80.63,2.52
"3300054680_73.fna",85.49,1.72
"3300054680_75.fna",92.74,9.24
"3300054680_76.fna",92.59,0
"3300054680_77.fna",92.81,1.81
"3300054680_80.fna",96.6,2.91
"3300054680_83.fna",82.69,0
"3300054680_86.fna",96.59,1.14
"3300054680_87.fna",99.38,2.75
"3300054680_88.fna",98.02,0
"3300054680_9.fna",83.8,0.6
"3300054680_94.fna",94.87,3.85
"3300054680_95.fna",92.81,2.31
"3300054680_98.fna",82.74,1.14
"3300054680_99.fna",78.91,1.87
"3300054680_50.fna",97.78,0.8
"3300054680_52.fna",83.15,5.94
"3300054681_8.fna",79.98,0.85
"3300054681_62.fna",76.13,4.09
"3300054681_7.fna",98.26,0.52
"3300054681_28.fna",85.04,1.71
"3300054681_2.fna",81.76,1.52
"3300054681_20.fna",82.95,2.56
"3300054681_21.fna",94.91,0
"3300054681_22.fna",96.52,0.88
"3300054681_23.fna",98.93,1.28
"3300054681_24.fna",98.15,0.93
"3300054681_25.fna",98.18,1.98
"3300054681_26.fna",72.55,2.63
"3300054681_27.fna",91.45,2.14
"3300054681_52.fna",81.47,0.6
"3300054681_29.fna",86.07,3.42
"3300054681_30.fna",85.42,1.49
"3300054681_31.fna",85.11,4.46
"3300054681_33.fna",75.18,1.02
"3300054681_34.fna",80.17,2.01
"3300054681_35.fna",84.65,0.53
"3300054681_36.fna",71.81,2.97
"3300054681_38.fna",75.64,1.03
"3300054681_40.fna",99.2,1.93
"3300054681_59.fna",93.75,2.27
"3300054681_55.fna",94.87,1.71
"3300054681_57.fna",100,0
"3300054681_11.fna",85.47,1.32
"3300054681_60.fna",89.97,2.04
"3300054681_1.fna",85.55,6.45
"3300054681_15.fna",97.17,5.13
"3300054681_14.fna",82.34,6.93
"3300054682_33.fna",95.73,1.71
"3300054682_65.fna",87.72,9.25
"3300054682_68.fna",99.17,6.93
"3300054682_69.fna",99.5,1.1
"3300054682_10.fna",99.13,0.43
"3300054682_66.fna",74.79,2.04
"3300054682_14.fna",99.2,2.14
"3300054682_16.fna",95.72,1.34
"3300054682_18.fna",93.3,0.85
"3300054682_24.fna",80.02,4.95
"3300054682_25.fna",75.47,0.86
"3300054682_27.fna",92.18,2.14
"3300054682_29.fna",91.43,8.4
"3300054682_30.fna",87.61,6.75
"3300054682_31.fna",83.94,2.4
"3300054682_34.fna",73.83,1.87
"3300054682_35.fna",94.56,0.91
"3300054682_37.fna",83.18,2.8
"3300054682_52.fna",82.18,2.94
"3300054682_41.fna",96.6,1.94
"3300054682_42.fna",97.84,1.33
"3300054682_43.fna",75.16,1.72
"3300054682_44.fna",97.57,1.94
"3300054682_46.fna",86.82,2.14
"3300054682_47.fna",98.26,0.79
"3300054682_51.fna",99.13,0
"3300054682_74.fna",78.16,2.14
"3300054682_54.fna",90.94,7.12
"3300054682_55.fna",99.01,1.07
"3300054682_57.fna",96.09,0.52
"3300054682_40.fna",85.99,1.68
"3300054682_62.fna",93.5,9.9
"3300054682_64.fna",96.31,1.71
"3300054682_8.fna",97.44,2.74
"3300054682_80.fna",79.86,1.28
"3300054682_81.fna",90.95,2.56
"3300054682_7.fna",97.78,1.27
"3300054682_70.fna",96.02,1.74
"3300054682_61.fna",82.63,0.86
"3300054682_2.fna",75.47,3.2
"3300054682_20.fna",95.47,1.6
"3300054682_21.fna",81.78,0
"3300054682_77.fna",89.92,1.22
"3300054682_76.fna",89.03,3.41
"3300054703_86.fna",79.85,0
"3300054703_52.fna",91.25,2.53
"3300054703_74.fna",71.55,0.43
"3300054703_5.fna",86.32,1.28
"3300054703_77.fna",82.05,0.85
"3300054703_78.fna",70.63,1.85
"3300054703_79.fna",95.23,2.56
"3300054703_75.fna",95.69,1.15
"3300054703_85.fna",88.76,1.98
"3300054703_21.fna",90.58,5.1
"3300054703_82.fna",84.56,7.58
"3300054703_90.fna",82,1.85
"3300054703_92.fna",79.27,1.83
"3300054703_32.fna",90.97,1.3
"3300054703_33.fna",91.24,2.56
"3300054703_35.fna",93.14,1.85
"3300054703_37.fna",84.32,4.95
"3300054703_38.fna",86.03,3.56
"3300054703_43.fna",78.31,2.19
"3300054703_44.fna",78.67,6.14
"3300054703_70.fna",77.73,1.28
"3300054703_72.fna",84.89,0
"3300054703_1.fna",99.13,0.87
"3300054703_11.fna",78.75,4.8
"3300054703_14.fna",94.66,3.85
"3300054703_57.fna",75.57,2.31
"3300054703_6.fna",82.34,1.71
"3300054703_61.fna",96.58,2.14
"3300054703_62.fna",94.66,1.94
"3300054703_63.fna",89.44,0.8
"3300054703_47.fna",74.97,0
"3300054703_7.fna",90.46,3.7
"3300054703_31.fna",91,3.7
"3300054703_16.fna",73.16,1.28
"3300054703_17.fna",96,1.6
"3300054703_19.fna",94.15,1.3
"3300054703_64.fna",97.33,1.22
"3300054703_22.fna",81.94,0
"3300054703_24.fna",75.61,0.85
"3300054703_68.fna",85.26,1.71
"3300054703_67.fna",95.57,3.14
"3300054730_3.fna",95.73,0.85
"3300054730_30.fna",95.22,0.44
"3300054730_56.fna",86.03,3.34
"3300054730_1.fna",97.22,0.93
"3300054730_13.fna",87.1,2.27
"3300054730_29.fna",77.87,2.63
"3300054730_17.fna",93.06,0
"3300054730_18.fna",99.17,6.93
"3300054730_15.fna",85.81,7.04
"3300054730_22.fna",98.51,0.25
"3300054730_2.fna",95.73,1.75
"3300054730_20.fna",97.33,0.53
"3300054730_87.fna",81.85,3.96
"3300054730_89.fna",92.95,2.56
"3300054730_44.fna",80.48,0.93
"3300054730_47.fna",87.62,2.51
"3300054730_48.fna",91.94,0.1
"3300054730_36.fna",99.95,1.71
"3300054730_38.fna",97.8,3.83
"3300054730_39.fna",89.6,0.99
"3300054730_4.fna",98.68,2.97
"3300054730_24.fna",90.34,1.24
"3300054730_41.fna",79.17,0.93
"3300054730_42.fna",99.79,0.85
"3300054730_67.fna",97.45,0.88
"3300054730_70.fna",90.55,3.11
"3300054730_72.fna",92.9,5.13
"3300054730_55.fna",71.2,1.39
"3300054730_80.fna",94.79,4.29
"3300054730_60.fna",88.52,4.72
"3300054730_65.fna",74.83,0.85
"3300054730_66.fna",83.99,1.73
"3300054730_74.fna",94.02,2.99
"3300054730_79.fna",79.87,1.06
"3300054730_8.fna",97.44,0.85
"3300054730_85.fna",82.1,1.1
"3300054730_81.fna",89.98,4.27
"3300054730_62.fna",92.34,3.96
"3300054730_40.fna",75.44,0.05
"3300054730_83.fna",86.04,1.28
"3300054961_13.fna",83.98,0
"3300054961_14.fna",77.78,0
"3300054961_100.fna",78.88,2.97
"3300054961_68.fna",76.4,2.43
"3300054961_17.fna",98.61,0
"3300054961_47.fna",89.72,2.56
"3300054961_72.fna",90.74,1.11
"3300054961_70.fna",92.27,4.35
"3300054961_71.fna",95.28,7.75
"3300054961_24.fna",96,0
"3300054961_19.fna",89.17,3.85
"3300054961_94.fna",90.67,2.8
"3300054961_95.fna",70.93,1.71
"3300054961_97.fna",95.16,2.14
"3300054961_99.fna",75.49,1.94
"3300054961_34.fna",89.38,5.94
"3300054961_36.fna",82,1.98
"3300054961_42.fna",96.59,1.14
"3300054961_43.fna",95.79,1.94
"3300054961_44.fna",94.75,1.71
"3300054961_61.fna",90.38,1.71
"3300054961_48.fna",96.58,0.85
"3300054961_49.fna",92.72,0.97
"3300054961_5.fna",80.46,6.6
"3300054961_51.fna",90.74,1.78
"3300054961_52.fna",95.71,4.95
"3300054961_53.fna",94.91,1.68
"3300054961_55.fna",98.29,0.85
"3300054961_57.fna",86.32,4.27
"3300054961_6.fna",78.71,3.11
"3300054961_60.fna",89.57,0.87
"3300054961_76.fna",93.22,3.57
"3300054961_62.fna",96.82,1.36
"3300054961_63.fna",83.5,1.94
"3300054961_64.fna",97.73,8.12
"3300054961_65.fna",75.56,0.41
"3300054961_29.fna",96.28,0
"3300054961_32.fna",83.25,6.59
"3300054961_28.fna",79.8,2.99
"3300054961_77.fna",84.43,2.56
"3300054961_73.fna",79.17,2.64
"3300054961_25.fna",89.16,2.97
"3300054961_91.fna",75.37,1.36
"3300054961_8.fna",92.74,0.75
"3300054961_88.fna",74.91,2.52
"3300054961_90.fna",86.45,0
"3300054961_92.fna",92.04,1.71
"3300054961_85.fna",94.59,2.16
"3300054961_83.fna",91.75,5.94
"3300054962_59.fna",95.45,1.14
"3300054962_11.fna",89.27,2.97
"3300054962_1.fna",88.46,2.99
"3300054962_60.fna",88.52,0.77
"3300054962_58.fna",98.68,3.96
"3300054962_10.fna",93.83,0.46
"3300054962_101.fna",80.86,2.97
"3300054962_102.fna",80.74,2.23
"3300054962_104.fna",86.89,1.94
"3300054962_53.fna",85.09,8.52
"3300054962_29.fna",75.87,0
"3300054962_31.fna",86.08,2.4
"3300054962_33.fna",93.54,4.41
"3300054962_37.fna",72.71,1.71
"3300054962_38.fna",92.78,3.42
"3300054962_39.fna",83.18,2.8
"3300054962_15.fna",87.78,0.75
"3300054962_48.fna",91.99,0
"3300054962_49.fna",88.86,4.72
"3300054962_24.fna",88.46,3.21
"3300054962_72.fna",89.32,3.42
"3300054962_76.fna",89.23,2.67
"3300054962_77.fna",92.74,0.85
"3300054962_61.fna",87.94,2.22
"3300054962_62.fna",96.58,2.56
"3300054962_63.fna",94.78,1.28
"3300054962_7.fna",94.02,0.52
"3300054962_41.fna",81.41,1.71
"3300054962_16.fna",82.41,0.93
"3300054962_2.fna",76.78,2.64
"3300054962_92.fna",91.48,1.47
"3300054962_93.fna",93.73,3.96
"3300054962_95.fna",88.07,0.07
"3300054962_96.fna",72.65,1.94
"3300054962_79.fna",83.9,0
"3300054962_8.fna",92.11,0.88
"3300054962_84.fna",84.84,1.46
"3300054962_91.fna",98.26,0.43
"3300054962_88.fna",96.55,2.35
"3300054962_45.fna",93.69,2.5
"3300054962_9.fna",87.32,1.71
"3300054962_70.fna",86.5,1.04
"3300054962_99.fna",88.78,5.94
"3300054962_89.fna",97.93,2.16
"3300054962_97.fna",89.32,2.99
"3300054963_57.fna",99.95,0.85
"3300054963_30.fna",99.07,1.85
"3300054963_29.fna",77.09,1.82
"3300054963_3.fna",95.73,1.28
"3300054963_13.fna",95.96,1.92
"3300054963_15.fna",98.08,0.85
"3300054963_11.fna",98.13,5.37
"3300054963_23.fna",91.21,1.94
"3300054963_24.fna",90.81,2.56
"3300054963_86.fna",96.45,0.24
"3300054963_33.fna",95.83,4.53
"3300054963_35.fna",96.3,1.28
"3300054963_36.fna",98.34,3.28
"3300054963_38.fna",96.3,2.63
"3300054963_16.fna",95.61,5.63
"3300054963_20.fna",86.59,0.05
"3300054963_21.fna",81.03,7.84
"3300054963_47.fna",98.43,0.06
"3300054963_66.fna",94.08,3.29
"3300054963_68.fna",80.56,2.3
"3300054963_7.fna",96.64,3.36
"3300054963_51.fna",79.55,5.76
"3300054963_52.fna",74.15,0.68
"3300054963_55.fna",99.29,1.87
"3300054963_56.fna",74.66,1.4
"3300054963_76.fna",97.47,4.89
"3300054963_58.fna",78.42,3.42
"3300054963_6.fna",97.68,0.69
"3300054963_43.fna",94.93,3.38
"3300054963_61.fna",92.97,4.59
"3300054963_73.fna",98.08,0.85
"3300054963_74.fna",88.91,1.61
"3300054963_75.fna",88.11,8.12
"3300054963_72.fna",94.72,2.97
"3300054963_80.fna",100,0.88
"3300054963_81.fna",98.29,1.71
"3300054963_83.fna",99.09,3.82
"3300054963_60.fna",97.28,0.85
"3300054963_85.fna",97.48,1.68
"3300054963_42.fna",94.61,2.59
"3300054963_40.fna",72.98,0.97
"3300054963_84.fna",96.76,0.93
"3300054964_79.fna",92.54,3.36
"3300054964_74.fna",91.59,0
"3300054964_1.fna",71.62,2.62
"3300054964_38.fna",92.23,2.91
"3300054964_70.fna",91.01,3.49
"3300054964_80.fna",91.89,0.45
"3300054964_10.fna",84.77,3.36
"3300054964_12.fna",85.31,1.98
"3300054964_8.fna",93.3,1.23
"3300054964_87.fna",82.21,1.73
"3300054964_81.fna",81.57,4.47
"3300054964_85.fna",95.47,1.07
"3300054964_28.fna",88.58,1.85
"3300054964_29.fna",98.68,5.06
"3300054964_3.fna",74.27,2.4
"3300054964_30.fna",97.39,0.87
"3300054964_32.fna",93.4,2.64
"3300054964_34.fna",95.71,2.43
"3300054964_35.fna",95.63,1.94
"3300054964_36.fna",96.58,0.85
"3300054964_37.fna",97.09,7.78
"3300054964_39.fna",82.79,3.16
"3300054964_4.fna",77.49,1.28
"3300054964_27.fna",97.19,0.78
"3300054964_42.fna",92.59,1.11
"3300054964_45.fna",75,0
"3300054964_47.fna",90.03,2.74
"3300054964_48.fna",96.76,0
"3300054964_50.fna",81.93,0.85
"3300054964_51.fna",85.09,9.69
"3300054964_20.fna",99.4,1.82
"3300054964_54.fna",93.07,0.17
"3300054964_57.fna",79.33,1.6
"3300054964_40.fna",77.22,0.08
"3300054964_64.fna",90.9,1.87
"3300054964_93.fna",94.07,1.09
"3300054964_24.fna",84.76,3.85
"3300054964_18.fna",98.15,0.93
"3300054964_2.fna",72.22,0.93
"3300054964_26.fna",84.94,6.14
"3300054964_13.fna",85.8,1.75
"3300054964_89.fna",94.62,0.86
"3300054964_6.fna",81.77,0
"3300054964_22.fna",82.07,5.06
"3300054964_21.fna",80.27,0.13
"3300054964_9.fna",84.78,1.71
"3300054964_23.fna",98.81,2.06
"3300054965_48.fna",96.58,1.71
"3300054965_49.fna",94.63,3.95
"3300054965_5.fna",96.23,0.87
"3300054965_47.fna",100,1.52
"3300054965_11.fna",75.04,5.41
"3300054965_22.fna",96.49,0
"3300054965_16.fna",85.37,3.96
"3300054965_18.fna",98.35,6.67
"3300054965_12.fna",96.58,2.14
"3300054965_14.fna",89.34,3.42
"3300054965_38.fna",87.05,7.26
"3300054965_23.fna",95.05,4.4
"3300054965_20.fna",98.04,2.49
"3300054965_21.fna",93.52,0.19
"3300054965_46.fna",87.56,2.34
"3300054965_29.fna",88.79,0.86
"3300054965_31.fna",94.06,3.8
"3300054965_32.fna",80.26,3.96
"3300054965_33.fna",82.9,2.71
"3300054965_35.fna",72.04,0.64
"3300054965_36.fna",83,7.79
"3300054965_54.fna",95.17,1.99
"3300054965_39.fna",77.01,0
"3300054965_24.fna",96.2,2.32
"3300054965_27.fna",98.52,2.03
"3300054965_28.fna",96.37,5.98
"3300054965_7.fna",96.64,1.68
"3300054965_52.fna",95.71,6.93
"3300054965_53.fna",97.52,0.99
"3300054965_44.fna",77.94,0
"3300054965_51.fna",96.74,4.7
"3300054965_40.fna",87.82,7.98
"3300054965_42.fna",78.6,2.81
"3300054965_58.fna",88.39,2.39
"3300054965_59.fna",82.93,0
"3300054965_45.fna",79.17,1.71
"3300054965_6.fna",85.52,6.18
"3300054966_63.fna",97.01,1.28
"3300054966_59.fna",97.73,5.98
"3300054966_22.fna",95.63,0.97
"3300054966_1.fna",91.09,6.15
"3300054966_10.fna",83.96,1.73
"3300054966_12.fna",95.45,3.41
"3300054966_55.fna",82.09,3.21
"3300054966_17.fna",95.87,2.19
"3300054966_19.fna",93.16,1.8
"3300054966_21.fna",92.74,4.29
"3300054966_23.fna",77.14,1.71
"3300054966_25.fna",74.35,0
"3300054966_46.fna",93.1,1.88
"3300054966_54.fna",72.28,1.1
"3300054966_36.fna",96.59,2.91
"3300054966_37.fna",97.72,1.88
"3300054966_38.fna",95.73,1.71
"3300054966_40.fna",77.28,3.43
"3300054966_41.fna",95.3,2.56
"3300054966_43.fna",96.7,3.17
"3300054966_45.fna",93.65,0.07
"3300054966_68.fna",86.11,3.56
"3300054966_47.fna",99.13,1.74
"3300054966_48.fna",89.07,5.13
"3300054966_49.fna",95.63,0.97
"3300054966_33.fna",94.59,1.28
"3300054966_79.fna",75.06,0
"3300054966_72.fna",95.35,3.57
"3300054966_67.fna",94.72,8.1
"3300054966_5.fna",94.35,2.99
"3300054966_69.fna",78.48,1.73
"3300054966_78.fna",79.81,0.93
"3300054966_51.fna",98.86,5.13
"3300054967_57.fna",93.87,0
"3300054967_55.fna",95.35,4.32
"3300054967_56.fna",82.35,1.35
"3300054967_3.fna",100,0.85
"3300054967_58.fna",96.43,1.59
"3300054967_63.fna",97.22,0.85
"3300054967_15.fna",75.91,3.96
"3300054967_16.fna",81.61,0.84
"3300054967_18.fna",95.95,5.27
"3300054967_53.fna",83.91,4.55
"3300054967_2.fna",98.06,1.94
"3300054967_85.fna",96.53,2.56
"3300054967_30.fna",100,1.94
"3300054967_28.fna",87.68,3.96
"3300054967_13.fna",91.45,1.92
"3300054967_37.fna",85.28,1.14
"3300054967_38.fna",80.86,2.18
"3300054967_39.fna",96.96,3.04
"3300054967_42.fna",92.41,4.55
"3300054967_43.fna",99.15,1.28
"3300054967_46.fna",93.63,4.18
"3300054967_49.fna",89.55,6.09
"3300054967_5.fna",84.58,2.56
"3300054967_50.fna",98.08,5.7
"3300054967_34.fna",91.36,2.2
"3300054967_36.fna",91.42,3.67
"3300054967_71.fna",95.21,0.99
"3300054967_73.fna",89.09,2.91
"3300054967_75.fna",89.09,6.09
"3300054967_76.fna",96.51,1.62
"3300054967_79.fna",98.35,6.34
"3300054967_64.fna",98.25,0.88
"3300054967_65.fna",94.88,1.49
"3300054967_66.fna",90.95,2.69
"3300054967_68.fna",99.09,0
"3300054967_69.fna",99.03,1.94
"3300054967_51.fna",91.67,2.5
"3300054967_52.fna",85.19,2.16
"3300054967_89.fna",95.8,2.52
"3300054967_9.fna",77.78,7
"3300054967_90.fna",96.51,2.33
"3300054967_91.fna",93.49,1.33
"3300054967_92.fna",94.25,5.18
"3300054967_93.fna",86.68,0.53
"3300054967_8.fna",92.39,2.29
"3300054967_82.fna",92.9,1.29
"3300054967_83.fna",94.44,0
"3300054967_84.fna",78.83,3.87
"3300054967_7.fna",75.74,1.93
"3300054967_87.fna",91.68,1.91
"3300054967_11.fna",90.33,1.71
"3300054967_10.fna",79.54,2.19
"3300054967_94.fna",84.46,6.14
"3300054967_88.fna",100,1.82
"3300054984_50.fna",100,1.71
"3300054984_24.fna",89.64,2.74
"3300054984_25.fna",96.6,2.05
"3300054984_26.fna",89.65,0.93
"3300054984_12.fna",91.67,1.75
"3300054984_13.fna",92.02,3.16
"3300054984_15.fna",99.15,0.85
"3300054984_19.fna",88.06,3.78
"3300054984_21.fna",79.29,7.45
"3300054984_78.fna",92.07,2.44
"3300054984_81.fna",76.22,1.77
"3300054984_82.fna",87.86,9.03
"3300054984_84.fna",95.45,2.91
"3300054984_86.fna",94.1,5.74
"3300054984_30.fna",88.94,2.81
"3300054984_31.fna",92.73,4.15
"3300054984_33.fna",94.39,4.41
"3300054984_34.fna",92.69,2.26
"3300054984_16.fna",94.63,0.95
"3300054984_17.fna",95.45,5
"3300054984_18.fna",75.18,0.42
"3300054984_98.fna",71.78,4.5
"3300054984_39.fna",93.73,0.99
"3300054984_4.fna",72.44,1.75
"3300054984_41.fna",100,2.77
"3300054984_42.fna",93.96,4.44
"3300054984_46.fna",97.39,3.48
"3300054984_48.fna",95.73,1.71
"3300054984_49.fna",71.29,1.19
"3300054984_72.fna",71.79,0.85
"3300054984_52.fna",96.21,2.59
"3300054984_53.fna",94.31,1.97
"3300054984_96.fna",81.52,4.57
"3300054984_57.fna",79.24,4.7
"3300054984_58.fna",93.01,2.18
"3300054984_59.fna",78.84,1.94
"3300054984_6.fna",92.45,2.56
"3300054984_62.fna",91.66,3.39
"3300054984_66.fna",100,1.71
"3300054984_67.fna",87.57,1.39
"3300054984_7.fna",92.72,0
"3300054984_89.fna",99.79,0
"3300054984_73.fna",95.8,4.2
"3300054984_74.fna",94.62,1.26
"3300054984_55.fna",93.56,1.09
"3300054984_95.fna",87.3,0.74
"3300054984_37.fna",71.95,0.99
"3300054984_9.fna",91.24,0.85
"3300054984_75.fna",96.63,0.96
"3300054984_94.fna",94.06,1.94
"3300054984_90.fna",98.35,7
"3300054984_35.fna",83.92,2.16
"3300054984_92.fna",97.06,0
"3300054984_91.fna",73.57,1.29
"3300054985_54.fna",95.52,0.25
"3300054985_22.fna",83.24,3.36
"3300054985_53.fna",92.57,0.68
"3300054985_12.fna",96.58,2.14
"3300054985_58.fna",96.59,1.68
"3300054985_18.fna",96.59,4.75
"3300054985_19.fna",89.92,1.96
"3300054985_14.fna",92.31,1.85
"3300054985_81.fna",97.86,2.99
"3300054985_23.fna",98.15,0
"3300054985_2.fna",92.68,2.17
"3300054985_5.fna",74.69,0
"3300054985_11.fna",89.51,3.09
"3300054985_30.fna",91.76,2.14
"3300054985_31.fna",91.45,0
"3300054985_34.fna",90.27,0
"3300054985_35.fna",94.78,1.54
"3300054985_4.fna",93.51,1.21
"3300054985_40.fna",99.17,7.26
"3300054985_41.fna",97.39,0.87
"3300054985_42.fna",86.27,1.6
"3300054985_43.fna",95.73,3.42
"3300054985_24.fna",90.26,1.85
"3300054985_1.fna",83.6,1.68
"3300054985_29.fna",96.64,0.84
"3300054985_70.fna",83.64,4.56
"3300054985_73.fna",74.27,0
"3300054985_75.fna",100,0.85
"3300054985_76.fna",96.64,1.18
"3300054985_59.fna",83.33,1.55
"3300054985_6.fna",90.74,1.11
"3300054985_60.fna",95.73,1.71
"3300054985_63.fna",97.84,1.47
"3300054985_65.fna",92.09,1.71
"3300054985_47.fna",91.12,0
"3300054985_27.fna",90.56,3.7
"3300054985_69.fna",95.21,4.15
"3300054985_87.fna",81.4,0
"3300054985_9.fna",93.59,1.28
"3300054985_79.fna",80.84,0
"3300054985_80.fna",93.87,1.6
"3300054985_77.fna",95.29,3.66
"3300054985_78.fna",91.75,3.96
"3300054985_48.fna",98.26,0.79
"3300054985_84.fna",92.52,2.74
"3300054985_82.fna",83.47,0.81
"3300054985_83.fna",88.28,1.61
"3300054986_16.fna",98.06,1.81
"3300054986_9.fna",76.07,2.26
"3300054986_17.fna",96.76,4.09
"3300054986_10.fna",99.57,0.43
"3300054986_100.fna",80.81,2.69
"3300054986_101.fna",94.09,1.14
"3300054986_99.fna",90.26,1.71
"3300054986_104.fna",79.64,2.73
"3300054986_106.fna",70.09,1.01
"3300054986_102.fna",86,0.31
"3300054986_119.fna",91.82,0.1
"3300054986_120.fna",77.59,1.72
"3300054986_63.fna",99.4,0.6
"3300054986_64.fna",89.63,4.2
"3300054986_65.fna",98.37,0
"3300054986_66.fna",97.85,0
"3300054986_18.fna",97.25,2.75
"3300054986_19.fna",84.91,0
"3300054986_2.fna",95.45,1.82
"3300054986_20.fna",100,1.67
"3300054986_21.fna",94.4,2.59
"3300054986_107.fna",95.73,0.08
"3300054986_109.fna",99.51,0.49
"3300054986_117.fna",94.97,0.86
"3300054986_118.fna",91.21,2.26
"3300054986_79.fna",94.42,0
"3300054986_8.fna",97.58,0.1
"3300054986_80.fna",97.86,0.85
"3300054986_83.fna",98.29,1.71
"3300054986_87.fna",94.04,0
"3300054986_39.fna",81.29,2.99
"3300054986_90.fna",97.27,2.73
"3300054986_78.fna",72.16,2.62
"3300054986_94.fna",99.28,0
"3300054986_98.fna",94.53,1.15
"3300054986_1.fna",77.55,1.71
"3300054986_49.fna",92.41,0
"3300054986_52.fna",80.63,3.04
"3300054986_55.fna",77.09,3.49
"3300054986_56.fna",97.8,3.3
"3300054986_57.fna",87.61,3.1
"3300054986_59.fna",95.74,0.48
"3300054986_6.fna",93.58,2.7
"3300054986_60.fna",92.82,0.02
"3300054986_62.fna",93.21,0.93
"3300054986_27.fna",88.03,0.85
"3300054986_67.fna",90.24,0.61
"3300054986_68.fna",93.22,3.41
"3300054986_69.fna",96.15,3.42
"3300054986_7.fna",92.53,0.1
"3300054986_61.fna",89.94,3.77
"3300054986_47.fna",89.15,0
"3300054986_48.fna",84.05,3.3
"3300054986_37.fna",81.78,1.71
"3300054986_33.fna",75.54,2.03
"3300054986_34.fna",97.1,0.72
"3300054986_40.fna",94.02,1.13
"3300054986_77.fna",76.43,7.59
"3300054986_4.fna",95.7,3.14
"3300054986_71.fna",99.54,0.88
"3300054986_23.fna",90.95,1.8
"3300054986_76.fna",96.93,0
"3300054986_74.fna",93.17,0.82
"3300054987_4.fna",92.75,2.93
"3300054987_47.fna",97.45,1.21
"3300054987_21.fna",94.44,5.56
"3300054987_11.fna",99.13,1.74
"3300054987_19.fna",77.51,0.85
"3300054987_20.fna",98.75,8.11
"3300054987_27.fna",98.68,2.18
"3300054987_22.fna",94.96,2.57
"3300054987_25.fna",88.47,1.39
"3300054987_55.fna",74.5,1.98
"3300054987_64.fna",89.44,0
"3300054987_67.fna",98.68,3.8
"3300054987_69.fna",84.54,4.2
"3300054987_7.fna",96.58,1.28
"3300054987_48.fna",90.43,9.08
"3300054987_50.fna",94.61,9.64
"3300054987_38.fna",93.75,2.94
"3300054987_57.fna",77.83,0.87
"3300054987_32.fna",70.85,0.46
"3300054987_34.fna",80.44,3.41
"3300054987_63.fna",74.32,1.8
"3300054987_6.fna",81.25,1.28
"3300054987_8.fna",96.51,9.94
"3300054987_59.fna",99.12,0.88
"3300054987_35.fna",89.15,2.56
"3300054987_72.fna",75.96,1.14
"3300055023_47.fna",97.69,0
"3300055023_100.fna",97.39,1.84
"3300055023_49.fna",89.43,1.14
"3300055023_90.fna",78.85,2.24
"3300055023_48.fna",82.82,9.47
"3300055023_10.fna",86.32,0.43
"3300055023_46.fna",86.84,7.69
"3300055023_24.fna",77.49,0.85
"3300055023_26.fna",97.63,2.59
"3300055023_30.fna",91.94,0
"3300055023_31.fna",99.79,0.9
"3300055023_34.fna",88.38,1.57
"3300055023_35.fna",95.13,1.28
"3300055023_36.fna",91.4,6.09
"3300055023_37.fna",86.1,5.26
"3300055023_16.fna",92.45,1.71
"3300055023_18.fna",86.57,0.46
"3300055023_72.fna",95.51,0
"3300055023_73.fna",96.58,1.71
"3300055023_51.fna",93.59,1.28
"3300055023_52.fna",91.75,6.93
"3300055023_55.fna",93.38,0
"3300055023_4.fna",72.34,5.13
"3300055023_42.fna",85.99,3.45
"3300055023_43.fna",91.71,2.24
"3300055023_99.fna",97.38,0.93
"3300055023_81.fna",91.28,9.49
"3300055023_82.fna",95.19,0
"3300055023_87.fna",76.77,8.12
"3300055023_91.fna",76.04,4.27
"3300055023_92.fna",98.29,2.14
"3300055023_93.fna",76.73,3.45
"3300055024_78.fna",91.49,3.5
"3300055024_84.fna",96.86,2.59
"3300055024_50.fna",81.38,0
"3300055024_51.fna",71.65,3.07
"3300055024_52.fna",95.41,0.79
"3300055024_55.fna",96.17,5.28
"3300055024_56.fna",83.33,2.48
"3300055024_62.fna",96.09,0.74
"3300055024_53.fna",96.94,2.9
"3300055024_64.fna",97.85,1.94
"3300055024_65.fna",86.64,1.68
"3300055024_68.fna",94.48,2.01
"3300055024_63.fna",92.83,2.37
"3300055024_71.fna",83.44,1.29
"3300055024_13.fna",97.74,0
"3300055024_14.fna",98.38,5.19
"3300055024_15.fna",98.5,0.85
"3300055024_87.fna",98.34,4.1
"3300055024_90.fna",89.72,2.93
"3300055024_91.fna",96.58,0.85
"3300055024_92.fna",98.68,2.97
"3300055024_93.fna",99.19,2.1
"3300055024_95.fna",97.7,1.15
"3300055024_96.fna",90.35,2.56
"3300055024_70.fna",95.81,1.29
"3300055024_33.fna",98.4,4.33
"3300055024_36.fna",78.91,5.49
"3300055024_38.fna",91.33,5.18
"3300055024_4.fna",99.01,1.13
"3300055024_40.fna",71.97,2.27
"3300055024_41.fna",83.49,1.12
"3300055024_42.fna",97.25,1.64
"3300055024_43.fna",73.35,1.75
"3300055024_47.fna",94.74,0.88
"3300055024_31.fna",92.1,7.73
"3300055024_5.fna",95.37,3.01
"3300055024_1.fna",77.7,0.06
"3300055024_10.fna",91.95,1.72
"3300055024_100.fna",81.84,1.71
"3300055024_11.fna",97.84,1.29
"3300055024_110.fna",93.87,1.13
"3300055024_112.fna",81.48,1.22
"3300055024_113.fna",86.37,3.87
"3300055024_114.fna",79.88,2.73
"3300055024_22.fna",97.68,1.87
"3300055024_49.fna",98.93,0.85
"3300055024_12.fna",93.68,1.72
"3300055024_97.fna",71.76,6.45
"3300055024_29.fna",99,0
"3300055024_16.fna",97.86,1.71
"3300055024_19.fna",97.26,8.52
"3300055024_20.fna",95.54,4.4
"3300055024_24.fna",80.74,1.18
"3300055047_57.fna",84.93,2.62
"3300055047_55.fna",93.44,0
"3300055047_2.fna",95.94,0.93
"3300055047_48.fna",74.98,3.64
"3300055047_100.fna",81.17,2.99
"3300055047_12.fna",97.37,4.39
"3300055047_13.fna",96.65,1.12
"3300055047_17.fna",96.72,1.91
"3300055047_10.fna",76.72,2.56
"3300055047_25.fna",87.27,1.64
"3300055047_29.fna",87.32,2.88
"3300055047_3.fna",95.8,1.45
"3300055047_31.fna",74.02,5.91
"3300055047_34.fna",86.66,4.25
"3300055047_38.fna",89.84,1.43
"3300055047_39.fna",97.98,3.03
"3300055047_22.fna",94.76,2.96
"3300055047_23.fna",78.94,0.84
"3300055047_69.fna",90.11,2.84
"3300055047_72.fna",90.59,5.62
"3300055047_75.fna",88.37,0
"3300055047_76.fna",96.48,1.25
"3300055047_59.fna",95.11,0.67
"3300055047_61.fna",88.71,1.68
"3300055047_62.fna",75.52,3.96
"3300055047_65.fna",92.4,1.49
"3300055047_42.fna",89.51,4.91
"3300055047_44.fna",79.61,0.97
"3300055047_46.fna",85.84,1.47
"3300055047_67.fna",87.78,3.5
"3300055047_87.fna",84.04,9.09
"3300055047_88.fna",95.45,0
"3300055047_99.fna",71.73,0
"3300055047_92.fna",79.34,6.84
"3300055048_35.fna",93.25,2.59
"3300055048_36.fna",96.59,0
"3300055048_39.fna",97.88,3.55
"3300055048_40.fna",98.72,1.64
"3300055048_77.fna",98.42,2.06
"3300055048_10.fna",93.98,1.85
"3300055048_16.fna",93.16,0.85
"3300055048_18.fna",89.36,3.53
"3300055048_33.fna",99.15,0
"3300055048_22.fna",94.6,0.93
"3300055048_23.fna",94.52,3.42
"3300055048_25.fna",88.7,2.17
"3300055048_21.fna",90.76,2.14
"3300055048_27.fna",98.19,1.13
"3300055048_28.fna",95.73,1.71
"3300055048_30.fna",97.84,1.62
"3300055048_26.fna",88.39,3.42
"3300055048_1.fna",74.03,0.05
"3300055048_63.fna",71.2,2.42
"3300055048_65.fna",88.03,1.47
"3300055048_66.fna",96.26,0.86
"3300055048_68.fna",97.75,3.02
"3300055048_69.fna",94.33,3.67
"3300055048_51.fna",92.72,1.46
"3300055048_53.fna",81.14,2.8
"3300055048_31.fna",86.7,1.7
"3300055048_32.fna",83.76,5.3
"3300055048_57.fna",93.99,1.64
"3300055048_58.fna",94.91,0.93
"3300055048_6.fna",85.69,2.38
"3300055048_71.fna",93.76,2.2
"3300055048_76.fna",97.01,3.42
"3300055048_7.fna",88.15,6.14
"3300055048_9.fna",94.55,1.82
"3300055048_60.fna",94.24,7.59
"3300055048_54.fna",98.4,0.08
"3300055048_55.fna",99.67,0.99
"3300055048_56.fna",72.69,2.82
"3300055049_40.fna",98.1,1.42
"3300055049_41.fna",96.12,5.17
"3300055049_30.fna",96.67,1.71
"3300055049_4.fna",96.7,0.86
"3300055049_19.fna",95.37,0
"3300055049_22.fna",93.59,5.13
"3300055049_23.fna",71.29,0
"3300055049_24.fna",93.85,1.71
"3300055049_25.fna",77.43,3.88
"3300055049_27.fna",79.87,0.99
"3300055049_28.fna",96.61,5.35
"3300055049_48.fna",88.46,1.72
"3300055049_32.fna",91.76,1.37
"3300055049_11.fna",91.24,1.71
"3300055049_37.fna",99.95,2.56
"3300055049_54.fna",90.75,5.32
"3300055049_56.fna",94.02,8.97
"3300055049_6.fna",92.74,5.13
"3300055049_7.fna",80.2,3.42
"3300055049_45.fna",98.85,0.8
"3300055049_47.fna",99.47,3.52
"3300055049_5.fna",79.65,3.16
"3300055049_15.fna",72.43,0
"3300055049_35.fna",99.12,2.82
"3300055049_18.fna",85.49,4.31
"3300055049_51.fna",98.28,1.72
"3300055049_8.fna",90.57,4.57
"3300055099_62.fna",88.07,2.14
"3300055099_12.fna",96.6,4.4
"3300055099_6.fna",81.15,6.9
"3300055099_86.fna",91.67,6.9
"3300055099_2.fna",96.17,1.37
"3300055099_14.fna",96.29,1.39
"3300055099_53.fna",98.9,2.2
"3300055099_31.fna",85.68,4.7
"3300055099_32.fna",74.67,1.38
"3300055099_33.fna",83.52,3.3
"3300055099_36.fna",77.92,6.41
"3300055099_37.fna",73.69,1.1
"3300055099_38.fna",97.58,3.48
"3300055099_39.fna",88.72,1.71
"3300055099_40.fna",88.81,2.07
"3300055099_23.fna",83.83,0.99
"3300055099_24.fna",73.78,1.64
"3300055099_27.fna",93.75,0
"3300055099_30.fna",83.26,1.42
"3300055099_5.fna",97.36,0.45
"3300055099_77.fna",96.52,0
"3300055099_78.fna",81.29,6.84
"3300055099_79.fna",91.88,2.67
"3300055099_63.fna",95.36,1.16
"3300055099_65.fna",97.09,2.91
"3300055099_66.fna",78.76,3.9
"3300055099_7.fna",94.3,5.48
"3300055099_43.fna",98.37,5.46
"3300055099_47.fna",97.58,1.37
"3300055099_48.fna",97.67,1.16
"3300055099_49.fna",82.54,3.25
"3300055099_83.fna",100,0.49
"3300055099_84.fna",94.65,2.14
"3300055099_8.fna",96.15,5.13
"3300055099_87.fna",95.43,3.1
"3300055099_89.fna",84.55,3.09
"3300055099_9.fna",96.27,1.16
"3300055099_90.fna",75.16,0.94
"3300055099_91.fna",79.76,0
"3300055099_75.fna",85.75,0.85
"3300055099_74.fna",94.67,0
"3300055239_67.fna",70.58,3.32
"3300055239_213.fna",73.09,3.74
"3300055239_57.fna",79.9,5.49
"3300055239_155.fna",79.07,3.87
"3300055239_16.fna",94.96,0
"3300055239_69.fna",76.12,1.1
"3300055239_73.fna",97.95,2.19
"3300055239_74.fna",71.03,8.62
"3300055239_18.fna",83.07,2.19
"3300055239_184.fna",89.22,8.32
"3300055239_187.fna",88.93,3.28
"3300055239_194.fna",75.73,6.36
"3300055239_196.fna",71.53,7.55
"3300055239_197.fna",79.85,5.28
"3300055239_199.fna",82.96,3.65
"3300055239_137.fna",89.83,5.19
"3300055239_204.fna",73.45,1.72
"3300055239_207.fna",75.33,6.03
"3300055239_208.fna",75.57,2.14
"3300055239_212.fna",70.52,3.51
"3300055239_104.fna",85.68,9.83
"3300055239_109.fna",99.74,0.25
"3300055239_117.fna",79.64,1.74
"3300055239_118.fna",91.69,1.3
"3300055239_138.fna",90.11,6.04
"3300055239_14.fna",73.28,5.17
"3300055239_141.fna",93.41,5.86
"3300055239_96.fna",90.54,3.85
"3300055239_97.fna",84.36,7.75
"3300055239_174.fna",97.3,5.32
"3300055239_85.fna",72.86,0.85
"3300055239_168.fna",70.52,3.3
"3300055239_82.fna",83.08,9.4
"3300055239_178.fna",90.91,2.38
"3300055239_171.fna",96.72,0.85
"3300055239_173.fna",95.39,4.27
"3300055240_67.fna",71.68,1.71
"3300055240_74.fna",83.68,9.01
"3300055240_123.fna",70.11,1.99
"3300055240_112.fna",74.23,1.1
"3300055240_119.fna",71.59,4
"3300055240_121.fna",77.07,4.71
"3300055240_21.fna",91.55,2.7
"3300055240_25.fna",83.54,7.41
"3300055240_29.fna",74.74,2.26
"3300055240_31.fna",79.36,1.36
"3300055240_85.fna",83.02,1.83
"3300055240_41.fna",91.22,0.88
"3300055240_14.fna",77.45,1.6
"3300055240_15.fna",76.61,2.14
"3300055240_16.fna",89.29,1.84
"3300055240_18.fna",77.64,3.58
"3300055240_56.fna",96.58,5.56
"3300055240_81.fna",91.48,3.16
"3300055240_79.fna",93.73,4.91
"3300055240_49.fna",82.16,7.82
"3300055240_50.fna",84.9,5.13
"3300055240_96.fna",90.89,4.58
"3300059421_12.fna",75.62,6.69
"3300060353_26.fna",83.08,0.65
"3300060353_79.fna",71.68,1.89
"3300060353_8.fna",95.67,2.41
"3300060353_103.fna",73.41,2.89
"3300060353_19.fna",76.28,3.3
"3300060353_27.fna",75.19,1.74
"3300060353_35.fna",89.27,7.12
"3300060353_36.fna",80.9,7.37
"3300060353_39.fna",88.94,5.16
"3300060353_48.fna",97.17,5.98
"3300060353_56.fna",74.93,2.85
"3300060353_58.fna",75.34,6.84
"3300060353_9.fna",71.77,0.97
"3300060353_64.fna",84.31,1.72
"3300060353_7.fna",87.61,9.32
"3300060353_75.fna",93.86,3.07
"3300060353_84.fna",83.62,0.86
"3300060353_80.fna",78.79,3.25
"3300060353_95.fna",81.64,2.17
"3300060353_98.fna",78.1,2.56
"3300062717_33.fna",73.84,2.19
"3300062717_12.fna",83.14,5.13
"3300062717_20.fna",83.58,2.27
"3300062717_21.fna",74.14,0.86
"3300062776_107.fna",76.96,1.71
"3300062776_127.fna",95.52,0.86
"3300062776_119.fna",89.46,3.33
"3300062776_154.fna",74.47,2.75
"3300062776_22.fna",82.89,3.38
"3300062776_23.fna",86.03,1.23
"3300062776_25.fna",73.01,4.69
"3300062776_14.fna",99.21,1.93
"3300062776_146.fna",99.25,2.47
"3300062776_148.fna",75.86,0
"3300062776_35.fna",94.97,9.77
"3300062776_37.fna",71.19,1.72
"3300062776_38.fna",72.07,6.9
"3300062776_45.fna",86.74,0.68
"3300062776_59.fna",79.44,2.4
"3300062776_26.fna",96.58,1.28
"3300062776_32.fna",92.91,3.41
"3300062776_34.fna",73.93,3.68
"3300062776_101.fna",71.5,2.09
"3300062776_102.fna",89.66,0.43
"3300062776_9.fna",96.49,3.28
"3300062776_95.fna",97.56,5.06
"3300062776_96.fna",95.18,4.01
"3300062776_72.fna",79.02,0.26
"3300062776_88.fna",97.36,0.05
"3300062776_78.fna",87.67,4.16
"3300062776_82.fna",79.51,1.6
"3300062776_83.fna",99.28,0.36
"3300062776_89.fna",94.81,9.84
"3300062777_15.fna",93.97,1.38
"3300062777_10.fna",94.56,0.66
"3300062777_4.fna",82.22,2.73
"3300062777_6.fna",79.03,9.15
"3300062777_20.fna",77.88,2.74
"3300062777_22.fna",91.88,2.51
"3300062777_17.fna",81.07,3.88
"3300062783_9.fna",89.74,5.17
"3300062783_21.fna",99.61,0.7
"3300062783_22.fna",84.15,2.88
"3300062783_31.fna",95.85,0.85
"3300062783_6.fna",93.3,0.91
"3300062783_34.fna",82.51,1.3
"3300062783_37.fna",98.29,1.28
"3300062783_4.fna",84.41,0.68
"3300062784_26.fna",79.87,4.32
"3300062784_3.fna",71.52,2.73
"3300062784_42.fna",80.32,3.64
"3300062784_8.fna",73.18,0.64
"3300062784_9.fna",99.32,2.03
"3300062784_31.fna",85.32,1.62
"3300062784_34.fna",80.17,5.17
"3300062784_54.fna",74.14,3.45
"3300062784_51.fna",73.91,9.84
"3300062785_29.fna",82.87,1.99
"3300062785_39.fna",72.52,8.55
"3300062785_43.fna",100,1.28
"3300062785_20.fna",92.44,4.7
"3300062785_26.fna",96.12,1.72
"3300062785_27.fna",89.65,3.75
"3300062786_30.fna",83.33,2.15
"3300062786_49.fna",85.62,1.01
"3300062786_56.fna",97.04,1.62
"3300062786_3.fna",92.59,5.59
"3300062786_8.fna",75.48,1.73
"3300062786_57.fna",98.6,8.53
"3300062787_2.fna",97.78,1.13
"3300062787_23.fna",93.97,0
"3300062787_25.fna",95.26,0.95
"3300062787_7.fna",98.34,3.36
"3300062787_39.fna",90.6,5.13
"3300062787_43.fna",91.52,2.01
"3300062792_102.fna",87.2,5.35
"3300062792_112.fna",96.93,4.71
"3300062792_113.fna",97.27,4.24
"3300062792_79.fna",97.41,2.59
"3300062792_10.fna",71.4,1.23
"3300062792_101.fna",97.66,2.02
"3300062792_30.fna",76.37,2.2
"3300062792_33.fna",87.14,8.43
"3300062792_34.fna",85.19,2.56
"3300062792_35.fna",77.21,0.72
"3300062792_116.fna",87.58,0.18
"3300062792_16.fna",96.58,1.28
"3300062792_18.fna",94.83,5.17
"3300062792_26.fna",100,1.28
"3300062792_29.fna",77.48,2.46
"3300062792_51.fna",97.27,0.91
"3300062792_53.fna",95.89,0.68
"3300062792_54.fna",76.88,0
"3300062792_55.fna",82.88,6.13
"3300062792_57.fna",99.34,0.89
"3300062792_7.fna",72.28,0
"3300062792_73.fna",96.17,4.82
"3300062792_78.fna",77.87,1.49
"3300062792_47.fna",88.78,4.22
"3300062792_83.fna",90.29,6.49
"3300062792_84.fna",76.58,0.43
"3300062792_85.fna",70.62,3.19
"3300062792_92.fna",79.02,4.89
"3300062792_94.fna",93.88,1.33
"3300062792_98.fna",75.92,4.38
"3300062792_46.fna",78.81,1.55
"3300062792_48.fna",77.6,0.8
"3300062792_38.fna",72.91,0.18
"3300062793_26.fna",96.04,2.92
"3300062793_4.fna",83.33,2.21
"3300062793_5.fna",97.75,1.38
"3300062793_50.fna",71.55,0.86
"3300062793_40.fna",93.39,4.6
"3300062793_18.fna",85.51,6.63
"3300062793_58.fna",92.48,3.28
"3300062793_27.fna",70.85,5.27
"3300062793_66.fna",79.17,2.19
"3300062793_73.fna",95.63,1.31
"3300062793_74.fna",99.6,0
"3300062793_76.fna",74.14,5.56
"3300062793_51.fna",72.82,7.02
"3300062793_56.fna",76.34,2.27
"3300062793_6.fna",70.18,3.23
"3300062794_14.fna",91.38,0.93
"3300062794_15.fna",80.43,2.35
"3300062794_19.fna",80.4,0.86
"3300062794_38.fna",88,1.14
"3300062794_10.fna",99.78,0.67
"3300062794_6.fna",82.61,2.15
"3300062794_71.fna",71.68,1.96
"3300062794_78.fna",99.07,3.04
"3300062794_80.fna",72.68,2.05
"3300062794_81.fna",87.43,6.65
"3300062794_44.fna",81.86,1.72
"3300062794_48.fna",70.65,0.69
"3300062794_50.fna",99.57,2.56
"3300062794_52.fna",76.94,3.15
"3300062794_89.fna",73.42,2.62
"3300062794_68.fna",81.01,5.54
"3300062794_95.fna",94.68,1.28
"3300062794_96.fna",100,0.43
"3300062794_87.fna",73.16,1.1
"3300062794_83.fna",73.92,2.14
"3300062794_85.fna",89.34,1.58
"3300062794_9.fna",96.01,2.99
"3300062795_103.fna",79.54,5.41
"3300062795_102.fna",97.61,9.5
"3300062795_108.fna",77.5,0.6
"3300062795_107.fna",93.16,1.85
"3300062795_22.fna",77.31,2.99
"3300062795_106.fna",89.83,0.23
"3300062795_32.fna",79.31,0
"3300062795_33.fna",93.03,0.67
"3300062795_38.fna",81.48,0.55
"3300062795_109.fna",72.29,1.88
"3300062795_112.fna",72.58,0.88
"3300062795_17.fna",86.49,1.29
"3300062795_5.fna",78.46,6.27
"3300062795_52.fna",87.28,5.17
"3300062795_55.fna",84.83,0.86
"3300062795_57.fna",97.98,1.44
"3300062795_61.fna",98.32,0
"3300062795_63.fna",95.3,2.14
"3300062795_40.fna",73.6,0.86
"3300062795_41.fna",85.49,0.43
"3300062795_44.fna",89.94,0.69
"3300062795_48.fna",97.97,2.7
"3300062795_79.fna",96.58,1.28
"3300062795_82.fna",93.18,0.12
"3300062795_97.fna",78,1.7
"3300062795_99.fna",97.04,1.79
"3300062795_68.fna",84.25,0.78
"3300062795_75.fna",78.56,4.67
"3300062795_77.fna",86.78,3.42
"3300062795_72.fna",75.99,6.84
"3300062796_12.fna",95.87,0
"3300062796_29.fna",80.51,6.13
"3300062796_2.fna",75.37,2.29
"3300062796_40.fna",89.77,7.1
"3300062796_46.fna",77.88,3.95
"3300062796_48.fna",79.49,2.73
"3300062796_50.fna",97.97,3.51
"3300062796_20.fna",78.3,3.42
"3300062796_26.fna",79.3,2.98
"3300062796_28.fna",97.99,1.12
"3300062796_59.fna",94.09,1.08
"3300062796_35.fna",96.61,6.05
"3300062796_70.fna",82.04,3.92
"3300062796_71.fna",97.88,2.61
"3300062796_72.fna",95.1,1.89
"3300062796_51.fna",98.13,0
"3300062796_53.fna",93.24,5.15
"3300062796_56.fna",92.16,3.58
"3300062796_69.fna",72.57,3.87
"3300062797_2.fna",93.96,3.3
"3300062797_13.fna",75.26,8.83
"3300062797_133.fna",98.9,5.49
"3300062797_136.fna",92.47,1.08
"3300062797_138.fna",92.82,0
"3300062797_134.fna",98.03,0
"3300062797_135.fna",98.61,2.04
"3300062797_19.fna",74.69,1.1
"3300062797_70.fna",77.58,9.73
"3300062797_54.fna",75.09,4.72
"3300062797_58.fna",86.92,2.2
"3300062797_62.fna",84.03,7.47
"3300062797_142.fna",84.39,2.04
"3300062797_7.fna",98.65,2.25
"3300062797_74.fna",77.54,4.54
"3300062797_85.fna",82.04,5.12
"3300062797_1.fna",81.15,3.13
"3300062797_66.fna",97.6,2.35
"3300062797_117.fna",95.87,0.03
"3300062798_39.fna",97.85,2.69
"3300062798_14.fna",98.29,3.42
"3300062798_15.fna",74.14,0
"3300062798_56.fna",76.17,9.91
"3300062798_57.fna",87.85,5.13
"3300062798_23.fna",98.85,2.3
"3300062798_33.fna",70.3,2.26
"3300062798_41.fna",74.43,5.9
"3300062798_49.fna",89.16,2.61
"3300062798_4.fna",84.94,0.91
"3300062799_108.fna",77.93,1.72
"3300062799_100.fna",92.35,1.4
"3300062799_105.fna",89.98,6.36
"3300062799_130.fna",78.98,1.62
"3300062799_112.fna",83.33,0.19
"3300062799_113.fna",93.82,1.61
"3300062799_115.fna",84.94,5.68
"3300062799_125.fna",84.53,3.07
"3300062799_127.fna",99.07,1.55
"3300062799_159.fna",84.9,3.41
"3300062799_149.fna",86.85,4.6
"3300062799_15.fna",80.05,5.1
"3300062799_151.fna",97.27,1.9
"3300062799_153.fna",70.69,3.45
"3300062799_155.fna",86.87,8.25
"3300062799_28.fna",86.26,3.3
"3300062799_36.fna",96.56,1.99
"3300062799_37.fna",92.71,4.19
"3300062799_44.fna",94.62,3.23
"3300062799_48.fna",98.81,0.41
"3300062799_49.fna",95.19,2.22
"3300062799_51.fna",76.06,1.24
"3300062799_52.fna",74.76,1.72
"3300062799_54.fna",93.5,3.42
"3300062799_82.fna",95.54,2.3
"3300062799_59.fna",71.14,2.78
"3300062799_60.fna",98.92,3.76
"3300062799_63.fna",97.8,3.3
"3300062799_66.fna",97.73,3.41
"3300062799_69.fna",71.64,1.82
"3300062799_72.fna",90.3,3.93
"3300062799_74.fna",74.86,2.34
"3300062799_85.fna",83.26,2.37
"3300062799_89.fna",76.72,0
"3300062799_91.fna",92.84,2.73
"3300062799_94.fna",90.86,1.08
"3300062799_166.fna",73.94,2.32
"3300062799_18.fna",86.55,4.49
"3300062799_25.fna",99.3,0.78
"3300062799_24.fna",95.45,3.41
"3300062800_25.fna",87.63,3.23
"3300062800_12.fna",96.24,0.7
"3300062800_8.fna",97.52,9.23
"3300062800_19.fna",90.31,6.19
"3300062800_23.fna",72.52,2.94
"3300062800_44.fna",84.49,3.64
"3300062801_100.fna",73.17,5.62
"3300062801_106.fna",85.22,1.4
"3300062801_103.fna",96.23,1.46
"3300062801_104.fna",96.36,1.82
"3300062801_105.fna",91.09,0.44
"3300062801_31.fna",93.25,4.94
"3300062801_34.fna",81.03,3.45
"3300062801_35.fna",100,2.36
"3300062801_13.fna",91.59,9.25
"3300062801_14.fna",92.24,0.93
"3300062801_58.fna",80.47,2.2
"3300062801_24.fna",93.14,7.36
"3300062801_29.fna",79.54,2.64
"3300062801_66.fna",98.92,4.3
"3300062801_81.fna",97.52,0.89
"3300062801_39.fna",100,1.19
"3300062801_47.fna",99.75,1.64
"3300062801_50.fna",83.79,2.49
"3300062801_51.fna",77.26,2.27
"3300062801_97.fna",98.39,2.14
"3300062801_63.fna",79.92,0
"3300062801_94.fna",71.14,2.1
"3300062801_89.fna",95.14,6.35
"3300062801_98.fna",86.89,2.58
"3300062802_108.fna",88.17,0.98
"3300062802_106.fna",81.51,1.59
"3300062802_116.fna",94.01,6.93
"3300062802_113.fna",88.37,3.42
"3300062802_115.fna",96.31,0.41
"3300062802_112.fna",99.32,2.7
"3300062802_20.fna",92.25,2.56
"3300062802_21.fna",99.32,2.04
"3300062802_25.fna",81.03,4.08
"3300062802_29.fna",76.74,2.76
"3300062802_32.fna",98.45,0.8
"3300062802_36.fna",81.52,5.6
"3300062802_58.fna",84.88,4.24
"3300062802_62.fna",91.89,0.19
"3300062802_65.fna",87.35,4.4
"3300062802_91.fna",98.32,0
"3300062802_53.fna",73.63,1.1
"3300062802_54.fna",83.06,0.78
"3300062802_102.fna",86.49,1.1
"3300062802_10.fna",98.17,0.81
"3300062803_71.fna",96.14,2.23
"3300062803_42.fna",83.73,5.13
"3300062803_43.fna",72.65,8.12
"3300062803_44.fna",72.41,0
"3300062803_46.fna",97.86,4.49
"3300062803_53.fna",100,1.28
"3300062803_6.fna",84.31,5.75
"3300062803_62.fna",80.46,1.1
"3300062803_70.fna",76.81,0.34
"3300062803_27.fna",91.89,8.54
"3300062803_83.fna",98.4,5.26
"3300062803_84.fna",82.62,5.12
"3300062803_9.fna",72.75,0.85
"3300062803_18.fna",90.97,2.58
"3300062803_21.fna",80.84,3.8
"3300062803_14.fna",95.95,2
"3300062803_28.fna",75.76,1.82
"3300062803_36.fna",72.26,9.4
"3300062805_104.fna",98.01,2.02
"3300062805_76.fna",93.3,6.34
"3300062805_10.fna",88.19,0.17
"3300062805_102.fna",97.73,1.14
"3300062805_21.fna",99.84,0.16
"3300062805_22.fna",95.87,2.96
"3300062805_24.fna",71.93,9.21
"3300062805_32.fna",99.33,0.61
"3300062805_106.fna",72.79,1.55
"3300062805_117.fna",91.27,2.48
"3300062805_118.fna",79.94,4.08
"3300062805_12.fna",96.15,0.15
"3300062805_126.fna",76.67,2.59
"3300062805_17.fna",98.61,2.49
"3300062805_52.fna",87.5,2.61
"3300062805_53.fna",95.35,1.79
"3300062805_59.fna",99.31,1.64
"3300062805_6.fna",73.69,5.13
"3300062805_64.fna",93.24,3.04
"3300062805_66.fna",78.68,5.17
"3300062805_68.fna",81.9,3.23
"3300062805_49.fna",77.14,0.99
"3300062805_81.fna",72.99,6.37
"3300062805_86.fna",98.8,0.72
"3300062805_4.fna",96.57,0.93
"3300062805_46.fna",72.38,4.89
"3300062805_35.fna",87.77,0.19
"3300062805_51.fna",85.12,4.27
"3300062805_50.fna",84.9,4.63
"3300062806_41.fna",78.08,3.74
"3300062806_18.fna",90.86,1.08
"3300062806_64.fna",97.74,0.47
"3300062806_66.fna",77.16,0.86
"3300062806_68.fna",96.12,1.72
"3300062806_40.fna",86.88,0.67
"3300062806_44.fna",83.86,1.28
"3300062806_45.fna",87.61,1.55
"3300062806_8.fna",100,1.28
"3300062806_82.fna",70.24,5.56
"3300062806_79.fna",95.69,2.16
"3300062820_14.fna",93.2,0.85
"3300062820_12.fna",85.6,1.51
"3300062820_13.fna",84.83,2.18
"3300062820_17.fna",94.6,5.69
"3300062820_18.fna",75.52,0.16
"3300062820_21.fna",85.4,5
"3300062820_38.fna",90.91,1.45
"3300062820_40.fna",75.55,1.15
"3300062820_42.fna",73.16,2.16
"3300062820_45.fna",75.86,0
"3300062820_49.fna",97.71,0.15
"3300062820_50.fna",78.07,6.95
"3300062820_36.fna",93.83,0.12
"3300062820_37.fna",97.74,0.47
"3300062820_57.fna",86.83,1.12
"3300062820_6.fna",86.67,9.41
"3300062820_7.fna",98.44,0.93
"3300062820_72.fna",75.64,0.85
"3300062820_75.fna",76.11,3.4
"3300062820_51.fna",80.19,5.98
"3300062820_52.fna",79.41,0.88
"3300062820_53.fna",73.75,0
"3300062820_54.fna",100,0
"3300062820_83.fna",97.45,0.6
"3300062820_113.fna",99.14,2.96
"3300062820_114.fna",98.29,0.43
"3300062820_98.fna",98.99,2.25
"3300062820_94.fna",86.16,1.04
"3300062820_85.fna",98.72,5.56
"3300062820_81.fna",94.09,4.13
"3300062820_82.fna",86.56,1.08
"3300062820_89.fna",74.14,0
"3300062820_92.fna",78.57,6.3
"3300062821_53.fna",78.02,6.27
"3300062821_32.fna",92.17,5.53
"3300062821_7.fna",97.48,1.52
"3300062821_52.fna",79.73,2.74
"3300062822_6.fna",98.73,0.56
"3300062822_117.fna",83.78,0.87
"3300062822_156.fna",100,2.78
"3300062822_157.fna",99.61,1.09
"3300062822_158.fna",99.38,0
"3300062822_130.fna",80.39,9.73
"3300062822_133.fna",76.79,1
"3300062822_18.fna",72.2,1.73
"3300062822_21.fna",70.17,1.82
"3300062822_23.fna",99.24,1.19
"3300062822_26.fna",74.36,0.71
"3300062822_3.fna",99.1,2.23
"3300062822_34.fna",98.12,0.47
"3300062822_47.fna",99.21,0.95
"3300062822_51.fna",87,4.84
"3300062822_53.fna",82.76,3.45
"3300062822_95.fna",98.62,0.91
"3300062822_68.fna",96.36,0.95
"3300062822_74.fna",97.74,2.19
"3300062822_76.fna",71.58,2.14
"3300062822_78.fna",99.01,3.56
"3300062822_80.fna",99.96,0
"3300062822_82.fna",100,0.39
"3300062822_83.fna",80.5,1.99
"3300062822_86.fna",99.07,0.03
"3300062822_93.fna",85.15,4.18
"3300062822_168.fna",70.12,0.41
"3300062822_169.fna",77.74,3.45
"3300062822_159.fna",96.49,9.83
"3300062822_160.fna",100,6.84
"3300062822_161.fna",92.37,0.9
"3300062823_103.fna",98.05,1.25
"3300062823_105.fna",99.96,0.68
"3300062823_116.fna",95.48,4.19
"3300062823_106.fna",77.59,0
"3300062823_10.fna",80.58,2.56
"3300062823_100.fna",93.94,2.69
"3300062823_14.fna",99.75,0
"3300062823_142.fna",98.86,1.68
"3300062823_150.fna",72.93,4.56
"3300062823_151.fna",98.86,1.91
"3300062823_152.fna",84.54,0
"3300062823_164.fna",90.91,5.85
"3300062823_2.fna",86.04,4.46
"3300062823_4.fna",81.4,5.16
"3300062823_5.fna",97.36,3.53
"3300062823_50.fna",95.92,0.76
"3300062823_51.fna",99.15,0
"3300062823_54.fna",97.8,2.23
"3300062823_61.fna",74.58,2.59
"3300062823_135.fna",96.31,1.56
"3300062823_65.fna",76.16,4.65
"3300062823_69.fna",70.3,3.47
"3300062823_78.fna",97.58,3.24
"3300062823_8.fna",72.48,2.83
"3300062823_80.fna",93.14,0.4
"3300062823_82.fna",73.62,5.83
"3300062823_126.fna",87.85,4.03
"3300062823_13.fna",94.85,1.74
"3300062823_134.fna",73.56,8.62
"3300062823_86.fna",99.51,1.13
"3300062823_136.fna",79.58,4.56
"3300062823_137.fna",99.32,0
"3300062823_139.fna",88.79,3.49
"3300062823_98.fna",74.84,1.57
"3300062823_95.fna",98.6,1.2
"3300062823_84.fna",95.97,1.19
"3300062823_85.fna",99.1,0
"3300062823_93.fna",76.07,2.8
"3300062823_92.fna",92.93,2.72
"3300062831_11.fna",84.93,4.74
"3300062831_29.fna",71.93,1.3
"3300062831_17.fna",78.4,1.08
"3300062831_24.fna",72.31,6.11
"3300062831_44.fna",74.49,0.91
"3300062831_58.fna",84.27,0.74
"3300062831_64.fna",75.43,1.29
"3300062831_8.fna",98.41,0.86
"3300062833_10.fna",96.12,0.86
"3300062833_102.fna",89.55,4.12
"3300062833_16.fna",85.34,0.25
"3300062833_17.fna",85.21,2.46
"3300062833_20.fna",92.85,2.56
"3300062833_103.fna",94.87,1.38
"3300062833_104.fna",92.31,1.76
"3300062833_108.fna",82.72,0
"3300062833_11.fna",86.8,2.46
"3300062833_13.fna",94.12,1.14
"3300062833_45.fna",98.8,0.8
"3300062833_52.fna",99.53,0.93
"3300062833_53.fna",71.79,0
"3300062833_55.fna",93.96,2.39
"3300062833_56.fna",98.78,1.05
"3300062833_57.fna",95.16,1.08
"3300062833_59.fna",87.77,5.28
"3300062833_60.fna",77.69,1.82
"3300062833_61.fna",94.69,1.86
"3300062833_62.fna",97.8,0
"3300062833_33.fna",81.09,2.33
"3300062833_64.fna",78.63,3.8
"3300062833_66.fna",98.5,1.1
"3300062833_69.fna",95.95,5.41
"3300062833_70.fna",94.22,0.58
"3300062833_72.fna",99.13,0.79
"3300062833_73.fna",96.25,2.94
"3300062833_8.fna",93.84,6.53
"3300062833_80.fna",70.67,0.68
"3300063014_20.fna",97.9,2
"3300063014_4.fna",76.31,1.82
"3300063014_46.fna",97.44,2.61
"3300063014_47.fna",92.31,2.2
"3300063014_21.fna",71.01,8.1
"3300063015_47.fna",96.23,2.96
"3300063015_18.fna",97.84,1.72
"3300063015_27.fna",85.63,1.99
"3300063015_37.fna",83.66,2.74
"3300063015_40.fna",89.09,5.51
"3300063015_45.fna",99.18,0.68
"3300063015_50.fna",71.83,1.17
"3300063015_53.fna",80.7,4.39
"3300063015_6.fna",82.82,1.07
"3300063015_7.fna",93.56,2.26
"3300063015_71.fna",96.53,0
"3300063015_8.fna",94.09,1.08
"3300063015_84.fna",94.28,1.49
"3300063015_104.fna",82.62,0.84
"3300063015_88.fna",84.29,7.3
"3300063015_9.fna",97.25,7.26
"3300063015_95.fna",97.8,2.2
"3300063015_96.fna",96.38,2.3
"3300063015_98.fna",95.03,3.19
"3300063015_102.fna",73.12,7.76
"3300063015_79.fna",98.58,0
"3300063015_101.fna",90.16,2.68
"3300063016_7.fna",91.28,2.21
"3300063016_12.fna",95.79,6.59
"3300063016_34.fna",71.63,3.85
"3300063016_38.fna",75.55,2.2
"3300063016_43.fna",81.33,6.36
"3300063016_44.fna",80.19,2.24
"3300063016_46.fna",91.68,9.84
"3300063016_48.fna",73.4,2.73
"3300063016_51.fna",72.65,6.84
"3300063016_60.fna",71.32,1.94
"3300063016_67.fna",97,5.55
"3300063016_30.fna",80.33,6.91
"3300063016_71.fna",93.17,5.49
"3300063016_77.fna",93.63,2.56
"3300063016_28.fna",88.08,0.86
"3300063016_22.fna",82.66,1.11
"3300063016_32.fna",97.37,7.44
"3300063017_52.fna",95.25,1.9
"3300063017_124.fna",90.5,4.27
"3300063017_126.fna",93.84,0.12
"3300063017_127.fna",97.91,1.69
"3300063017_13.fna",86.05,2.37
"3300063017_130.fna",84.19,0
"3300063017_103.fna",93.91,2.57
"3300063017_104.fna",87.76,3.39
"3300063017_107.fna",95.64,0
"3300063017_108.fna",100,1.64
"3300063017_11.fna",89.23,3.31
"3300063017_111.fna",78.47,2.7
"3300063017_20.fna",96.11,0.47
"3300063017_21.fna",75.69,0
"3300063017_26.fna",97.47,0.19
"3300063017_33.fna",72.16,4.19
"3300063017_34.fna",74.77,6.7
"3300063017_40.fna",82.72,6.48
"3300063017_50.fna",96.2,0.32
"3300063017_85.fna",89.01,3.3
"3300063017_56.fna",100,2.14
"3300063017_6.fna",88.05,4.01
"3300063017_61.fna",98.33,1.45
"3300063017_62.fna",79.42,3.77
"3300063017_71.fna",94.55,1.45
"3300063017_72.fna",97.8,2.2
"3300063017_73.fna",96.63,2.76
"3300063017_74.fna",78.23,0.2
"3300063017_79.fna",99.15,2.99
"3300063017_82.fna",95.03,0.14
"3300063017_83.fna",98.28,0.31
"3300063017_15.fna",82.32,9.61
"3300063017_90.fna",99.15,2.56
"3300063017_96.fna",95.16,1.08
"3300063017_131.fna",76.87,4.96
"3300063017_17.fna",70.13,1.77
"3300063017_19.fna",95.23,4.55
"3300063018_16.fna",99.32,0.75
"3300063018_21.fna",92.46,5.18
"3300063018_14.fna",74.95,2.1
"3300063018_15.fna",92.36,2.3
"3300063018_38.fna",81.62,5.56
"3300063018_39.fna",100,6.55
"3300063018_40.fna",86.24,2.3
"3300063018_41.fna",76.22,1.71
"3300063018_43.fna",74.46,4.52
"3300063018_44.fna",96.84,0.95
"3300063018_45.fna",83.23,5.15
"3300063018_46.fna",76.28,7.1
"3300063018_20.fna",84.92,1.24
"3300063018_24.fna",89.66,8.78
"3300063019_20.fna",77.11,2.26
"3300063019_25.fna",97.97,2.03
"3300063019_26.fna",98.21,1.19
"3300063019_33.fna",93.96,1.09
"3300063019_28.fna",97.83,0.45
"3300063019_29.fna",95.73,0.58
"3300063019_12.fna",84.97,4.68
"3300063019_18.fna",88.09,2.7
"3300063019_46.fna",87.35,4.13
"3300063019_22.fna",70.86,1.72
"3300063019_61.fna",99.32,2.73
"3300063019_66.fna",92.67,3.48
"3300063019_34.fna",91.84,4.08
"3300063019_36.fna",98.18,2.7
"3300063019_39.fna",83.79,0.6
"3300063019_42.fna",82.06,4.13
"3300063019_74.fna",78.38,0.03
"3300063020_32.fna",99.9,0.4
"3300063020_118.fna",83.33,1.71
"3300063020_120.fna",76.06,0.52
"3300063020_3.fna",73.85,2.75
"3300063020_33.fna",98.66,0.32
"3300063020_40.fna",99.49,0.39
"3300063020_45.fna",82.88,2.2
"3300063020_49.fna",95.65,0.6
"3300063020_56.fna",86.34,3.89
"3300063020_61.fna",94.53,3.55
"3300063020_7.fna",97.44,1.28
"3300063020_70.fna",93.27,0.41
"3300063020_72.fna",96.4,1.84
"3300063020_83.fna",97.97,4.05
"3300063020_92.fna",93.01,6.47
"3300063020_93.fna",99.96,2.04
"3300063020_60.fna",84.7,5.81
"3300063020_98.fna",83.12,3.87
"3300063020_99.fna",85.47,6.15
"3300063020_105.fna",81.03,0
"3300063020_104.fna",98.22,1.02
"3300063020_11.fna",78.16,8.62
"3300063020_112.fna",96.3,4.23
"3300063020_95.fna",99.51,1.13
"3300063021_29.fna",80.15,4.13
"3300063021_4.fna",75.35,3.87
"3300063021_33.fna",84.8,3.61
"3300063021_53.fna",80.3,3.99
"3300063021_93.fna",72.22,5.56
"3300063021_59.fna",100,0.19
"3300063021_68.fna",91.3,0.53
"3300063021_73.fna",73.46,1.21
"3300063021_79.fna",84.41,3.73
"3300063021_43.fna",70.05,5.83
"3300063021_44.fna",88.56,2.81
"3300063021_47.fna",75.86,0
"3300063021_92.fna",80.76,6.21
"3300063021_15.fna",88.22,2.99
"3300063021_16.fna",78.08,1.53
"3300063021_18.fna",91.85,1.32
"3300063022_16.fna",76.33,6.9
"3300063022_18.fna",99.41,0.94
"3300063022_27.fna",94.87,3.42
"3300063022_55.fna",75.82,3.32
"3300063022_10.fna",86.77,9.15
"3300063022_14.fna",91.46,5.21
"3300063022_74.fna",84.24,2.04
"3300063022_8.fna",95.51,1.18
"3300063022_82.fna",95.33,0
"3300063022_88.fna",84.25,8.48
"3300063022_45.fna",95.88,0.72
"3300063022_5.fna",80.17,2.22
"3300063022_73.fna",100,2.03
"3300063022_57.fna",92.31,9.34
"3300063022_59.fna",96.7,3.3
"3300063022_67.fna",87.28,2.64
"3300063023_21.fna",71.15,3.32
"3300063023_32.fna",99.7,0.8
"3300063023_13.fna",94.71,3.44
"3300063023_19.fna",99.07,0.53
"3300063023_2.fna",80.29,6.03
"3300063023_54.fna",98.07,0.56
"3300063023_23.fna",81.46,1.82
"3300063023_43.fna",76.55,2.48
"3300063023_46.fna",77.01,7.92
"3300063023_5.fna",96.5,2.03
"3300063025_5.fna",78.68,6.36
"3300063025_14.fna",79.62,1.04
"3300063025_20.fna",75.18,1.09
"3300063026_17.fna",82.74,2.26
"3300063026_21.fna",71.88,1.04
"3300063026_29.fna",93.12,3.35
"3300063026_28.fna",77.75,0.91
"3300063032_23.fna",81.36,1.42
"3300063032_21.fna",71.62,0.01
"3300063032_27.fna",84.4,1.45
"3300063032_24.fna",96.9,1.72
"3300063032_25.fna",78.86,1.82
"3300063032_26.fna",96.91,0
"3300063032_3.fna",97.97,2.7
"3300063032_1.fna",95.26,1.03
"3300063032_45.fna",84.45,1.79
"3300063032_50.fna",88.45,0
"3300063032_54.fna",96.58,1.28
"3300063032_56.fna",99.86,1.36
"3300063032_67.fna",94.16,2.41
"3300063032_31.fna",92.19,1.35
"3300063032_33.fna",94.92,2.69
"3300063032_11.fna",71.2,2.3
"3300063032_2.fna",100,1.28
"3300063032_68.fna",88.89,2.99
"3300063032_8.fna",79.26,2.98
"3300063042_13.fna",71.54,3.3
"3300063042_23.fna",77.27,1.29
"3300063042_37.fna",76.4,1.79
"3300063042_28.fna",96.64,5.97
"3300063042_11.fna",71.3,8.79
"3300063042_19.fna",70.63,2.22
"3300063042_2.fna",74.45,1.28
"3300063042_6.fna",91.39,3.3
"3300063042_63.fna",93.58,2.7
"3300063042_64.fna",89.35,6.66
"3300063042_82.fna",90.09,5.17
"3300063042_83.fna",82.69,1.27
"3300063042_92.fna",75.86,7.4
"3300063042_55.fna",87.74,5.64
"3300063042_53.fna",78.35,8.55
"3300063042_45.fna",96.96,5.41
"3300063042_41.fna",99.23,2.77
"3300063042_43.fna",75.86,0.86
"3300063043_25.fna",84.49,6.36
"3300063043_16.fna",97.3,1.36
"3300063043_45.fna",78.3,6.37
"3300063043_3.fna",97.74,0.47
"3300063043_36.fna",76.91,2.2
"3300063043_39.fna",70.94,0.51
"3300063043_49.fna",88.09,0
"3300063043_5.fna",77.41,7.46
"3300063044_21.fna",72.96,4.04
"3300063044_36.fna",92.95,3.69
"3300063044_26.fna",96.8,0.51
"3300063044_29.fna",90.91,4.55
"3300063044_11.fna",95.44,7.26
"3300063044_14.fna",73.24,9.24
"3300063044_2.fna",74.36,3.42
"3300063044_67.fna",88.34,2.33
"3300063044_68.fna",74.46,6.27
"3300063044_73.fna",100,0.43
"3300063044_74.fna",94.09,1.08
"3300063044_75.fna",96.77,3.23
"3300063044_76.fna",70.69,0
"3300063044_77.fna",79.54,3.3
"3300063044_42.fna",86.15,0.34
"3300063044_44.fna",73.1,0.68
"3300063044_46.fna",98.42,0.25
"3300063044_50.fna",79.68,0.87
"3300063044_37.fna",90.29,4.13
"3300063044_40.fna",84.76,0.29
"3300063045_27.fna",95.03,5.17
"3300063045_23.fna",88.68,5.98
"3300063045_24.fna",92.44,4.2
"3300063045_26.fna",99.01,2.29
"3300063045_14.fna",92.64,1.91
"3300063045_35.fna",92.26,3.89
"3300063045_17.fna",80.39,2.38
"3300063045_20.fna",86.31,3.64
"3300063045_46.fna",72.28,8.34
"3300063045_47.fna",83.59,3.39
"3300063045_5.fna",97.72,0.95
"3300063045_50.fna",89.28,6.17
"3300063045_3.fna",96.53,0
"3300063045_30.fna",97.28,1.72
"3300063045_33.fna",99.56,0
"3300063045_38.fna",97.3,2.7
"3300063045_39.fna",97.74,0.47
"3300063045_4.fna",73.36,2.14
"3300063045_71.fna",96.72,0.68
"3300063045_72.fna",93.18,0
"3300063045_76.fna",95.01,0.63
"3300063045_8.fna",91.4,2.15
"3300063045_67.fna",78.43,0.82
"3300063045_54.fna",94.46,2.3
"3300063045_59.fna",90.9,4.86
"3300063046_16.fna",92.22,3.8
"3300063046_29.fna",88.41,1.71
"3300063046_35.fna",84.21,6.86
"3300063046_41.fna",87.5,0.72
"3300063046_19.fna",74.28,6.78
"3300063046_39.fna",80.04,0.99
"3300063046_40.fna",91.29,4.7
"3300063046_37.fna",70.69,0
"3300063047_18.fna",80.02,1.82
"3300063047_50.fna",77.55,5.13
"3300063047_24.fna",76.27,3.28
"3300063047_25.fna",72.24,1.35
"3300063047_10.fna",87.14,6.78
"3300063048_12.fna",71.35,4.8
"3300063049_10.fna",88.07,8.1
"3300063049_37.fna",80.02,2.28
"3300063049_14.fna",84.94,1.82
"3300063049_17.fna",75.38,1.94
"3300063049_12.fna",84.84,2.12
"3300063052_19.fna",83.33,2.56
"3300063052_9.fna",94.78,3.98
"3300063052_16.fna",70.83,0
"3300063052_33.fna",90.75,4.41
"3300063052_6.fna",74.82,2.58
"3300063052_64.fna",94.98,5.24
"3300063052_68.fna",70.59,1.15
"3300063052_7.fna",92.52,6.34
"3300063052_3.fna",77.03,2.85
"3300063052_22.fna",86.5,6.22
"3300063052_23.fna",76.51,3.02
"3300063052_28.fna",84.41,0
"3300063052_21.fna",77.02,2.13
"3300063053_16.fna",72.26,5.32
"3300063053_2.fna",87.5,0.57
"3300063053_22.fna",80.4,2.73
"3300063053_33.fna",78.72,2.2
"3300063053_34.fna",85,2.9
"3300063053_40.fna",82.21,0.95
"3300063053_10.fna",95.94,1.4
"3300063053_51.fna",76,5.76
"3300063053_55.fna",70.31,9.83
"3300063053_57.fna",70.14,2.83
"3300063053_6.fna",92.6,3.16
"3300063053_61.fna",97.1,2.12
"3300063053_36.fna",87.27,5.45
"3300063053_37.fna",94.96,2.52
"3300063053_38.fna",96.52,3.71
"3300063053_71.fna",79.03,2.69
"3300063053_41.fna",93.41,1.65
"3300063053_68.fna",98.6,0.47
"3300063053_69.fna",98.11,1.69
"3300063053_62.fna",74.42,2.9
"3300063053_74.fna",76.23,4.13
"3300063053_72.fna",91.64,3.85
"3300063054_2.fna",79.32,2.25
"3300063054_14.fna",92.96,1.01
"3300063054_31.fna",97.44,3.42
"3300063054_12.fna",97.39,0.87
"3300063054_3.fna",77.65,8.97
"3300063054_66.fna",78.24,1.29
"3300063054_29.fna",93.91,2.1
"3300063054_73.fna",76.68,2.26
"3300063054_39.fna",74.76,8.39
"3300063054_34.fna",98.86,1.39
"3300063054_71.fna",99.01,0
"3300063056_16.fna",96.77,3.55
"3300063056_36.fna",82.9,8.02
"3300063056_14.fna",77.27,0
"3300063056_46.fna",93.22,0.86
"3300063056_6.fna",79.82,8.61
"3300063056_61.fna",95.95,5.75
"3300063056_20.fna",75.35,3.22
"3300063056_27.fna",74.29,8.62
"3300063056_32.fna",75.64,3.84
"3300063056_9.fna",99.44,1.17
"3300063056_78.fna",93.1,7.68
"3300063056_72.fna",99.32,4.05
"3300063056_81.fna",88.76,1.1
"3300063056_8.fna",96.62,2.84
"3300063056_80.fna",79.18,3.64
"3300063057_18.fna",98.6,1.78
"3300063057_17.fna",99.04,0.89
"3300063057_58.fna",96.48,3.64
"3300063057_6.fna",85.84,1.56
"3300063057_61.fna",95.73,7.01
"3300063057_31.fna",98.52,1.01
"3300063057_32.fna",70.23,0
"3300063057_35.fna",75.86,2.59
"3300063057_36.fna",96.81,1.89
"3300063057_71.fna",91.81,5.38
"3300063057_54.fna",73.74,0
"3300063057_57.fna",90.86,1.72
"3300063057_89.fna",99.01,0.99
"3300063057_9.fna",75.61,1.91
"3300063057_66.fna",80.97,1.64
"3300063057_63.fna",96.49,2.89
"3300063057_64.fna",97.74,0.76
"3300063057_78.fna",91.84,1.61
"3300063057_79.fna",79.48,0.91
"3300063058_133.fna",80.77,1
"3300063058_1.fna",97.01,0
"3300063058_114.fna",77.45,1.34
"3300063058_115.fna",70.41,3.08
"3300063058_12.fna",82.78,1.47
"3300063058_120.fna",92.58,3.39
"3300063058_123.fna",76.2,0
"3300063058_125.fna",83.37,3.57
"3300063058_126.fna",85.86,2.59
"3300063058_128.fna",85.6,1.86
"3300063058_14.fna",96.52,1.71
"3300063058_15.fna",91.2,0.5
"3300063058_31.fna",92.45,3.42
"3300063058_39.fna",73.28,1.69
"3300063058_47.fna",96.11,1.32
"3300063058_48.fna",95.42,4.79
"3300063058_50.fna",78.53,1.82
"3300063058_56.fna",91.43,3.73
"3300063058_57.fna",82.29,1.82
"3300063058_11.fna",91.49,3.21
"3300063058_61.fna",99.6,1.21
"3300063058_63.fna",94.66,8.97
"3300063058_65.fna",79.91,2.18
"3300063058_70.fna",92.76,0.5
"3300063058_73.fna",97.61,0.45
"3300063058_79.fna",97.39,0.87
"3300063058_8.fna",77.06,3.55
"3300063058_80.fna",75.36,6.86
"3300063058_104.fna",71.45,2.99
"3300063058_106.fna",76.34,3.23
"3300063058_89.fna",90.17,4.75
"3300063058_111.fna",97.35,0.53
"3300063058_112.fna",94.91,5.98
"3300063058_82.fna",92.86,4.4
"3300063058_88.fna",93.6,0.17
"3300063058_91.fna",98.06,1.89
"3300063058_96.fna",98.1,0.63
"3300063059_16.fna",96.32,0.83
"3300063059_41.fna",93.59,2.89
"3300063059_6.fna",85.92,0.99
"3300063059_22.fna",87.91,6.59
"3300063059_12.fna",87.21,0.3
"3300063059_74.fna",76.76,1.82
"3300063059_75.fna",78.53,3.53
"3300063059_80.fna",95.77,0.71
"3300063059_81.fna",97.27,2.13
"3300063059_83.fna",82.59,4.33
"3300063059_43.fna",98.42,0.04
"3300063059_46.fna",79.61,8.41
"3300063059_50.fna",97.67,0
"3300063059_67.fna",97.31,2.69
"3300063059_7.fna",96.1,0.17
"3300063059_70.fna",98.29,2.99
"3300063059_84.fna",74.05,0.84
"3300063059_85.fna",80.1,0.77
"3300063060_38.fna",80.96,6.3
"3300063060_41.fna",83.06,3.58
"3300063060_13.fna",84.54,1.31
"3300063060_17.fna",73.39,2.1
"3300063060_27.fna",97.3,2.25
"3300063060_9.fna",78.78,2.2
"3300063060_97.fna",87.18,2.56
"3300063060_49.fna",94.52,2.58
"3300063060_5.fna",83.09,3.34
"3300063060_6.fna",92.67,1.29
"3300063060_62.fna",99.21,1.95
"3300063061_72.fna",98.79,1.79
"3300063061_8.fna",98.79,2.37
"3300063061_43.fna",84.26,4.98
"3300063062_4.fna",96.14,7.27
"3300063062_14.fna",96.54,2.14
"3300063062_5.fna",99.06,0
"3300063062_54.fna",79.69,7.68
"3300063062_60.fna",70.21,1.14
"3300063062_21.fna",98.99,0.51
"3300063062_74.fna",80.48,5.13
"3300063062_42.fna",88.98,2.1
"3300063062_47.fna",74.24,1.29
"3300063062_68.fna",93.65,2.42
"3300063062_64.fna",72.23,0.04
"3300063062_65.fna",88.89,5.41
"3300063064_19.fna",84.66,6.4
"3300063064_38.fna",72.42,1.99
"3300063064_28.fna",72.58,6.31
"3300063064_36.fna",83.31,4.97
"3300063064_7.fna",87.55,9.54
"3300063064_52.fna",96.12,6.03
"3300063064_42.fna",95.69,0
"3300063064_61.fna",94.09,1.08
"3300063064_10.fna",96.58,7.17
"3300063065_33.fna",81.09,2.12
"3300063065_10.fna",72.29,3.01
"3300063065_13.fna",100,2.7
"3300063065_19.fna",96.12,2.74
"3300063065_50.fna",80.97,5.32
"3300063065_55.fna",95.52,2.38
"3300063065_57.fna",87.22,3.64
"3300063065_6.fna",96.44,0.43
"3300063065_24.fna",97.05,1.13
"3300063065_28.fna",97.47,0.15
"3300063065_31.fna",95.05,3.72
"3300063065_32.fna",88.13,6.31
"3300063065_40.fna",72.41,0
"3300063065_43.fna",83.24,3.87
"3300063065_44.fna",94,0.7
"3300063065_80.fna",98.31,2.7
"3300063065_81.fna",97.17,0.99
"3300063065_82.fna",85.86,6.39
"3300063065_90.fna",91.23,6.99
"3300063065_67.fna",98.02,1.88
"3300063065_68.fna",99.7,0.25
"3300063065_79.fna",98.33,5.53
"3300063065_70.fna",71.04,1.85
"3300063065_75.fna",98.29,2.14
"3300063066_30.fna",97.41,1.18
"3300063066_43.fna",99.61,2.22
"3300063066_45.fna",89.08,2.52
"3300063066_11.fna",98.21,0.5
"3300063066_14.fna",71.36,1.3
"3300063066_21.fna",72.69,0.27
"3300063066_23.fna",97.7,2.3
"3300063066_28.fna",96.45,1.27
"3300063066_75.fna",72.73,1.72
"3300063066_78.fna",77.41,6.45
"3300063066_80.fna",75.58,2.32
"3300063066_86.fna",98.86,2.27
"3300063066_5.fna",99.5,0
"3300063066_51.fna",86.03,2.3
"3300063066_52.fna",94.44,6.8
"3300063066_53.fna",77.27,4.09
"3300063066_92.fna",72.28,0.99
"3300063066_74.fna",95.16,1.08
"3300063066_87.fna",96.55,1.15
"3300063066_93.fna",80.62,1.82
"3300063074_28.fna",80.25,5.98
"3300063074_25.fna",77.67,4.55
"3300063074_47.fna",88.71,2.15
"3300063074_48.fna",72.18,1.68
"3300063074_21.fna",92.88,3.35
"3300063075_19.fna",70.09,0
"3300063075_25.fna",73.5,5.8
"3300063075_32.fna",94.61,3.22
"3300063075_38.fna",99.52,1.11
"3300063075_41.fna",81.14,2.3
"3300063075_100.fna",97.3,1.56
"3300063075_12.fna",96.5,3.77
"3300063075_17.fna",95.81,6.31
"3300063075_6.fna",84.33,3.09
"3300063075_21.fna",95.28,9.11
"3300063075_63.fna",76.03,3.45
"3300063075_71.fna",72.43,2.02
"3300063075_80.fna",96.67,2.22
"3300063075_84.fna",97.74,3.71
"3300063075_87.fna",94.19,0.56
"3300063075_50.fna",97.22,4.63
"3300063075_59.fna",77.93,3.55
"3300063075_60.fna",77.01,5.8
"3300063075_62.fna",80.63,2.66
"3300063075_89.fna",98.05,4.83
"3300063075_98.fna",74.31,3.45
"3300063076_80.fna",96.29,2
"3300063076_73.fna",71.6,0.79
"3300063076_81.fna",75.14,5.24
"3300063076_10.fna",97.8,6.23
"3300063076_12.fna",71.24,7.26
"3300063082_19.fna",96.05,2.88
"3300063082_44.fna",70.61,2.56
"3300063082_6.fna",86.28,3.83
"3300063082_34.fna",79.11,9.57
"3300063085_1.fna",85.22,2.14
"3300063085_106.fna",76.2,1.96
"3300063085_104.fna",91.32,5.56
"3300063085_15.fna",91.42,9.68
"3300063085_16.fna",95.37,1.85
"3300063085_24.fna",70.69,0
"3300063085_29.fna",70.69,3.88
"3300063085_115.fna",86.32,2.59
"3300063085_14.fna",93.5,7.69
"3300063085_6.fna",95.3,4.04
"3300063085_61.fna",94.83,0
"3300063085_62.fna",73.09,7.62
"3300063085_63.fna",82.76,1.72
"3300063085_79.fna",75.78,3.42
"3300063085_8.fna",81.67,3.57
"3300063085_82.fna",97.05,0
"3300063085_56.fna",92.03,5.81
"3300063085_92.fna",92.82,3.93
"3300063085_94.fna",97.32,6.33
"3300063085_50.fna",70.69,4.31
"3300063085_4.fna",80.64,9.45
"3300063085_43.fna",99.25,1.2
"3300063085_46.fna",78.09,1.15
"3300063085_57.fna",91.67,1.94
"3300063132_10.fna",80.41,7.76
"3300063132_111.fna",75.17,2.99
"3300063132_14.fna",97.21,3.27
"3300063132_144.fna",98.02,0.79
"3300063132_17.fna",96.27,4.79
"3300063132_12.fna",90.22,0.99
"3300063132_120.fna",76.05,3.71
"3300063132_13.fna",97.72,1.15
"3300063132_136.fna",99.41,1.11
"3300063132_137.fna",98.65,1.46
"3300063132_67.fna",70.85,3.64
"3300063132_71.fna",96.88,1.23
"3300063132_82.fna",76.86,4.85
"3300063132_86.fna",70.69,0
"3300063132_90.fna",83.07,9.45
"3300063132_93.fna",71.08,2.99
"3300063132_64.fna",80.64,4.2
"3300063132_66.fna",99.32,2.03
"3300063176_28.fna",94.09,1.08
"3300063176_22.fna",71.51,0
"3300063176_10.fna",90.11,8.58
"3300063176_14.fna",75.83,2.29
"3300063176_49.fna",92.58,4.23
"3300063176_5.fna",99.29,2.41
"3300063176_54.fna",70.69,0
"3300063176_3.fna",93.61,8.19
"3300063176_37.fna",96.92,3.45
"3300063176_65.fna",97.44,3.09
"3300063176_42.fna",81.31,1.87
"3300063176_43.fna",94.64,8.87
"3300063176_44.fna",97.04,1.2
"3300063176_78.fna",98.42,2.01
"3300063176_79.fna",99.74,1.23
"3300063176_80.fna",80.86,1.37
"3300063176_83.fna",95.52,1.64
"3300063176_86.fna",100,1.6
"3300063176_9.fna",94.93,3.52
"3300063176_75.fna",71.93,0
"3300063176_66.fna",74.16,0
"3300063176_73.fna",97.1,3.63
"3300063176_63.fna",96.16,3.37
"3300063176_58.fna",99.01,0
"3300063177_19.fna",95.26,1.03
"3300063177_23.fna",99.01,0
"3300063177_20.fna",76.76,2.45
"3300063177_21.fna",74.59,1.14
"3300063177_22.fna",80.55,3.76
"3300063177_11.fna",97.75,1.08
"3300063177_32.fna",85.37,1.25
"3300063177_14.fna",97.76,1.72
"3300063177_15.fna",99.07,0.23
"3300063177_44.fna",77.42,1.9
"3300063177_5.fna",78.67,1.39
"3300063177_51.fna",88.37,0.34
"3300063177_26.fna",87.83,4.22
"3300063177_28.fna",97.83,0.82
"3300063177_65.fna",98.29,3.42
"3300063177_4.fna",72.25,7.28
"3300063177_42.fna",81.01,1.82
"3300063177_59.fna",83.12,3.18
"3300063177_6.fna",93.84,2.71
"3300063260_23.fna",70.28,9.06
"3300063260_16.fna",95.18,2.17
"3300063260_22.fna",73.7,2.37
"3300063260_45.fna",83.09,6.93
"3300063260_53.fna",72.65,0.21
"3300063260_28.fna",97.44,0.6
"3300063260_62.fna",94.47,0.7
"3300063260_4.fna",87.4,9.55
"3300063260_72.fna",94.55,0.18
"3300063260_73.fna",95.26,2.59
"3300063260_60.fna",75.59,2.26
"3300063260_61.fna",73.27,2.65
"3300063260_64.fna",93.75,3.87
"3300063261_76.fna",95.51,0
"3300063261_12.fna",87.91,0
"3300063261_13.fna",94.11,2.29
"3300063261_40.fna",95.6,1.98
"3300063261_42.fna",95.7,3.76
"3300063261_46.fna",80.04,0.85
"3300063261_49.fna",80.54,2.87
"3300063261_50.fna",98.51,1.49
"3300063261_53.fna",82.63,2.99
"3300063261_59.fna",79.03,0.91
"3300063261_70.fna",91,2.63
"3300063261_73.fna",72.65,0
"3300063261_77.fna",99.61,1.48
"3300063261_84.fna",98.65,1.35
"3300063261_85.fna",90.91,5
"3300063261_87.fna",93.97,0.09
"3300063261_89.fna",91.64,3.71
"3300063261_90.fna",78.97,5.17
"3300063261_97.fna",70.99,3.7
"3300063261_33.fna",87.53,4.02
"3300063261_37.fna",96.53,5.12
"3300063261_38.fna",99.09,1.85
"3300063262_47.fna",94.87,1.28
"3300063262_49.fna",94.83,4.12
"3300063262_13.fna",88.68,1.28
"3300063262_17.fna",81.5,4.02
"3300063262_27.fna",99.6,2.06
"3300063262_37.fna",71.31,3.23
"3300063262_86.fna",94.28,2.64
"3300063262_60.fna",78.29,3.3
"3300063262_84.fna",95.14,0.23
"3300063262_85.fna",95.15,2.03
"3300063263_14.fna",97.7,0
"3300063263_3.fna",82.67,4.09
"3300063263_58.fna",71.42,0.9
"3300063263_9.fna",94.79,1.36
"3300063263_4.fna",97.44,2.85
"3300063263_40.fna",91.52,8.08
"3300063263_30.fna",79.01,0.97
"3300063263_57.fna",96.55,2.16
"3300063288_29.fna",91.9,4.17
"3300063288_17.fna",98.67,0.49
"3300063288_41.fna",90.51,7.17
"3300063288_42.fna",81.17,1.71
"3300063288_25.fna",77.7,0.68
"3300063288_32.fna",94.12,5.73
"3300063288_33.fna",98.21,2.11
"3300063288_63.fna",88.97,6.43
"3300063288_67.fna",87.36,1.45
"3300063288_73.fna",92.41,3
"3300063288_8.fna",70.12,8.04
"3300063288_5.fna",96.04,0.5
"3300063288_54.fna",81.51,7.69
"3300063288_56.fna",94.32,4.44
"3300063288_60.fna",99.07,1.79
"3300063288_46.fna",98.86,0.76
"3300063289_40.fna",84.81,5.83
"3300063289_43.fna",85.6,1.82
"3300063289_45.fna",79.28,0.91
"3300063289_15.fna",99.14,0.86
"3300063289_23.fna",81.37,1.28
"3300063289_24.fna",78.19,5.25
"3300063289_27.fna",70.86,0.85
"3300063289_46.fna",77.04,3.23
"3300063416_29.fna",83.19,6.06
"3300063416_36.fna",85.74,2.23
"3300063416_30.fna",81.32,3.68
"3300063416_31.fna",94.82,8.72
"3300063416_33.fna",87.85,5.73
"3300063416_14.fna",74.52,0.22
"3300063416_28.fna",85.02,1.87
"3300063416_58.fna",83.48,6.41
"3300063416_63.fna",97.44,5.56
"3300063416_64.fna",78.52,0.45
"3300063416_65.fna",97.15,4.23
"3300063416_66.fna",75.86,3.45
"3300063416_73.fna",97.8,0
"3300063416_74.fna",90.17,4.96
"3300063416_75.fna",71.46,3.24
"3300063416_77.fna",81.5,7.19
"3300063416_51.fna",79.88,4.89
"3300063416_56.fna",99.32,3.07
"3300063416_41.fna",72.68,8.82
"3300063416_39.fna",79.77,9.71
"3300063416_40.fna",78.15,1.28
"3300063429_17.fna",97.92,0
"3300063429_36.fna",71.38,3.86
"3300063429_38.fna",99.21,0.87
"3300063429_10.fna",99.25,0
"3300063429_63.fna",98.88,1.56
"3300063429_65.fna",96.28,2.07
"3300063429_67.fna",80.88,1.09
"3300063429_71.fna",97.21,1.49
"3300063429_41.fna",97.97,3.38
"3300063429_44.fna",97.74,1.17
"3300063429_45.fna",74.55,1.36
"3300063429_46.fna",97.8,2.2
"3300063429_50.fna",100,2.73
"3300063429_56.fna",91.16,6.87
"3300063430_52.fna",75.4,6.31
"3300063430_38.fna",77.82,0.43
"3300063430_42.fna",94.84,2.9
"3300063430_36.fna",77.38,3.04
"3300063430_46.fna",98.36,1.09
"3300063430_47.fna",91.45,6.98
"3300063430_83.fna",85.61,5.49
"3300063430_53.fna",75.24,3.3
"3300063430_55.fna",76.63,3.51
"3300063430_58.fna",85.7,1.07
"3300063430_63.fna",91.21,3.3
"3300063430_73.fna",73.44,6.46
"3300063430_45.fna",75.37,2.8
"3300063430_77.fna",88.79,1.72
"3300063430_15.fna",99.04,1.75
"3300063430_84.fna",85.59,1.45
"3300063430_9.fna",96.58,5.13
"3300063430_91.fna",96.63,0
"3300063430_93.fna",95.59,2.9
"3300063430_96.fna",82.13,1.59
"3300063430_11.fna",89.26,0.95
"3300064032_71.fna",86.22,1.86
"3300064032_10.fna",84.22,6.94
"3300064032_35.fna",99.84,0.12
"3300064032_36.fna",86.49,2.2
"3300064032_44.fna",100,3
"3300064032_5.fna",71.77,0.65
"3300064032_64.fna",84.42,2.51
"3300064032_67.fna",94.11,2.02
"3300064032_69.fna",79.36,3.3
"3300064032_70.fna",86.31,1.71
"3300064032_23.fna",98.29,2.43
"3300064032_74.fna",83.97,8.55
"3300064032_76.fna",70.36,1.68
"3300064032_8.fna",97.1,1.16
"3300064032_85.fna",84.09,1.14
"3300064032_90.fna",73.38,7.91
"3300064032_109.fna",80.31,8.15
"3300064032_12.fna",99.03,2.02
"3300064032_14.fna",94.51,0.51
"3300064094_28.fna",83.81,2.73
"3300064094_66.fna",94.09,1.08
"3300064094_68.fna",70.54,2.84
"3300064094_8.fna",86.7,1.14
"3300064094_20.fna",92.83,0.34
"3300064094_40.fna",95.2,1.67
"3300064094_44.fna",79.97,2.06
"3300064095_117.fna",92.16,4.57
"3300064095_118.fna",99.32,0
"3300064095_12.fna",98.68,1.15
"3300064095_121.fna",77.69,3.55
"3300064095_131.fna",95.73,2.56
"3300064095_132.fna",99.34,0.15
"3300064095_141.fna",78.45,0.86
"3300064095_155.fna",78.2,2.72
"3300064095_167.fna",98.39,9.7
"3300064095_168.fna",94.87,1.71
"3300064095_170.fna",79.44,6.04
"3300064095_173.fna",93.61,1.37
"3300064095_175.fna",75.97,4.76
"3300064095_176.fna",74.31,4.33
"3300064095_179.fna",87.29,6.77
"3300064095_18.fna",89.8,0.47
"3300064095_180.fna",86.91,5.49
"3300064095_181.fna",93.21,7.09
"3300064095_186.fna",97.83,1.43
"3300064095_19.fna",74.14,1.72
"3300064095_192.fna",97.83,1.27
"3300064095_193.fna",96.58,3.04
"3300064095_194.fna",77.13,0
"3300064095_195.fna",98.98,0
"3300064095_196.fna",96.21,3.41
"3300064095_198.fna",83.12,5
"3300064095_199.fna",87.33,1.14
"3300064095_200.fna",92.42,3.07
"3300064095_202.fna",80.71,4.17
"3300064095_29.fna",98.7,1.2
"3300064095_31.fna",76.96,4.55
"3300064095_33.fna",88.94,3.42
"3300064095_91.fna",97.33,0.08
"3300064095_54.fna",94.93,2.36
"3300064095_64.fna",99.96,0
"3300064095_70.fna",93.41,6.59
"3300064095_84.fna",96.28,2.74
"3300064095_85.fna",74.33,0
"3300064095_11.fna",88.44,7.6
"3300064095_108.fna",89.48,2.32
"3300064095_103.fna",70.21,0.15
"3300064095_104.fna",96.58,2.56
"3300064095_110.fna",83.47,0.45
"3300064095_113.fna",100,2.02
"3300064110_17.fna",81.13,0.86
"3300064110_7.fna",90.69,2.71
"3300064110_35.fna",80.6,2.21
"3300064110_40.fna",74.94,2.73
"3300064110_6.fna",71.91,6.84
"3300064124_19.fna",71.72,6.89
"3300064124_33.fna",99.14,0.86
"3300064124_41.fna",72.61,1.76
"3300064124_40.fna",82.77,4.47
"3300064124_25.fna",81.23,6.36
"3300064124_47.fna",90.86,3.76
"3300064124_51.fna",73.95,1.99
"3300064125_27.fna",96.34,0.1
"3300064125_29.fna",94.05,4.3
"3300064125_3.fna",71.42,1.73
"3300064125_10.fna",91.94,1.08
"3300064125_18.fna",85.4,0.91
"3300064125_43.fna",94.68,8.2
"3300064138_13.fna",78.29,2.14
"3300064138_10.fna",88.62,6.41
"3300064138_49.fna",82.62,2.94
"3300064138_19.fna",76.8,5.61
"3300064138_23.fna",88.71,1.08
"3300064138_26.fna",78.07,1.76
"3300064138_85.fna",81.64,1.39
"3300064138_53.fna",81.07,0
"3300064138_40.fna",80.04,5.87
"3300064138_41.fna",71.55,2.59
"3300064138_68.fna",90.46,8.03
"3300064138_79.fna",88.97,0.43
"3300064482_102.fna",74.49,0.22
"3300064482_24.fna",84.01,8.23
"3300064482_34.fna",78.14,1.32
"3300064482_103.fna",75.61,7.68
"3300064482_111.fna",71.85,6.22
"3300064482_17.fna",91.38,6.74
"3300064482_76.fna",73.69,5.09
"3300064482_82.fna",82.59,0
"3300064482_83.fna",94.76,3.06
"3300064482_48.fna",96.58,3.42
"3300064482_50.fna",70.06,1.94
"3300064482_53.fna",80.85,1.82
"3300064482_91.fna",72.41,9.48
"3300064482_75.fna",81.03,0
"3300064482_87.fna",96.39,6.31
"3300064482_85.fna",77.93,0
"3300064482_86.fna",84.07,4.4
"3300064482_99.fna",96.58,1.36
"3300064482_98.fna",99.14,1.72
"3300065082_109.fna",94.73,0.61
"3300065082_136.fna",86.7,5.38
"3300065082_148.fna",70.31,1.72
"3300065082_125.fna",88.89,5.7
"3300065082_127.fna",86.55,2.52
"3300065082_160.fna",97.98,4.58
"3300065082_162.fna",92.65,2.2
"3300065082_163.fna",97.85,2.15
"3300065082_166.fna",88.38,3.63
"3300065082_167.fna",79.01,6.84
"3300065082_171.fna",75.17,8.62
"3300065082_141.fna",95.82,0.63
"3300065082_142.fna",99.18,0.68
"3300065082_30.fna",85.31,2.2
"3300065082_158.fna",100,1.95
"3300065082_159.fna",100,0.99
"3300065082_37.fna",70.22,2.99
"3300065082_4.fna",94.6,2.08
"3300065082_44.fna",84.19,1.28
"3300065082_49.fna",98.62,0
"3300065082_50.fna",100,2.14
"3300065082_52.fna",75.78,1.32
"3300065082_2.fna",96.78,3.78
"3300065082_23.fna",90.85,3.62
"3300065082_29.fna",72.94,3.62
"3300065082_65.fna",96.45,4.68
"3300065082_36.fna",89.07,2.15
"3300065082_10.fna",98.91,8.72
"3300065082_77.fna",84.2,0
"3300065082_78.fna",90.11,2.27
"3300065082_79.fna",100,7.26
"3300065082_82.fna",90.22,0.43
"3300065082_83.fna",75.49,1.62
"3300065082_90.fna",91.25,2.45
"3300065082_91.fna",97.5,0
"3300065082_92.fna",71.17,2.65
"3300065082_71.fna",98.39,2.14
"3300065082_72.fna",99.07,1.09
"3300065082_58.fna",76.28,3.01
"3300065082_6.fna",72.21,1.5
"3300065425_32.fna",94.13,3.62
"3300065425_53.fna",84.92,7.26
"3300065425_49.fna",72.41,1.72
"3300065425_5.fna",95.9,0.73
"3300065425_23.fna",80.73,2.61
"3300065425_72.fna",95.24,4.71
"3300065425_78.fna",74.14,1.72
"3300065425_79.fna",77.93,4.35
"3300065425_58.fna",71.66,3.65
"3300065425_59.fna",70.77,1.85
"3300065425_6.fna",95.96,0.51
"3300065425_68.fna",85.3,1.53
"3300065425_7.fna",90.75,2
"3300069934_3.fna",92.24,3.45
"3300072125_12.fna",92.88,1.94
"3300072125_14.fna",98.19,0
"3300072125_2.fna",93.61,1.72
"3300072125_22.fna",98.56,0.43
"3300072125_24.fna",94.58,2.24
"3300072125_25.fna",95.99,0.5
"3300072125_26.fna",99.26,1.3
"3300072125_5.fna",80.46,1.35
"3300072126_11.fna",89.15,0.38
"3300072126_12.fna",91.56,1.74
"3300072126_16.fna",96.28,2.7
"3300072126_17.fna",88.8,1.39
"3300072126_19.fna",72.78,0
"3300072126_24.fna",96.24,0
"3300072126_28.fna",72.41,0
"3300072126_30.fna",95.4,3.45
"3300072126_33.fna",100,0.43
"3300072126_35.fna",87.67,1.47
"3300072126_4.fna",94.54,1.09
"3300072126_44.fna",87.59,1.15
"3300072126_46.fna",99.09,0.91
"3300072126_48.fna",97.79,0.05
"3300072126_49.fna",98.06,3.88
"3300072126_52.fna",75.09,0.66
"3300072126_7.fna",88.68,0.48
"3300072127_10.fna",97.83,0.97
"3300072127_11.fna",97.68,0.75
"3300072127_13.fna",86.89,1.13
"3300072127_17.fna",83.33,2.4
"3300072127_2.fna",88.51,4.09
"3300072127_24.fna",97.81,0.85
"3300072127_5.fna",99.51,0.25
"3300072128_1.fna",85.33,0.8
"3300072128_10.fna",98.89,0.48
"3300072128_16.fna",96.8,0.8
"3300072128_18.fna",97.78,0.99
"3300072128_19.fna",89.29,4.27
"3300072128_2.fna",85.39,0
"3300072128_23.fna",91.33,1.85
"3300072128_27.fna",96.28,2.03
"3300072128_39.fna",94.25,2.3
"3300072128_4.fna",100,0.43
"3300072128_42.fna",93.9,1.23
"3300072128_43.fna",95.9,0.55
"3300072128_47.fna",99.57,1.23
"3300072128_49.fna",84.14,2.91
"3300072128_51.fna",90.58,0
"3300072128_52.fna",77.28,0.25
"3300072128_6.fna",73.93,0.5
"3300072129_1.fna",71.5,1.85
"3300072129_10.fna",73.4,0.43
"3300072129_11.fna",83.4,1.38
"3300072129_4.fna",98.58,0.67
"3300072129_7.fna",81.2,0.31
"3300072129_9.fna",73.93,0.5
"3300072321_16.fna",92.17,6.33
"3300072321_35.fna",72.26,1.24
"3300072328_1.fna",92.18,3.98
"3300072328_18.fna",84.62,3.89
"3300072335_29.fna",70.39,1.94
"3300072335_31.fna",89.57,2.7
"3300072335_38.fna",96.73,1.64
"3300072335_44.fna",100,0
"3300072335_56.fna",100,0.71
"3300072335_57.fna",97.83,0
"3300072335_58.fna",98.26,0.29
"3300072342_15.fna",72.58,3.47
"3300072342_20.fna",90.82,0
"3300072348_40.fna",92.96,4.76
"3300072348_48.fna",90.75,4.54
"3300072348_50.fna",83.76,5.18
"3300072475_11.fna",94.67,0
"3300072475_12.fna",84.53,3.01
"3300072475_16.fna",92,0.55
"3300072475_19.fna",83.69,1.85
"3300072475_22.fna",80.3,0.49
"3300072475_26.fna",82.24,1.72
"3300072475_28.fna",72.33,0.75
"3300072475_30.fna",73.4,1.48
"3300072475_7.fna",97.04,0.74
"3300072475_9.fna",71.36,0
"3300072620_11.fna",74.82,5.87
"3300072620_12.fna",80.07,1.2
"3300072620_14.fna",83.48,2.12
"3300072620_15.fna",95.05,0.1
"3300072620_16.fna",74.1,0.54
"3300072620_17.fna",97.83,0
"3300072620_18.fna",96.28,2.03
"3300072620_19.fna",79.43,2.31
"3300072620_21.fna",97.15,2.85
"3300072620_24.fna",73.66,0
"3300072620_25.fna",99.15,0.43
"3300072620_30.fna",92.59,0.93
"3300072620_32.fna",97.97,1.35
"3300072620_7.fna",85.58,8.82
"3300072651_1.fna",85.88,1.15
"3300072651_10.fna",96.45,2.54
"3300072651_14.fna",72.84,3.06
"3300072651_15.fna",91.95,2.3
"3300072651_17.fna",91.81,0.02
"3300072651_20.fna",92.4,1.16
"3300072651_21.fna",94.38,1.28
"3300072651_22.fna",91.87,1.44
"3300072651_23.fna",92.34,3.95
"3300072651_25.fna",71.24,2.31
"3300072651_26.fna",91.67,1.18
"3300072651_27.fna",92.87,0.87
"3300072651_35.fna",94.58,2.05
"3300072651_37.fna",100,0.43
"3300072651_38.fna",95.51,1.5
"3300072651_40.fna",98.78,0.54
"3300072651_42.fna",94.95,0.82
"3300072651_45.fna",74.42,0.02
"3300072651_47.fna",92.19,1.09
"3300072651_48.fna",83.77,1.6
"3300072651_49.fna",88.8,3.24
"3300072651_6.fna",99.84,0.51
"3300072651_8.fna",98.55,0
"3300072651_9.fna",93.83,0.59
"3300072652_13.fna",97.14,0.62
"3300072652_15.fna",100,0.43
"3300072652_17.fna",94.57,1.09
"3300072652_18.fna",74.92,0
"3300072652_19.fna",98.34,2.29
"3300072652_2.fna",97.02,1.45
"3300072652_20.fna",75.09,4.55
"3300072652_21.fna",74.36,4.13
"3300072652_24.fna",98.36,1.16
"3300072652_25.fna",92.12,0.49
"3300072652_26.fna",76.65,1.75
"3300072652_28.fna",72.02,1.85
"3300072652_32.fna",96.27,0.84
"3300072652_34.fna",94.27,1.16
"3300072652_35.fna",89.73,2.75
"3300072652_36.fna",95.62,0.88
"3300072652_37.fna",96.58,7.69
"3300072652_4.fna",99.25,0
"3300072652_43.fna",97.7,1.15
"3300072652_46.fna",83.33,4.27
"3300072652_47.fna",95.85,0.87
"3300072652_51.fna",96.58,2.88
"3300072652_53.fna",89.04,0.95
"3300072652_55.fna",76.81,0
"3300072652_6.fna",75.45,0.18
"3300072652_8.fna",80.54,2.56
"3300072653_1.fna",96.22,1.26
"3300072653_10.fna",85.21,5.13
"3300072653_11.fna",94.44,1.85
"3300072653_12.fna",96.51,2.75
"3300072653_14.fna",97.6,1.4
"3300072653_15.fna",90.45,1.69
"3300072653_16.fna",97.7,2.3
"3300072653_23.fna",92.67,4.05
"3300072653_24.fna",99.25,0
"3300072653_27.fna",87.64,3.13
"3300072653_28.fna",96.63,2.81
"3300072653_29.fna",89.72,0.49
"3300072653_32.fna",94.58,0.74
"3300072653_33.fna",94.78,0.65
"3300072653_34.fna",76.25,1.29
"3300072653_37.fna",94.88,0.73
"3300072653_38.fna",99.18,0.68
"3300072653_39.fna",71.84,0
"3300072653_41.fna",99.28,0.47
"3300072653_42.fna",95.66,1.83
"3300072653_46.fna",96.9,0.78
"3300072653_47.fna",82.28,0
"3300072653_48.fna",96.28,2.03
"3300072653_49.fna",99.09,0.54
"3300072653_54.fna",72.28,1.12
"3300072653_55.fna",87.78,6.44
"3300072653_58.fna",98.51,0
"3300072653_61.fna",100,0.43
"3300072653_65.fna",96.26,0.91
"3300072653_70.fna",98.78,1.58
"3300072653_71.fna",73.97,0
"3300072653_73.fna",97.97,1.35
"3300072654_1.fna",95.95,3.51
"3300072654_14.fna",96.83,2.03
"3300072654_18.fna",89.66,1.72
"3300072654_20.fna",95.68,0.65
"3300072654_21.fna",100,0.85
"3300072654_24.fna",99.32,1.37
"3300072654_25.fna",74.07,1.39
"3300072654_3.fna",72.22,0
"3300072654_30.fna",99.08,0.54
"3300072654_32.fna",87.35,7.66
"3300072654_33.fna",97.14,0.57
"3300072654_37.fna",81.61,2.83
"3300072654_4.fna",72.91,1.9
"3300072654_41.fna",89.52,0.8
"3300072654_46.fna",98.67,1.05
"3300072654_47.fna",97.7,0
"3300072654_52.fna",98.77,0.89
"3300072654_53.fna",98.1,1.43
"3300072654_57.fna",74.72,6.59
"3300072654_59.fna",81.07,0.97
"3300072654_62.fna",72.08,0
"3300072654_67.fna",74.75,4.89
"3300072654_69.fna",98.52,0
"3300072654_73.fna",86.65,2.56
"3300072654_76.fna",91.45,0.76
"3300072654_77.fna",100,0
"3300072655_15.fna",99.2,0.54
"3300072655_19.fna",72.3,0.12
"3300072655_2.fna",92.03,0.56
"3300072655_20.fna",90.8,2.3
"3300072655_23.fna",94.88,0.25
"3300072655_25.fna",74.75,0
"3300072655_28.fna",90.08,0.8
"3300072655_4.fna",81.55,4
"3300072655_8.fna",96.53,1.4
"3300072655_9.fna",83.38,0
"3300072656_1.fna",75.45,0.49
"3300072656_10.fna",99.2,0.54
"3300072656_12.fna",81.55,8.54
"3300072656_16.fna",97.7,2.3
"3300072656_19.fna",88.8,1.6
"3300072656_20.fna",97.8,1.64
"3300072656_3.fna",89.26,2.94
"3300072656_30.fna",98.65,0.68
"3300072656_32.fna",84.65,0
"3300072656_33.fna",95.27,0.74
"3300072656_37.fna",75.97,3.42
"3300072656_40.fna",95.67,2.14
"3300072656_43.fna",92.39,1.45
"3300072656_46.fna",98.52,0
"3300072656_5.fna",99.15,0.43
"3300072656_56.fna",95.05,0
"3300072656_57.fna",85.35,7.61
"3300072659_10.fna",71.07,0.57
"3300072659_103.fna",90.39,2.16
"3300072659_104.fna",97.7,1.15
"3300072659_106.fna",97.04,0
"3300072659_107.fna",90.6,2.61
"3300072659_110.fna",89.78,0
"3300072659_12.fna",96.6,3.81
"3300072659_13.fna",96.89,2.94
"3300072659_14.fna",70.11,3.36
"3300072659_16.fna",98.01,6.84
"3300072659_19.fna",99.17,1.56
"3300072659_2.fna",94.58,0.41
"3300072659_21.fna",99.28,0.02
"3300072659_24.fna",96.88,0.36
"3300072659_26.fna",100,0.43
"3300072659_32.fna",98.33,0.34
"3300072659_39.fna",92.59,1.95
"3300072659_4.fna",97.44,5.98
"3300072659_42.fna",97.04,0
"3300072659_43.fna",70.69,0.99
"3300072659_44.fna",80.57,1.35
"3300072659_45.fna",96.8,1.75
"3300072659_47.fna",86.71,0.6
"3300072659_49.fna",94.91,1.05
"3300072659_5.fna",99.01,0.25
"3300072659_51.fna",97.87,0.8
"3300072659_52.fna",98.57,0
"3300072659_53.fna",97.49,4.03
"3300072659_54.fna",94.8,0.21
"3300072659_55.fna",96.28,2.03
"3300072659_56.fna",92.98,1.1
"3300072659_58.fna",93.66,7.86
"3300072659_59.fna",99.71,0
"3300072659_6.fna",86.44,0.41
"3300072659_60.fna",79.36,2.7
"3300072659_64.fna",93.23,5.8
"3300072659_66.fna",98.3,2.05
"3300072659_67.fna",74.14,1.72
"3300072659_68.fna",99.62,0
"3300072659_72.fna",98.9,3.3
"3300072659_76.fna",80.63,0.57
"3300072659_77.fna",91.23,1.12
"3300072659_80.fna",80.09,0.39
"3300072659_82.fna",79.31,0
"3300072659_85.fna",87.53,4.34
"3300072659_86.fna",97.68,2.42
"3300072659_88.fna",99,0.45
"3300072659_89.fna",96.58,4.7
"3300072659_9.fna",73.41,3.81
"3300072659_91.fna",98.77,1.16
"3300072659_97.fna",99.16,0.54
"3300072660_10.fna",93.44,0.36
"3300072660_11.fna",74.07,0.46
"3300072660_13.fna",96.28,2.03
"3300072660_15.fna",97.7,1.15
"3300072660_17.fna",91.56,2.07
"3300072660_19.fna",96.9,0.24
"3300072660_23.fna",99.88,0.49
"3300072660_25.fna",96.49,1.1
"3300072660_35.fna",99.51,0.74
"3300072660_39.fna",86.45,3.2
"3300072660_40.fna",95.53,1.94
"3300072660_41.fna",84.12,9.02
"3300072660_46.fna",79.31,0
"3300072660_47.fna",96.64,0.4
"3300072660_48.fna",78.6,2.56
"3300072660_50.fna",99.19,0.54
"3300072660_52.fna",81.07,0.8
"3300072660_55.fna",71.7,2.2
"3300072660_58.fna",79.31,1.72
"3300072660_59.fna",91.49,3.86
"3300072660_60.fna",95.61,1.49
"3300072660_63.fna",98.29,7.01
"3300072660_65.fna",97.54,0
"3300072660_68.fna",70.43,0
"3300072660_73.fna",96.05,1.57
"3300072660_74.fna",93.64,2.99
"3300072660_8.fna",74.36,1.39
"3300072660_81.fna",79.85,0.1
"3300072660_82.fna",96.74,0
"3300072660_87.fna",100,0.43
"3300072660_90.fna",99.32,0.05
"3300072660_91.fna",96.24,0
"3300072660_93.fna",89.74,2.61
"3300072660_94.fna",78.79,0
"3300072660_95.fna",92.86,0.32
"3300072660_96.fna",98.7,0
"3300072660_97.fna",94.71,1.19
"3300072683_10.fna",91.18,4.11
"3300072683_12.fna",97.72,1.85
"3300072683_13.fna",90.8,1.22
"3300072683_15.fna",78.99,1.04
"3300072683_2.fna",87.13,0.9
"3300072683_20.fna",72.07,4.23
"3300072683_22.fna",97.3,1.66
"3300072683_23.fna",93.48,0
"3300072683_24.fna",88.16,0.39
"3300072683_26.fna",76.51,1.1
"3300072683_28.fna",100,0.43
"3300072683_38.fna",83.5,0.97
"3300072683_4.fna",95.43,0.38
"3300072683_41.fna",70.45,4.69
"3300072683_44.fna",92.42,4.19
"3300072683_47.fna",87.88,1
"3300072683_48.fna",84.35,0.93
"3300072683_5.fna",94.77,1.57
"3300072683_6.fna",82.59,0.87
"3300072684_1.fna",93.22,0.8
"3300072684_15.fna",87.16,4.19
"3300072684_20.fna",89.35,1.86
"3300072684_24.fna",97.76,0.7
"3300072684_31.fna",92.59,2.99
"3300072684_34.fna",93.11,0.9
"3300072684_38.fna",73.56,1.15
"3300072685_11.fna",86.49,3.18
"3300072685_12.fna",96.34,1.45
"3300072685_13.fna",80.41,0.72
"3300072685_14.fna",82.96,2.77
"3300072685_20.fna",92.13,0.25
"3300072685_21.fna",74.16,1.4
"3300072685_22.fna",100,0.43
"3300072685_23.fna",99.28,0.72
"3300072685_24.fna",70.66,0.19
"3300072685_26.fna",97.12,1.58
"3300072685_28.fna",96.06,0.59
"3300072685_3.fna",89.56,1.85
"3300072685_36.fna",70.53,0.37
"3300072685_37.fna",80.48,2.58
"3300072685_38.fna",97.7,1.15
"3300072685_4.fna",79.52,0.48
"3300072685_42.fna",99.19,0.76
"3300072685_5.fna",98.57,0
"3300072685_51.fna",70.69,0
"3300072685_56.fna",96.8,0.38
"3300072685_6.fna",92.95,8.4
"3300072685_8.fna",88.38,1.7
"3300072686_1.fna",78.19,0
"3300072686_14.fna",100,0.43
"3300072686_18.fna",93.52,1.6
"3300072686_19.fna",98.91,0.57
"3300072686_20.fna",95.21,2.29
"3300072686_24.fna",73.15,1.39
"3300072686_30.fna",98.4,0.54
"3300072686_33.fna",83.42,0.92
"3300072686_34.fna",78.64,0
"3300072686_35.fna",72.06,1.12
"3300072686_38.fna",72.22,0
"3300072686_7.fna",91.9,3.11
"3300072687_13.fna",94.62,5.46
"3300072687_14.fna",91.9,2.05
"3300072687_15.fna",95.96,0.25
"3300072687_16.fna",92.64,0.03
"3300072687_2.fna",96.28,2.03
"3300072687_20.fna",79.46,1.85
"3300072687_26.fna",70.79,3.23
"3300072687_30.fna",99.61,0.39
"3300072687_31.fna",95.21,1.4
"3300072687_33.fna",96.58,2.28
"3300072687_35.fna",97.7,1.15
"3300072687_36.fna",91.61,3.54
"3300072687_38.fna",98.77,0.68
"3300072687_40.fna",95.57,0
"3300072687_41.fna",97.83,0.17
"3300072687_46.fna",90.11,1.29
"3300072687_47.fna",95.51,1.12
"3300072687_51.fna",95.78,1.62
"3300072687_52.fna",97.75,2.25
"3300072687_54.fna",99.18,0
"3300072687_55.fna",94.57,0.36
"3300072687_56.fna",94.44,1.85
"3300072687_59.fna",94.87,2.85
"3300072687_6.fna",86.59,1.65
"3300072687_60.fna",99.62,0
"3300072687_61.fna",88.16,2.33
"3300072687_62.fna",98.65,2.7
"3300072687_63.fna",81.36,0.02
"3300072687_68.fna",96.13,0.36
"3300072687_69.fna",92.73,0.8
"3300072687_7.fna",98.92,0.54
"3300072687_72.fna",100,0.97
"3300072687_73.fna",96.58,7.69
"3300072687_75.fna",99.32,1.35
"3300072687_77.fna",89.07,0.57
"3300072687_8.fna",89.21,1.17
"3300072687_9.fna",94.69,3.85
"3300072688_11.fna",96.58,7.69
"3300072688_14.fna",93.23,0.21
"3300072688_15.fna",100,0.43
"3300072688_16.fna",93.16,2.14
"3300072688_18.fna",80.17,0.93
"3300072688_30.fna",95.72,1.14
"3300072688_31.fna",86.31,1.14
"3300072688_32.fna",84.46,1.19
"3300072688_36.fna",95.6,4.95
"3300072688_37.fna",95.36,0.67
"3300072688_38.fna",88.69,0.8
"3300072688_9.fna",81.43,0.85
"3300072699_1.fna",77.24,0
"3300072699_10.fna",88.12,1.38
"3300072699_12.fna",94.44,2.78
"3300072699_13.fna",96.28,2.03
"3300072699_14.fna",100,0.43
"3300072699_15.fna",99.01,0
"3300072699_16.fna",70.92,2.98
"3300072699_21.fna",70.36,1.09
"3300072699_27.fna",97.29,2.75
"3300072699_31.fna",96.62,2.03
"3300072699_32.fna",89.74,4.32
"3300072699_39.fna",99.18,1.16
"3300072699_41.fna",95.57,4.85
"3300072699_43.fna",98.17,0.59
"3300072699_46.fna",89.66,6.9
"3300072699_47.fna",79.61,0.97
"3300072699_48.fna",96.62,2.7
"3300072699_52.fna",83.94,4.12
"3300072699_56.fna",92.74,7.26
"3300072699_58.fna",89.66,0.25
"3300072699_59.fna",90.04,0.31
"3300072699_60.fna",93.9,0.51
"3300072699_67.fna",94.01,2.2
"3300072699_69.fna",75.97,5.68
"3300072699_71.fna",96.27,0.8
"3300072699_73.fna",87.71,2.06
"3300072699_74.fna",96.55,1.15
"3300072699_75.fna",98.31,2.92
"3300072699_77.fna",77.26,2.54
"3300072699_81.fna",96.63,1.12
"3300072776_11.fna",96.28,2.03
"3300072776_12.fna",91.35,0.57
"3300072776_13.fna",91.18,1.8
"3300072776_17.fna",84.12,0.88
"3300072776_19.fna",97.49,0.54
"3300072776_20.fna",99.92,0.54
"3300072776_21.fna",98.18,0.88
"3300072776_22.fna",94.3,5.22
"3300072776_24.fna",99.28,0
"3300072776_27.fna",91.88,0.43
"3300072776_29.fna",96.33,0.02
"3300072776_3.fna",73.92,0.87
"3300072776_31.fna",90.46,3
"3300072776_32.fna",95.07,0
"3300072776_34.fna",99.18,0.89
"3300072776_35.fna",99.62,0
"3300072776_36.fna",98.55,1.77
"3300072776_37.fna",97.87,0.8
"3300072776_38.fna",97.7,1.15
"3300072776_40.fna",96.58,7.69
"3300072776_41.fna",92.34,2.78
"3300072776_44.fna",92.31,1.71
"3300072776_45.fna",94.02,5.78
"3300072776_48.fna",77.43,0.25
"3300072776_5.fna",78.6,2.83
"3300072776_50.fna",86.75,1.8
"3300072776_57.fna",88.25,2.16
"3300072776_60.fna",79.2,5.49
"3300072776_62.fna",97.44,3.42
"3300072776_63.fna",94.59,1.35
"3300072776_65.fna",97.67,0.39
"3300072776_66.fna",94.17,1.25
"3300072776_71.fna",98.91,0.57
"3300072776_73.fna",97.75,2.25
"3300072776_77.fna",77.35,0.97
"3300072777_1.fna",95.68,0.8
"3300072777_13.fna",88.36,2.5
"3300072777_16.fna",99.28,0.02
"3300072777_17.fna",99.25,0
"3300072777_2.fna",93.96,0
"3300072777_23.fna",99.13,2.05
"3300072777_26.fna",75,1.72
"3300072777_27.fna",97.58,1.09
"3300072777_28.fna",73.9,0
"3300072777_29.fna",97.19,1.68
"3300072777_31.fna",94.38,2.43
"3300072777_32.fna",78.56,0.63
"3300072777_33.fna",94.79,5.51
"3300072777_35.fna",99.97,0.28
"3300072777_36.fna",95.6,3.3
"3300072777_38.fna",89.81,2.72
"3300072777_39.fna",83.91,0
"3300072777_47.fna",91.14,0.53
"3300072777_48.fna",70.69,1.72
"3300072777_49.fna",99.06,0.54
"3300072777_55.fna",100,0.43
"3300072777_56.fna",92.31,2.2
"3300072777_59.fna",71.89,0.99
"3300072777_62.fna",98.33,0.57
"3300072777_64.fna",77.39,0.9
"3300072777_66.fna",100,0.97
"3300072777_7.fna",91.67,1.39
"3300072777_72.fna",97.7,2.3
"3300072777_73.fna",97.54,0
"3300072777_75.fna",92.38,1.81
"3300072777_76.fna",92.55,0
"3300072777_78.fna",70.67,4.39
"3300072777_9.fna",85.23,3.38
"3300072778_1.fna",98.24,0
"3300072778_10.fna",98.92,0.97
"3300072778_11.fna",98.6,3.3
"3300072778_12.fna",76.35,1.17
"3300072778_13.fna",97.7,1.15
"3300072778_16.fna",96.27,0.8
"3300072778_18.fna",82.76,8.62
"3300072778_19.fna",98.3,2.53
"3300072778_20.fna",99.25,0
"3300072778_22.fna",93.35,1.05
"3300072778_23.fna",70.69,0
"3300072778_24.fna",97.04,1.07
"3300072778_26.fna",94.25,1.24
"3300072778_27.fna",98.91,0.02
"3300072778_28.fna",79.92,1.54
"3300072778_30.fna",93.24,3.04
"3300072778_31.fna",99.01,0.03
"3300072778_32.fna",92.52,4.82
"3300072778_33.fna",96.65,3.44
"3300072778_36.fna",97.37,0.98
"3300072778_38.fna",93.16,2.56
"3300072778_39.fna",70.96,0
"3300072778_41.fna",100,0.43
"3300072778_42.fna",97.04,1.26
"3300072778_47.fna",97.44,7.06
"3300072778_48.fna",97.54,0.41
"3300072778_52.fna",88.03,6.03
"3300072778_55.fna",97.09,0.36
"3300072778_57.fna",98.54,0.32
"3300072778_58.fna",98.57,0
"3300072778_59.fna",94.05,8.86
"3300072778_60.fna",94.3,2.5
"3300072778_64.fna",99.15,0.22
"3300072778_69.fna",91.71,0.9
"3300072778_8.fna",83.3,5.64
"3300072780_10.fna",94.93,3.62
"3300072780_103.fna",96.72,2.25
"3300072780_105.fna",71.05,4.92
"3300072780_106.fna",97.03,4.7
"3300072780_11.fna",88.42,0.25
"3300072780_12.fna",99.08,0.97
"3300072780_13.fna",96.06,2.7
"3300072780_14.fna",95.67,0
"3300072780_15.fna",90.72,0.22
"3300072780_19.fna",93.1,0.03
"3300072780_2.fna",98.9,3.85
"3300072780_20.fna",90.54,4.05
"3300072780_25.fna",100,0.43
"3300072780_26.fna",98.3,1.11
"3300072780_28.fna",95.75,5.23
"3300072780_30.fna",79.06,1.76
"3300072780_32.fna",99.48,1.04
"3300072780_33.fna",98.24,0
"3300072780_34.fna",91.76,0.55
"3300072780_35.fna",90.6,6.41
"3300072780_36.fna",81.2,0.46
"3300072780_37.fna",95.44,1.71
"3300072780_4.fna",97.78,0
"3300072780_41.fna",99.11,1.5
"3300072780_42.fna",94.63,4.38
"3300072780_43.fna",97.52,0
"3300072780_44.fna",71.28,1.28
"3300072780_45.fna",99.47,0.44
"3300072780_47.fna",70.82,2.66
"3300072780_49.fna",92.62,0.43
"3300072780_5.fna",98.29,7.86
"3300072780_50.fna",87.86,1.12
"3300072780_52.fna",97.7,1.15
"3300072780_54.fna",98.36,0.89
"3300072780_55.fna",90.6,3.85
"3300072780_56.fna",95.49,8.04
"3300072780_57.fna",95.39,0.57
"3300072780_6.fna",85.61,7.86
"3300072780_61.fna",96.27,0.8
"3300072780_63.fna",100,0
"3300072780_65.fna",96.15,1.59
"3300072780_66.fna",96.82,5.73
"3300072780_67.fna",99.11,0.6
"3300072780_68.fna",92.04,0.93
"3300072780_73.fna",89.38,1.19
"3300072780_75.fna",82.34,3.93
"3300072780_79.fna",96.53,2.69
"3300072780_81.fna",98.73,0.27
"3300072780_84.fna",98.15,6.48
"3300072780_85.fna",98.65,3.38
"3300072780_88.fna",92.55,1.27
"3300072780_89.fna",94.9,2.84
"3300072780_9.fna",74.83,0.68
"3300072780_90.fna",96.31,0.41
"3300072780_92.fna",98.03,0.4
"3300072780_99.fna",85.19,6.84
"3300072783_12.fna",88,5.77
"3300072783_13.fna",94.94,0
"3300072783_15.fna",99.32,1.37
"3300072783_21.fna",98.38,0
"3300072783_22.fna",92.42,1.83
"3300072783_27.fna",96.04,0
"3300072783_3.fna",93.9,1.84
"3300072783_31.fna",86.99,4.95
"3300072783_32.fna",98.17,0.21
"3300072783_33.fna",100,0.43
"3300072783_34.fna",80.8,3.51
"3300072783_35.fna",98.08,0.71
"3300072783_36.fna",100,0.97
"3300072783_38.fna",96.27,0.8
"3300072783_4.fna",94.26,2.03
"3300072783_40.fna",95.3,3.99
"3300072783_42.fna",91.32,2.44
"3300072783_43.fna",91.2,1.03
"3300072783_44.fna",98.2,1.58
"3300072783_46.fna",97.7,2.3
"3300072783_48.fna",90.28,2.31
"3300072783_54.fna",73.9,0
"3300072783_58.fna",80.31,0
"3300072783_60.fna",98.51,0.94
"3300072783_62.fna",92.61,0.9
"3300072783_66.fna",93.17,0.55
"3300072783_67.fna",99.48,1.33
"3300072783_68.fna",98.77,0.68
"3300072783_74.fna",93.77,2.22
"3300072783_75.fna",96.48,0.57
"3300072783_77.fna",91.45,3.47
"3300072783_81.fna",92.48,0.04
"3300072783_83.fna",76.89,0.58
"3300072783_96.fna",98.03,0
"3300072953_1.fna",98.17,1.07
"3300072953_11.fna",81.07,0.8
"3300072953_12.fna",86.13,0
"3300072953_14.fna",90.66,3.35
"3300072953_15.fna",81.28,0.8
"3300072953_17.fna",95.34,0
"3300072953_24.fna",99.16,0.54
"3300072953_26.fna",82.55,1.35
"3300072953_29.fna",80.26,0
"3300072953_31.fna",87.81,3.87
"3300072953_38.fna",100,0.43
"3300072953_39.fna",95.02,3.45
"3300072953_40.fna",76.63,4.73
"3300072953_48.fna",97.7,2.3
"3300072953_49.fna",82.7,1.05
"3300072953_8.fna",70.51,8.78
"3300072954_1.fna",79.95,3.58
"3300072954_14.fna",95.76,3.74
"3300072954_16.fna",97.54,0.56
"3300072954_20.fna",99.15,0.43
"3300072954_22.fna",75.03,0
"3300072954_27.fna",74.17,5.56
"3300072954_34.fna",97.41,0.97
"3300072954_40.fna",98.5,0.13
"3300072954_43.fna",84.11,0.4
"3300072954_49.fna",97.52,0
"3300072954_5.fna",95.93,2.03
"3300072954_50.fna",89.71,0.8
"3300072954_53.fna",74.8,1.2
"3300072954_58.fna",96.55,0.49
"3300072954_63.fna",95.4,1.15
"3300072954_64.fna",95.67,0.17
"3300072954_67.fna",98.67,0.94
"3300072954_68.fna",90.24,3.97
"3300072954_7.fna",88.94,1.82
"3300072954_9.fna",95.61,0.75
"3300072972_1.fna",86.64,3.65
"3300072972_12.fna",99.01,0.34
"3300072972_13.fna",82.69,0.61
"3300072972_21.fna",95.71,0.48
"3300072972_22.fna",98.77,0.68
"3300072972_24.fna",70.15,5.13
"3300072972_3.fna",92.37,0.57
"3300072972_32.fna",79.31,3.45
"3300072972_37.fna",74.61,1.67
"3300072972_39.fna",99.15,0.22
"3300072972_4.fna",96.16,1.64
"3300072972_40.fna",91.19,0.64
"3300072972_42.fna",82.24,0.52
"3300072972_44.fna",90.52,2.43
"3300072972_45.fna",76.23,1.03
"3300072972_54.fna",97.7,1.15
"3300072972_57.fna",77.64,5.27
"3300072972_9.fna",100,0.97
"3300072973_10.fna",99.06,0.54
"3300072973_12.fna",95.69,0.97
"3300072973_14.fna",86.41,0
"3300072973_18.fna",89.52,3.55
"3300072973_20.fna",83.69,1.71
"3300072973_5.fna",81.77,0.92
"3300072973_7.fna",99.97,0.43
"3300072973_8.fna",81.9,0.25
"3300072973_9.fna",88.18,0.8
"3300072974_1.fna",84.98,0.36
"3300072974_11.fna",94.01,0.49
"3300072974_12.fna",96.87,1.95
"3300072974_18.fna",100,0.43
"3300072974_19.fna",84.26,2.98
"3300072974_2.fna",96.58,7.69
"3300072974_20.fna",98.65,1.23
"3300072974_21.fna",80.49,1.23
"3300072974_26.fna",100,0
"3300072974_30.fna",91.95,1.35
"3300072974_32.fna",90.07,2.33
"3300072974_39.fna",73.13,1.49
"3300072974_4.fna",73.82,1.35
"3300072974_40.fna",75.54,2.4
"3300072974_5.fna",91.22,0.65
"3300072975_10.fna",85.84,0.89
"3300072975_16.fna",81.82,1.4
"3300072975_2.fna",90,3
"3300072975_22.fna",79.71,2.32
"3300072975_23.fna",98.22,1.01
"3300072975_27.fna",96.89,5.22
"3300072975_28.fna",97.04,0
"3300072975_3.fna",100,0.43
"3300072975_33.fna",95.62,2.93
"3300072975_42.fna",91.16,2.03
"3300072975_48.fna",86.14,3.96
"3300072975_5.fna",87.31,0.5
"3300072975_51.fna",97.85,3.76
"3300072975_52.fna",95.71,0
"3300072975_53.fna",97.21,1.35
"3300072975_59.fna",91.29,1.28
"3300072975_7.fna",90.54,0.68
"3300072975_9.fna",91.76,5.36
"3300072976_16.fna",95.29,0.48
"3300072976_18.fna",98.03,0
"3300072976_2.fna",96.58,7.69
"3300072976_23.fna",94.56,0.63
"3300072976_27.fna",90.86,1.86
"3300072976_30.fna",74.76,1.62
"3300072976_31.fna",81.62,1.71
"3300072976_32.fna",100,0.43
"3300072976_35.fna",95.74,0.74
"3300072976_37.fna",90.85,7.23
"3300072976_4.fna",97.74,0.19
"3300072976_47.fna",88.51,6.4
"3300072976_48.fna",96.54,0.43
"3300072976_49.fna",93.5,0.41
"3300072976_5.fna",83.99,1.86
"3300072976_50.fna",93.52,1.85
"3300072976_54.fna",83.84,1.65
"3300072976_56.fna",93.3,0.36
"3300072976_57.fna",81.89,0.8
"3300072976_58.fna",87.62,0.57
"3300072977_1.fna",95.73,6.84
"3300072977_17.fna",80.87,1.87
"3300072977_18.fna",83.8,0.8
"3300072977_21.fna",95.4,0.49
"3300072977_27.fna",98.94,1.09
"3300072977_3.fna",95.19,0.95
"3300072977_31.fna",79.34,0.58
"3300072977_32.fna",81.03,1.72
"3300072977_33.fna",92.93,7.11
"3300072977_34.fna",89.32,1.45
"3300072977_38.fna",96.4,1.12
"3300072977_45.fna",89.81,2.31
"3300072977_46.fna",76.78,6.55
"3300072977_5.fna",99.25,0
"3300072977_56.fna",87.17,0.73
"3300072977_57.fna",100,0.43
"3300072977_7.fna",93.16,1.71
"3300072978_13.fna",95.73,6.84
"3300072978_17.fna",72.94,0.5
"3300072978_19.fna",81.2,0.8
"3300072978_27.fna",94.55,0.49
"3300072978_29.fna",88.46,2.99
"3300072978_3.fna",96.62,0.85
"3300072978_30.fna",84.62,3.07
"3300072978_38.fna",86.57,3.4
"3300072978_40.fna",97.95,1.45
"3300072978_46.fna",96.92,0.65
"3300072978_48.fna",91.48,3.7
"3300072978_49.fna",89.07,0.8
"3300072978_6.fna",94.3,0.82
"3300072978_8.fna",99.25,0
"3300072979_13.fna",94.44,1.85
"3300072979_15.fna",86.51,0.83
"3300072979_2.fna",82.89,0.75
"3300072979_20.fna",98.52,0
"3300072979_21.fna",97.78,1.4
"3300072979_23.fna",97.3,5.95
"3300072979_27.fna",84.42,2.8
"3300072979_32.fna",96.58,7.69
"3300072979_33.fna",94.83,6.58
"3300072979_36.fna",96.28,2.03
"3300072979_40.fna",91.62,1.85
"3300072979_43.fna",94.87,2.28
"3300072979_47.fna",93.04,0
"3300072979_49.fna",73.65,0.48
"3300072979_5.fna",99.62,0.28
"3300072979_51.fna",97.31,1.08
"3300072979_53.fna",82.48,3.85
"3300072979_56.fna",74,0.89
"3300072979_6.fna",99,0.24
"3300072979_60.fna",86.04,1.71
"3300072979_66.fna",93.41,1.65
"3300072979_69.fna",85.68,9.61
"3300072979_70.fna",97.88,0.71
"3300072979_77.fna",88.72,0
"3300072979_8.fna",90.73,1.12
"3300072979_80.fna",74.17,5.09
"3300072979_82.fna",77.04,0
"3300072979_85.fna",100,0.43
"3300072979_86.fna",97.7,2.3
"3300072979_9.fna",88.74,0.8
"3300072979_93.fna",87,0.54
"3300072979_94.fna",77.59,0
"3300072979_96.fna",78.64,8.43
"3300072980_1.fna",90.31,0.85
"3300072980_11.fna",95.87,0.48
"3300072980_20.fna",76.86,1.25
"3300072980_22.fna",90.88,3.26
"3300072980_24.fna",87.93,0.8
"3300072980_33.fna",94.86,0.17
"3300072980_34.fna",99.06,1.5
"3300072980_39.fna",90.77,2.77
"3300072980_4.fna",89.81,3.24
"3300072980_40.fna",96.58,7.69
"3300072980_41.fna",93.06,0.93
"3300072980_46.fna",94.27,1.64
"3300072980_5.fna",97.49,0.69
"3300072981_1.fna",82.69,2.78
"3300072981_14.fna",82.46,1.12
"3300072981_16.fna",98.87,0
"3300072981_18.fna",97.62,0.36
"3300072981_19.fna",81.87,0.84
"3300072981_6.fna",85.14,0.11
