"trait","PC1","PC2","PC3","PC4","PC5","PC6","PC7","PC8","PC9","PC10","PC11","PC12","PC13","PC14","PC15","PC16","PC17","PC18","PC19","PC20","PC21","PC22","PC23","PC24","PC25","PC26","PC27","PC28","PC29","PC30","PC31","PC32","PC33","PC34","PC35","PC36","PC37","PC38","PC39","PC40","PC41","PC42","PC43","PC44","PC45","PC46","PC47","PC48","PC49","PC50","PC51","PC52","PC53","PC54","PC55","PC56","PC57","PC58","PC59","PC60","PC61","PC62","PC63","PC64","PC65","PC66","PC67","PC68","PC69","PC70","PC71","PC72","PC73","PC74","PC75","PC76"
"Resource.Acquisition.Substrate.uptake.aromatic.acid.transport",-0.158832280216342,0.0186633409281825,-0.0432690089126339,0.0294950166980164,-0.0229392552059352,0.0602026577032372,-0.0755740392906052,0.0611396916494877,-0.0216562754150859,0.107156647557004,-0.0161256364283918,0.113405719201565,-0.104792041552026,0.0146214277059656,-0.0534843385501957,0.0532668428643348,-0.118728854145466,0.01844156258721,0.0172651927428882,-0.148404616995946,0.175606483555879,0.0608316513374318,-0.117723610681659,-0.0383941242217006,0.189044284687255,0.0216260069175961,-0.0702562646237612,-0.14999814284423,-0.212194489264027,0.159211273032404,0.382914561919665,-0.0845969025538689,-0.0875848095548666,-0.148995074637813,-0.114268544092907,-0.00962861633946729,-0.217210333707243,0.0113448409586887,0.231460172169703,0.177040842637188,-0.161095599103154,-0.0425979516457992,-0.0778733596097045,-0.446405008181296,0.1705416023965,0.0774555835090751,-0.00727543814317407,-0.0559305547252097,-0.0176699912486611,-0.0307900052549263,-0.0221780177982106,-0.0162834393624509,-0.0432753688230646,-0.120730263694281,0.0185358027135899,0.174154556043287,0.052927185447057,0.0477921282275518,0.0529736310267311,-0.0847118264315066,-0.0321602184540471,-0.0348022370689248,0.0546311011654766,0.0714750452970434,0.0294827809841436,-0.116254676391695,-0.00720629806321234,0.071910665994373,-0.0266556749738052,0.0143944222606825,1.43134899390138e-16,0,0,0,0,0
"Resource.Acquisition.Substrate.uptake.biopolymer.transport",-0.0650091554283166,-0.282654678756755,0.0166994005921987,0.180528635152012,-0.030089666029929,-0.11500267827893,0.107242580324563,0.158512177880998,-0.0100860834353015,-0.0233527115555667,-0.0112044756881065,0.0676436795901181,0.055958313653702,0.0264869473955772,-0.0600370509913744,0.0623561168343974,-0.0480090495517548,0.0411134670245927,-0.0645674925345177,0.0393272376173041,-0.0323672167245765,0.14624845905875,0.00344248759691539,-0.0144373265383019,-0.0910181087547632,-0.0115192612119568,0.0725010285235742,0.031893115974318,0.0861809651090837,0.0633303952434122,-0.0108062917756773,0.00290973056942842,-0.0499144563282847,-0.10610305779577,0.0919143315582212,-0.0124545370288054,0.0271543873420657,0.00514972435492886,-0.150516466483028,0.000433760672920461,0.149584656341829,-0.0923990215976645,0.00441688065679438,-0.0292793814361836,-0.0109988999501976,-0.00980288314238492,0.102520955876552,-0.0127380973523383,-0.0161692866835749,0.065518064749481,-0.093660594490159,0.0483464435182489,-0.18652840453023,0.102623281390769,-0.110847682353448,-0.0183269891443516,-0.0326518091646863,0.0207684593379468,0.0485384352541434,0.0621903952023133,0.00366520205545844,-0.0893429677659891,0.0840079560191219,-0.14189891350898,0.37302436521818,-0.598374829131948,-0.203299872513994,-0.0344740022900462,-0.110224121379672,-0.0108209884018645,3.03458123093443e-16,1.25258220574551e-16,-2.1212853615938e-17,1.94112661186382e-16,4.16295068955811e-17,-2.47220914210002e-17
"Resource.Acquisition.Substrate.uptake.carbohydrate.transport.amino.sugar.transport",-0.173028473060408,0.152542222113215,0.0443736271396177,0.00646591757610507,0.103180765510437,0.0585150648060834,0.0044882626233102,-0.0474433195897079,0.0685743372446901,-0.0782743665606918,0.0254587461702568,-0.0326124738007901,0.0860068901812868,0.0404893854322066,0.100621380775334,-0.0170833245618249,-0.0115158425763515,0.0780850285054285,0.0532037035793792,0.122587868312932,-0.0376038626578992,0.0149821003623748,0.0709181922026516,-0.0386848397249977,0.0281186049580624,0.0321488186647716,0.0494624818709133,-0.0875097116457369,0.0270829935843525,-0.0398575932401611,-0.00692006413702744,-0.0139363664947985,-0.0116750541269686,0.048430372455806,0.0270354593211015,-0.0821794238713231,0.031602643082844,-0.110851055768684,-0.0619298270931059,-0.00680824396279214,-0.0177148546053115,-0.0151749049666903,0.0360964389972944,0.0864455338500568,-0.0934933216143495,0.0581696948240759,0.0485866894131316,-0.2163909636747,-0.247776949359613,-0.164490421170261,-0.0424729749342699,-0.00242829435777663,0.232678857837864,-0.0409756377919229,-0.0994422479419075,0.017113992176804,0.443151088889035,0.0170911059382498,0.229488925931025,-0.0493453199237833,-0.0217696265782131,-0.256990641784812,0.37985210795328,-0.0420430071586339,-0.202902213198754,-0.145976509073097,-0.104454272849514,0.202855183244535,0.111718105244878,-0.0656206547773698,3.27417255719939e-16,-8.68453106235251e-17,-1.31539834307009e-17,6.93674212876957e-18,6.79928873169927e-17,-5.52979385962222e-17
"Resource.Acquisition.Substrate.uptake.carbohydrate.transport.carbohydrate.acid.transport",-0.177641084237193,0.104482654849517,0.0742438016487703,0.112052808496791,0.0388948982346576,0.0293138613135464,-0.0220991350846218,-0.0744136688849757,0.0621939943558523,-0.115195691883554,0.00656526423474043,-0.0357050366429719,-0.0142300547867601,0.0254559242413047,-0.0508843798096201,0.0193384196502276,-0.0192767044487967,-0.111960279589501,-0.00625683784924436,0.0408903920387739,-0.00105144404040214,-0.053633138974459,-0.0528465179194268,-0.0346025819595124,0.13236222670376,-4.11068875492415e-05,-0.0528301598576863,-0.0634153604279886,-0.120733291229362,-0.0259489365751317,-0.0350343584020812,0.0189224988096361,0.0580629793647656,0.0455876228208047,-0.0915874762652852,0.0984134817070004,-0.0143029066289417,-0.0692984857803415,0.0208216049708678,0.0954013120767803,-0.217175251686372,0.0428412962266713,0.0464504817857201,0.0403519654797421,-0.0384339049060491,0.0415022823453193,-0.00841212889774343,0.0104498577060677,-0.0348175132399486,0.0560701985898666,-0.193935902382633,-0.157382474064823,-0.224414761534994,0.0165064361050112,-0.282750030366307,-0.336673963847777,0.111551204625549,-0.0587793236923916,0.0934127228039729,0.430475366003827,0.0810425444277455,-0.00351734079691884,-0.334221166631596,-0.155824628945493,0.0204053393202593,-0.037156399175793,0.166342185663467,0.230112148864502,-0.0492951329587175,0.062387105340951,-4.10069955256886e-16,1.22346305115922e-16,-2.28461604523514e-17,8.90555119101356e-17,-1.50067428373801e-16,-4.46637459456175e-17
"Resource.Acquisition.Substrate.uptake.carbohydrate.transport.carbohydrate.derivative.transport.glycoside.transport",-0.18528315922684,0.107931532244139,0.0632361047581013,0.0709937705626425,0.104867856403295,0.0593639595367415,-0.0642895322613131,-0.0437920668187136,-0.0113121535961729,-0.0827631539363401,-0.00781990865513957,0.0570992500031981,0.0483249849440726,0.0400320774200348,0.0653837078242069,0.0624834169778926,0.00979003260852607,-0.135177480420055,-0.0596862042110258,0.147217798675459,-0.0246317097122787,-0.056297439527858,0.029113808320917,-0.0448075600476454,-0.0148123907657836,0.0133002072297988,0.00618089152402237,-0.0474333788030395,0.0254630566567095,-0.0429228944878442,0.0140786234637066,-0.0640876530869402,0.0308050674075189,0.0363049007464065,-0.0193740302458007,0.031591481981963,0.0049603988561822,-0.0305868490971423,0.0212551751930281,0.0372636216564251,-0.11897572562765,-0.0431366403668433,0.0705158904550044,-0.017362387049522,-0.0128287888482513,-0.0298062215421864,0.0223548776831762,0.0784828130687193,-0.0631283353977219,-0.0331326625880691,-0.0482419559020856,-0.0116461863039066,-0.201247029442314,0.0744872711600166,0.021003238269573,0.0272675157095258,0.372112025055579,0.0438464021444509,0.0402320193816274,-0.198998228988359,0.0581245666631439,0.0502328369955126,0.00546837435345292,-0.00944122020838953,0.33862592928537,0.203009856936172,-0.00389307683280699,-0.626238969263254,0.0214103385898538,0.126078655873793,-9.3480138105249e-17,-1.26199985294212e-16,8.68316997857352e-17,2.22729441729054e-17,2.44838224341092e-16,-2.32188253672052e-17
"Resource.Acquisition.Substrate.uptake.carbohydrate.transport.carbohydrate.phosphate.transport",-0.161833746501206,0.0420448003298716,0.0558758271269933,0.147508099437139,0.0642875953574316,0.0021573675806534,-0.118799165970496,-0.153013466203383,-0.0903055270096598,-0.0214180730346031,-0.0480318068215552,-0.0109051172854983,-0.023544880173885,0.058673436836144,0.0521150630821717,-0.120083729807305,0.0139030838831397,0.0135910298879869,-0.079417028726378,0.117494567395096,0.0153850700266294,-0.078344186069285,-0.00847176535045832,-0.0370942546176759,-0.0735122692060347,0.0108788586619774,0.0137186205891294,-0.0662334179794466,-0.00993882936455794,0.0514246043254718,-0.134649898851123,-0.20994399456575,-0.0340971577800539,0.0353003348213056,-0.0739108220327208,-0.0561127744919869,-0.0929983232336932,-0.150976705373877,-0.0279020181630873,0.0507305555740928,-0.012081417361403,0.0821714942684591,0.286187345212914,-0.0394775244773916,-0.125831765896509,0.367250043422077,0.22999571137463,-0.289818730703558,0.0934066218621678,-0.107913923328122,-0.138027946011881,0.230499464457502,0.0222600733804683,0.025442094005618,-0.0235332384205448,0.0231990356187125,-0.380639473808996,-0.137065068451127,-0.000965778343306925,-0.159766194678157,0.0585397255827852,0.133749327585033,-0.0230187024928248,0.0658168921033725,0.0754841538537054,-0.0210948193765842,0.0853912942533244,0.0149628200723366,0.111571785703929,-0.0996004224485769,2.31705867577749e-16,-1.67719286459966e-16,7.57584080276942e-17,-1.54082185129396e-16,1.48359170042238e-16,-3.05386716349878e-17
"Resource.Acquisition.Substrate.uptake.carbohydrate.transport.monosaccharide.transport",-0.168082055829959,0.0312726966642765,0.0811302083726053,-0.00580119382896754,-0.0484893903772062,-0.137883227818366,0.0905450753222483,0.0590395441335134,0.0758494329559791,-0.117717651772466,-0.158192930198431,-0.10003501359588,0.0788506490829872,0.00726167530516572,-0.0650286834534816,0.0531734765711115,0.178283426608748,-0.069533413115777,0.064352142411189,-0.154435422113995,0.0447213626041298,0.00192193337325054,0.000897330331653425,-0.0682396324553562,-0.101052981278219,0.0372105865554387,-0.00278813041951893,-0.0092586835635989,0.0957239985221066,-0.0285422307780751,0.116965779852675,-0.0249596837331132,0.0674929013514379,0.0246812042800949,0.0729426288756586,-0.0266560036510828,0.0915226764741438,0.123530550671805,0.0623077738863791,-0.0174031689542088,-0.0552522221096536,0.19004378919333,0.0943385179607285,0.0493267708347713,-0.0823079147934305,0.0266646955884747,0.0751572009193068,0.00215648491839631,-0.0846756003328279,-0.159462494530839,-0.0292452170513829,-0.437026643624849,-0.318969072834769,0.028559246881278,0.113379605150782,0.171517529828994,-0.158970547903894,-0.197102707012999,-0.0225376858196829,-0.25344256683063,-0.10259267313194,-0.271186832832211,-0.144499502842681,-0.0329497328634744,-0.201992661093143,-0.0458806047074828,-0.0733521709051866,-0.00232419639309889,0.0230864183892426,-0.0154933232216561,-1.02307057977622e-16,2.62681112604215e-16,-2.6589225827066e-17,-1.55926298298002e-16,6.25400791384587e-17,2.81086687462765e-17
"Resource.Acquisition.Substrate.uptake.carbohydrate.transport.oligosaccharide.transport",-0.162106490727097,0.0926808026756507,0.0404782275849305,0.0633346116285478,0.042738477078782,0.0471144280266494,-0.0745193515490328,0.00384194505573296,-0.0543222562123974,-0.035291835248712,-0.0276518729837047,0.0799988411971171,-0.0754755940532829,0.139095498896365,0.0700668248915884,-0.0151382485543392,-0.0604803083401943,-0.0506233018107876,-0.0265203636262899,-0.0184599373060019,0.0735678290530012,0.0435902742637512,0.0535038189860146,-0.0181295865414642,0.0281844298767613,-0.11681449882735,0.0862703103781386,-0.141571156088032,0.200397826352645,-0.0978837006286976,-0.160064451998102,-0.331610723580406,0.0599493187078193,0.0963035414482521,-0.21411648213123,0.0531194183332386,-0.102366434527529,0.197023098700774,0.123908719503499,-0.180217239710207,0.3044854581386,-0.117112562529403,-0.0800656366983078,-0.0949980040937643,-0.0316649313814371,-0.301356432327876,-0.193989056052122,-0.216716502276193,0.312910078185254,0.113962620577124,-0.126187781776938,-0.175295103739621,-0.00288628107855837,0.0697626263699589,0.0161105232315826,-0.0154875422232328,-0.00496419633187909,-0.0494107413277772,0.0374136051089478,0.0346442808235996,-0.0483591896646791,0.0377899202691936,0.0761954350430652,0.00824931906421414,-0.128462552847283,-0.0572211364973332,-0.00187228809241736,-0.00247297951980352,-0.037439708835849,0.0868352108086255,-1.66745547522662e-16,9.38166652194641e-17,1.39089139390217e-16,-3.75959637477166e-18,-1.65497549431501e-16,-2.44078558701216e-17
"Resource.Acquisition.Substrate.uptake.carbohydrate.transport.oligosaccharide.transport.disaccharide.transport",-0.169378969052384,0.118514644930372,0.0352651777164746,-0.0627135978625423,-0.0480622029935201,-0.0425975155552085,0.00637405372778625,0.15867785576346,-0.0176602842451194,-0.119215872719198,0.00811314913968295,0.0909809604181541,-0.080145471848545,-0.0576717236084991,0.00255877572577401,-0.066561165422912,0.234417556136139,-0.0394833908432184,-0.0226845538406873,-0.0861208980677248,-0.0410548725809944,-0.038598504267469,-0.00405037418843543,-0.0103970972161658,-0.080607233236064,-0.0719974425078318,0.0404990174813284,-0.0384436121445263,0.0216025342921627,-0.0288769394461525,0.0436629005371962,-0.0388802805432063,-0.0587320515123297,0.0937701661993524,-0.0606778997523686,-0.00351883857069269,-0.048055207526981,0.00673562356975297,-0.0226085716256638,0.00361299639724173,0.247783223790518,-0.00537829219302538,0.00713466729266519,0.0552342499406862,0.0147174836200308,0.0627825123613389,-0.286369627648822,-0.0111670089628239,-0.194695021417837,0.00833706491020932,0.187650530255868,0.103973297020671,0.145485855090437,-0.178323431741064,-0.1844824292456,0.14439222748437,-0.0782421896668803,0.331941662514438,0.0401162831013125,-0.161439615591264,0.192351702363801,-0.146109267495309,-0.270952223744432,-0.201770559077234,0.111782893293756,-0.0935950623848498,0.314598532114098,0.005342224460857,0.0142136768443104,0.00631277941739074,4.18998612395023e-16,1.12613976787082e-16,-1.88022712485643e-16,6.20210351283686e-18,-5.67312881153549e-17,4.1512432868915e-17
"Resource.Acquisition.Substrate.uptake.carbohydrate.transport.oligosaccharide.transport.tetrasaccharide.transport",-0.0318929019427407,0.214002515618492,0.0121547612289262,-0.196497385148543,-0.0414098376319855,0.0856156130236816,0.151790907632781,0.198871786335367,0.138159016828934,-0.122247668844452,-0.0660283641245199,0.325786637817979,-0.112007675593449,0.21534926017086,-0.0572115597214612,-7.63446186943378e-05,-0.00907430041838531,0.108627881192327,-0.0451584218893975,-0.01563685825202,0.0138568250856901,-0.051531735857405,0.143875354445891,0.0792220753844969,0.0175273342157005,0.0627864214813815,0.00660042437596126,0.152815796994389,-0.0378061206939028,0.165000490710839,-0.0729671500933043,0.00715762357199459,-0.0739415660273734,-0.0257490259785747,0.128083287332596,0.0278804409855203,0.00479879091323937,-0.111262995955104,-0.0710463587853573,-0.0638750767484537,-0.0336356026530888,-0.0157773421181402,0.0437111234467398,-0.0167438029336024,-0.0100474269810644,0.106510214878551,0.0581099173705334,-0.00451497166590582,0.041189067894063,-0.0621403471422368,-0.0305902828108552,0.048558151965021,0.046957645149037,0.0404747743704873,0.0152997392681266,-0.0518332793672557,-0.0838536406640264,-0.0841351382019073,0.0204739536691786,-0.0290249584624639,-0.035295569339037,-0.0180289556656206,0.0264330759182836,0.0110060336333913,-0.0649564914657962,0.00555186604832619,-0.0232147245267115,0.0232590717812809,-0.185939087910748,0.627586186617251,-3.62803307059501e-16,1.61066249473166e-16,1.92535010973026e-17,-1.88058198408903e-16,2.14036807560995e-16,-9.942798401313e-18
"Resource.Acquisition.Substrate.uptake.carbohydrate.transport.oligosaccharide.transport.trisaccharide.transport",-0.0774004080013286,0.214012703852128,0.0295955500688401,-0.159307821832116,-0.0184157558387967,0.0660780347572984,0.121235330834216,0.183009597364618,0.0900167341766832,-0.114569196682363,-0.0537203852289145,0.377778223288579,-0.0851005146434171,0.229677185747173,-0.091064411607227,0.0723057225154867,-0.0146738327973074,0.000943636701033271,-0.061637894923725,-0.0165460826808361,0.0310782460604133,-0.0700377164342759,0.119730248249104,0.0510616642693201,0.0949584667574592,-0.00597472757142329,0.0407363002747928,0.149904529198379,-0.0208543355952835,0.101660355875998,-0.0754681563604067,0.00165506471433109,-0.0209189836421134,0.00363531500929515,0.0732389226620668,0.0653799039312638,0.0089652271535556,-0.0431978514943001,-0.0416015816292184,-0.0526559813596951,-0.0616148231467378,-0.0236777727140086,-7.28488978945039e-05,-0.0257718138062275,-0.00835109397613444,-0.020457371810554,-0.0356958770240709,0.0794095333976057,0.0661263891446006,0.0204304494404046,0.00712277628733341,-0.0110343521722775,-0.0565215407626314,-0.0167808339457003,0.00150620281701068,-0.043210950037409,-0.0137523397798246,-0.0344322750006074,0.00222167812878492,0.0643968386885023,-0.0477714792082624,0.0371123158713241,-0.00502809105866731,0.0596851804181646,0.010972781491268,-0.0106129925568912,-0.0363708684990313,-0.072205556532504,0.158472089424207,-0.683639499957334,3.76796776748528e-16,-3.4990146138121e-16,1.20629870875467e-16,1.0817808886762e-16,-1.52663750447495e-16,7.13989650910628e-18
"Resource.Acquisition.Substrate.uptake.carbohydrate.transport.polysaccharide.transport",-0.0903943127232668,0.177183701119434,-0.0467620607750779,-0.143916500611347,-0.0255172043112108,0.132017993769728,-0.0911958031970754,0.204726536496492,-0.0584123503636871,0.11045482280028,-0.015087485399303,0.00300121606970649,0.0468489512355529,-0.0541151739675277,0.0290412244956731,-0.051944788591964,0.0177005630901858,-0.151271877477395,0.0818154355570483,-0.156292125985673,0.0277670828683235,0.0808808513833174,-0.0530679914319702,0.087369837691911,-0.224017964535127,-0.204440764588598,-0.0982140590150667,-0.0496174763871008,0.140115827871939,0.0404320297238494,-0.0235612402649499,-0.021389968143518,0.128584786059308,0.18148246054499,0.0894710730626687,-0.36312356389022,-0.104918526717362,0.226316466877004,0.0555555682552595,-0.0190088259334922,-0.0186733589513871,0.273723274255419,-0.131289047351648,-0.0322602802637974,-0.0344915286256405,0.0695659544011984,0.378202118375653,0.158995169516764,0.104600665394595,0.107672349163137,-0.0467476738054245,0.198653750354277,-0.0455637574330996,-0.0623039999400271,-0.00025254793966677,-0.123949956087899,0.0882570015291628,0.0802681978802811,0.105559242831807,0.0831442088476492,0.0298647738719951,-0.016207945514324,0.0325412866420393,-0.0427364486454048,0.0142931965587684,-0.0137973398005392,-0.022262374514223,0.0186198191607066,-0.0164837564671344,-0.0043674296820452,2.86628654643624e-17,-6.72471738659489e-17,-1.6291582783476e-16,1.25924625243822e-16,2.02942440420978e-16,-2.99095548292811e-17
"Resource.Acquisition.Substrate.uptake.carbohydrate.transport.sugar.alcohol.transport",-0.169388825216462,0.051077012796185,-0.0110182522202786,0.0263345531485654,-0.0163297291310337,-0.134081415932275,0.0390481268193326,-0.0571913766947165,-0.0165080510722499,-0.102570226583274,-0.181702575561938,-0.00887970903743041,0.0419194981363802,0.065505720360231,-0.140630273810932,-0.0538674443205947,0.294172187424645,0.0268207465357451,0.0856296240051074,-0.136226011468768,0.0726911785244304,-0.0236349597333198,0.086342938806416,-0.119281287298065,-0.103877345026423,0.0433809351285598,0.1043119917183,-0.0173596294333856,0.020792111578846,-0.0771973928654803,0.000653323122744159,0.0440941035019069,-0.0825500646314655,-0.0304932789081841,0.0192201887955199,-0.0558279544007161,-0.0494256432027256,0.0435200467021404,-0.019122149952795,0.0533490032032503,0.0761107831069014,-0.0976003983483981,0.103449071191221,-0.0570762030894099,0.109880916161651,0.0465470027990222,0.207746212207525,-0.0935815652963712,-0.0566972480550781,-0.0795355631807759,0.0094989393337085,-0.136176037826278,0.185894464303611,0.0689698649341806,0.190846814533851,0.17000442304866,0.154576275771763,0.23549749071017,-0.224881085919417,0.388484430849012,-0.0862073707403777,0.367886748225001,-0.0226091141965089,-0.0490861660728545,0.0754947283602344,0.060518108261068,-0.117980681618714,0.0452143954784774,0.00988843728465472,0.0194521232534399,6.97620470547856e-17,1.019295305942e-16,8.45971239167971e-17,-3.28759733415867e-17,4.89383081619834e-17,8.27488684102794e-17
"Resource.Acquisition.Substrate.uptake.carboxylate.transport.dicarboxylate.transport",-0.17700036080903,-0.0613267717159224,-0.0408429390281546,-0.0244384240417243,-0.0567034306759029,0.0822976659533541,0.057214451776687,-0.125792515685223,0.0886783879023101,-0.0542896601882898,-0.11672497288265,-0.0158883748128447,0.0236655990079689,-0.124543233118005,-0.0384646611836297,0.186142456129196,-0.153192374896148,0.13447577132676,-0.0837451044114218,-0.104001155308443,0.0405394594900972,-0.101680767752856,0.0326243842699574,0.049599015461156,0.0423233240802178,0.142013938340771,-0.109524404633798,0.0932146397788011,0.132903562640466,-0.00381264283280804,-0.093450465026279,0.045785204259402,-0.0276828338666354,0.0321400131534293,-0.0640378028385087,-0.0521912018884373,-0.0506669702866675,-0.01856895901997,0.0259324721778348,-0.112704933199502,-0.017455588625073,-0.0739309355195835,-0.133680230821328,-0.0371707418111116,-0.015050183539805,0.00507712030558916,0.00952240265898867,0.023256257358768,0.0436009591110101,0.104774939789304,-0.0903225271695667,0.0551017271112215,-0.0477904622680706,0.0213753029957351,-0.00218557968261197,0.15328550599617,0.0231887452825287,-0.052301041596085,-0.093739002131045,-0.165066313693528,0.460147083232572,0.0426859282926365,-0.00114066573284546,-0.381432483809311,0.0841081247174335,0.236019940739848,-0.287431611251963,0.244594208711829,0.0750485952334925,-0.0169710861404197,4.46715040292527e-18,6.57646363180172e-17,-5.53111101401898e-17,1.3068812764239e-16,8.33838551570564e-17,4.26068343373002e-18
"Resource.Acquisition.Substrate.uptake.carboxylate.transport.monocarboxylate.transport",-0.137412617083315,0.0663610909934713,-0.00190118236902645,-0.0139856033255583,0.0683957081971182,0.0213188959224902,0.0593460549722807,-0.238107416405006,-0.00222754808990595,0.0366405573878149,-0.129278507280019,0.10380743717124,-0.0399844921142574,-0.0659163810880481,-0.0279610053405091,0.170993021338033,-0.206865254039375,0.20961370875112,-0.138823329195825,0.00122470995852508,0.0363448446331629,-0.205498035884236,-0.146514778961864,0.0792008000050467,-0.0359138959365485,0.0758174391107526,-0.0910652048141943,-0.0184589963153172,0.0735979241880654,-0.151113466116305,0.0292104631863261,0.287667448794092,0.258014613293033,-0.0847904638732343,0.135075103349584,0.0605622645283154,0.120777076546106,0.0569491962049382,0.105767420929702,0.0671686686467532,0.210140034303221,0.309865200069298,-0.0116438563473674,-0.13488161830976,-0.282327632920404,0.0944872347389499,-0.102013358949303,-0.0965472449546095,0.102954198909256,-0.00289885583868042,0.194341651372226,-0.0426909383328657,0.0555362248826188,-0.0428183652145682,0.0619882184098227,-0.0244227648518376,0.0269462994335304,0.0894625299888671,0.0957972516000359,0.0706244156669327,-0.145891526168466,0.0901895525899127,-0.0109705615354312,0.0271586653692441,0.075714617863028,-0.132321230717301,0.0688340030485732,-0.0599268409384022,-0.0133718201124411,0.0315088267178396,-6.28964354817685e-18,5.793025747091e-17,-7.87326541374042e-17,-1.50715113884649e-16,1.12393115108195e-16,6.94967200302258e-17
"Resource.Acquisition.Substrate.uptake.carboxylate.transport.tricarboxylate.transport",-0.148891049267433,-0.0440309314935393,-0.111319692458491,-0.026287585417079,0.0562439394969943,-0.00585168856248487,-0.032776400941276,0.0644503963779681,0.017406166666461,-0.0337933118685205,-0.147751338598882,-0.155560238961224,-0.0135998559747849,-0.0465705239709626,0.0897958816407336,-0.0568902354971086,-0.201266287956749,0.194712220048855,-0.0268523809807783,-0.124579340876715,0.0369011916435568,0.0112226723777954,-0.029263357922542,0.051246902927524,-0.17627487090015,-0.0242394296227868,-0.0826536501415388,0.0546418970163935,-0.135281928757552,0.188758360875617,0.18023832901534,-0.126631163397982,0.00518441399982338,0.208881488530151,0.279573600064415,-0.114910090926112,0.15776136227964,0.00746020063246546,-0.278488350567591,0.180055634281647,-0.0137287978414878,-0.0526229508737444,0.104394186004938,0.179467529285497,0.30224993679851,0.0307447456915871,-0.221103224223761,-0.142656080339781,0.247776577409143,0.140058016101652,-0.0570256265088897,-0.164428958656942,0.0729152733016296,0.0464715783912447,0.00313918273752372,0.00726854813252878,0.0815679762714196,-0.0465394634547237,0.139353825210125,-0.00386368006291281,0.0309668999855326,0.0805027689704322,-0.0467455011353895,0.0615255730106883,0.0368321881310154,0.0384447607096943,0.0663419524106744,-0.0315506525270805,0.0522858978459057,-0.026100161249095,2.33110442211677e-17,1.0436173668571e-16,1.76381181633047e-16,5.10100117267739e-18,-1.1281868100044e-16,-6.14579828170298e-17
"Resource.Acquisition.Substrate.uptake.free.amino.acids.transport",-0.198934550611137,-0.0209595476574611,0.00910067670595734,-0.0147133145898213,0.110073267644837,0.0623172219262069,0.0348158855924254,0.0520516529322615,0.0649582462724933,-0.0165610842482342,-0.00127235352011491,-0.02482689248053,0.0308828550925214,-0.00772757766127748,-0.0248803340609002,0.0363944582492837,-0.00749891426235672,0.0329348032165594,0.0113001197820563,0.0586607680737928,-0.0182579552626661,0.0293195666827721,-0.0949370087201877,0.0125881753298732,-0.0176787781281545,-0.0524495176529699,-0.0252939986561924,-0.00500600010643924,-0.0690656864525296,0.0867406697464283,0.0349341940065802,0.0520754695353113,0.0190434620950826,-0.0159964717467551,0.0483450777807927,0.00102661624046657,0.0190089413250379,-0.0297500250495811,-0.0224415797672071,0.0199525502115275,0.113687298066679,0.0480144981537898,-0.0191851042206543,-0.0213288144670326,-0.0768488031461871,-0.0244547680829748,0.071095176272465,0.0531560660886549,-0.119185042858309,0.280740380873051,-0.137553138038469,-0.122039038265326,-0.0124693859421833,0.0879259058047391,-0.297677614606085,-0.14625619112918,0.0289856789699763,0.113349710396905,-0.636799276062007,-0.252555319692199,-0.0678912692816249,0.093923821149551,0.223487176698328,0.153707167354283,-0.0755228017416918,0.0119010491826562,0.185186300944019,0.0791987356869095,-0.000812091464443641,0.000424850682453681,-9.08600013840005e-17,-8.84081013694272e-17,-1.15210820828791e-16,-8.04977307932792e-17,2.77858128520631e-17,1.03951324213145e-16
"Resource.Acquisition.Substrate.uptake.ion.transport.inorganic.ion.transport",-0.11086667784403,0.0314150052757888,-0.0874589072962215,-0.168795408563647,0.0397861509617624,0.164473203419986,-0.174077124025688,-0.0729575331412085,-0.0152590473048063,0.0493949832546864,0.221306689605015,0.0479363820099659,-0.0355639855067122,-0.11953328084231,-0.094771474909777,0.110559160422538,0.118261806450435,0.0640993764209708,0.0888097641466641,-0.0200918702400852,0.135107533834388,0.0470859339677485,-0.0530773509962301,0.01660644423769,0.00447155312816613,0.0874469911110951,-0.0687095291968484,0.0656110668284464,-0.254335577855474,0.198012788786669,-0.00168962177702073,0.176649856020297,0.362470313389059,0.104340579915978,-0.0656223232404024,0.018167264795658,-0.0771090817986493,0.107204362756706,0.0011721600916344,-0.104843537023767,0.269476512686373,-0.250208113269281,-0.0774249563421541,0.249668367410174,0.04089607421366,-0.0185706636015312,0.0349495406814349,-0.112039538448971,-0.138594078556201,-0.262445190273383,-0.160702504835942,0.086378579162056,-0.156261303340836,0.0998958176833233,0.0675514084042022,0.0881016047978097,-0.0345536129811106,-0.117576219398296,-0.009604100362753,0.0457263954236469,-0.0246266050884265,0.031677811927608,-0.0268273508441866,0.0450620591371788,0.0465306443443829,-0.0677077275127582,0.0432097854352562,-0.0275307027731729,0.00167815951917712,-0.0124113415582985,-5.52593073233399e-17,2.20232088397148e-16,6.06181060864431e-18,-6.89039035223993e-17,1.97491931639651e-17,-6.18867516927644e-17
"Resource.Acquisition.Substrate.uptake.ion.transport.metal.ion.transport",-0.149420066084742,-0.0123339819743953,-0.0695546710628618,-0.129491879033357,-0.00464446518081919,0.0784439767244775,-0.126988012559482,-0.0750251757867117,-0.0134126738686819,0.0202650635076714,-0.03132597126187,0.0510867433319721,-0.000161453414612878,-0.0696493402645104,-0.0782295445681372,-0.0820726854100736,0.0761619963252218,-0.0291166684158854,-0.0183089358836349,0.015748249482336,0.0801326881945328,-0.0895144810770775,-0.0801535555181597,-0.116842174775199,-0.132713207730215,-0.0179671526171054,-0.0774686596179007,0.169711433643707,-0.224320478102144,-0.239209944621123,0.116217107005266,-0.0966513829863342,-0.0663833958689941,-0.154999838033671,-0.274553283832498,-0.108804805580987,0.307729458380264,0.0550699806165823,-0.474158949284935,-0.188742497991419,-0.0144647864484008,-0.0346242863071221,0.0662955452908522,-0.240325542138686,-0.115926290979594,-0.185083199392156,0.0641389309074928,0.115901812929673,0.0581276801788579,-0.0719506387324179,0.0844874000006058,0.0242519577668382,-0.0171891776042017,-0.158402429919649,-0.117053040615516,-0.0249819975678703,-0.0106510320865681,-0.0967217406564839,0.041549661435467,0.00500438646190224,0.035956267387059,0.0192231037513745,0.0250930012444626,0.0558660882324517,-0.0400457315839818,-0.0238193042545738,-0.0451509768385047,0.0069721929246938,-0.037430310911352,0.017568613705935,-4.49160544156133e-17,1.56661831318963e-17,7.52532524984509e-18,-2.20358690412187e-17,-1.76972151661719e-17,-1.90350127457212e-17
"Resource.Acquisition.Substrate.uptake.lipid.transport",-0.10187160459117,-0.243943510111094,0.0582211567762426,0.131350281503357,-0.0361126663690226,0.012991838692869,-0.027038112840636,0.0534074893481253,-0.0227310768918161,0.026927365608248,0.0967143832417532,0.0013704768758768,0.0278008853478802,0.101466760229592,-0.194294748349984,0.112796491400213,-0.131319914854168,0.0302796344491819,0.00959492209894898,-0.000411828605699049,0.0267121468721883,0.0770131562623321,0.184284080771304,0.0406364982701416,0.0708099207663,0.0994775790071135,0.0110674918292692,0.00817060568518949,0.0791363106570145,0.0677949753426827,-0.0562535952077313,-0.028937378176341,0.0273597037457459,-0.0982816007767527,0.152613211743965,-0.0398836187011093,0.0567452068908838,0.00177248936942805,-0.0773881394100066,0.126127282677624,0.263980112158954,-0.110649827147377,0.0172111499650292,-0.113686356888945,-0.0744487600314233,-0.127857201521097,0.280690435062902,-0.0166411109203867,-0.204517635480095,0.0459924265860813,-0.131461992667658,-0.123150185363648,0.0680980188735611,-0.261223897957885,0.0960194155203525,-0.192067240984892,-0.0432673200275836,0.179986261598721,0.264877094474391,-0.0903627379989316,0.143272028070161,0.0169316830425678,-0.195779610804553,0.200278172420112,-0.14335636443404,0.223426615554983,0.0800903636684616,-0.0327973591045048,0.00721644819469769,-0.00752422167491257,-8.06464717699768e-17,-1.31155589871627e-17,-6.9992084167254e-17,-1.51295657856798e-16,1.66531873974935e-16,-5.95443965935274e-17
"Resource.Acquisition.Substrate.uptake.lipid.transport.cell.membrane.lipid.transport",-0.0490766487638756,0.17762330819704,0.0472354143761435,-0.125259934524641,0.0240157649244124,0.0411803556340533,-0.0683770477557074,0.0833701757947449,0.0410245090460055,-0.183009965740421,0.1077858276262,0.0759264779333075,-0.147453829487812,-0.289812853150878,0.0428299912207492,-0.191871292047105,-0.155906906420677,-0.00303206514569614,-0.0787460598816621,0.20037420762337,-0.142457824034934,-0.142582231572312,0.0208523525152769,-0.165186656315426,-0.0891148741437423,0.271187713139222,0.0114910010077888,-0.242259080421543,0.256076624439446,0.0027712975038469,0.286171990562346,-0.0183173146286831,-0.0831691827818458,-0.19809219236986,-0.0819687767897904,0.0627569155802666,-0.0345674190943659,-0.0558515289948133,-0.052512279508799,0.153266850630611,0.180292880479003,-0.0584879923208237,-0.0897936006238939,0.187975298674376,0.102028175614086,-0.0391450722512656,0.204479240443125,0.136150891591876,0.0806124846621264,0.0590812432970566,0.0680251162602318,-0.0151404809095797,-0.0886472817320523,0.113292558867024,0.0941343082063371,-0.0105210309593894,-0.0537809024117429,-0.0174250323748646,0.00479880691138731,0.0458524985378372,-0.00266227021469866,-0.01724260211926,-0.0365413580951604,0.0853101232502184,-0.0218347992090321,0.0016869750482974,-0.0374224517387058,0.097354732118385,0.00779328160678261,-0.0314344199243708,3.32472981106907e-17,2.1900215514547e-16,3.34019558046456e-18,3.51011846044408e-17,4.79298604993178e-17,1.24605459302897e-17
"Resource.Acquisition.Substrate.uptake.lipid.transport.lipid.precursor.transport",-0.131193092890633,0.0367514253829628,0.0411560166601724,0.0525022040493121,-0.0266306027588267,-0.196838741947896,0.113299232277115,-0.101115697055749,0.0476106574131062,-0.111142153900093,-0.194215891539299,-0.104082564997786,0.0884171833646892,-0.0316676260822707,-0.221286729024566,0.0619967477994117,0.349049146459546,0.0609822122100062,0.0517241123565879,-0.136733553375287,-0.00885647282931101,-0.0165428481704648,0.054868310378883,-0.201321173559273,0.00216527035298553,0.127119508757671,0.0282905870966927,-0.0818978742202312,-0.0994684718275692,-0.0162185857041663,-0.0373340007454084,0.141263095394728,-0.0170781119487406,-0.0559041767739439,0.018162138224191,0.0290880302918761,-0.0629227431842732,0.0976951833637322,0.0575381287311607,0.192925698334955,0.048877076644727,-0.0857124932769432,-0.173191698703831,-0.0113322401204378,0.0782630999045255,-0.0407527912174612,-0.0843492644179809,0.0419910808250963,0.262993806122624,0.0462598562587144,0.00180296660842466,0.34102183582626,0.00612655876859061,0.0589989626348764,-0.0889431001546892,-0.325834450727926,-0.0265829369798506,-0.112381829199396,0.151511239012403,-0.135664257062075,0.00510414917231838,-0.124721877022915,0.168488992404483,0.11565122552557,-0.0351996089382164,0.0794665245858072,0.0133870052383669,-0.053266965895346,-0.02153093031644,-0.015553660599714,-1.56046198893469e-17,-1.39129479445703e-17,-1.20815197430408e-18,8.99838497407472e-17,7.08345521566656e-18,-8.61111480211801e-17
"Resource.Acquisition.Substrate.uptake.N.compound.transport.amide.transport",-0.147055984795836,-0.0324164961206643,-0.0479939989331883,0.0220789489530148,-0.0779012781384218,-0.0244391539512059,0.126517045445498,-0.0131082314353729,0.149043780067949,-0.0251405677275643,-0.113882052600396,-0.16415147648666,0.034600037592676,-0.210809249008789,0.00732130400101644,0.091582421208837,-0.187760229996374,-0.0250297380386888,-0.0330786114081246,-0.132789261517522,-0.0574203243788154,-0.06834865348734,0.0746392804084656,0.0422385537759534,0.210249060529675,0.314533684116011,-0.132401865150365,0.166619138681007,0.148951625168674,-0.0310682966541441,-0.220599069408224,-0.0759520260891604,-0.0844086266408414,0.0980084600391687,-0.234433128438038,-0.140600452113534,-0.150703223781674,0.05156575952958,-0.0956589678359963,-0.194702627373285,-0.0946871924022659,0.0259290451402437,-0.0867645817781013,0.0318618926100592,0.180953861288192,0.0747551748485401,0.0531257133095721,0.0420912359665707,-0.111620648282446,0.0217360940829061,-0.039150215358975,0.0513992502427691,0.0854042334006448,-0.0146775180284762,-0.0840831585617574,0.112975892675477,-0.022743363210319,0.0434193645081943,0.0300176847477919,0.0664926543048925,-0.300488296012256,-0.0245127659340443,-0.0486934452193709,0.19666316513215,-0.022349222470532,-0.138396291094815,0.197986260515913,-0.172784034938796,-0.0328457554588413,-0.00294005869113068,1.15446326156633e-16,-2.68486114245847e-17,7.46235397693294e-17,-1.10757107735953e-16,7.94422026963689e-18,-1.8312715722412e-17
"Resource.Acquisition.Substrate.uptake.N.compound.transport.ammonium.transport",-0.0182627998988803,0.0194506424432937,-0.0828657864268875,-0.0693514512880112,-0.138978951521525,0.0153765236641393,-0.105473805987791,-0.287094465561085,0.0475751503943933,-0.013447130643404,-0.157093496456835,0.122506317742432,-0.105124844009168,-0.315742138188814,-0.259213986828283,0.0246871140475712,0.0997707587737153,-0.143147277894512,-0.0699949568661963,0.195388401449128,0.00307315848870299,0.2068371762505,0.229696809023226,0.421904503451276,0.120580999353032,-0.149331409781898,-0.0664000388455141,-0.262700621465071,-0.0279406225913768,0.163028857137467,-0.0137818253500152,0.0357552135522077,-0.286387634321221,0.0536047357665302,0.024625052058492,-0.00177621122373093,0.0691407517921868,0.160535897141738,-0.083457488664375,0.0324359386765885,-0.0565950981890668,0.0374779407057921,0.058557349568827,0.0618223538425866,-0.104368834850423,-0.0375662023863132,-0.0304336254633729,-0.0442762756968839,0.0193186660380989,0.000243153438231322,0.00402712263893496,-0.0709165661827437,0.0238281756787878,0.0371330882747525,0.0232531665909623,-0.000989845134958658,-0.0138128808569803,0.0303773647257601,0.00200866492253116,-0.0248257362320474,-0.0490272289878875,-0.0230089282853327,0.0286154375860663,0.00333990892495559,0.0340966526560689,-0.0345963556450115,-0.0247390190646438,-0.00386716672627546,-0.0127287313404029,0.000236473290732966,1.48950650032119e-16,1.60078255949914e-16,-3.53807497458271e-17,9.5626629615175e-17,-1.18456559384146e-16,-6.1839137158928e-18
"Resource.Acquisition.Substrate.uptake.N.compound.transport.nitrate.transport",-0.0450160705878147,-0.155167414167832,-0.197630563296322,0.00350175522537139,-0.140225818776675,0.187458045258627,-0.0344931224091289,0.22464287900681,0.0425542555028813,0.0386156304361027,-0.123364047902753,-0.150291962128172,-0.194544512953777,-0.0135880246209024,0.1749508706997,0.0736664562210661,0.222095924627087,-0.00109728090519357,-0.273884172290395,0.102479146843027,0.0409364135405464,-0.14312350406655,0.0351320292062222,0.00188771045827582,0.134137610305409,-0.0217052152952634,0.157579390504546,-0.0155065862890138,0.00107965845494634,-0.0670419445797584,-0.00913690973020828,0.0367104253919878,0.0281565316923887,-0.0586134921389149,0.0813700316595301,-0.0202012689532726,0.0151545995999404,0.0905735656451109,0.0619563280186929,0.0123104617113053,-0.0339517031084828,-0.0134748393811809,-0.0101208922260311,0.00447101738496097,-0.0113840746531657,-0.0584758319736519,-0.00208491544123968,0.0603912569146527,0.00859741950323133,-0.0579928009901866,-0.0422609723936133,0.0164326970705019,-0.0236116459575974,-0.0425537826702555,-0.00909565908098357,-0.0678212077692398,0.000410641551471108,-0.0159348531443798,-0.00424016920952453,0.0282102955781685,-0.0410549937077661,0.0357783743783207,-0.03114702865105,0.0981288074940554,0.0405084397270188,-0.0879207302777427,-0.0315265091560574,0.0605552631622714,0.631175230399513,0.183198240299504,3.52727295425015e-17,-6.3771663565337e-17,-5.08833453706942e-17,5.42794842684684e-18,1.1396837237143e-16,-1.78704115729579e-17
"Resource.Acquisition.Substrate.uptake.N.compound.transport.nitrite.transport",-0.103622355343316,-0.107645994453535,-0.173658168546905,0.0340115273573881,-0.0869079577592458,0.200471580745176,-0.0689561444848967,0.165434536129781,0.0503275477204648,0.0299031195897436,-0.134834717125784,-0.199969518490192,-0.200694616708466,-0.000444991932196756,0.207628497011533,-0.0347946439713001,0.191430308317365,0.088547852773682,-0.279825092909212,0.136840486381327,0.0661255002575067,-0.106111683127592,0.0124765647332819,0.0110273365997639,0.0652444808263959,0.00823874230978127,0.100916273686853,-0.0457990868197995,0.00360670502118143,-0.0425922578392931,-0.0293468602430598,0.0392488999408004,0.00869884132631268,-0.0495839027687989,0.113502885229978,-0.0250120184026107,0.00444376992504097,0.0332773039070924,0.0683087404008562,-0.00720744257296131,-0.0160396236669021,-0.00285558677743361,0.0297479284990046,-0.0131275013615106,-0.0141657783684451,0.000312426133299459,0.00880795968636928,-0.00672761797557753,-0.0481281461879983,-0.0899797247251334,-0.060205751314097,0.0163212729702063,0.0222565783353501,0.0202594579803178,-0.00636464620313374,0.00329370517962993,0.0106124652018629,-0.0153293093219261,0.0149178231698803,0.00482067143214283,-0.0129660518741159,-0.0204257470698257,0.0201061895856321,-0.0519641501774647,-0.0572486600897441,0.114054427805847,-0.00011757331911395,-0.0176812380246279,-0.660186918011438,-0.215683386170754,4.43208194070864e-17,-5.68486277791068e-18,1.28098641905392e-16,-3.00652424833613e-17,-1.14310964746897e-16,-1.1708453981562e-17
"Resource.Acquisition.Substrate.uptake.N.compound.transport.nitrogen.transport",-0.137187980882392,-0.164245808697233,-0.125664878679566,-0.0454099089990417,-0.0841255674988209,-0.0756289270953208,0.0177504324009889,0.040354914908136,-0.0211114813486839,-0.0788010262993727,-0.070703110576853,0.0701927884238624,-0.0063261492628898,-0.0513215482638741,0.0144716341223847,0.0221528806686325,-0.185808469947645,-0.114486837887175,-0.0758484631322797,-0.159047371819319,0.108169254258364,0.203387716986716,-0.0980559146791787,0.0627943473793431,-0.0824783798452902,-0.0132205615122472,0.0786298348900668,-0.0246830421437945,0.088425257327474,-0.0615241959456544,-0.0535852578500277,-0.123062749107128,-0.039110662634375,-0.0750589508655612,0.070860946853419,-0.0877586042603397,-0.0272201166839126,-0.108288385606909,-0.00685189612567735,0.011268249966344,0.0987803481911122,-0.136275509636084,0.200945567193376,-0.0482383516192991,-0.10105549384824,0.0994743168043364,-0.170765843842319,-0.0196625006228677,-0.172383530207709,-0.0439963871721618,0.282888905276898,0.276694783387108,-0.371726206363181,0.167728913490554,0.132299968500017,-0.0711177944851881,0.119199061424125,-0.0575284996867741,-0.0808558444249678,0.198022574845033,-0.0195515562661655,-0.0823902858788244,0.113044079816032,0.0442225715710219,-0.163509162215636,0.198820675877542,0.156343389607987,0.0692399443991131,0.0423948647222895,0.0124432872308823,3.88380854682626e-16,5.24568952965537e-16,-1.38100253706963e-16,1.10852473984627e-17,1.24592568044532e-16,-1.11303407831842e-17
"Resource.Acquisition.Substrate.uptake.N.compound.transport.urea.transport",-0.122355735769574,-0.0774561999639153,-0.127957649714698,0.0557526805387262,-0.0620951242843902,0.139133712965213,-0.0828472070737745,0.0591899883402197,-0.0250144120076165,0.141863238036667,-0.156972649265656,0.0130533680669883,-0.174644592915972,0.224259927960629,-0.193813952212528,-0.0556987738546458,-0.0248600418414613,-0.123489914424486,0.22421365437765,0.120727599452296,-0.210248562081362,0.025226578790989,-0.104426615491336,-0.0867417084751751,-0.063816742341265,0.0362967454279162,-0.135186297130023,0.00558334111323378,0.00481332318304353,-0.0547556628169379,-0.0662534288277528,0.0843572696519049,0.00829576273679167,-0.00843611737557939,0.0386397439440307,0.138560802398766,-0.124301257722603,0.121659654115473,-0.0558034746131871,0.0724805469472616,0.0298546359136131,0.0708339968815965,0.0303733394584273,-0.0555505104035459,-0.0102029187700774,-0.0424585777935775,-0.00612806277102682,0.104079078598262,-0.231089622036892,0.205625193789099,0.104657412111727,-0.0286982115424072,0.226840495522415,0.395746903457864,-0.0311991418648396,0.191892849184644,-0.0179969042231599,-0.300904982149414,0.180057585791965,0.000904170604296095,0.0768767166074302,0.022938469081553,-0.00155642048737323,-0.0173794281565521,-0.00504476350333387,0.0123949855839439,0.0941062412105821,0.00574343370201263,0.0464196054019768,-0.00318349838212121,-2.37298279132791e-16,6.94273580680973e-17,8.09770712547967e-17,-1.796530495451e-17,-6.05950930491626e-17,-1.16437025555669e-16
"Resource.Acquisition.Substrate.uptake.nucleic.acid.component.transport.nucleobase.transport",-0.193818079047283,0.0857840586861683,-0.00571273220215185,0.0397340100796358,0.0557486160230743,0.0783303420346532,-0.0560189161651961,-0.0100912218383472,-0.0174805683592668,-0.0473443614066817,-0.0487533419709509,-0.0122623543836378,0.0457096052264641,-0.0270407184796556,0.0101127775784205,-0.0138017258142227,-0.114006995322949,-0.0363856871177234,0.0112133693269024,0.0379669050376658,0.0702562817477945,-0.0187624589280554,-0.0750459405058849,-0.0437467169519627,0.00827279404613282,-0.0340707822216524,-0.0350580495245346,-0.00604835681668557,-0.0636504986896444,-0.0096386851658281,-0.00447115465444689,0.0866248353797358,0.0433997567899162,-0.0355842861049678,0.0290821354986246,-0.0576692907221798,-0.0195674207371698,-0.0746193293002391,0.0247909708618155,0.0318636366691223,-0.0891775789986114,-0.0102773573190718,0.135270273264358,0.0325941843001344,0.0985178835124937,-0.263287449472465,-0.0418178746049006,0.00744532337588895,-0.142412003423823,0.107875345220899,-0.0979098473385718,0.00189367018699959,0.196936979561964,-0.122581856166858,0.269754332160185,-0.137715928520885,-0.424552006893604,0.0636410864912194,-0.107338301133703,0.2235690239289,-0.105644042622246,-0.386633196085043,0.225705914679997,-0.254416580905231,0.130711988468609,0.102686519910263,-0.0263460557110084,-0.155723937377327,0.0657545912116758,0.0262856686161728,-3.88370889821156e-17,-7.87372448094131e-17,-1.49396067313995e-16,2.621302139921e-16,-1.92882059147469e-16,-1.79347618863054e-17
"Resource.Acquisition.Substrate.uptake.nucleic.acid.component.transport.nucleoside.transport",-0.13489278700575,0.0352098248806136,0.0807292809205523,0.103304307954036,0.110627156902981,-0.121423720447369,0.062772805239573,0.0344424150410167,-0.0098021761183244,0.0171318501408696,-0.15420098400463,-0.0910328092698243,0.147200432914396,-0.0649012291042246,0.0185783323353195,0.0147935163090429,0.111723594982636,-0.0195525317328667,-0.0662900134726955,0.187238060874682,0.154932095387291,0.0709314674516516,-0.190437279228261,0.00135735192247847,0.11368154376584,-0.0826614973891184,-0.0386732772801904,-0.242665154407737,-0.100112471509977,0.26575701985607,-0.0873588340596464,-0.132210611721293,0.117320746855274,0.00986398838331133,0.148486482973657,0.0726171526673815,-0.0127396578014977,-0.385169506863619,-0.113327598040021,-0.310624463787286,0.103863695858293,-0.000441763909088316,-0.240745903999063,-0.0540834394349075,-0.0302392683770568,0.0108210212810512,0.0494113884037594,0.318185859430056,0.0541571946450804,0.034188754329833,0.137322428641348,-0.0164586412486645,0.0861774441933127,-0.0269406398768171,0.122741993169017,0.125330220161705,0.0061403810786489,-0.0801281963628133,0.085895698012376,0.0484538304044694,-0.0335532669596841,0.0577782752006532,-0.0763854843291208,-0.00505059431699133,-0.0489251285974004,0.00113360100453372,0.0203940757242452,0.0305062961367887,0.0269918125175815,0.0172029334693342,-1.22920276295725e-16,-1.59592448266812e-16,2.25531740750221e-17,-1.08805322799377e-16,-7.21358592625359e-18,3.72541167865529e-17
"Resource.Acquisition.Substrate.uptake.nucleic.acid.component.transport.nucleotide.transport",-0.0364927599736914,0.148265303824554,0.0677588847498119,0.0271258205404672,0.0582718722053359,-0.199311244045446,0.00334836502711498,0.0692749139492998,-0.0508560517434894,0.231912331839951,-0.145666307933434,-0.0469765038175291,0.0623476601470084,-0.111545447853347,-0.0331614024614725,-0.170136399726532,-0.135724378010638,-0.0148323648916802,-0.096189305160988,-0.167047495034794,-0.376822890170851,-0.300062887867515,0.136057578153329,0.166206997254365,0.0816756392572849,-0.319467746581948,0.0050562283888782,-0.0125636392432452,-0.174357100862063,-0.0169139246223137,-0.0836290203934124,0.0636891206422698,0.1267021045426,-0.387106642911467,0.0658798662213076,-0.0743825811373074,-0.204161146239069,0.0360328736493948,-0.0295692732385346,-0.0965543989516873,0.0814697275188787,-0.172235637231112,0.0931209764642109,0.0331098330475264,0.0728594782673053,-0.029793571014972,0.0373402297251407,-0.0381691630215809,-0.0226914478110891,-0.0611550849098403,-0.0193215297501945,-0.0550555558641691,-0.0776253665249434,-0.00524697350840178,-0.0279890838518409,0.0169204033044002,0.0639772525605285,-0.0649104792932388,8.56725357373037e-05,-0.0478977422568799,0.0119734161537751,-0.0292012250536811,-0.00801608082607518,-0.0158737860082265,0.0065115381594601,0.0330104772691349,0.00774643886740583,0.0259240553265629,0.000245852918469446,-0.00251629801227623,1.92825234813309e-17,-7.23441994341448e-18,1.12646822570345e-17,9.18593168499294e-17,-1.00339429545574e-16,-2.66034237935763e-17
"Resource.Acquisition.Substrate.uptake.nucleic.acid.component.transport.ribonucleoside.transport",-0.086588638399809,-0.0119448675299765,0.0891929025568201,0.163795318048437,-0.0703361755217381,0.00758025720547119,-0.0130000650322698,-0.11806876888634,0.0158272546756559,-0.0528888742669979,0.280754101770047,-0.127267308861159,-0.192047316125934,-0.0427506677745061,-0.0495115976562956,-0.326272771098812,0.11335745485095,0.169798725334798,-0.11388340051952,-0.0613672208310868,-0.0390395155420728,-0.0768650290725986,0.0656695847464332,0.152639397202459,-0.256662984147796,0.023503636461355,-0.20321402309003,0.228376607713344,-0.0520156972694477,-0.00627805870827037,0.082663794393261,0.0791014536626252,-0.241464443302105,0.193080879345924,0.167804398751548,0.0477609480625619,-0.174189921712406,-0.158110930247323,0.144376958686737,-0.235974472847949,0.0420428642113934,-0.0290901486230268,-0.0902554602705661,-0.253607125221551,-0.0673360829301368,-0.0963114753585127,0.0157673988980368,0.00804268019799791,-0.0025625198521565,-0.0109872457860245,0.00190033030433685,-0.0594242114439423,-0.0808637975357345,0.134014442127251,0.0619944096879287,-0.113542729010729,0.057029176540368,0.00905668805554057,0.0462695538313261,0.0181924885258747,-0.0866239007264172,-0.0858984084555029,0.00275880668104775,0.00199234543966079,0.00416581437736208,0.00174526733555985,0.0236251977256179,-0.0234236944635847,0.093442500778083,-0.0324587817007908,1.11128300158556e-16,-9.10039386647096e-17,-5.0657879896145e-17,3.60153614509677e-17,1.09919901188712e-16,2.49536884104743e-17
"Resource.Acquisition.Substrate.uptake.organophosphorus.compound.transport",-0.146568271395652,-0.0849712582976892,-0.0223701880153382,0.02385365384671,0.0171986987721742,0.0865396717997208,-0.0505318337022881,-0.0543409717359315,-0.0351617853078208,-0.0785409562063907,-0.00383108719902991,0.0820992146761425,-0.0621833247231528,-0.11638161703533,-0.0599082278919973,0.0714477330668747,0.0394267138403137,0.0363424907199828,-0.0753752083832951,0.119085544795246,0.0229968911594128,0.248795148681543,0.00678564718929225,-0.0625852677685656,-0.217465147630828,-0.289971565001083,-0.0719890806730942,0.357313153319001,0.0423248669565369,-0.0170413138140362,-0.142599174214311,-0.107898780310278,0.00398634901220392,-0.406748209881093,-0.158718688456084,-0.0573724760760434,-0.031588900085832,-0.164915026752601,0.162649211680776,0.13288723760854,-0.042432223440674,0.156738023341959,-0.280839056900901,0.17857423725163,0.174360123590678,0.139369876634858,-0.0882012173485148,0.000421450187936712,0.00866092650205717,-0.116460836657834,-0.00820546889873813,-0.152354472347309,0.0893692567282538,0.0541592745349321,0.000603709340371865,-0.0631860441402868,-0.00117120053963352,0.043459484610779,0.0669444808066393,-0.0194013971734306,-0.0251606972509087,0.0307653571094533,-0.0157872264555288,0.0230784637716366,-0.0630918879373689,0.0298464302487935,-0.0329084050819179,-0.0324809262842271,0.0179280693722932,-0.000730567985845534,-1.74250008079973e-16,-9.13603321495276e-18,-2.52706118362553e-17,-1.01495661913022e-16,2.77378259242056e-19,6.71094046576073e-17
"Resource.Acquisition.Substrate.uptake.osmolyte.transport",-0.185419542879138,0.0668721161847207,0.000986209741474901,-0.00652932741727052,0.025919233084913,-0.00995123268866132,0.00575876035960917,0.0887510646032619,0.0128987695089902,0.0837536706493049,0.0807953073499183,-0.0678360091345555,-0.0299657821117812,-0.105532021288262,-0.0345332140630945,-0.0616049029218349,0.00849518469225813,-0.0492093703592059,0.0785185767450925,-0.152503576797707,-0.0438016144409286,0.0175595416361938,-0.148250889003406,0.0169320058159445,0.12661565567529,-0.00416511345816432,0.0914034789104003,0.0792556230781527,0.0640834007013677,0.126872261767495,0.044368333628359,-0.0404210376009605,-0.205376246494008,0.0595146072716384,-0.0502004659423349,-0.0590681889576046,0.0901937652953384,-0.0628711057259081,0.2479323665717,-0.00831644571587237,0.167750140026398,0.0681026588164167,0.108235170443488,0.150960795881327,-0.0864739939847649,-0.0377661489723311,-0.0999034972458935,-0.0532112676088983,-0.174395561787549,0.0514068300380989,0.1830545021535,0.00284858394146785,0.146913513097411,-0.259982083292832,-0.0765300775217758,-0.193723653729745,0.0384253278002346,-0.403033083389723,-0.0444580849783111,0.0179908381165654,-0.0314064166601099,0.167387034768646,-0.105855496588206,0.133621581457332,0.168673349967095,0.00659256162382983,-0.365172796528975,-0.0547620715908233,-0.0583388483501886,0.0132947161735295,-2.01277925467083e-17,-2.00631201435392e-16,1.2068628530162e-16,-2.44795050694467e-17,-5.79913734662809e-17,-6.54041668193365e-17
"Resource.Acquisition.Substrate.uptake.other.transport",-0.0878893533551652,0.0461719426708289,-0.00948111565226155,0.0454768223452893,0.00518240053840196,-0.00614264721132597,-0.0643094069834624,-0.0617778337418033,0.0313342810404062,0.0368618527477885,-0.107614093971611,-0.0488253688444405,-0.104534932478486,0.153741097557509,0.00771791911029314,-0.491678978630767,-0.0882285469248234,0.472813300213327,0.169637033812578,-0.0819814019802562,0.212964178232533,0.263531735186352,0.11233119188831,0.114830589929547,0.136256606291552,-0.0160747235073511,0.15145697921336,-0.109822005140319,0.122106450173322,-0.0568673696320524,-0.0766007575979175,0.13538968182427,0.126696124810451,-0.10688791763862,-0.171800947384932,0.0476003204286689,0.121485406579159,0.0681797852495624,-0.00607956503066921,-0.0401827658513286,-0.0829138897704981,0.0271936379863407,-0.00317036474948046,0.087134591020219,0.0276471845073039,0.0546337281296297,0.00502956905158332,0.210291627610447,-0.0573625866074024,0.0360917285968224,-0.0161601353712589,0.0521813764109767,-0.0917697969405537,-0.0493133957128783,-0.00861768497527104,0.0058171460899543,0.0238464149441896,-0.00437867399652318,-0.0239810671987946,-0.059812435965093,0.0210209710780101,-0.0266351999400788,-0.0592895204248947,0.00296337200107728,0.0677535938375281,-0.0167276023787321,0.0310000299331628,-0.0517150248076266,0.0607487456152836,-0.00156882042262052,4.5390272081705e-17,-4.17400743553621e-17,-8.85566553474344e-17,7.91314835839209e-17,-3.18437362163428e-17,-9.30558282161419e-18
"Resource.Acquisition.Substrate.uptake.peptide.transport",-0.163843636853215,0.0342852903503747,0.086051247554932,0.121543106505619,0.0323459553977506,0.0355579707502745,0.0309672191767404,0.0726448848015127,0.0154605480679929,-0.0457344423584591,0.164510515330845,-0.0726301024760688,0.0186949922846721,0.0431087018744326,0.00357258608832425,0.0465575134018555,-0.102370839817508,-0.00226503875695475,0.0451722029521195,-0.143980714360812,-0.049997884028824,0.0578701623605763,-0.0710158311134929,0.114499699010522,0.0620588993806998,-0.130761862345245,0.0639732209495877,-0.0625540257135302,0.235396271783796,-0.0206257689970373,0.0658026810419751,0.118522752277593,-0.0730410174926586,0.0145492005694269,0.130181479611434,-0.0913485398864008,-0.0248413456893273,-0.0339888112216245,-0.169301448149444,0.22921297260282,-0.150063220857909,-0.109687062159918,-0.2267300053931,-0.00647048796518301,-0.233879489676557,-0.210380915903129,-0.0467204725081661,0.066331817158997,0.120622640836192,-0.459908071939018,-0.00887659801618014,0.031057281082551,0.105030053416847,0.0838351404154888,-0.259326384094598,0.200937303717698,-0.191792537568871,-0.0649168084922264,-0.0555940625686332,0.100307340801578,-0.00241883845742536,0.0915815940940907,0.0333311772936547,0.0436007277914469,0.0310079400519856,0.100269124839785,0.0686941360886734,-0.0450151270133363,0.00617250720160928,0.0163505009078176,-1.05725728441221e-16,-3.43629749640377e-17,1.649769158818e-16,-1.00475420835573e-16,-1.39111774739889e-16,6.79950012759906e-17
"Resource.Acquisition.Substrate.uptake.S.compound.transport",-0.115087824926753,-0.0441764353630258,-0.0399044807990437,-0.0835834456340848,-0.114346603269906,0.101874890794792,-0.158748206688125,-0.0556178966211096,-0.0287197909313598,0.125646824530735,-0.104460691392052,-0.0586988382243134,0.19876457350486,0.178872384280905,0.111917347607359,0.149880070186247,0.10176201256917,-0.0940113867003545,0.1388409922373,-0.176652013330216,-0.0490157996353308,-0.0327799176392809,0.232352417016817,0.296584648094913,-0.011883991126668,0.05494803705653,0.0278937848942951,0.0571501094921455,0.0107475158513687,-0.171040837013521,0.354260692972781,-0.0124295533634343,-0.0199077434781381,-0.0687045212930426,-0.111545155507431,0.0814471992919832,0.0568441886911156,-0.424312237753171,0.126214391312852,-0.0293859839492108,0.0977957897650766,0.026934059985484,0.0432217606303692,0.193270443020604,-0.0963067434987141,-0.0386214409502639,0.00634361059055893,0.105062850450126,0.115880620259379,0.147583258578298,-0.156740382519915,0.104934281130098,0.000507716856437031,0.103125750510016,-0.0105795526321156,0.0772225691644755,-0.0409349996674545,0.068083536460604,0.0882757409862702,0.0277035063733397,-0.0669066916814321,0.000415139411341581,-0.00364089131827014,0.0461634630325854,0.000997334924333571,-0.057411919224036,0.0213179720683554,0.0155923950864701,-0.0324237275293715,-0.00549136026401346,1.62583451949486e-16,6.33562916267903e-17,-1.12980260333614e-16,5.72031533657653e-17,-2.02607457763108e-17,8.07330331064887e-18
"Resource.Acquisition.Substrate.uptake.secondary.metabolite.transport.siderophore.based.transport",-0.169485199554824,0.0150630074566324,-0.0106888156797162,0.0652899071461277,-0.0673781915954088,-0.00890046868586619,-0.0741795038469356,-0.00771766510537417,-0.0566575864037764,0.142870522375754,0.202257827448095,-0.0607657294769435,-0.0719580357181939,0.11704487695974,0.0258549243364845,0.00762390784149242,0.0109569939161688,-0.091634391269442,0.0756395101762473,-0.0516016976061187,0.0550169159139625,-0.0973207055142124,0.0453199159445064,0.05063109174021,0.216036624238482,0.109577548179786,0.116832751532727,0.0832967000049128,-0.122244103734455,-0.0184919923061268,-0.0242448401113012,-0.128776189234642,0.03872713588435,-0.0150252106210328,-0.0259075160272086,-0.116417716824212,-0.0377540285156075,0.0633624818421116,-0.172805539923484,0.0809498837737219,-0.15617151301396,-0.133116664562743,-0.230917753061311,0.155240582941927,-0.209621531914311,0.180368619748908,0.0678377277883157,-0.075004034154325,0.134311602056327,0.0881201686851964,0.394071766510841,-0.169097106745495,0.072509895661499,0.186065663571782,0.270546221573732,-0.229111303593271,0.0111357805198552,0.119112457079225,-0.102129186585038,-0.143878979413954,-0.0051814319935936,-0.0922800586653345,-0.0417759845518882,-0.0990360403870594,0.080830787298094,-0.0881170041616889,-0.004792893148991,0.0434047497664413,-0.0433845960351585,-0.000859332548598233,2.95141407761085e-16,2.82554991817067e-16,-1.11176985544467e-16,-1.1268198921047e-16,1.28174895706112e-16,8.89017826745852e-17
"Resource.Acquisition.Substrate.uptake.vitamin.transport.vitamin.B.transport",-0.152345473264196,0.00441026652544279,-0.0523655838502169,-0.0742802440575941,0.102363189653287,0.0284991518048405,-0.0133445242573439,0.211985125490182,-0.0135881560182187,0.0813042937723978,-0.0267790166856922,-0.0460125412053382,0.139128732049417,-0.152847455307435,0.0410650940674513,0.042430967757089,0.0175187623526944,0.0231062937655373,0.0293334999816806,-0.0250719739329016,-0.0319739720544064,0.03866774083926,0.0386447486322013,-0.0222789425725499,-0.170934552855153,-0.14563108629266,0.00287916385566661,-0.0250454366554677,0.159940519384079,0.0275937371170071,0.0210342294435643,0.187626127057982,-0.0688034704011528,-0.00741794090079417,-0.0295512193894282,0.453113746785311,0.180549466102331,0.0617069693233121,0.0225326885950158,-0.166125000936104,-0.298439499416068,-0.240536278536377,-0.192451268495534,-0.045559486285119,-0.0630285939599862,0.104461060480877,0.136227601420394,-0.382622887463401,-0.0355006943306011,0.196730240655587,0.0919813664859487,0.0592897524912271,-0.0297918400314763,-0.0971894043631515,0.0424573206810721,0.0188094496670355,-0.0688620463486299,-0.0169180909193951,0.0475132241868819,0.0538918206298964,0.0152179192596229,0.023283878199118,-0.030386435521758,0.0499880265319688,-0.0636664160522868,0.0102039130354454,0.0808490440838096,-0.0736098676737691,0.0083862526899663,0.00440746887084106,6.94428706713657e-17,9.08847463433722e-17,-1.61862134071475e-17,-4.63815422140509e-17,3.62474866188229e-17,-8.13172469719526e-18
"Resource.Acquisition.Substrate.uptake.vitamin.transport.vitamin.C.transport",-0.181530923211247,0.0713635684829998,0.0505818573779254,0.0697646341724905,0.11371175074619,0.0735023397375105,-0.0595155792989804,-0.0228287115848815,-0.0313120348534464,-0.0789313976163301,-0.0133832841129935,0.0176292474369256,0.065000263645114,-0.0134488038213561,0.0290047373742859,0.0568197336885581,-0.101794248595185,-0.0780909122734152,-0.00427586394855214,0.0429676525200187,-0.0715051536235923,-0.0130304303991364,0.0137844389832726,-0.0221774608430913,-0.114819015700334,-0.0846312793400145,0.00913776087317869,-0.0140173552757849,0.002669183976999,-0.102633217994015,-0.164666052254044,0.174749167462184,-0.0069618582775893,0.140295701997946,0.00916258237662297,-0.0294409916177125,0.0251641580264565,-0.0237300058012459,0.0762514639890518,0.0407903534964038,-0.22767210409597,-0.097499418170957,0.153549854431584,-0.0284716146499792,0.103555963123951,-0.205213600628941,-0.161531245206516,0.200634306043501,-0.0405656452480254,-0.0814033260749246,-0.0300650080505915,0.162019077487208,0.0224600997988505,0.0441337288025122,0.358142114383492,-0.0552474044599198,0.0246552015557397,0.103553957951203,-0.0555003335303449,-0.23384959690032,0.0879976472410729,0.134884846567252,-0.210533269632192,0.27944897808557,-0.0778927144989218,-0.317132077837651,-0.0790171135693019,0.241705753270982,-0.101810473958091,0.0161642197396525,1.78194034788503e-16,-2.02146257839882e-17,-3.96825472991508e-17,3.87597734764099e-17,-5.81509189762639e-17,-3.36844133912205e-17
"Resource.Acquisition.Substrate.degradation.complex.carbohydrate.depolymerization.cellulose.breakdown",0.0243238286531965,0.0690624478473731,0.264644077491825,0.0486490820537012,-0.323574881576558,0.0321569510504586,-0.0211821571587154,0.0845841211594765,-0.0116495085311932,0.0389839299818311,-0.0804094957316473,-0.0521625081221279,0.0212951631346031,0.0071173014602357,0.0145552051378251,0.082630353048446,-0.0907278858192395,0.0611158916223371,-0.0589001573577891,0.146755482259318,-0.0307912107997228,0.181802242907192,0.00693321520031953,0.0405458322255938,-0.0996185780333773,0.0122689342120282,0.0414194130835132,0.0488608998655734,-0.0577249008916628,0.0349529331715982,0.00672545583119175,0.0421743873851935,0.12798300646608,0.000483746821727138,-0.0906218837622246,0.0208330395049127,0.0299633843726991,-0.0461730485627816,-0.0772276753993603,0.108376906274173,0.0645263569610864,0.0176035613829261,0.0130406446644273,-0.130009796452919,0.0451302653679613,-0.139318029441018,0.113487225640623,-0.20715404467749,0.125299740993242,-0.0113308699327258,0.0263933119597488,0.222384812955521,0.159751619207812,0.0410062834301863,-0.00386488961706402,0.0528431307278043,0.237934592950544,-0.141241038817063,-0.255007231728407,-0.0474101029684024,-0.250796444323154,-0.253885175707892,-0.400141637193034,-0.0798432082625897,0.0315746049040359,0.103984605507442,-0.0600249564388176,0.0435956327398775,0.0308452912613047,-0.0283513600793666,1.88714248765117e-17,4.00578656012739e-17,-9.59627171383382e-17,-1.49200229930759e-17,-2.70568759776247e-17,-1.40224731889692e-17
"Resource.Acquisition.Substrate.degradation.complex.carbohydrate.depolymerization.chitin.breakdown",-0.0740425501901126,-0.0753071451160539,0.270889533457883,-0.0692150952068006,-0.0763791615537897,-0.0595430371496431,0.095195896204587,0.15695602142606,0.0568055221147862,0.115182655364313,0.106948546215496,-0.0922609437611654,0.0619562920988078,0.0918755244427215,-0.070011979546738,-0.0443178001648992,0.0569273717049385,-0.0100001400440875,-0.121366124831233,0.105314236247783,-0.0465443662485592,-0.0626178037690336,0.135420403920948,0.0936360493623184,-0.0271258923271351,0.00111317297076688,0.0803374334349799,-0.0782272466035088,-0.0210921518845406,0.00806371587571049,0.0801440664712845,0.0828836712626461,0.00469881918938356,0.062061968828953,-0.217555362028195,-0.0378423598526825,-0.084616985857679,-0.00434840247961346,-0.2622715270069,0.0808468889058097,0.0233919042860737,0.378558151143987,-0.220981586355264,-0.0406860789131487,0.0443282772163566,0.043498199619272,-0.264846492842861,-0.139264259415374,-0.158019139446911,0.0289005140116286,-0.147338376284315,0.0399588462520279,-0.125347175093921,-0.076768426519729,0.314325435624379,0.00752457870789695,0.00977462349641282,-0.149356763643709,-0.0488194500759909,0.122697111733781,0.178488362363086,0.134088398779618,0.168040906846906,0.0730079743442171,0.0295314012776988,0.0165698766768671,0.0714872725214608,-0.00105905876799604,-0.0193974350428484,0.0145354384842034,-1.49794055447989e-16,7.93027286099338e-17,-1.46169829367838e-16,5.71792808760913e-17,3.64433692187544e-17,-7.52154795122442e-17
"Resource.Acquisition.Substrate.degradation.complex.carbohydrate.depolymerization.heteromannan.breakdown",0.0316876408022053,0.114516318021516,0.188696841311361,-0.0199438145594763,-0.294972816286937,0.122868535614787,-0.192987350768095,-0.0543329185176633,-0.0530136487858203,-0.0126374485500273,-0.0768016833710908,-0.0403392955938934,0.174111177411882,-0.0375895656788584,0.0515322594347538,-0.00410534414066671,-0.0742863147457845,0.0191337277672922,0.132619194970729,-0.0466109110275635,0.114598791812156,-0.165334507128451,-0.121808958993115,-0.130543214670254,0.0245828191164207,-0.0929445257059129,0.0641189231445004,0.117878648374137,0.020281395827293,0.0391385292784295,-0.137561384040688,-0.145247359730574,-0.215863657292267,-0.0572461807346227,0.179373244292836,0.243056964582887,0.0600796209490947,0.172991858846521,-0.0412684748097457,-0.0183772004331439,0.0851181980370692,0.0265858534169892,-0.0938529045648251,0.0339424938152888,-0.056446349631531,0.0922365169383254,-0.0805519435780293,0.102588982522947,-0.0904150486350064,-0.0469420849061399,-0.150094588534212,-0.0235106368189159,-0.0838475430471871,0.00496293469732004,0.0606285821894992,0.0432139517017149,0.0185752106181335,0.0818885392031651,0.0785403509787365,-0.0230809543448107,-0.135450131465074,-0.0748963332302096,0.112786459828273,0.188855402028129,0.368482010140046,0.141118503765497,0.0629872317631762,0.280807416418142,-0.038184834568516,0.00531670645284371,-1.75952526687592e-18,1.43550726106194e-16,-9.26135934765597e-17,1.55506099023398e-16,2.74357862935974e-17,-3.80063560383987e-17
"Resource.Acquisition.Substrate.degradation.complex.carbohydrate.depolymerization.mixed.linkage.glucan.breakdown",0.0183654666932689,0.133371609896137,0.234161193257447,0.0397458701927537,-0.333849323245744,0.0847004288418631,-0.146611215309654,-0.0267923266143927,0.00859191195876009,0.00806929332406417,-0.0507939803682518,-0.0763433117647206,0.0536514248625521,-0.115014127212449,0.0258710275507493,-0.0339039899268336,-0.0952629855863811,-0.0172504763502663,0.0516358704397024,-0.0127549742991919,0.0421133721077157,-0.0404681582565252,-0.0822915541778439,-0.0130016425932406,-0.000353556140009634,0.0501161696727495,0.0495865118688242,0.0646464735737598,-0.0469787275581683,0.0232905442856325,0.0160524530555229,-0.0569540625265157,-0.0574400248503423,-0.0822627620472142,0.156123873817931,0.0480394531097858,0.0587490805214707,0.0929134652414275,0.0411095188577518,0.0662418144229053,0.0423281493273593,-0.141023861694776,-0.0187374846139274,-0.0321715832181495,-0.073369755935613,0.17346628336845,-0.0931666142266557,0.134156871088826,-0.0455847370949544,0.0112343978970121,-0.135312121914839,0.0502567784507343,0.0730748795662418,-0.0199492492122448,0.0197177855657979,-0.0596276145116482,-0.0123466039045809,-0.0316109281144588,-0.086372596742505,0.0773083953321701,0.17783566061926,0.172362382578912,0.0284456038615621,-0.211574652145389,-0.457257915130882,-0.285264056861389,-0.0271262058325424,-0.364903923222702,0.0383921297430733,-0.00482818802877403,-5.84903239625389e-17,-4.97727265070264e-17,2.00610773841143e-16,-2.21766377517527e-16,1.29132077866212e-17,-5.55694106855087e-17
"Resource.Acquisition.Substrate.degradation.complex.carbohydrate.depolymerization.xylan.and.heteroxylan.breakdown",0.00660263088935998,0.122367989868328,0.25053816088873,0.0608301849457314,-0.297019666276021,0.0610108301268872,-0.105745285527541,0.0264873114010074,0.0114493240715777,0.0769611862381665,-0.101829420819661,-0.0218794712579386,0.0184123664624213,0.00829783524758679,0.0682771366033322,0.0710746263100761,0.00469672153083854,0.0613756248819991,-0.0642763772537157,-0.0057490616857912,0.0279159083857871,0.0824252233352533,-0.0711713381758747,0.0112827996957118,-0.00635121238532875,0.0485388509705374,0.0269007991298419,-0.00891902751018976,-0.0630788847831464,0.0640155142941737,-0.0892950726832539,0.138990885813924,0.0586468739734864,0.093752861707163,-0.0989915735461811,0.00417546602981957,-0.0498728726122183,-0.135192127827733,0.0148223265327436,-0.0304928798840914,-0.0494109511083389,0.0839572288193489,0.126507047388133,0.0745071160554482,0.23605530651481,-0.262908121419321,0.156006126916177,-0.138641318654018,-0.0437671180185911,-0.0251523626958135,0.411634956420316,-0.150030856830187,-0.192239476063447,0.0747175611772965,-0.220362539492975,-0.0491726741254239,-0.162067827646972,0.181102107911706,0.158968484901066,-0.039448258700683,0.130906253890607,0.188411728151758,0.227109281597543,0.060737453678602,-0.0192245484018257,0.00140305608517821,-0.0485979517453403,0.00692066543988315,-0.00453292458831694,0.0188292727632205,-1.5072102733482e-18,-4.51002759189463e-17,1.15271559529892e-16,1.19589898539979e-17,1.54927246603953e-17,1.62087570058293e-16
"Resource.Acquisition.Substrate.degradation.complex.carbohydrate.depolymerization.xyloglucan.breakdown",0.01235510308354,0.119107751308774,0.214797157634186,0.151025747737077,-0.162123176186216,-0.100654965115448,0.135867332206997,0.112667413900503,0.0641012711453237,-0.0472203401904442,-0.0153218308280498,-0.00173252914959473,-0.18789990622825,-0.0728225033160736,0.0374645655865752,0.0524132299477115,0.0710071465138524,-0.0734043784499685,-0.0197493498068411,0.105929872299043,-0.165654054046556,0.242719703055924,-0.0497854848890773,0.107520776787221,-0.105156563923589,0.105056573429731,-0.0842842239233,0.0409174482958641,0.00790444945375363,-0.0865388553005109,0.143057095292049,0.00965331744427583,0.297205080452672,-0.00980518978056342,-0.0870854283864813,-0.193606609490562,0.156333694076625,0.0807420828131216,0.121064274474562,-0.115220691126905,-0.0997282928132338,-0.332125933590359,0.08709359121035,-0.0414976704723155,-0.149534321023451,0.222379040984729,-0.123736167251374,0.110116629836115,0.0171924367700206,0.10672548808764,-0.103005389012613,-0.112279660077611,0.105458645034918,-0.070377479981503,0.0377072750385688,0.022230308472736,-0.0749066755888153,-0.0110637716328373,0.105256571639765,0.0235801100874572,-0.0064092719409233,0.0847560952389388,0.179234307698738,0.124352885681231,0.183903912079848,0.125102750655736,0.0411300519591988,0.136671556774424,-0.0156105958903146,-0.00578776785503947,-4.03207710466446e-17,7.23576501757609e-17,-4.6699962514113e-17,1.41236750332536e-17,-7.49209858114493e-17,-7.96155987467289e-17
"Resource.Acquisition.Substrate.degradation.simple.compound.degradation.protein.degradation",-0.150771223625553,-0.0956466518623712,0.163274148410161,-0.138832927350971,0.14133812285676,-0.019320679474857,0.01054565972236,0.110906148062529,-0.00504951312529983,0.111856687397089,0.117828414130814,-0.0660585191827046,0.0215950034693213,-0.0210394455587627,-0.00478622013149695,-0.039107103570313,-0.0307907000529713,-0.00772959650378829,-0.0439354418921029,0.0615224562427097,0.0141888503632741,-0.017512526215795,0.00973791323302766,0.00683860325377026,-0.000433202211699324,-0.0293296504270532,0.0052255238420548,-0.0521027569023472,-0.0765503394561325,0.0252177871294744,-0.0389067154434346,0.0326610361097188,0.018890879036689,0.0734173483576135,-0.0962574467131513,0.0822427557891874,-0.0444105258428878,0.0990963727154457,-0.102654637063956,0.0724594788101335,0.0200777746848497,-0.010631986618396,0.0878480113657838,-0.0648218495519795,-0.0510957318467381,0.178044731370582,-0.192021754404276,0.111263290372537,-0.06579581805449,0.0824805043578393,-0.0566790946964433,0.078044525296117,-0.0569255954954049,0.201878155310279,-0.172401549320967,0.00990092482391691,-0.148808187199145,0.315735250379747,0.180258688910916,-0.0359912945352137,-0.351498248403356,0.0645001408027661,-0.0841302181446167,-0.0863463405529944,-0.162001303395095,0.191561470069936,-0.483552169497976,0.00162665466341154,0.0390083230492712,0.0191998710769457,-2.70307000211046e-16,2.89110870411837e-16,-1.30444225232043e-17,4.44887184748543e-17,-8.65277981374707e-17,-5.20128049529689e-18
"Stress.Tolerance.General.scavenging.of.reactive.oxygen.species.ROS.scavenging.enzymes",-0.0732703210867515,0.00340707861468746,-0.00771016671255285,0.022385530406578,-0.148988166729355,-0.00950796022493941,0.304923487269598,-0.293902410502032,0.282627220799343,0.2605370777611,0.00337547613304568,0.0751953226082394,-0.13136404670893,0.0465869186419797,0.152372619179966,-0.0721496050148046,0.00171495451626658,-0.0981987246011495,0.0141638909844036,0.0227069995193792,0.111160354659671,-0.0927416837827428,-0.0334088297841567,-0.148469492956404,-0.052065326090058,-0.206584011810195,-0.0132677622707534,-0.0157261478876644,0.00555488500247732,0.0395521054789638,0.0345480304666068,-0.00176478639981407,0.0386239967738472,0.0489288139405492,0.00941286739745621,-0.0121283044240992,-0.00962190459240286,-0.0218187627820088,-0.0189625342793643,0.0283528734259088,0.0323564802535683,-0.0574803230573152,-0.0280954779811276,0.0854092719378672,-0.0306666616156141,0.038845233313955,0.0316618645264502,-0.039499090727928,0.00240187216509744,0.0845895799172146,-0.0265797353009506,0.0287435072816393,0.00570674839881058,0.0527924062616836,-0.0624342889325178,0.129356758842503,-0.034287890812281,0.132971876919803,-0.0721375198652557,0.185468475119609,0.27551311229779,-0.284588138436626,-0.100711479246128,0.393927979645551,-0.0396063235246541,-0.00769035499376436,-0.193203692866734,-0.110155721228331,-0.0239277675555118,0.0164886735982089,1.3416033309406e-16,-1.6715761828779e-16,-4.19599967690525e-17,5.97096182595925e-17,5.21301486652692e-17,2.0728750190075e-17
"Stress.Tolerance.General.biofilm.formation.EPS.biosynthesis.export",-0.0396074535318546,-0.263394281658936,0.098509465065126,0.108725568464776,-0.0218724966455735,-0.0181291160874567,-0.0471976042901719,0.167049227619888,0.0746612629514699,0.076331707385745,-0.0874997484549637,0.358675702712023,0.13767200090666,-0.193103242538839,0.0571060359506932,-0.180679208735347,0.064641233784438,0.048030232850011,0.131020102220691,0.0578764634307507,0.0529748484678161,-0.113672434742375,-0.00499283417288151,0.0176671415130007,0.0508705148452876,0.0684797017846456,-0.126767192513939,-0.00554811849467557,-0.0540732742495187,-0.113547667425132,-0.0176136003448982,-0.0471721952555138,0.0456323821853383,0.0857789940029302,0.0397448188978028,-0.0393733924668038,-0.0151865074475906,-0.0096248352332881,0.08493914368131,0.0456147567728666,-0.061742161977276,0.0157148085585455,-0.0225156824093722,0.0793425635733354,-0.0504024736126174,-0.0573435327791942,-0.0191235785063306,-0.0504000154418775,0.0448452602823208,-0.0521245672792307,-0.00683503713359369,-0.00286472536115681,0.0311219882262334,0.0105123514321597,-0.00889069789185533,-0.00492306305894472,0.026341313019559,-0.0129402103965721,-0.0231952420488716,0.00652760848937219,-0.00810992615775453,0.014021399670066,0.000568758657295498,0.00428864316075344,-0.0231848005258622,0.0414424074448283,0.0111164910716451,0.00806080074218704,-0.00212724992734152,0.00419779537999324,-0.0503941049066499,0.153571527919227,0.466637287413408,-0.499881455043171,0.079021471149239,2.13662612480743e-16
"Stress.Tolerance.General.protection..repair..degradation.of.denatured.misfolded.proteins.heat.shock.proteins",-0.024107614871101,-0.0800534955140444,0.117015064563722,-0.0323344068653757,0.00494703974371883,0.279751051037781,0.358994729140448,-0.0909306512196666,-0.439484510721583,-0.073097417711103,-0.0792953298250198,0.0133605816554716,-0.0535053873584508,-0.0818255872215933,0.0790007935929085,-0.0842282622885735,0.0486807879978117,-0.0457880393004368,0.0973314509026226,-0.0476406950375594,-0.029649874563155,-0.025213806334151,0.0218698236207701,0.0480953795056624,0.0488133719067607,0.0223784502902144,0.0248615859580166,-0.00267643088629674,-0.0139105617009468,0.0452036819708615,0.0170326281301472,-0.00852745149381308,0.0318192718550045,-0.0124436569788153,0.00591570640021635,0.000448886046963179,0.0213446558657721,-0.00346799259937125,-0.033366212671648,0.0109617433786204,-0.0112097825273701,-0.0125391054062201,-0.0182448624997206,-0.0121008808144893,0.0314459899683264,-0.0179853584822409,0.0114067261132793,-0.0228945676031394,-0.0244213806438572,0.00691334605673614,0.0030560588386887,-0.00584284970473949,-0.0318646133221136,0.000211513483217012,-0.00693069984751433,-0.0125928814061173,0.00419494736603568,-0.0152059481451139,0.011104696762812,-0.00258084397729239,-0.00474378744860958,0.000759057651687038,0.00206989574214614,0.00424140595224762,-0.0170318663076421,-0.00668739666498109,-0.00138544371862456,-0.00133564934160618,-0.00762224028383341,-0.0021316980892711,0.0175445461379993,0.0585177823956644,0.252039949849792,0.15024529985433,-0.640445213578572,-4.08935539068537e-16
"Stress.Tolerance.General.protection..repair..degradation.of.denatured.misfolded.proteins.ATP.dependent.proteases",-0.0263455216140872,-0.200993261964596,0.253289714730781,-0.218764506849449,0.111874502660147,-0.0185868505220627,-0.110095078793824,-0.0764447151478136,0.108348580879447,-0.0455235957161364,-0.0550199697512337,-0.0223168008178319,-0.223435265821987,0.0372291014904427,0.057322816229556,0.069169422077621,0.0311879291141124,0.0100264098079973,0.101066949211803,-0.0547720123711759,-0.112438481672588,-0.000668212586909383,-0.118701756683393,0.0408841497885589,0.0184735768502913,-0.0209194914415172,0.0528160138695239,-0.0308202725261618,0.00362687557008076,-0.0111058355600743,-0.0480616456365175,-0.0124738040478073,-0.0374195194375534,-0.015152534462333,0.0426237768183481,-0.00515979927002164,-0.00222234947320869,-0.0160374513057724,0.0104441405716076,-0.0397359806140854,-0.0276940356554991,-0.0176279584980039,-0.00654505635563815,-0.00595536222686789,0.0433132833178655,0.00255040479092805,0.0636203907996023,-0.00639470059390596,0.0451071653708123,-0.0085034922563951,0.000599529591167561,0.0127697961829386,0.00334025768849165,-0.0490162422751484,0.0336695681497625,-0.00604599901658454,0.023362912174634,0.00360220105575517,-0.00239301679111384,0.0173955471043616,0.00453757374058122,-0.0340325872840724,0.00510038793545248,-0.0146249041080443,0.0167691713980998,-0.0222608129580163,0.0313303090798245,-0.0195652991456677,0.000571969517984153,-0.00632584665300054,0.681721950244155,-0.419646605797229,0.148862547877157,-0.0545568704404552,0.026116377851894,2.26073801486985e-17
"Stress.Tolerance.Specific.temperature.high.protection..repair..degradation.of.denatured.misfolded.proteins.heat.shock.proteins",-0.024107614871101,-0.0800534955140444,0.117015064563722,-0.0323344068653757,0.00494703974371885,0.279751051037781,0.358994729140448,-0.0909306512196668,-0.439484510721583,-0.0730974177111031,-0.0792953298250199,0.0133605816554715,-0.053505387358451,-0.0818255872215934,0.0790007935929085,-0.0842282622885736,0.0486807879978117,-0.0457880393004368,0.0973314509026227,-0.0476406950375594,-0.0296498745631551,-0.0252138063341511,0.0218698236207701,0.0480953795056625,0.0488133719067607,0.022378450290214,0.0248615859580167,-0.00267643088629692,-0.0139105617009468,0.0452036819708616,0.0170326281301473,-0.00852745149381307,0.0318192718550044,-0.0124436569788154,0.00591570640021651,0.000448886046963609,0.021344655865772,-0.00346799259937106,-0.033366212671648,0.0109617433786204,-0.0112097825273701,-0.01253910540622,-0.0182448624997206,-0.0121008808144893,0.0314459899683266,-0.017985358482241,0.0114067261132791,-0.0228945676031394,-0.0244213806438573,0.00691334605673603,0.00305605883868867,-0.00584284970473943,-0.0318646133221134,0.000211513483217032,-0.00693069984751464,-0.0125928814061174,0.00419494736603577,-0.0152059481451141,0.0111046967628121,-0.00258084397729189,-0.00474378744860976,0.000759057651687031,0.0020698957421463,0.00424140595224756,-0.017031866307642,-0.00668739666498114,-0.00138544371862456,-0.00133564934160596,-0.00762224028383362,-0.00213169808927149,-0.0175445461379993,-0.0585177823956643,-0.252039949849792,-0.15024529985433,0.640445213578572,4.09807043839032e-16
"Stress.Tolerance.Specific.temperature.high.protection..repair..degradation.of.denatured.misfolded.proteins.ATP.dependent.proteases",-0.0263455216140872,-0.200993261964596,0.253289714730781,-0.218764506849449,0.111874502660147,-0.0185868505220628,-0.110095078793824,-0.0764447151478137,0.108348580879448,-0.0455235957161365,-0.0550199697512339,-0.0223168008178319,-0.223435265821987,0.0372291014904428,0.0573228162295562,0.069169422077621,0.0311879291141125,0.0100264098079973,0.101066949211803,-0.0547720123711759,-0.112438481672588,-0.000668212586909433,-0.118701756683393,0.0408841497885589,0.0184735768502913,-0.0209194914415172,0.0528160138695242,-0.0308202725261616,0.00362687557008083,-0.0111058355600741,-0.0480616456365175,-0.0124738040478073,-0.0374195194375534,-0.0151525344623331,0.0426237768183485,-0.00515979927002162,-0.00222234947320868,-0.0160374513057721,0.0104441405716076,-0.0397359806140856,-0.0276940356554995,-0.0176279584980038,-0.00654505635563785,-0.00595536222686791,0.0433132833178654,0.00255040479092819,0.0636203907996022,-0.00639470059390613,0.0451071653708124,-0.00850349225639506,0.000599529591167672,0.0127697961829386,0.00334025768849178,-0.0490162422751486,0.0336695681497626,-0.00604599901658429,0.023362912174634,0.00360220105575557,-0.00239301679111412,0.0173955471043614,0.00453757374058147,-0.0340325872840729,0.00510038793545246,-0.0146249041080442,0.0167691713981,-0.0222608129580168,0.0313303090798249,-0.0195652991456679,0.000571969517984365,-0.0063258466530014,-0.340860975121921,0.103003580200224,-0.498962154005279,-0.447392515146022,-0.301243142715753,-4.69864990384366e-16
"Stress.Tolerance.Specific.temperature.high.heat.induced.transcriptional.regulation.heat.induced.transcription.factor",0.0352217860848553,-0.0304264256685124,0.018572323661667,-0.324331429420761,0.0432600395307984,0.0259063395460742,0.0515447303381855,0.0786956584754226,-0.0396504623988853,0.29937574055562,-0.0726807583361687,-0.0287743032767654,0.166389971792393,-0.12452356888044,0.137409990292596,0.00932114498754281,-0.00415596840227665,0.040744807311348,-0.0548913418911207,-0.0219277435993515,0.119432822662627,0.0971762889670211,0.0708348875739687,-0.0583710056728585,-0.184381590596251,0.10953499265319,0.0517586993733075,-0.0348873477127769,0.0481150360258002,0.0880526979808598,-0.187214834802852,0.173517997139178,-0.139332456238023,0.0637962708886413,-0.202026751743544,0.0195220973458967,-0.18252244527827,-0.107422423525593,0.0214604481258519,0.155702283146906,0.0827733794647001,-0.152730134890717,0.178881661388714,-0.18118546667488,-0.136469185776202,0.0929394679390525,-0.0303118371248454,0.182370978376322,0.127566521647292,-0.143422131717808,-0.0250855183705151,-0.332303105847332,0.146591636626231,0.0656389442406056,4.18413352974295e-05,-0.151174652324575,0.0439974569141928,-0.0964150529685331,0.0149704253721227,0.0146735451586156,0.11082593719601,-0.112887937996084,0.00992832406427871,-0.0020363950936047,0.109591034809271,-0.0368492216035404,0.13785358699076,-0.0307863537156352,0.0217613905400693,-0.0345404990233189,-2.29159555793802e-16,3.63094584252878e-17,4.78423188162324e-17,-6.72630183538888e-17,2.15747727666457e-17,-6.41670186348372e-18
"Stress.Tolerance.Specific.temperature.low.membrane.stabilization.fatty.acid.desaturase",0.0301810285480191,-0.0470290247178568,0.00551840984690445,-0.0664251449217003,-0.0454671212169865,0.24164950553274,-0.0162318878626682,-0.144542862051923,0.102277461517446,0.00839317359260966,-0.0107499645923562,0.0991767342855468,0.312849188360868,0.175340103754895,-0.0295581062625227,-0.144742956971463,0.206669865015738,0.133013391365946,-0.359719762886302,-0.141462376018333,-0.351816413300179,0.139452493301411,-0.282074312971745,-0.0355081280211764,0.251075573417907,-0.114124033605614,-0.264906561522384,0.00252028402518902,0.204022719399305,0.018907051786097,0.081452395860727,-0.0638411315681014,0.0270813670940777,0.101618226039453,-0.084847228047891,0.0271035864601817,0.0397596465077202,0.0282640243314155,-0.0760485086354801,0.123227086683906,0.052779765624534,-0.135404050831263,0.0192977429658917,-0.00633828025517437,0.0494374736530039,0.079735328646016,0.0407120669852363,0.0111867725733998,-0.0247098003038006,-0.00352018622369517,0.0268752995129016,-0.0343338818605221,-0.0129541588323178,0.00524334169342681,0.141016658648329,-0.0731763448357625,-0.00276331142007796,0.0188546931615588,-0.00920227483700324,-0.00719168098346804,-0.0447830103041492,-0.0198485702788049,-0.0156095569847772,-0.0226200423374281,-0.0214974398358486,-0.0218771141089115,-0.00662261467817947,-0.00250251540953582,0.004648271362127,0.0021773207229656,1.78264857238071e-17,1.29073521993153e-16,-3.63008860638519e-17,-5.15441654431198e-17,1.02911283022416e-17,-1.60666446662551e-17
"Stress.Tolerance.Specific.temperature.low.destabilization.of.secondary.structures.in.mRNAs.mRNA.chaperone",-0.0413424515649491,-0.035551384136312,0.130922426220768,-0.248673033420038,0.0701237037438846,-0.125671163417822,0.0148186194910108,-0.0222105973787505,-0.0243549036618905,0.00917444719633212,-0.0924864569333091,-0.176425182937029,-0.0447829460438116,0.0231729524139082,-0.0345865515897239,-0.222747722724243,-0.0735182665732238,-0.1916994728139,-0.279585387518893,-0.0616665217482807,0.115288055168488,0.179594306964036,0.231963076281479,-0.123590743853825,0.038466350523984,0.119003561401779,-0.25508096759135,0.180713963254709,-0.0713237291772143,0.0257352988871888,0.0218625351037167,-0.227379457068946,0.203886921868638,-0.0173246852500453,0.135651801866075,0.264834639141367,-0.091011491751065,0.0758548989360156,0.0906233373046866,0.149072741605423,-0.109070758434952,0.0479203729294103,0.0263545796446072,0.131667786239715,-0.233450670388303,-0.213022095516099,0.0426889568108803,0.0181223856372407,-0.0247595163478741,-0.021848908598438,0.0640815632929135,0.105371773795542,0.0690220119563273,-0.102963772281547,-0.0400988871584915,0.106738482932474,0.0252433356821264,0.0334351808273498,-0.0423884815656618,0.0113540735464087,0.0569589647003017,0.0806347173740921,0.0810237372496688,-0.00203638067609434,0.0697154342546484,-0.0986030374289231,-0.00349316660134447,0.0619715042628786,-0.0193028903262273,0.0162060395964676,-1.34346318656925e-16,1.29466119174817e-16,9.23542412221933e-17,6.56453631105355e-17,-2.04684720242749e-16,2.3514430597473e-17
"Stress.Tolerance.Specific.temperature.low.destabilization.of.secondary.structures.in.mRNAs.mRNA.stabilization",-0.0321413580575213,-0.126868589232378,0.173588635579384,-0.0906282459714412,-0.0513750741173744,0.142048960439093,0.111026796463331,0.0459271286016265,-0.039154928830374,-0.0117506602831337,0.0385878912155292,-0.0984663106588973,0.149065691675219,0.324585083445121,-0.167779613697584,0.0321076503227819,-0.149657561351683,0.021886918237469,-0.102127136754821,0.154768923380935,0.212010741979237,-0.0508439397690521,0.0182718528509432,-0.086270085644601,-0.107502252904139,-0.0337087353001126,-0.278097265877982,-0.273816876648029,-0.0877653343925384,-0.138183627699056,0.0720495857217496,0.127576255771995,-0.265775002219423,-0.148538201582241,0.0357026394264284,-0.226146207473033,-0.0629960961916948,0.145798609503081,0.155927737505273,-0.246689772633216,-0.0187727842547389,-0.129637373564562,0.0219916993834873,0.296743348091969,0.0195032069384815,0.0787372099004785,-0.0349441023552516,-0.030671088954365,0.0732111687955386,-0.0319887468347565,0.0969435839512222,0.00732656985832641,0.0234980527114734,-0.0679136461723044,-0.0660401570199508,0.00613089411861566,0.00857886910298867,-0.0440617157754732,-0.0260708136767839,-0.00585716269876822,-0.048493091444411,0.028173285534626,-0.0709033026956553,-0.0024263940999486,0.0250159649125842,-0.00231106434420559,0.064610569039464,-0.0208646112198688,0.0169740209476534,-0.0055381752824771,-2.92550533375641e-17,-4.64662096101844e-17,-9.0436024176446e-17,-4.40271595837288e-17,9.13774995871655e-17,1.28487532816921e-17
"Stress.Tolerance.Specific.temperature.low.destabilization.of.secondary.structures.in.mRNAs.RNA.degradation",-0.0997177511735694,-0.123841359563875,0.0330423589274035,0.0347041702359678,-0.065891921284193,0.194726494822924,-0.104976115033549,0.0483160969904756,0.0858203454724821,-0.159254671186665,0.31462645009445,-0.061075022933258,0.132858024578976,-0.101426242429354,-0.0788456235001056,-0.0516246117270881,0.113785710042872,-0.149462035612524,0.108060624134084,-0.0689048089635875,0.0374329011127454,0.0398228957243618,0.108195438637007,-0.0192727899834548,0.133007752874115,0.0324713411784232,-0.0226327915411729,-0.00948722154872911,0.191443987240526,0.111945987241496,-0.0108404563746641,0.108611909959688,0.217693705642807,-0.252145871533251,0.141513349426311,0.113490624629927,-0.117376863504495,0.0326272412119307,-0.104023641287428,-0.219827675149131,-0.0519815508163862,0.182917223763587,0.344107680664581,-0.118758254930402,0.132454937026371,0.122419123141179,-0.142006841185059,-0.00734241012231217,0.283980158584431,0.0146787345224467,0.0881479698347481,-0.0281575806120836,0.128827802362788,-0.00707628190933234,-0.0521089822967232,0.0277315557178837,0.076927057153292,0.00313807469684384,-0.058246154109797,0.0443927373422338,0.128998649070722,-0.0864250578706409,0.0343954305269047,0.0965784056426222,0.0218983874566051,0.00522104591869147,-0.0436688531565426,-0.00330864743531115,-0.0118982793413155,0.00178366351973948,-2.51614773177794e-16,-2.17250536356482e-16,8.32799775244541e-17,1.45397749606214e-16,-1.33896558871365e-16,3.62906015684761e-17
"Stress.Tolerance.Specific.temperature.low.cold.sensing.machinery.cold.sensing.two.component.system",0.0329425081004711,0.159398661226208,0.041179679979005,-0.119352363962256,0.0227334582430219,-0.0832790096772929,0.0872776194158218,0.0561969013620696,-0.0545044069024168,0.25645089608984,0.127111721395068,-0.110063535017056,-0.0547827645087399,-0.0247943293841251,-0.0813457495883401,0.183134823931632,0.259181976618387,0.290392566335542,0.163950187139526,0.114570739565995,0.137810826334811,-0.178006157348432,-0.0782884827697622,0.171297254338935,-0.0228514465519527,0.0519463378972229,-0.310377779797955,-0.0525807211821361,0.298737641915876,0.0510550014682162,-0.0750469138523515,-0.32979260771755,0.0389151966385865,-0.212075194706825,0.0507076459621364,-0.0558725547150375,0.0867554557238591,-0.0255052287303444,-0.0031087526958555,0.102330739494833,-0.140751695184375,-0.0492232403271355,0.148826891596304,-0.0488042765278662,0.04528137804757,-0.170844854412413,-0.0860074147657937,-0.0508127604004278,-0.117742601623367,0.0169567174222297,-0.0109814632484059,0.0905545036121015,-0.0551741474616195,0.114163053681568,0.0084536985643183,-0.0608605911706453,0.0187395442202967,0.026599173508296,-0.0265740096490011,0.0339225008991624,0.0247854419831392,0.00788370459137668,-0.0387330186274193,-0.000352790453305205,0.0178733706645976,-0.068835740482546,0.0264921308275893,0.00726962150399159,0.00779995420395623,-0.0147794382629841,1.02028364436707e-16,5.95026440185359e-17,-5.51715368681332e-18,8.68471246592975e-18,-6.75218781808737e-19,-2.63989240145256e-17
"Stress.Tolerance.Specific.desiccation.osmotic.salt.stress.accumulation.of.compatible.solutes.transport.of.compatible.solutes",-0.147158608732341,0.02052586352051,0.0104203682548013,0.0274635047332598,0.0276752431984739,-0.05089215042648,0.225112657649369,0.15236411403455,0.0605972545811727,0.161509900476,0.140674715640695,-0.0813423930998157,-0.0255278020248065,-0.0471480444621746,-0.083528460632207,-0.0945488609506619,-0.0373536084114063,-0.0724515869989276,-0.0101963576003362,0.0326621136529518,-0.0808861869626988,0.0632503139485043,-0.205307047965225,-0.0483041635195836,0.191142430396696,0.0323143021404612,0.0522552080217064,0.138539796914679,-0.137331545014584,0.156875707110347,-0.0696560192308171,0.0745738759895897,-0.222322636570924,-0.075682075503819,-0.125169049966718,0.00965489275664753,0.375488848139463,0.0581393255310009,0.209209323456964,-0.0217536124313093,0.0857153409350779,0.14866206173526,0.167036833553688,0.0850615940861686,-0.04034869732802,-0.111014955473578,0.116986986430851,-0.0207438644049163,0.256009994109745,-0.0695625727635659,-0.13305622266091,0.091266348064996,-0.0304779352815846,0.177461437582797,0.150797162767121,0.149743155471484,0.0850840332285884,0.178877677498889,0.102270368704033,-0.00601168769391186,0.073163027295028,0.00513164317392457,0.0606441157535817,-0.126434585015876,-0.0532141849377422,0.0366861408054311,0.203971998080609,0.0221675863949146,0.0362050609679866,-0.00952338614226673,8.13699649292171e-17,5.0795956761777e-17,-6.69449069470721e-17,6.87667889754413e-17,2.92654638847402e-16,2.40286694700887e-17
"Stress.Tolerance.Specific.desiccation.osmotic.salt.stress.accumulation.of.compatible.solutes.synthesis.of.compatible.solutes",-0.073550248877716,0.0191209805144554,-0.00688834137085634,-0.214550716959663,-0.0452723106210151,-0.0786639806855044,0.0802006723298741,-0.0281955414504416,-0.085410971999443,0.136742517923519,-0.0444186714067155,-0.0453306303344599,0.0347237464980673,-0.114137643836977,-0.336490823793816,-0.0182596172171239,-0.0587441249703649,0.0777910111567372,0.0432272604103668,0.349513418890974,0.0553104646976285,0.0455818655232949,-0.106934688357944,-0.09104669204425,0.23076700993002,-0.168642735613599,0.283912699136732,0.277054491269613,0.182637092361064,-0.284425289661703,0.259306192986876,-0.0136346783885423,0.0526981187978408,0.225603220815125,0.158228423082038,-0.0228395864877084,-0.234447279288255,-0.0768739958211874,0.00237816520623726,-0.088849237020476,-0.0353814968224452,-0.070236907652952,0.085851535516189,0.00516787684180267,0.0833066827592747,0.029081555709926,0.0337936211470469,-0.024131318540284,0.0812690783121325,-0.0100232633228818,-0.0352530908128475,-0.00313181893442344,-0.0437125085946971,-0.0324835810392786,-0.0201066395433537,-0.0346444232515745,-0.0179851002210481,0.00759014824430658,0.0408955175464703,-0.0539355937193401,0.0114291991827299,0.0203428028528199,0.00126943891147555,-0.0201518939788072,-0.00767174885459665,-0.00474346968323232,0.0663475197435376,0.0149163025719467,-0.0321046218809248,0.0213734504647434,1.03335274275356e-16,3.68494858343351e-17,-1.40368461682656e-17,5.06564373959652e-17,-2.51818054789804e-17,2.86590675690673e-19
"Stress.Tolerance.Specific.desiccation.osmotic.salt.stress.enhancement.of.microenvironment.EPS.biosynthesis.export",-0.0396074535318546,-0.263394281658936,0.098509465065126,0.108725568464776,-0.0218724966455735,-0.0181291160874567,-0.047197604290172,0.167049227619888,0.0746612629514698,0.076331707385745,-0.0874997484549637,0.358675702712023,0.13767200090666,-0.193103242538839,0.0571060359506933,-0.180679208735347,0.064641233784438,0.048030232850011,0.131020102220691,0.0578764634307508,0.052974848467816,-0.113672434742375,-0.00499283417288153,0.0176671415130007,0.0508705148452877,0.0684797017846457,-0.126767192513939,-0.00554811849467557,-0.0540732742495186,-0.113547667425131,-0.0176136003448982,-0.0471721952555137,0.0456323821853383,0.0857789940029303,0.0397448188978027,-0.0393733924668038,-0.0151865074475906,-0.00962483523328801,0.08493914368131,0.0456147567728668,-0.061742161977276,0.0157148085585453,-0.0225156824093722,0.0793425635733355,-0.0504024736126174,-0.057343532779194,-0.0191235785063304,-0.0504000154418777,0.044845260282321,-0.052124567279231,-0.00683503713359365,-0.00286472536115676,0.0311219882262334,0.0105123514321598,-0.00889069789185533,-0.00492306305894455,0.0263413130195591,-0.0129402103965726,-0.0231952420488716,0.0065276084893722,-0.00810992615775458,0.0140213996700665,0.000568758657295526,0.00428864316075329,-0.0231848005258624,0.0414424074448283,0.011116491071645,0.0080608007421869,-0.00212724992734168,0.0041977953799935,0.0503941049066496,-0.153571527919227,-0.466637287413408,0.499881455043171,-0.079021471149239,-1.88641895080544e-16
"Stress.Tolerance.Specific.desiccation.osmotic.salt.stress.osmotic.sensing.two.component.systems..osmotic.sensors.salt.potassium.sensors",-0.164418850761736,-0.0148554144770416,0.0266302462011906,0.102654258997793,-0.0160168049210311,-0.0248154415027752,-0.111132454154325,-0.0835647637858731,-0.165550104947308,0.103265731767232,0.190847356538689,0.0674719864317825,-0.0418549259409557,0.0663266318865549,-0.0122388940853489,0.0622737789645073,0.119396906105138,0.0483004592880853,-0.0465676654678061,0.126002874532499,-0.0446560808559202,-0.0981700846409321,0.089131601085925,-0.00535163852772964,-0.031605759154132,-0.000353870899702445,-0.0155727438902755,0.108615758369931,0.0319222144574081,0.0321789724143423,-0.231731988989375,0.109777112184907,-0.0595987102522526,0.0926468362221557,0.0139239699216389,-0.0237855896416509,-0.00677703312944106,-0.0119036977812797,0.00941969725406289,0.291711770466195,0.006816939469669,-0.119127765700849,0.0696723693020909,0.0789533742265633,0.0446925578366013,0.0554095631487909,0.0253868009917171,0.184119671117436,0.174644442741874,0.255274036367922,0.112474640889019,-0.0167148328049052,-0.212707556370394,-0.393129137706475,-0.0438987536237226,0.371299665473132,0.0683735837893295,-0.141278790777208,-0.0328958855964546,0.10001463917325,-0.139487655847074,-0.0794976346110882,0.133067320115192,-0.0357380182969802,-0.119646019935895,-0.0125428075430684,0.0507146533782266,0.057877480170348,-0.0286588506260597,0.0624760866519992,1.39035388417809e-16,2.9207558433596e-16,-4.05840216871553e-17,1.36468680263565e-17,-4.2065115360319e-17,-2.61667151651826e-17
"Stress.Tolerance.Specific.pH.stress.protection..repair..degradation.of.denatured.misfolded.proteins.periplasmic.acid.resistance.protein",-0.0387543393296876,-0.0667176750672965,-0.108840425179334,-0.0898043077566319,-0.00799801680988061,-0.150933615799659,0.0287947251298498,-0.078182422854284,0.0539808511622381,-0.206197835718498,-0.0993291128316897,-0.0630640515808995,0.219471493311595,0.215304400732732,0.107524602151269,-0.230997776312033,0.0115346065119297,-0.216917223501459,0.0626492406399221,0.273356399964135,0.106143538756817,-0.171144928070999,-0.312593392717787,0.434916074271789,-0.125643613931633,0.141565707210477,0.0828223866170274,0.20463888372706,0.0885055871889534,0.215006047299841,0.0234220450741271,0.087310604951899,0.044170807801867,-0.120912619459211,-0.109483143178361,0.00543482729176624,-0.110955030041695,0.16219484307822,0.0506264309547705,0.087928538341061,0.000185891163489384,-0.103794615592623,-0.0544566488246493,-0.0487045549230948,0.0479073356421677,-0.0666683165924273,0.00442007029130437,-0.0556354842656595,0.0163398283374055,-0.0213569567904704,0.0290880173462067,-0.00245845553971726,0.00621547864616735,-0.0878796166942979,-0.0460081477247706,-0.0172127839112154,0.00985464471254197,0.0382503189721036,0.0561133554953189,-0.0275105780551973,0.0319966726765633,-0.000210160261427395,-0.016956715357509,0.0285844897259257,-0.0260423962623541,-0.00175019029211956,-0.0288467694187491,0.0349933235656749,0.00519120127869559,-0.000517515566826042,1.83437324470568e-16,1.04635319733436e-16,8.24852834588052e-17,2.2852708285267e-17,-1.4822087166438e-17,-1.71749089324266e-17
"Stress.Tolerance.Specific.pH.stress.protection..repair..degradation.of.denatured.misfolded.proteins.ATP.dependent.proteases",-0.0263455216140872,-0.200993261964596,0.253289714730781,-0.218764506849449,0.111874502660147,-0.0185868505220628,-0.110095078793824,-0.0764447151478137,0.108348580879448,-0.0455235957161365,-0.0550199697512339,-0.0223168008178319,-0.223435265821987,0.0372291014904428,0.0573228162295562,0.069169422077621,0.0311879291141125,0.0100264098079973,0.101066949211803,-0.0547720123711759,-0.112438481672588,-0.000668212586909433,-0.118701756683393,0.0408841497885589,0.0184735768502913,-0.0209194914415173,0.052816013869524,-0.0308202725261616,0.00362687557008075,-0.0111058355600742,-0.0480616456365176,-0.0124738040478072,-0.0374195194375535,-0.0151525344623332,0.0426237768183485,-0.00515979927002175,-0.00222234947320867,-0.0160374513057722,0.0104441405716075,-0.0397359806140855,-0.0276940356554995,-0.0176279584980039,-0.00654505635563805,-0.00595536222686789,0.0433132833178654,0.00255040479092816,0.0636203907996024,-0.0063947005939061,0.0451071653708125,-0.00850349225639524,0.000599529591167644,0.0127697961829387,0.00334025768849189,-0.0490162422751487,0.0336695681497625,-0.0060459990165843,0.0233629121746341,0.00360220105575543,-0.00239301679111417,0.0173955471043614,0.00453757374058128,-0.0340325872840729,0.00510038793545245,-0.0146249041080441,0.0167691713981,-0.0222608129580168,0.0313303090798249,-0.0195652991456679,0.000571969517984365,-0.0063258466530014,-0.340860975122233,0.316643025597004,0.350099606128122,0.501949385586478,0.275126764863859,4.55235239772586e-16
"Stress.Tolerance.Specific.pH.stress.membrane.stabilization.cyclopropane.fatty.acid..CFA..synthase",-0.0683437031797788,-0.0897868112618882,-0.0326263744151154,-0.229155107930185,-0.117378571584159,-0.00629182738135994,-0.118805856231758,-0.163615186477151,-0.0447132798876835,0.124662878055389,0.0793699898460567,0.0522345183482969,0.126180867251236,0.0568680081572484,-0.188284646969702,-0.187475208357692,-0.0476054200354177,-0.116932644962012,-0.115664585522688,0.0129729957441852,-0.127991574453961,-0.125031084319121,0.155845253820158,-0.131389407439439,-0.0880342919249889,0.144360909034879,0.230562046184513,-0.126578316288858,0.0744773368419598,0.142278873496823,-0.108136801076383,-0.0710583961815569,0.16844441187215,0.0268107928778645,0.133800365987643,-0.251330288015297,0.381209639078104,-0.124671567826819,0.238893204283287,-0.0567861224689437,-0.128185359146965,-0.0381709429069603,-0.193111638547108,-0.192160767355524,0.144602508765809,-0.0105128549441174,-0.112033498532806,-0.0532712634149157,-0.0819229654233297,-0.0104306058400536,0.00217524382141897,-0.0306388365640075,0.0191186946967955,0.101218598011385,-0.151803624703052,0.0380405624526985,-0.0647317484333438,-0.0138348148711839,-0.0219390172983202,0.0193811879309271,-0.0537303293611448,-0.014862195960009,-0.0206706726125411,-0.0243276558883695,0.0666059737979653,-0.0204520317510949,0.0434016761959211,0.0217703282993115,-0.000699549679246345,0.00556428944856249,6.75244634378692e-17,1.39412931641132e-16,6.10854487913136e-17,-3.28623154726353e-17,-5.98268873788835e-17,2.75358922093034e-17
"Stress.Tolerance.Specific.pH.stress.redox.sensing.redox.sensing.two.component.systems",-0.141647290200985,-0.0392075098763736,-0.11720733346623,-0.153397384691729,-0.222916255670213,-0.248417186121543,0.010502931742868,-0.0206357478393708,-0.150954876280712,-0.0961064643842262,0.121522750921547,0.0522335845164622,0.00824502986902202,0.0346826428799447,0.19965455760096,0.0384499548617944,-0.0211454396513979,0.0772986716137406,0.0364182891733297,0.0460798654737925,-0.0917972642038341,0.0481249051003885,-0.0021549943656208,-0.0464140798106452,0.0777229319019994,-0.05076672464903,-0.108091686969381,-0.0673123963505869,-0.043584577062134,-0.0306084072875931,-0.0178281027910354,0.0352475232330179,-0.00815543351998457,0.00510010776606389,0.0197854297962614,0.0299353585788497,-0.00804024773919407,0.0205727101917531,0.00498899182009925,-0.0377554489868332,-0.0186463469569187,0.0527174799054755,0.00233529514049396,-0.0176146079352446,0.00933387568378957,-0.0130719187407829,0.030778400576834,0.0147911774881038,-0.00532699607237863,-0.0188103588405848,-0.0533174044480856,-0.0191526773022575,0.0402681424618596,0.0106049825433179,-0.00158743413612737,-0.0381987582113922,-0.0133437798169578,-0.0182456043211191,0.00275034553906441,-0.00711450108689232,0.0186969725625442,0.0368219550580802,-0.00506816145537325,0.0103324763964379,-0.00136001111397562,0.0110122706415877,-0.0173735451470267,-0.023733611647167,-0.0042414707807878,-0.00223104600861257,0.445112734795652,0.662825815712128,-0.170798102739673,0.000201890442796025,0.00558796525853648,4.05338108685176e-18
"Stress.Tolerance.Specific.pH.stress.redox.sensing.redox.sensitive.transcription.factor",-0.0926702788750134,-0.00340335855997849,-0.0916062302782466,-0.0415190175946106,-0.0903718498657253,0.112797286884406,0.227949770080491,-0.0284154998256878,0.127283635966685,0.0306925962059314,0.236539843783698,0.0458636069167758,0.10489978874044,-0.0582721296346445,-0.141603698635279,0.0393139479550582,-0.0170532515796417,0.119412920185825,-0.111854796515666,-0.106847983223074,-0.095994260216787,0.0672781862618472,-0.194972979883236,0.258022163359729,-0.25962038314168,0.140488112018569,0.282069933752746,-0.219010735381256,-0.261558857688712,-0.286096494788932,-0.135129736881747,-0.298273133213178,0.0528873279511065,-0.0259117898737447,0.0708196626112712,0.24949720976921,-0.111198647654777,0.0641368015125871,0.0420096468641935,0.0329681462273061,-0.105446461312306,0.0595734692391035,0.0234172361681094,0.0903763004859921,0.0875765294488145,-0.0228262435349312,0.109009062675541,0.0974754552661903,0.00958843216337569,-0.00232135473222544,-0.0148687453072887,-0.0346170918150655,0.0931931802179128,-0.0879512415778349,-0.0178845124380775,0.0462752474088996,-0.0110032903095702,-0.0366332757699962,0.0184124450004806,-0.0164846442646088,0.00958287045848735,0.00354265797405635,0.0202356366087033,0.00579240079502955,0.0290623037709405,0.00607566122143736,-0.017330098823812,-0.0112839852534133,-0.00551173521137782,-0.00898377918640337,-1.45198487229851e-16,-1.59995509078949e-16,-8.55991996643413e-17,1.04384345499319e-16,-1.07856385107141e-16,-8.99103386436065e-18
"Stress.Tolerance.Specific.pH.stress.consumption.of.excessive.cytoplasmic.protons.urease.system",-0.0384184092409849,0.0183334486185686,-0.243810509872,0.0107550526177457,-0.122410009175774,0.12648835542032,0.0145905588279876,0.0851218680726065,0.0274470063225566,0.146848557392974,-0.18635533830413,-0.127684285543492,-0.115380255473564,0.105933663732609,-0.14047856180638,-0.0816537677991446,-0.0743329545173937,-0.0428133871967416,0.302059671700786,0.136493544083981,-0.335592193979269,0.0811299885203752,-0.037270000606608,-0.092309752343594,-0.106319215584297,0.177462608653579,-0.17123493341074,-0.0936196012750175,-0.00568443744337468,0.0540104145725896,-0.0970043511658466,-0.0534822603296007,0.0121699496968254,0.0311173591684538,0.0252753872577854,0.0955870032655299,-0.0695210136808135,-0.160799073317403,-0.0412950251189507,-0.0451320712351654,0.0260713076079643,0.0200615158277546,-0.0681443211713754,0.0145393695063891,-0.0853354309460834,0.0426942224490768,-0.158742570446414,-0.0708764904011825,0.170073509384062,-0.266297209136676,-0.0143239983253664,-0.0241910949418998,-0.204238169217948,-0.30783949757182,0.0344894413090117,-0.0951989932028418,0.0163383333607635,0.236567517873363,-0.136187179302616,0.00593862204070988,-0.025614694930701,-6.34431969182003e-08,0.0299952047254157,-0.0241036135051268,0.00813061604290585,0.00401482305797431,-0.133274775808804,-0.0227498663143584,0.00616370310155759,-0.0125003129685951,1.41420214635809e-16,-1.55397764304599e-16,2.40791275017328e-17,-2.87094427600698e-17,1.24080990699189e-17,1.26703609500368e-16
"Stress.Tolerance.Specific.pH.stress.consumption.of.excessive.cytoplasmic.protons.decarboxylase.and.antiporter.systems",-0.0974972307321642,0.0239283278634284,0.0480591333506413,0.0979570795872859,0.168518799907609,0.0128825567354482,-0.0752656999619958,-0.150986640994336,-0.0682204749307035,0.175396371994947,-0.0713256692894473,0.1355659121772,0.15496922411721,0.0321456370223276,0.189645761232101,0.139535710191205,0.0726015787535102,0.239931613066646,-0.0365713617516668,0.124928340993829,-0.25310257092261,0.180043122701051,0.0850736976686783,-0.102989965139584,-0.0929012368204702,0.221184478685857,0.215677294246831,0.127698563884944,-0.0331323623911575,0.256161037973365,0.202704540892238,-0.0993835486262795,-0.117162818229355,-0.107798416196402,0.0930560155683679,-0.097610910243154,-0.174678936559219,0.301566102080694,0.0179347784980882,-0.223062983168158,-0.121371577052297,0.114845684142289,0.0304445795614814,0.0599391781640993,-0.131144432500216,-0.106461879785514,-0.0930457950840861,0.0652341808680551,-0.0217585427220938,-0.00399079845046357,0.0597898410792624,0.0634489627928017,-0.032088443740793,0.0027685134084651,-0.0309096646579537,-0.00171844788789263,-0.0455458995779878,0.0427192240189291,-0.0202198572207668,0.142421694128044,0.0586557148301826,-0.0239299617333061,-0.103563634025712,0.0310205246820262,-0.0591908813673043,0.0576363165028819,0.0489857489407158,0.0254120156929166,0.0131343431878686,0.00908054857608636,6.38272476331828e-18,-3.56497814947106e-17,1.2390804561253e-16,-5.08280040655827e-17,-5.6739322860656e-17,4.07025840565936e-18
"Stress.Tolerance.Specific.oxidative.stress.scavenging.of.reactive.oxygen.species.ROS.scavenging.enzymes",-0.0905187491157294,-0.0662631350212871,-0.0195213791792609,0.0673250336806445,-0.121196489162624,0.0375455221083113,0.232604223437856,-0.236274841130281,0.313138776835164,0.21637014936014,0.0861630157346511,0.097542276931841,-0.0644767145814826,0.0101690691718248,0.205092537936617,-0.00891579499987036,-0.00448383428685456,-0.167146752001991,0.0977722903504155,-0.0248626759832683,0.0842592726628064,-0.0159657512789421,0.114030316188748,-0.136807575475565,-0.116808119726817,-0.114254827923463,0.0225135745606158,-0.0266048365783606,0.153656468147219,0.117979837876743,0.115912522033254,0.0262326343955378,0.0455613817869294,-0.0596684666456291,0.0287450794086492,0.0741497897194032,-0.0458443819986303,0.0299545825953168,-0.0995663461229922,-0.0127151724749467,-0.0031000529219004,-0.0384628432612601,0.063943493044559,0.0200096657252079,0.115032651784478,-0.0822219814999331,0.010477416493707,0.0564970557274528,-0.0495130402698244,-0.0563459806751763,0.00172774855893274,0.0633078114646003,-0.00546030029566671,-0.125945198587406,0.0541814226474543,-0.152492499695209,0.0121790090437794,-0.100704214728157,0.0888588024029184,-0.206387872405404,-0.285382944279197,0.28596786430058,0.0280271254935107,-0.343141388141976,0.0157103490378769,0.0108532043682057,0.176179737605533,0.105055761679785,0.00842490310095551,-0.0202840262962393,-1.64154484662325e-16,1.52620624207649e-16,1.82915314594606e-17,-1.53459420441466e-17,-4.17976582097404e-17,-6.03806232686403e-17
"Stress.Tolerance.Specific.oxidative.stress.redox.sensing.redox.sensing.two.component.systems",-0.141647290200985,-0.0392075098763736,-0.11720733346623,-0.153397384691729,-0.222916255670213,-0.248417186121543,0.010502931742868,-0.0206357478393708,-0.150954876280712,-0.0961064643842261,0.121522750921547,0.0522335845164621,0.00824502986902199,0.0346826428799445,0.19965455760096,0.0384499548617943,-0.0211454396513978,0.0772986716137405,0.0364182891733296,0.0460798654737924,-0.0917972642038339,0.0481249051003885,-0.00215499436562074,-0.046414079810645,0.0777229319019992,-0.0507667246490298,-0.10809168696938,-0.0673123963505866,-0.0435845770621338,-0.0306084072875931,-0.0178281027910353,0.0352475232330178,-0.00815543351998463,0.00510010776606376,0.0197854297962614,0.0299353585788496,-0.00804024773919402,0.0205727101917529,0.00498899182009915,-0.0377554489868329,-0.0186463469569187,0.0527174799054752,0.00233529514049383,-0.0176146079352444,0.00933387568378938,-0.0130719187407828,0.0307784005768337,0.0147911774881035,-0.00532699607237858,-0.0188103588405847,-0.0533174044480852,-0.0191526773022573,0.0402681424618593,0.010604982543318,-0.00158743413612704,-0.0381987582113918,-0.0133437798169576,-0.0182456043211189,0.00275034553906442,-0.00711450108689225,0.018696972562544,0.0368219550580797,-0.00506816145537323,0.0103324763964377,-0.00136001111397559,0.0110122706415875,-0.0173735451470262,-0.0237336116471665,-0.00424147078078786,-0.00223104600861246,-0.222556367397827,-0.331412907856065,0.0853990513698366,-0.000100945221397972,-0.00279398262926857,0.707106781186548
"Stress.Tolerance.Specific.oxygen.limitation.redox.sensing.redox.sensing.two.component.systems",-0.141647290200985,-0.0392075098763736,-0.11720733346623,-0.153397384691729,-0.222916255670213,-0.248417186121543,0.010502931742868,-0.0206357478393708,-0.150954876280712,-0.0961064643842261,0.121522750921547,0.0522335845164621,0.00824502986902199,0.0346826428799445,0.19965455760096,0.0384499548617943,-0.0211454396513978,0.0772986716137405,0.0364182891733296,0.0460798654737924,-0.0917972642038339,0.0481249051003885,-0.00215499436562074,-0.046414079810645,0.0777229319019992,-0.0507667246490298,-0.10809168696938,-0.0673123963505866,-0.0435845770621338,-0.0306084072875931,-0.0178281027910353,0.0352475232330178,-0.00815543351998463,0.00510010776606376,0.0197854297962614,0.0299353585788496,-0.00804024773919402,0.0205727101917529,0.00498899182009915,-0.0377554489868329,-0.0186463469569187,0.0527174799054752,0.00233529514049383,-0.0176146079352444,0.00933387568378938,-0.0130719187407828,0.0307784005768337,0.0147911774881035,-0.00532699607237858,-0.0188103588405847,-0.0533174044480852,-0.0191526773022573,0.0402681424618593,0.010604982543318,-0.00158743413612704,-0.0381987582113918,-0.0133437798169576,-0.0182456043211189,0.00275034553906442,-0.00711450108689225,0.018696972562544,0.0368219550580797,-0.00506816145537323,0.0103324763964377,-0.00136001111397559,0.0110122706415875,-0.0173735451470262,-0.0237336116471665,-0.00424147078078786,-0.00223104600861246,-0.222556367397827,-0.331412907856064,0.0853990513698371,-0.00010094522139811,-0.00279398262926796,-0.707106781186548
"Stress.Tolerance.Specific.oxygen.limitation.oxygen.sensing.oxygen.sensing.two.component.systems",-0.0399346316365428,0.114120617584618,0.0145649291008849,-0.0947168109942789,0.155855658033702,0.162599453621427,0.111675718334318,0.000782810493275237,0.268127827340686,-0.0916401309812682,0.0397752961516376,-0.168665985952044,0.211788324559414,-0.0396965620728621,0.239207291284171,-0.00771052693520077,0.00247713305266178,0.0230895023788051,0.228964340225115,0.235101861540264,-0.0810956192881633,0.153317118821341,0.267540962596856,0.0716142743717487,0.14748342278567,-0.045460682521327,-0.091098183923078,0.0711519165145927,-0.196385246868652,-0.223228350333059,-0.0581205348350915,-0.0849338892410747,-0.0532673712221703,-0.00779163567841121,0.153333275508565,-0.0748448078731477,0.0993125485031287,0.0893165395030468,0.123606429836229,0.143975146125533,0.219679744810724,-0.034029297284655,-0.08005238387672,-0.261389615828132,0.124991763368949,0.054951347387916,0.0340421095240846,-0.0305995690559915,-0.0113264469595393,-0.0075891627992321,0.203444087912788,0.0108458279254286,-0.136149930449455,0.0345004117536607,0.00320743185737556,0.0531900509623553,-0.157822803937051,-0.0832906017068692,-0.00989472225513111,0.0751258467475754,0.0531205339698213,0.0439187111859958,-0.0408219833840461,-0.021461878176453,0.0838485952723244,-0.0234061062360415,0.0108465324663639,0.0148644145749392,0.012962430169078,-0.0146468055368339,6.59298137635283e-17,4.36485163969563e-17,-3.21954210846525e-17,-8.46960144256539e-17,1.57585831642796e-16,2.77622510627414e-17
"Stress.Tolerance.Specific.envelope.stress.misfolded.protein.secretion.stress.sensing.misfolded.proteins.secretion.stress.two.component.systems",-0.123837649509608,-0.019605893836651,0.0802969406135807,0.164629443358054,0.124385371774581,-0.127761001278672,-0.0488658653064371,0.0086018315761899,-0.161778432914659,0.213965815269397,-0.048295170186452,0.0627587696754856,-0.0795135075860861,0.116418992035094,0.0101284268283107,0.0967723213518097,-0.0613244373203886,-0.11778892577626,-0.0975945022490221,0.0375942836303442,0.0246250925166587,-0.0461617317493886,0.0983876501131715,0.177176817064913,-0.0131077744413778,0.0499110178169948,-0.105312669138615,0.0378534805186213,0.102150260331518,-0.0732195625237448,0.121864551889745,-0.0623346963079887,0.000284325428815156,0.166600606755386,-0.0158510882876934,0.277305757284826,0.221891111923091,0.174948992754108,0.03155684685251,-0.07473461268976,0.130110411810265,0.0291287508729664,-0.0193602142168116,-0.00944367174281917,0.391073927364019,0.207028584041673,0.0780924788507685,0.191487621875353,0.00127385311538104,-0.335000364976824,0.0884293423086591,0.031227844985695,0.0953961269457368,0.0116864524591761,-0.071878955308035,-0.17048846750421,-0.00900260883920415,-0.033274813519464,-0.161082069482667,0.0653891655136758,0.0994419520086254,-0.13550449293671,0.0972490613889499,-0.00776819191190993,-0.0235872214932552,0.0390717619138591,-0.0256497500707966,0.046836478680821,0.00574844209808781,0.00540031692492743,-1.76486272380462e-16,-1.27004047626625e-16,-8.36864593427984e-18,1.31068144255944e-16,-1.55405542108344e-16,6.49556777387783e-17
"Stress.Tolerance.Specific.envelope.stress.phage.resistance.phage.shock.system",-0.00500563439946967,0.212707501429195,0.0223771585466668,-0.0143248991358743,0.10766328242595,-0.0555221417746488,-0.0639832822907951,-0.0461580704350853,-0.0868043946336931,0.251135982786446,0.0201827233545053,0.135528676560418,-0.049103049177033,0.0164963802305006,0.154795105748899,-0.101410579589527,0.121192501047976,-0.250309878198944,-0.109608981711729,-0.0731330653496156,0.118596142581772,0.287581773709992,-0.186391953616914,0.0449522380654353,0.0845256033932315,0.30788717218559,-0.0486892420642148,0.00121913683178428,0.0481149635951231,-0.286125867679084,-0.124474740317235,0.199255360937831,-0.143462980989941,-0.18042592752752,0.302975517433436,-0.0660360841989587,-0.0218378053470596,-0.0718236577079249,-0.160444399820291,-0.0452805001504636,0.0333166148220641,0.0207784408989759,-0.112510269075184,0.013410747177051,0.149506865924724,0.000216709131262025,-0.0764083461628166,-0.188652088247412,-0.00223525012463451,0.08641620118338,-0.193770029789787,-0.032218033066064,-0.0615256043796997,-0.0269335920475721,-0.0343781311201638,0.0229406132463164,-0.00940513888898259,-0.0108105975435306,0.0086182208865766,-0.0894800717279431,-0.00607664667126624,0.0175557310843979,-0.0918756352460365,0.0101237693574158,0.00144337464044306,0.0174874210110735,-0.0529816282103202,0.0269936681817875,0.026750558878776,0.000946570167729948,2.02085066603399e-17,-1.39380236099783e-17,-1.64905978283241e-17,-1.85384281013444e-17,4.20558868400883e-17,-2.91463820039306e-17
