"trait","PC1","PC2","PC3","PC4","PC5","PC6","PC7","PC8","PC9","PC10","PC11","PC12","PC13","PC14","PC15","PC16","PC17","PC18","PC19","PC20","PC21","PC22","PC23","PC24","PC25","PC26","PC27","PC28","PC29","PC30","PC31","PC32","PC33","PC34","PC35","PC36","PC37","PC38","PC39","PC40","PC41","PC42","PC43","PC44","PC45","PC46","PC47","PC48","PC49","PC50","PC51","PC52","PC53","PC54","PC55","PC56","PC57","PC58","PC59","PC60","PC61","PC62","PC63","PC64","PC65","PC66","PC67","PC68","PC69","PC70","PC71","PC72","PC73","PC74","PC75","PC76"
"Resource.Acquisition.Substrate.uptake.aromatic.acid.transport",-0.132642057390251,-0.106384717580247,0.0289880268679982,-0.00509631371149375,0.0320662255547871,-0.061055949122873,0.00195276647347056,-0.0939984903701721,0.0213849964824221,-0.114174539416076,0.0476494142473324,-0.165560658450249,0.0590311947599435,-0.0459013561810575,0.00174347613080785,0.0457381654882727,-0.152875115088376,0.0584629826554446,-0.0630744698467592,0.165053268083869,-0.142916604801581,-0.094355996925868,0.0567299629301028,0.0410153049488153,-0.176768612366288,-0.318577501333399,0.0556214596575,0.13254254198885,0.411380737190868,-0.194884745302911,-0.0109082647386761,-0.0519836874293455,-0.145207794128034,0.217510825584495,0.0610719105178712,0.0144682624472913,-0.101737386861322,-0.18678206461685,-0.305932906860622,-0.0973088026468861,0.25235946213271,0.0313604742891389,0.199016795593034,-0.173136966014465,-0.0354658661662041,-0.0237962177477263,-0.0994898671180598,-0.00884990342412263,0.0575220415523307,0.0668117245942709,0.0201740645131968,0.128083699699455,-0.15247353331257,-0.0977439834860609,-0.0239810115065393,-0.0102196419776611,-0.0527698741512709,0.00403559217802958,0.0316012421693225,0.0468430317561915,0.0391335310970378,-0.0431639801528603,-0.0707342667026507,-0.0629904138819179,0.0742772162781032,0.0277548210056699,-0.0117423963986766,-0.00793838808978515,0.0167496145295615,-0.0143545930130368,-1.08980020744808e-16,0,0,0,0,0
"Resource.Acquisition.Substrate.uptake.biopolymer.transport",-0.101007456655269,0.146728621926379,0.232626937200386,0.12958523381073,0.0933838520818411,0.0862690305218405,-0.107256229794299,0.0171215319695096,-0.194679654803543,-0.0442222318587454,0.0190088342832634,-0.0833084984691306,-0.0693307890306275,0.0841863621616215,0.0694410722827171,-0.0118718620153946,-0.0132501070828406,0.0286268473920347,-0.0372634024677914,-0.0823940809065288,-0.065453651239316,-0.0559103882126397,-0.0944023733255096,-0.0137558496417706,0.0564270107502123,0.0857448934668776,-0.0463282238463047,-0.0376402575165312,-0.0401583392951457,-0.058128128122167,0.0261228823213583,0.086499358500174,0.0118157111897238,0.0991168377358499,-0.142520835819598,-0.0142767209485031,0.0650984199931273,-0.0365228815029687,0.0162826906359694,0.00945906569746425,-0.0907512462629657,-0.0574352073662422,0.0343430026207122,-0.078356618527034,0.077588748483894,-0.0119993487467202,0.0492449544688831,0.122416010128717,-0.0350787463576595,0.0134471948552656,-0.0348446660676533,0.101451372691815,0.142496460800362,-0.0235970172546032,0.0286731936672245,-0.0204855818106045,0.0163546235193977,0.0591990334937934,0.152940791564856,0.0547178097131582,-0.0562568472606465,-0.00193495805890622,0.127062032046092,-0.30883682021527,0.645763254714535,0.0414385814160871,0.252500099096153,-0.00666987350264989,0.1053339865072,0.0108135320753689,-2.03561925392923e-16,-1.53008350778123e-17,-1.56671687889499e-16,-5.528140929033e-18,-4.76679399098141e-17,-9.28166256593696e-19
"Resource.Acquisition.Substrate.uptake.carbohydrate.transport.amino.sugar.transport",-0.135871724666304,-0.163281616574182,-0.134856306492634,0.0516688838954771,-0.107075870890735,-0.0563441640952487,0.0284018607500795,0.00889175322308408,-0.0110474527657446,0.11868727856826,-0.00608128308502712,0.0827358504052194,-0.0666316323092759,0.0155184951753387,-0.0642562204978314,-0.0898245161286803,0.00729930609545743,0.0735902157551138,-0.0363197596718728,-0.075595398376655,0.0237429717241214,0.0620255524083239,-0.109302734171215,0.0640692178520135,-0.00563284879935479,0.00853289751489068,-0.115798886977176,0.0323517707118467,0.018891212295159,-0.00843669356052794,0.0382692170695856,-0.0466240018579962,-0.00374556917443564,-0.0303716107701125,-0.10757157547485,0.0178345623710888,-0.00903603921110191,0.1172052488398,0.1124624767893,-0.0379049656377515,-0.0703399176436861,0.00889073041319974,0.0157677979066979,0.11699256733619,0.191759603598014,0.0545680259941472,-0.0340389718646792,-0.0626048574345236,0.418224695699846,0.153105352383466,-0.279329585307243,0.0160542926701686,-0.318071680572834,-0.23578910856895,-0.00729327758414022,0.183300820293055,0.282794731792313,0.238336409532691,-0.00527499671700884,0.0380655491034755,0.069020894399382,-0.0745494181448533,-0.23414924150515,0.039409565036663,0.184196327907637,0.0629071119408985,-0.0255312611224105,0.0181135545259818,-0.102051677022204,0.055917999038792,-1.23959461560124e-16,5.12338814746119e-17,1.31913148027266e-16,3.23504042068583e-16,-1.64378429082357e-16,4.19663984579581e-17
"Resource.Acquisition.Substrate.uptake.carbohydrate.transport.carbohydrate.acid.transport",-0.147574862278109,-0.128675619482542,-0.0822880474642132,0.155186025954075,-0.0084869521463828,-0.01398464630387,0.0913417530742678,-0.00539177941553287,-0.00355087143358774,0.11109939002128,-0.0418336425354986,0.00725885103712759,0.0180861032377859,0.00350144420534702,-0.0311686464448529,0.10080944600065,0.00960463891294933,-0.0286476635636759,0.0812116486217805,-0.0252930071627235,0.000853876698920508,-0.0697065804898131,-0.00120832189591473,0.0436551663816603,-0.0961671285923595,-0.142407468529367,0.0183224543885069,-0.031483338141414,0.0779150549545012,0.0523971558264485,-0.0061302323809313,-0.0651004804771689,0.0725144441069018,-0.0508382424659885,0.170451378134786,-0.117349282122675,-0.0993355436819007,0.0415833254766884,0.125017548572538,-0.0196675184763783,0.0804839574930806,-0.00939536135961113,0.0803437842011496,0.0369607018836443,0.0687118964264353,-0.00875977564662028,-0.13651527592631,0.106500876882749,-0.0587466300555617,-0.070435196778685,-0.426618934453759,0.088474304286775,0.323731916548115,0.406867374314604,0.0358766737849181,0.0567347141759437,0.125094983280224,-0.0680450440668242,0.223566128904088,-0.240667925646943,0.230480689196079,-0.000433338326021382,0.0107264251796053,0.0240451467402634,0.088092996693732,-0.144877131906933,-0.142245446369378,-0.0361504443764981,0.0448895289776117,-0.053265526744727,-3.06323264790846e-17,4.49317255663563e-17,2.24030515311789e-16,3.45385147169625e-17,2.48925635991511e-16,-1.24887914312066e-17
"Resource.Acquisition.Substrate.uptake.carbohydrate.transport.carbohydrate.derivative.transport.glycoside.transport",-0.135336032708727,-0.180538867771747,-0.078414383136024,0.144818996639768,-0.112793198985637,-0.0452074005911346,0.077394291417151,-0.022494765678948,0.0222242218221543,0.00824672877667568,-0.0539683376758506,-0.0461957897809774,-0.0683696622929737,0.0754497916584175,-0.125726586091897,0.00489817607336999,0.0154199949795163,-0.0911236813387549,0.112742325153738,-0.109274268031605,0.00798620404876903,0.0477238353586634,-0.0444483240441684,0.063923910981192,-0.00168825120974408,0.0130938237745659,-0.0308558526240309,0.0533398831491449,0.0183474967567494,-0.00182446165594899,-0.0308473361686988,-0.00385011719226027,-0.0316751584868289,-0.0121153155025456,0.0276931781258112,-0.085446939467101,-0.0505085727064531,0.00956782406945269,0.0376788845320776,-0.0594410465658609,0.130331502913517,-0.00093954203496399,-0.0379881225323307,-0.0161855201428507,0.0764272488618182,0.0408971971391864,0.0922722974823991,-0.121396297595627,-0.0593801776308962,0.00181521395383639,-0.343112727758122,0.120240756642148,0.000674847859366112,-0.176888796762586,-0.159348773429291,0.00423509063614846,-0.121189470609508,-0.0517584912146225,-0.0489736061115651,0.255568608843453,-0.273267973716535,0.150029378908918,0.514436578827369,-0.101943618577318,-0.207898057142621,0.0244288150190832,0.21976653531753,0.0314510329076121,-0.0124681816476715,-0.113046768368375,2.79660430041545e-16,-3.02157918342897e-16,2.53055276689926e-16,2.48360321934543e-16,-1.67666179597238e-16,5.01719693006507e-17
"Resource.Acquisition.Substrate.uptake.carbohydrate.transport.carbohydrate.phosphate.transport",-0.118917490926629,-0.137612772447408,-0.00590675541265773,0.208338590992438,-0.0339369573145462,0.0380595047731271,0.0829773125219939,0.0212739559151975,0.166892416685463,-0.0294979526485694,-0.116329375064847,-0.0262198024357257,0.00998897022278776,-0.0640947541438155,-0.00439296594111151,-0.106511686492739,0.0523117850726898,-0.0720929346241668,0.0232985303839643,-0.129809650517942,-0.0151235678817102,0.0918444187906648,0.0268343339259433,0.104498235847448,-0.0144019249898675,0.0742185255225236,-0.0248173517812573,0.045561124636469,0.0328313252310541,-0.109568393970423,-0.201665740223962,-0.166507276481391,0.130833640090592,0.179110726812985,-0.0575740185363657,-0.0861618695267735,-0.115019291305829,0.159582014873964,0.094152905532807,-0.0230339765510454,-0.217612099939734,0.389380044736949,0.242157555137865,-0.0145705882884815,0.162472199949187,0.17060402708549,-0.163924319568134,0.180712274042455,0.0532547260013555,-0.140350681423012,0.327748253670957,0.0490104976702978,0.166288439791965,-0.106312170474064,0.1163201388443,0.00716711866757698,-0.123567947755714,-0.096834087362951,-0.0567245576255413,0.0526944937949835,0.0228614621656269,-0.00716508059953108,0.0135814057448349,-0.00755011440670195,-0.00749987334012667,0.0291022013557162,-0.0275030462555886,-0.0768319785899474,-0.0895227077766325,0.0818849136854131,1.25016098563311e-16,3.00351880791832e-16,-1.21974946925244e-16,-1.50724239156117e-16,2.05433602670078e-16,-6.09929250028988e-17
"Resource.Acquisition.Substrate.uptake.carbohydrate.transport.monosaccharide.transport",-0.170412582318102,0.0142512134431619,-0.0527353998004295,0.0111879414327319,0.0170444639454688,0.118580542882504,-0.0304433496250283,0.0218355624986211,-0.129554423111585,0.0932516372678144,-0.153344075622438,0.045532480779165,-0.050556947437309,-0.00641193920622531,0.0125147010233988,0.131772601112145,0.111969040523868,-0.0443252360738485,-0.0104941555166921,0.164108953008991,-0.00996741143857967,-0.00972108914125307,0.0164668889343567,0.0678226219868255,0.0807695033096227,0.0502412992342999,-0.0139281020225285,0.0610084609413203,-0.00140429983229642,0.0129545705090903,0.0127096695914836,0.0989752413033743,-0.0551367803411593,-0.0951906287951453,-0.0310076780151593,-0.000923916387654529,-0.00940250771448047,-0.0526199022034678,-0.000169482026910681,0.0285252622957409,0.0400474050188436,0.173866576061537,0.0342057365875823,0.0893774889739854,0.0323551573539058,0.00239820059458373,0.0283595669591679,0.00469433395682568,-0.0596444152998465,-0.0407440014487554,-0.124083262282944,-0.00964401503599198,-0.0244316569719492,0.15325108020249,-0.0586999527384442,-0.302808127545693,-0.252721768849841,0.0364917027874506,-0.142979205202285,0.539814624937913,0.224393155343168,0.0374610370926507,-0.297782361065365,0.121658383292509,0.0808565962968606,-0.215745572111741,0.0864333063232193,0.129900193570201,-0.0392163103495817,0.0208661752454259,-4.63964198829308e-16,1.78881913409793e-16,4.64278303694399e-17,1.24420598768523e-16,-6.11901619409216e-17,3.64550901254275e-17
"Resource.Acquisition.Substrate.uptake.carbohydrate.transport.oligosaccharide.transport",-0.130039114186396,-0.134044853114424,-0.0646381765018301,0.0970066618823604,-0.0399534840404451,-0.0345242446567277,0.0714354773664455,-0.048812838434861,-0.00045682311766794,-0.0783833231790242,-0.0554629420268542,-0.104218374501627,-0.0140765307322113,-0.0945440196559931,-0.100851405236108,-0.0601107377431285,-0.0671743135786593,-0.040035068051988,0.017347699653978,0.0311876857261872,-0.0684567692780332,0.00474552239595828,-0.103404563934019,0.0145653053497,-0.157360965663391,0.189530094620392,-0.169928603760758,0.157095098979439,-0.21389382294269,-0.0205933822745311,-0.435248822542085,0.0988328833436646,0.0390589043703527,-0.0206536730974583,0.16681954596151,0.290517507206004,0.174176443111905,-0.0461898802930883,-0.229642802475726,-0.044098114852626,-0.114413912043903,-0.214728185799432,-0.130507964708055,-0.0179979232362942,0.0688426526295849,-0.248356499610073,-0.287947596969659,0.12770973672581,-0.178418117892654,-0.005296403031945,-0.0371356738021508,-0.0909797616104766,-0.0315346375739523,-0.0380304211672224,0.0185943437464163,-0.03349152572511,0.0161495039914038,0.0720895136588886,-0.0546087723841616,-0.0267356024086135,0.0417619614578645,-0.0166895016758927,-0.0617525446335937,0.0322234194709039,0.00779435534773082,-0.00122862150867495,0.0483574804355138,-0.0215666477414097,0.0376334341088084,-0.0797700231212482,8.02487142271399e-17,-8.42195088816063e-17,-9.28993120783188e-17,7.32007892313611e-17,-1.57622165471069e-16,8.35243292422657e-18
"Resource.Acquisition.Substrate.uptake.carbohydrate.transport.oligosaccharide.transport.disaccharide.transport",-0.154541776402436,-0.0782488528593972,-0.116571991138185,-0.0609212107306899,-0.0164661543807587,0.044230289834867,0.0795495579060704,-0.0591266125305599,-0.170810430033604,-0.0837862231691395,-0.000659213969529615,-0.0378147936417993,0.0438412774786421,0.0190178445923458,0.0517408491340383,-0.0156087419158566,0.185214915324576,-0.0971255881553144,0.0436368261638522,0.149771719698846,0.0734542881126364,0.0302100520091904,0.0292005188611417,0.0222813784956566,-0.020945715343589,0.128075571882589,-0.0121071444023511,0.0631603442572759,0.0157451611957299,-0.0101206825339963,-0.038048326616389,-0.0153646266236261,-0.0985950281072343,-0.0489894974961833,-0.0082335169966015,0.0625262911117907,-0.0148729197202309,-0.0409237808288911,-0.0323456788423345,0.0351341115325295,-0.21755906765033,-0.0132676011232291,-0.0745025756917274,-0.00318881056360538,-0.0726848843793328,-0.046515842088617,-0.0311122528366949,-0.325964170936251,0.219154174826145,0.193548277622191,0.196773258615626,0.112182280333083,-0.0506912952641655,0.130206331276209,0.0970771270650613,0.146921422770109,-0.134946389852419,-0.171970144388031,0.51022272767579,0.0738633319944527,-0.122063554987297,-0.0159539044757659,0.100501948866293,0.104911337975234,0.0430490169514636,-0.230019215083327,-0.040392323452487,-0.130608125202527,-0.0206505213258465,-0.00475461490199651,-3.40388809648326e-17,-2.06113072846246e-16,-8.66322830682002e-17,-1.86649307175646e-16,-1.03271770141068e-16,7.80753890605238e-18
"Resource.Acquisition.Substrate.uptake.carbohydrate.transport.oligosaccharide.transport.tetrasaccharide.transport",-0.0501185662679469,-0.04377344172569,-0.241606447770329,-0.21232301692023,-0.0285585364632655,-0.100812460955948,0.0297668851118899,-0.0273535390478515,-0.314933509656423,0.0389689569604955,0.00931497088936731,-0.372510589741482,-0.0216336742542746,-0.129494565839013,0.007246716567053,-0.0375752088901839,0.052096524721064,0.0241439939219546,-0.0315018439618867,-0.0486647549801637,0.0174383107045804,0.110169966063493,0.00335563795929845,-0.141639091439928,0.136700211203024,-0.0734324361355481,0.0660375932842688,-0.102009282876188,-0.0283465402516439,-0.112596732182042,0.0332607086479246,-0.0675203486622965,0.0980843382187752,0.0471385067031012,-0.10510778938453,-0.083942744580354,0.0546240438032217,0.115811771526955,0.0255636950340837,-0.00979081151852117,-0.0243582436028393,0.0274507513676536,0.0369596008918146,-0.0402330999545053,0.0040661194066996,0.038616818171221,-0.00922958519799807,0.0410364312460303,0.0103220524825461,-0.0815680998951821,0.0560744909152314,-0.0475660857449034,0.0375911598575806,-0.0356184427070174,0.0380455532528719,0.0305525205684469,0.0305116000727109,0.027634881955102,-0.0798716397253014,0.0153633887522236,0.0335326981730592,-0.0262854095950843,-0.0446804430528179,0.0329027915013458,0.00256226343437438,-0.0248690225763539,-0.00647373893769053,0.0432198141101848,0.17907935505575,-0.635890323898277,-2.3925350030637e-16,-1.41943283829186e-16,1.59766846061607e-16,-4.49763153379746e-17,5.07965311652008e-17,-1.04481786983991e-17
"Resource.Acquisition.Substrate.uptake.carbohydrate.transport.oligosaccharide.transport.trisaccharide.transport",-0.0779709498882777,-0.0809911559994423,-0.233670397144666,-0.156165012782738,-0.0525357940797541,-0.075404644899318,0.0481354790835298,-0.0244590704008729,-0.289863248021802,-0.0063270078000468,0.0129532922471652,-0.423677793970978,-0.0689668110541417,-0.0824615253380298,-0.0329230465395603,0.0326004534713396,0.0342605873852881,-0.00743517521981021,0.0250152263321424,-0.0288230300654103,0.00787282829950622,0.100382407822131,-0.00739169218404854,-0.125642102604619,0.0458242780478249,-0.0985881430200774,0.047256237608826,-0.126274206472179,-0.0781774987098623,-0.060249757132336,0.00149505751582927,-0.0198799574617568,0.0487284328919822,-0.00245809809734954,-0.023691674541737,-0.0601562335353614,0.0551372797065179,0.075983109370725,0.0111458080558889,-0.0345658440279133,0.0428482258676727,-0.0498654341164634,-0.00903174446727988,-0.0309617171462271,-0.0229801221057565,-0.0347478189801543,0.00329279540747605,-0.00987744332055755,-0.0984090304936181,-0.0509085168592159,-0.0021112632307085,0.0153087693097487,0.0303437484461336,0.0386805244468345,0.00332908565473536,-0.00551734324960151,0.0225413037605533,0.000582481824420974,-0.0584019584240896,-0.0289653170064638,0.0236489564204032,-0.0163672167143404,0.0212930315821191,-0.0520865922501175,-0.0324443159736516,0.0509783743587899,0.0702420740112471,-0.00227387543316655,-0.153750723098908,0.686235770279217,2.87322457557293e-16,3.83764009176015e-16,-1.24498958684572e-16,4.97429795241483e-17,-1.92665832405362e-17,-9.58061586034458e-18
"Resource.Acquisition.Substrate.uptake.carbohydrate.transport.polysaccharide.transport",-0.113688325680526,-0.0434611736694123,-0.153356665579292,-0.175493499958521,0.0189396883160472,-0.135043526721113,-0.0498443323237973,-0.126362222914069,0.00566464974982415,-0.17198972962389,-0.00260976958509476,0.0729278921766642,-0.0678778039263324,0.00274508469887207,0.0488938875500772,0.00105185348239212,-0.0604407141043404,-0.0371241602840007,0.108788783134473,0.166289752493787,-0.0273566624885869,-0.0392582313320633,0.0775739490389691,-0.0749173563910475,-0.0707256388966246,0.285391327436804,0.135557041841206,0.102535864241998,-0.0502564242499558,-0.00689848091611907,-0.0332065936283376,0.0874899594674705,0.0898336980907901,-0.141922298521726,-0.114097489010916,0.333869597237402,-0.130915249994988,-0.058519675423176,-0.0472190151288278,-0.100708934663934,0.0849230381305467,0.253372450462524,0.21989998060886,0.216443578221554,-0.167790766237316,0.156440591354114,0.306744323827188,0.194170770382916,-0.138367024446364,-0.0512149626654318,-0.0469137417032296,0.122569822663117,0.0428229860901638,-0.0417980797126742,-0.124439653978681,0.181116594461551,0.144702569912033,0.0641781850881089,0.0598969965850133,-0.0731956492373297,0.0150566627827952,0.00215215401050338,0.0371476866675213,-0.000500903196654259,0.0529529895867791,0.0155805744323221,-0.00477704435184265,-0.000236244855870059,0.0226428067535744,0.00640690340537986,-7.97383650840775e-17,2.71597687687412e-17,4.97179119834281e-18,-7.57727071788839e-18,-1.83783686027243e-17,3.99224296160234e-17
"Resource.Acquisition.Substrate.uptake.carbohydrate.transport.sugar.alcohol.transport",-0.147482678218782,-0.0986362591656617,-0.0102650836994759,0.0112450638287342,0.0117369442354134,0.140224530141942,-0.00241110268029045,0.0726405551763672,-0.0343887857614062,0.0616703415569803,-0.204610027841533,-0.0496715367845048,-0.0372027635271574,-0.0731513418567009,0.102188587497158,0.109427529167183,0.268028517205089,0.0179284891824925,-0.0243972563532536,0.242669231466429,0.00439907282964895,0.101141286347677,0.00155024740014199,0.132683884010425,0.141927662484742,0.0711299769210501,-0.0668774649098708,0.0171316228833961,0.0364074952665813,0.098048486204813,0.0323087956467233,0.0252146411343445,-0.0652190871321215,0.0915675669936921,-0.0659929835099853,0.0498698236156392,0.0519319180745686,-0.122365037487645,0.000957100624779994,-0.0414106447042431,-0.0506949167193468,0.0904176765295031,0.0105871361502442,-0.145820463552084,0.0319364501256092,0.0726173925838652,0.085134812211128,0.16123507204123,0.0910300986092274,-0.0519165916345151,-0.103734747028436,-0.199334275198086,-0.267593164151753,0.0368834369525337,-0.127752629202241,-0.306434791163665,-0.119185644068994,-0.00352807810383647,0.0124526586689552,-0.490269969953653,-0.0862531536866807,-0.0603976344497076,0.154484606266702,-0.0270616866954671,-0.00215488393244016,0.108528127815446,-0.05159256430532,0.0389233527658228,-0.0267768062188215,-0.0188462197971587,2.12617661601536e-17,-1.69968594783022e-16,3.5919590566117e-17,-1.04919028367564e-16,1.55962135982268e-16,-3.53071114166797e-17
"Resource.Acquisition.Substrate.uptake.carboxylate.transport.dicarboxylate.transport",-0.170626312025256,-0.0107114715657803,0.0765162925726677,-0.0358339237841211,0.0133706151791904,-0.0589080827818555,0.0270312877096549,0.0587290774427718,0.0170402341841631,0.12977342376136,-0.0727714685875828,-0.0404772360761811,0.0813864997480728,0.123086867706477,-0.00466153085035468,0.105930848554988,-0.152579076028925,-0.0101374105014194,-0.201603141633006,-0.026643337893781,0.0141919876514471,0.0297451108153717,0.113787117309103,-0.0410620655956563,0.134972005130024,-0.0911807767987467,0.0366945131783584,0.0732024160158572,-0.185504660458164,0.0252969870804482,0.0160577713883973,-0.0757105678329788,0.0335428106499258,0.0307253659055622,0.0426197528290165,0.123611243069018,0.032311417276104,0.0793151525158334,-0.0509438834910588,-0.015105762245675,0.0425806500629652,-0.110345052322038,0.0344750001949945,-0.0200882595797403,0.000458309252099953,0.0662735129182303,0.012895275091638,0.0591159926282322,-0.0457462133157239,0.0282771157131444,0.00648337845620555,0.0706533475296143,0.0147664457147603,-0.0703801738787611,0.0914663362612315,0.022178255149573,-0.101979531584957,-0.0543495571258952,0.0849539173690988,0.0436268291706088,-0.148040784789853,0.401041096658391,0.0698069748919206,0.365363231360582,0.22942893079335,0.215935406175462,-0.368673353014396,0.283040344343758,-0.0993486402429081,0.0178160984071002,-2.69566471404555e-16,-4.49602833559617e-17,-1.34301847591951e-16,-1.20393849760627e-16,1.94629709257592e-17,-1.2654148278128e-17
"Resource.Acquisition.Substrate.uptake.carboxylate.transport.monocarboxylate.transport",-0.133225737897977,-0.0615298041687972,-0.0535222716594663,0.00387644330247215,-0.0506886152124313,-0.00667872497106571,-0.0442349766746788,0.14204220327742,0.13804289817409,0.0814892078705239,-0.0569190010986177,-0.17430765570156,0.114359362884443,0.123003228985471,-0.0459944233386824,0.0351233858647289,-0.145907069327244,0.0324728309037753,-0.27992514718615,-0.189048199719834,-0.00101882490103107,-0.0124566773005685,0.282877839672224,0.0104947214041894,0.043058375463206,-0.0869136994050745,0.0302708087175158,0.00783217488793403,-0.0507509706389503,0.30211185204996,0.115252051741966,0.187964967132312,0.0462578197482259,-0.169131967562929,-0.0252355622203588,-0.0944154098094296,-0.0517477742714099,-0.0341222153261877,-0.259279613504419,0.0693988196026975,-0.18267574721898,0.13719018123158,0.226688036320697,0.258374776078573,0.096567900741127,-0.164010570496737,-0.055921267514265,-0.184248576392772,-0.144992342714557,0.0717328841526444,0.0642256964282826,-0.109169828982987,-0.0881824815562496,0.0161014038118999,-0.111640052058829,0.0190166813239695,-0.00710746548540427,0.0204148516376298,0.0105270747433583,-0.0752146000558636,0.0435253575166248,-0.157611909414608,0.0974303509180116,-0.0910421149458048,0.0402343083029896,-0.0331850041057084,0.0849434221815086,-0.0752132829590714,0.0121558110061824,-0.0317339188660324,1.94969446802506e-16,-9.24531171248497e-17,1.144233093007e-16,7.18953253679148e-18,-4.10430687526013e-17,3.04871111394483e-17
"Resource.Acquisition.Substrate.uptake.carboxylate.transport.tricarboxylate.transport",-0.133075527694347,-0.0824727848074271,0.109942962963883,-0.0633469467139057,-0.0461130338640636,-0.00513509628188116,-0.0883455467941086,-0.060975525815392,-0.0486468486264024,0.00620126747642849,-0.139151790801396,0.134874971847494,0.0975950800959398,-0.0391264829040257,0.0572464679612191,-0.0686182940376247,-0.177918162367153,0.029796856035429,-0.222420561157741,-0.0182028657363446,-0.00306237355139299,-0.0410953058205649,0.137241559799739,-0.083435920142969,0.103385071903986,0.0744225965016292,0.160319831539042,-0.0588272820472141,0.161302650889458,-0.237418990965967,-0.0541721442263974,-0.0281701389264245,0.0270153251472435,-0.239232663474888,-0.346117478720468,0.00173650427647457,0.00319775401973885,-0.175921945931697,0.340518753593118,-0.0463029209743089,-0.0502193581999021,0.044485426082583,-0.135965741765591,-0.128345260909687,-0.197122738500892,-0.115104536774779,-0.345978528999795,0.053627722841647,-0.121253672173565,0.0950839925002715,-0.145486905153908,-0.131398036309777,-0.0144954718588306,-0.0917895128492842,0.0171279033687791,0.058234480881776,-0.0600387793374527,-0.0413798179948706,0.0232408753395304,-0.000914011630975485,0.0684097007091241,0.00526572455166692,0.0715677968750374,-0.0246887090495045,-0.0825452206509643,0.0147078690214961,-0.000840619824278847,-0.0616253712531679,-0.0443017401113964,0.0286768331658973,1.85734223797917e-16,9.52200755467195e-17,2.45940320545536e-16,-1.52815310896197e-17,1.39723483276344e-16,7.50951335125794e-18
"Resource.Acquisition.Substrate.uptake.free.amino.acids.transport",-0.18416226836169,-0.0410589631075765,0.0204185818228047,0.0206053517103193,-0.0810997744656985,-0.0729172162153551,-0.0760376516705804,-0.0233568421799172,-0.0448707121207684,0.0484636842483716,0.00512550562540648,0.0295513701725133,-0.0230940617759484,0.0441236916966982,0.0101300012924917,0.0198108067142332,0.0330411244055847,0.0484873146617373,-0.0144675976434464,-0.0451379540247948,-0.014346483531284,-0.0426311531039194,0.0219942503945024,0.000450473988472949,-0.0567811183341933,-0.00222363649436172,0.0456989125834136,-0.0421803459855153,0.0627390144243018,-0.0337021196595441,0.0349297859725342,0.0322463574733254,0.0132731152756497,-0.0210516790974453,-0.0157744972543639,-0.00768606513937737,0.00949545792129113,0.0199627250705855,-0.0158146624148599,0.0279088861499996,-0.06810921426151,-0.0170206953431761,0.0224270726703422,0.0415913289032556,0.0115522170104705,-0.100050251596015,0.0758687251018943,0.105469990576493,-0.01119482311631,0.0895928408328678,-0.105422987243173,0.0591304816758336,0.120866621124059,0.115901167248553,0.0257578295487598,-0.00424666260658609,-0.0954532775649887,-0.0928891836031941,-0.231904816688383,-0.0644554058057078,-0.694386470646542,0.00410769346216982,-0.416797860948662,-0.0643590561178719,-0.0271049174616342,-0.0642365686589135,-0.0971906764015727,-0.274742353505966,0.0289644894615333,0.0014840278048511,-4.88012336213103e-17,-2.26413506520011e-16,-2.16902856881817e-16,9.18614453509997e-17,-1.68049319605459e-16,1.8198708748533e-17
"Resource.Acquisition.Substrate.uptake.ion.transport.inorganic.ion.transport",-0.125446075932492,-0.0242234472360926,-0.00943328149251168,-0.154831937282767,-0.0827995520230719,-0.146336676464064,0.0412249753502486,-0.095685026133479,0.196530575396958,-0.0490991790146645,0.192160815480624,0.00243557888240425,0.0533882836014963,0.135928577652825,-0.00352052502554867,0.054637107012864,0.150403166537319,0.149588570345142,-0.0539213890515574,0.0498951780620646,-0.135800740914519,-0.0468295283850008,0.106580099139539,-0.00843832973689176,0.0661131046603059,-0.101166197194569,0.116703267378949,-0.190629209836239,0.119084117669137,-0.0505344363959778,-0.0129500001196574,0.176361638629609,0.233894607906564,-0.197911515151352,0.200622529483545,0.172073186348667,-0.0573683595523754,-0.052948812014559,-0.0261060889177414,-0.0132598089928009,-0.285818051314648,-0.173249511392595,-0.180346497344057,-0.0675629610527612,0.0883392146679052,0.260991439653663,-0.00533217956147114,-0.00736487419589963,0.224374387306275,-0.160523998554844,-0.016599171428673,0.0977816767244382,0.137623112693157,-0.143559256801031,0.0249509847787379,-0.215973842222636,-0.103678459108197,0.0675767636073709,-0.0578308802866783,0.00179864078959684,0.114819336236211,0.0682668492242789,0.0482776531642454,-0.0755522481707442,0.0209744206256563,-0.0489940476074835,0.0344049409163766,-0.0783870350311557,0.00472493463321522,0.0133646456725738,-1.50564416088061e-16,9.39446608755695e-17,1.30122485405852e-17,9.68874430557368e-17,-1.37491587482795e-17,-2.64165191142308e-17
"Resource.Acquisition.Substrate.uptake.ion.transport.metal.ion.transport",-0.158632844225051,0.000819575446617311,0.0284945393286306,-0.117753965771326,-0.0404808779825945,-0.0568990765245403,0.0129559761094108,-0.0360451905284254,0.133403244617947,-0.0171940963015711,-0.03711994638605,-0.0188181153935747,0.0310853761646098,0.045714182292703,0.0658106404563041,-0.0182039381423815,0.0831591648579546,0.00700221541467234,0.0481282675442883,0.0102960758038145,-0.0317072907012769,-0.00142664488783545,0.117765147372597,0.0900943946691393,0.0527582905672412,0.00815542355673965,0.100971021641635,-0.115480730602575,0.102060846127046,0.136193438811594,-0.181917244302298,0.0937245068510497,-0.131328130512468,0.066331111485575,0.0461317620109002,0.143894974468617,0.0627834234027059,0.104986754826888,0.351443381687984,0.243742632283981,0.0673016248447785,-0.0134002000496235,0.138181931523865,-0.292400401241139,0.249841968691649,-0.340810617811893,0.256830334876369,-0.103962856842013,-0.159174741569523,-0.0641825196723629,0.0670004698392772,0.137909153311464,-0.19167345868966,0.0306169157521679,0.145881698153334,0.0823563486680239,0.147364384503682,-0.078841461660306,-0.0721491928163886,0.0228881195342712,0.123656785854649,0.114271341447651,-0.028442958380483,-0.0352298868257007,-0.00231914922123824,0.0202148468458903,0.0234215070518947,-0.0514829805210108,0.0521580542456806,-0.0235959319280181,-5.39899566360146e-17,1.75191796174306e-17,-2.80312266212931e-16,1.45053184458475e-17,-9.60473055429596e-18,4.58612860246008e-17
"Resource.Acquisition.Substrate.uptake.lipid.transport",-0.121291274076218,0.10855411854112,0.197108583984286,0.146908355837769,0.0338757390951889,-0.00571503419500316,0.021256781663098,-0.0395022407546343,-0.0491982761325504,-0.0534984311775605,0.105835699052417,-0.0801856932008762,-0.0630441323214041,-0.0213018788388711,0.0724647551492963,0.157070386000435,-0.0869882371173397,0.106507574632998,-0.0528152971798878,-0.0920142383408666,-0.0781763093632589,0.0277907839041499,-0.13935757440653,-0.079724876580116,0.0993468149962429,-0.0866432769801897,-0.0651554777990546,-0.00307314719390227,-0.0977316907583359,-0.0203137648049302,0.00093839723900088,0.0548052273457101,0.0739518943331715,0.0503504565828723,-0.16684225297144,-0.00910825359734557,0.00882633745846316,-0.166652768254521,-0.0802532243775851,-0.0198203009397529,-0.203973948613227,-0.0913029316175339,0.0269893701532826,-0.0375746459966978,0.169361961214901,-0.0832141003777571,0.237101816195822,0.288825593415948,0.168257887364653,0.0066983153214881,-0.0532434062846925,0.0338242590177429,-0.0733224427453772,0.0995619613579611,-0.221340262175709,0.339531995248615,-0.161951849697985,-0.210125508333097,0.0744203453742333,0.0621236631925434,0.19975948283787,0.0133227117309035,-0.056802729220943,0.0731332498698603,-0.340471498671162,0.0159925124364641,0.00523487553121557,-0.0252496778684274,-0.000333485905242237,0.00880702357837881,8.44849352799818e-17,1.46981304734181e-16,-1.50175495171825e-16,1.62618866050539e-16,1.62259220585903e-18,-2.39799733116218e-18
"Resource.Acquisition.Substrate.uptake.lipid.transport.cell.membrane.lipid.transport",-0.0544357018392533,-0.0550349640470622,-0.202555072002959,-0.0941991867482115,-0.0827841655463348,-0.0299603491406015,0.15040093978344,-0.128341965663099,-0.109564701988488,-0.0195048894795659,0.10432966791618,0.0545856125727948,0.292616652631481,0.168597608246138,0.152833350686753,-0.201380887951897,-0.0717754880313294,-0.0195129745135834,0.107620214708956,-0.278765006119822,0.108285292455662,-1.07318929674916e-05,0.0458487928180689,0.287294811926589,0.136136616051843,-0.0767337133607199,-0.207215811880039,0.377706601851232,0.0743607928388138,-0.0224357334928403,0.0879899486961632,0.151762212046569,-0.166640935623539,0.13616730787043,-0.0167543348224215,-0.0553624054366419,0.0553838148237033,-0.147781591448648,0.113556631538906,0.0139470220153581,-0.151115185846714,-0.143225141539679,-0.0143737650162558,-0.00606022423807628,-0.156248007423338,0.0854360745538134,0.138789957991845,0.106530844815504,-0.123131544311433,-0.0496925584226615,0.0178487244909968,-0.0626622187640992,0.105940827562035,-0.0303442868622481,-0.0556072877730852,-0.0774781138131939,0.0171453372069732,-0.0173501702024587,-0.00317627318428643,-0.0122541993988226,0.0742348068088485,-0.00983116916407617,-0.0905370469849399,-0.0309364267211261,-0.00137878365431231,0.0274374779263048,-0.0317387055987822,0.0155402160322801,-0.0134120365238297,0.0254452486642926,-2.86739492772918e-16,4.07877344040585e-17,3.74021983117972e-17,-1.26397733111356e-16,1.7275668651837e-16,-1.67039412177844e-17
"Resource.Acquisition.Substrate.uptake.lipid.transport.lipid.precursor.transport",-0.136778536708231,-0.0115388087456507,-0.032598738784359,0.0431553145798942,0.0519337951400248,0.182025275495443,-0.0577860178465406,0.112649688804864,-0.0384039987451834,0.148527131194459,-0.197083721941572,0.0290934448426387,-0.0004525884877013,0.0337901603935832,0.105863787733875,0.224424676998167,0.299201695459111,-0.00747366428459714,-0.105451270885659,0.184737377308915,0.0576902675150712,0.0269940718338034,-0.0514556054251843,0.182812598412149,0.130066744502157,-0.0525453359979647,-0.0604947787691048,-0.015650756265846,0.0923063106207987,0.082264017556389,0.0769992586530922,-0.0147717853217051,0.0716871421812536,0.0199521290049468,0.0560216004572392,0.0456925656680263,0.0473766432258507,-0.220856279311703,-0.0652115306663141,-0.0280406726356842,0.0281844196893326,-0.150631312239867,0.0219904685370619,0.0091908057363706,-0.0959714079566418,0.00133218043647161,-0.127917109982917,-0.0265693233520983,-0.0785453757681253,-0.104823286002356,0.158409637176306,0.049027943692269,0.282231099402246,-0.209812710469919,-0.00437057526931341,0.353309287444106,0.340303889543892,0.0701906054355394,-0.0989135667421195,0.128506815855836,-0.0370351022995844,-0.00492723962445387,-0.0074191714044204,-0.0408549420651592,-0.123346616927353,0.0498800140085544,0.0195366709348741,-0.0102282446892016,0.0390649473597636,0.0163093652872395,-1.02490499512235e-16,2.71536601622138e-17,-3.71314545107566e-17,1.16719647887934e-16,-2.11106318398802e-17,6.1699654838758e-18
"Resource.Acquisition.Substrate.uptake.N.compound.transport.amide.transport",-0.144180867673636,-0.0219677960826596,0.0592077704409666,-0.0282992617886752,0.0787760400061226,0.00816737494899912,-0.058110609142708,0.0559294762621219,-0.0689651796390518,0.174448934876212,-0.0652884984544118,0.128133662773883,0.121880182291451,0.104473330768458,0.0228766533724886,0.10810438830658,-0.220617364891429,-0.0722818222012881,-0.0538129492763804,0.0355368600610576,0.0930769564726122,-0.0283036163407461,0.0335431774517819,-0.0474285509753679,0.200654451495495,-0.271156843185105,-0.0247054646832383,0.113127990192914,-0.335631618321072,-0.0266821623454564,-0.0831379662349725,-0.24039464316789,0.0813629918010996,0.0621844349608396,0.16501720572451,0.278328169328661,0.0545977965801883,0.181830778753352,0.0859099604419041,-0.0249987309688976,0.118614153592113,0.0182750736031865,0.0485107285324226,-0.0717445663857441,-0.156129528936799,0.093407047688865,0.0758531294307834,0.0309780027510241,0.11730975520879,0.104927278133733,0.0205845429355457,0.0888890984013801,-0.0471209986215208,-0.034240841369134,0.0981774900231617,-0.0857408672868841,-0.0407054063397526,0.00967870961566817,0.0183028080926691,-0.0335058357217471,0.032450688124348,-0.235269539450793,0.00509377457366787,-0.206992494634202,-0.136312157396874,-0.166385447880403,0.207876020733326,-0.152956649025373,0.043055625789834,-0.000975662538744093,3.66248844799735e-17,1.01870735542752e-16,-2.69854230620166e-17,-5.69514639701726e-17,7.55067130602549e-17,5.56913925173626e-18
"Resource.Acquisition.Substrate.uptake.N.compound.transport.ammonium.transport",-0.041815598464503,0.01312894931711,0.00927515671529558,-0.138433588974706,0.0802680821713607,0.0119298554961672,0.122016711951753,0.0451762841344376,0.310814384705041,0.127588126502757,-0.141719389189491,-0.185589985116225,0.328538052325218,0.287822948047771,0.164619434126396,0.125052242849206,0.116934815746388,0.00241090751717676,0.195057427369068,-0.0253137693570074,-0.126439422721862,0.0953008302334665,-0.296213899467557,-0.430715340860286,-0.19540500693339,0.0365964342190813,-0.000302693904205944,0.16724653291968,0.0666366141548713,-0.0728011560380291,0.119058836815158,-0.147094360176297,0.041422878115945,-0.0136445434273935,-0.0471219852702318,0.0260895943810478,0.157510423031603,-0.0866489749262976,0.108247778738978,0.00681134772580745,0.00348507908038335,0.060625345550298,-0.0359113120023031,0.11031781284792,0.062738017411968,-0.0688218755593076,-0.0156382891388156,-0.0123598051108189,-0.0226110616175295,0.00776139712993422,0.00281153316356253,-0.0771227624491825,-0.0226697984005073,0.00825805992388894,-0.0180392819153184,-0.0113590520911043,-0.0290823736569653,0.0328762908406934,0.00838396285226067,0.0372135207599579,-0.0181923935859473,-0.0201529742585183,-0.00865193252399941,-0.0447264761026995,0.0387957718238647,0.00252947510970483,0.0107734825573336,-0.00342218035301415,0.0120443571809293,-0.000208924953333231,7.95858129774468e-17,-9.42199063970456e-19,-5.1983841142142e-17,5.45030312276623e-17,-1.11603145579195e-16,2.9402585228798e-17
"Resource.Acquisition.Substrate.uptake.N.compound.transport.nitrate.transport",-0.0660650848289859,0.0191281911469181,0.224646376480318,-0.144968312467775,0.176485808082796,-0.218121619109372,-0.0505581329113263,-0.161781693746955,-0.107855432460871,-0.0751325338954392,-0.0970166018955374,0.0907178242891354,0.150640035243634,-0.0720667554239932,-0.19009585984207,-0.0212774889093196,0.169492991014471,-0.321734497541296,-0.0656740036568007,-0.0895375130181985,-0.0418240904251981,0.149217853803228,0.00580861690183984,-0.0200592325944121,-0.0942611409509202,-0.0863744218482792,-0.149541975024305,-0.0893287166161078,-0.0229604834364004,0.0939602930553534,0.0506643750468266,0.0322808594449322,-0.0201520611207106,-0.00462572654454242,-0.0132770246200509,0.00108637709948901,0.0216002120779759,-0.0511745824702464,-0.0534847523239756,-0.00906100858022763,0.0680161806499652,0.0125994077389912,-0.0486317728605518,0.0245307444211193,0.00481630728711173,-0.00497969379192446,0.0170659795363525,-0.0060732475851846,-0.00229349688643589,-0.0956871748034641,-0.00253331343266099,0.040403903583833,0.0263918434803698,0.0297038369549588,-0.00796532635572235,0.0441280406570279,0.00438631687023244,-0.0221761490212081,-0.0419190335179243,-0.0369590852821288,0.0545233493072056,-0.0156010556695879,-0.031203768321993,-0.112310308279812,0.0460329507188403,0.0227971508727428,0.00923671961504241,-0.0838941463566794,-0.631298215289906,-0.174286837768266,5.25162316743859e-17,6.82341871555654e-17,2.07102180578056e-16,5.240662224057e-17,4.08636280479708e-17,-3.51013379384974e-18
"Resource.Acquisition.Substrate.uptake.N.compound.transport.nitrite.transport",-0.104331430662565,-0.0418661914240859,0.187901159792376,-0.0908747993360554,0.135719785418801,-0.221685310365599,-0.0407017108837845,-0.16354230366452,-0.0553168545905696,-0.0385203369682725,-0.12472002417355,0.130816872182331,0.173372497582742,-0.126808328097972,-0.134834860772206,-0.114129601445676,0.16041652917336,-0.293210951553759,-0.113927487797666,-0.136820433880525,-0.0825996159408962,0.137572108596731,0.0139213279625889,-2.81275559574495e-05,-0.0604756499620012,-0.0357592297590013,-0.109631503643643,-0.0463404124693238,0.0122502739145455,0.0835295816010185,0.0648683512355966,-0.0129617410579691,0.0179725478587616,0.007469789316572,-0.0544443694937344,-0.0268123668836938,0.0204894640523849,-0.00592377864173308,-0.076597264156462,0.00747725293297014,0.0287783681210203,0.0496101233670844,-0.0342373654296971,0.0215717585382138,0.0278497422947043,0.0135841650123783,0.00551294653075315,-0.000241082029496114,0.0860067741490548,-0.0444194606232452,-0.030245281534432,0.0121935708738466,-0.00924121464202388,-0.0123458105484615,0.0193721896886108,-0.021374599439182,0.00090295692796305,0.0465966370352261,-0.00514011383042391,0.00173003318990321,-0.00130016020458619,-0.011149635239292,0.0141259101146418,0.0854914198020526,-0.060728949635285,-0.0235105373057733,-0.0295770511892472,0.1030678023326,0.660567649345218,0.208650815792134,1.47772560889319e-16,-1.00757045317925e-16,-2.18685351650345e-18,1.20031127744406e-17,3.86155016378322e-17,-1.07544907778002e-18
"Resource.Acquisition.Substrate.uptake.N.compound.transport.nitrogen.transport",-0.113056712604852,-0.0386107578468305,0.235605193564119,-0.0944673008321872,-0.0165668295712251,0.08893268383033,0.0648946557891484,0.0156198719787244,-0.107250965691502,-0.0269452400549066,-0.0505966500525169,-0.0986801332958501,0.0275121401131196,0.0757381349817606,0.0400951328593258,-0.00938701543038853,-0.235836236353668,-0.0718281786931865,0.00950709980865637,0.142942952887247,-0.164958285687637,-0.168186766124832,0.00317855081498739,-0.0432500886295459,0.00950442730403496,0.161742495039983,-0.0894283996847218,0.0278409218730517,-0.0809474874534912,0.0152700096790384,-0.0814961101311249,-0.0584800193458574,-0.00893362156279648,0.159591163549132,-0.214286396535666,-0.104101306046152,-0.104862071185986,0.010333394140654,-0.0548061334049841,0.04027444068719,-0.0991399473335472,0.0315903940226745,-0.108702109109281,-0.137271770826888,0.215543694341021,0.182481217905607,0.084417595629611,-0.35401580776179,-0.0873963776769277,0.100739264901448,-0.0273295303198176,0.124205879092447,0.246289170546739,-0.00354986673606955,-0.165310591088644,-0.193212974582541,0.232009488750945,0.20648195378643,-0.0336449132488423,-0.0913827648204916,0.0335735454036065,-0.0151471357241386,-0.0847602221784498,0.0783748454610168,-0.197153652769526,-0.00124249647896593,-0.107581163141138,-0.0473272334955367,-0.0305098288690171,-0.0110216934919873,-4.06606812985421e-16,2.00272409229231e-16,3.27516019832002e-16,1.61419129755446e-16,-2.03280132786941e-16,4.04268032232322e-17
"Resource.Acquisition.Substrate.uptake.N.compound.transport.urea.transport",-0.118908173503405,-0.0504643969591304,0.146355320186333,-0.0423437748636325,0.116184798553804,-0.136428991316544,-0.0613791489928418,-0.0911012970696416,0.0789755121533027,-0.0888865967060617,-0.114435087036345,-0.127158547913831,0.0159335656822852,-0.25686004129366,-0.00894129051154909,0.125243522502511,0.0267651037152079,0.201676032605679,0.217543728186038,-0.109698083604822,0.17906450633814,-0.182155568363553,-0.0584625920339672,0.109696156044431,0.0300826197034734,0.0616881137645678,0.131503276272699,0.0186431269270519,-0.0327767923268766,0.113706069347592,0.0305035454572284,-0.0223942392691386,0.0177563045552181,0.011520505456706,0.0711298508205486,-0.108028437669302,0.0612825707978981,-0.095658082623338,-0.0574461891732294,-0.108265395818583,-0.0157772947767311,0.064925217901197,-0.00343495675123445,0.0388886953710214,-0.0179247845396432,-0.0939436899340944,0.21397683906725,-0.0162061980617273,0.0611719746722522,0.340148426126983,-0.0901676321975505,-0.251661639968219,0.220383427000116,-0.243363197502315,0.370834770413424,-0.0955107013416944,-0.0102410363427745,-0.0147082392131967,0.00318404841786435,0.0295521081333923,0.103133759532402,-0.0250772539164903,0.0283426069523623,0.0533436983220859,-0.0219755424726314,0.0093598463387958,-0.0285686431220029,-0.0191493668616486,-0.0422321171341716,0.00237029156229976,-8.31252323517445e-17,2.24901291143322e-16,-4.94296167415572e-17,-1.30145921325743e-16,6.57628452321803e-17,-3.36499177341619e-17
"Resource.Acquisition.Substrate.uptake.nucleic.acid.component.transport.nucleobase.transport",-0.15231424562959,-0.165486419798147,-0.0321646276191664,0.0536755341649864,-0.0540972138806509,-0.0707858678468652,0.0442295677188905,-0.0264220271868482,0.0150197963258042,-0.0160897760442711,-0.0726892330421219,0.0237765781978356,0.00154329891031435,0.0490160329744055,0.0153925867332398,0.0106795477211872,-0.1292488163193,0.02622538001657,0.0287139427521646,-0.0129636215812385,-0.0612806562801818,-0.00885382642645299,0.0673389523726705,0.072748090051555,-0.0652613526747548,-0.0255133160853446,0.0962066164274321,-0.055418429810669,0.0473736535394174,0.0764032954296405,0.0933978309860979,-0.0233490930436628,0.0291903885104124,0.042560334441127,-0.0070638016740442,-0.0195923661013736,-0.137852806322188,0.0386834024430028,0.00570765186161155,0.0253899673581589,0.0694539938173921,0.0103423277192222,-0.322969380234552,-0.0449411328551818,-0.0321224532189325,-0.165806342018455,0.0921347251880548,0.303592958172803,0.186340394128092,0.0738790207382306,0.337103773488292,-0.161753823896594,0.0166989876270399,0.373269074318438,-0.0333400403605673,-0.00637110449259509,0.138239455656202,0.414930626800291,0.00620006198641068,0.170661740736428,-0.0918032256888085,0.00347515329979443,0.182058571829188,-0.0125339080392014,-0.0211073079364151,0.0146983625493991,0.0394295006586766,0.0740010611990348,-0.0579177891810257,-0.0222329878311846,9.3526949572078e-18,-2.02600469166039e-17,-9.24394186724841e-17,2.70895041869347e-17,-1.87567587385055e-16,-1.04913343315395e-17
"Resource.Acquisition.Substrate.uptake.nucleic.acid.component.transport.nucleoside.transport",-0.136028968341687,-0.0145329188259505,-0.0475690221749414,0.128358410183264,-0.00846995699054259,0.096882976266498,-0.181072696871898,0.0375786125064542,-0.0270152573515724,0.024452678257129,-0.164030287348308,0.095515707332452,-0.0558582767451063,0.122703007251989,0.0144797070662483,-0.00186439381025261,0.104166582749398,-0.0442359369598387,0.0160089193602145,-0.0835525886417966,-0.2080067583489,-0.0101737697114628,-0.0248510597365566,0.0953201612377614,-0.250811410411994,-0.0216206278719219,0.00383488507568998,0.0265343806091682,0.143122361720424,-0.168483269376027,-0.0284180945703719,-0.0920415108209001,0.23500700892019,-0.128424330596084,-0.148510624527411,-0.136881049374806,-0.0171296828449337,0.377995310899935,-0.150445354490185,-0.0682611943693087,-0.0988583760979809,-0.327569186778662,0.0509751761618899,-0.0690742651115755,-0.240538799464751,0.00869358931980088,0.312020133027546,-0.0906037052292825,-0.170610263388635,0.0127809834848283,0.0483071935461407,-0.0972443544732858,-0.118345846519857,-0.034182927238168,0.0753661917163167,-0.0114057394572835,-0.0516089454301616,-0.020173758910245,-0.019073791981679,-0.0579489349360131,0.146709418217973,-0.0378013761429048,0.00678283706186695,0.0493602629251136,-0.00751187282074142,-0.0241465820044201,-0.0273605234735571,0.00494705673389889,-0.0287470693883822,-0.0185691151740563,3.50631172419763e-17,2.39461633440077e-16,-4.45694285733265e-17,-3.06066073094822e-17,-2.21725438139149e-17,-3.45623343459464e-17
"Resource.Acquisition.Substrate.uptake.nucleic.acid.component.transport.nucleotide.transport",-0.0630949019675309,-0.00114461924045398,-0.173032985134308,0.0249987912027583,0.045483164965881,0.17943951746453,-0.24290134659728,-0.00348425630940989,0.0612864287672043,-0.10516817854449,-0.0728558477473806,0.0757907544862154,-0.000224267651939614,-0.0422301603281883,0.239710455966683,-0.0108796450000769,-0.196023701826637,-0.16577432068617,0.0446827952039181,-0.0322669468155868,0.45286218809679,0.177560102885613,0.0775821108272139,-0.258494219835459,-0.224690528075017,-0.0777712783253339,0.0227603338084459,-0.127912225386847,0.114869759889375,0.201972974243502,-0.0529120131014959,0.224616243592191,0.219819417190718,0.317538203694189,-0.0482790041215139,0.0235292844617936,0.0337708588125121,-0.0276079555223286,-0.0467568031726958,-0.0352983490521289,-0.0822793695233184,-0.0343312368528621,-0.113778640261964,-0.107806755659831,0.0102729250649932,0.0892617364104194,-0.00984439562860426,-0.0184235532825542,0.037773894311234,-0.00642164373851958,-0.115988403097251,0.0347186859694056,-0.0264052888119324,-0.0186389127840269,0.0140970489377994,-0.0302305169749942,0.0109406398871516,-0.0148653436585428,-0.0278170259272054,0.0676601065482885,0.0162538757076975,0.0427741331846791,-0.00455283686026556,0.0100242117422744,0.00886701334816729,-0.0299490862969923,-0.0441693395038032,-0.0190439315068051,0.000910736878903723,0.00379977779282248,-2.96232916871882e-18,1.23719482145814e-16,6.66200442000174e-17,7.34522547535989e-17,1.87126589139147e-17,1.73674969313666e-17
"Resource.Acquisition.Substrate.uptake.nucleic.acid.component.transport.ribonucleoside.transport",-0.0722701102162118,-0.0265049838799003,0.00928111393557832,0.20061934163001,0.0954085552511851,0.018629754908269,0.207971608597003,0.0394250147347605,0.0348330871544475,0.076063840640593,0.263811905861102,0.144608696552407,0.19105751779397,-0.223727988363368,0.257638160534903,-0.137555639102051,0.157695546930801,-0.12381439334633,-0.0368637627537264,-0.0507752532094366,0.0458302966017948,0.0335818044699321,0.133546219864788,-0.19152703186493,0.254890236677931,0.164666645159634,0.328325417800077,0.0124998110106826,0.113500963149355,-0.000491958252047064,0.0238560086421084,-0.154199939200326,-0.166563344764344,-0.0113017632627342,-0.0585671683398954,0.0766848673411961,0.105793877033276,0.215969001914755,-0.304791143232884,-0.116454498965585,0.0330123537978946,-0.123574802961888,0.0322979201015444,-0.049066617991934,0.112926499145758,-0.0583791228647621,0.0308482044984683,0.0137943327238491,-0.0300954568007073,-0.0286950002587816,-0.0991766648987392,-0.0569745418164625,0.0730418052589672,-0.000207582622838626,-0.0762339226954582,-0.0248449447133022,0.0703382959002019,0.0554704392238619,-0.00880200101895673,0.05838379072177,0.00552020879133186,-0.0522700605520336,0.0017774393148135,-0.0348082133376941,-0.0111538366036912,-0.0418262872423199,0.0132374548771861,0.00482225740549252,-0.0856650640374651,0.0301463134693976,1.31072062268595e-16,1.27079011059202e-16,-2.00388102352755e-17,1.19995276436443e-16,-1.10533420266757e-16,2.8773450051477e-17
"Resource.Acquisition.Substrate.uptake.organophosphorus.compound.transport",-0.151706769271673,0.00324635003049399,0.0933626805778935,0.027947108366035,-0.0234527976946466,-0.0633953502097973,0.0347934961240683,-0.0138875359457745,0.0289279478716711,-0.0193216171410988,-0.00425814082549586,-0.0589546870165067,0.0861134900153791,0.147726986352098,0.023222492154071,-0.0140631363386863,0.0852988532096392,0.0220155377083951,-0.0383983926890185,-0.0569901616141705,-0.0917097039951285,-0.0545046848682566,-0.0900307032360694,-0.00442962458485102,0.0120442915562505,0.201023124068865,0.22500706424754,-0.205877448390678,-0.153848276794086,-0.0267901483435876,-0.142344866664009,0.206099870506925,-0.0866373069078556,0.414981234669541,0.0335547438003865,-0.0480380093127596,-0.169573053125922,0.0393524428245236,0.0316871938334699,0.28842564864597,0.134201421660205,-0.158512627879516,0.189480401801602,0.159115710038717,-0.354196157277085,0.0883540684304402,-0.140749761765942,-0.0730348836615628,0.179916764393759,-0.0739322776998522,-0.105814614734398,-0.219506099713587,-0.0112824517922517,0.00979520874889208,-0.046807970905645,0.0416442189306505,-0.0402806609995902,-0.00172223333455216,-0.00799459054792076,0.0146703457970696,0.0245186423656807,-0.0377647482044925,-0.0263743124209881,0.0431846779352445,-0.051646304811675,0.0174699591950817,0.0489296037378651,0.0110475670828836,-0.0194558833813355,0.00265911295557661,-7.46721331748525e-17,-2.31101132690318e-16,-4.96181239371872e-17,-7.01157009813401e-17,3.39615153043141e-17,-1.81051013569932e-17
"Resource.Acquisition.Substrate.uptake.osmolyte.transport",-0.164630854911283,-0.0938177415623075,-0.0399898983974818,-0.00370623196692627,-0.0163871461470561,-0.00246552085647664,-0.0588506157018487,-0.0431816649631172,-0.019875238704268,-0.0351322292571949,0.106155570123166,0.0963605838804788,0.0344566233464531,-0.0376677696979923,0.0930193823038672,0.0516272098062225,-0.017253746449164,-0.0107085947822496,0.0599257573588226,0.180234593449316,0.0580948941082262,-0.0803915474191673,0.0760155573260285,0.00101068779795668,-0.120741783180302,-0.0529417873405805,-0.054882689288079,-0.0196062727945175,-0.106964541772248,-0.179150806239014,0.0567955557292305,-0.176924288675869,-0.187293700010288,0.00688217153086104,-0.028376193368934,0.00462474776146673,0.00948406060141112,0.0129433668916679,-0.128102292838563,0.236155530056196,-0.214429834403753,0.0834453790583462,-0.16832274626857,0.203809023555372,-0.00528215662042208,0.0493810047077297,-0.0255598171289914,-0.105279633721554,0.050079507321951,0.0938916801428308,-0.0141807996737082,-0.0164064313791078,-0.019192073242014,0.182881299994508,0.102305437158358,0.109677989673636,0.0770635884313337,-0.306341665679802,-0.407974584893541,-0.068959315585184,0.126087323669735,0.1366097108069,0.113467404860807,-0.237162847223526,0.0681413532885507,0.160460208327098,0.0419495925063128,0.21713859751798,0.0461163150700738,-0.0149290860137754,4.50762233530409e-17,-7.35173286815999e-17,5.86355111284751e-17,2.47937245820485e-17,3.7630555371541e-17,1.00058649729409e-17
"Resource.Acquisition.Substrate.uptake.other.transport",-0.0745371451823029,-0.0839386574482862,-0.0191343468637366,0.0355245631360409,0.0175016970612545,0.0206281712653318,0.00114196990993273,-0.0373727923908675,0.0829591761945935,0.0713464448694272,-0.114730893391807,0.00441672390349643,0.0867047678172339,-0.407572557179562,0.32185719076603,-0.411493932898294,-0.0422992442343042,0.337055121895939,-0.257896104756702,0.125800423086213,-0.222755622389353,0.0728028476414093,-0.142579111242907,-0.080125365100932,-0.0981032854100562,-0.020553149286896,-0.197350516552843,0.0112034736594729,-0.138480790049686,0.0859470721855737,0.136072258645074,0.0924709868557414,0.0651027352923608,-0.0344096211947888,0.184656043910185,-0.0560975112300237,-0.0420331147266804,0.0219353281401763,0.0778401295172551,0.0825051488923063,0.0843773672880908,0.0148906510810017,-0.0202876610216012,-0.0203305957417245,-0.089931421965689,0.0602346805707545,0.107594789968655,-0.0725625873235607,-0.0492432904573391,-0.00771473487527011,-0.0163645760608416,0.0980376874441772,0.0516455828464128,0.0182415209411296,-0.00308691374369849,0.0497344665032866,-0.0653705492217847,-0.0243046503588361,0.0153090922556412,0.05415433623381,-0.0270358844991946,0.0224559726094258,0.046667978148781,-0.0260458674990546,0.00846000387928421,-0.0326452810942131,0.0131819592136887,-0.0176144090318626,-0.060652733717807,0.002775398304323,-8.2520012227305e-17,-5.21953136274512e-17,-2.81411259827559e-17,1.31858883397697e-17,2.18573066342977e-17,1.32427376427957e-18
"Resource.Acquisition.Substrate.uptake.peptide.transport",-0.151587067434547,-0.0556632871470268,-0.0352065668819416,0.153953896018563,0.00823476124910706,-0.0413473162657076,0.0225887528386807,-0.0129819253966721,-0.0947027806608812,0.000639628503706481,0.1220641986433,0.0875102480268023,-0.0744795850032222,-0.0148746502315479,0.00884375662242882,0.0483001189864024,-0.0824626920042565,0.025913967405209,-0.0465305790165907,0.0524212345936416,0.0303197636626391,-0.150308499592872,0.0309933629253549,-0.135458399459814,-0.140604325981828,0.0737184893342257,-0.082741969257716,0.0845794373959486,-0.130962364259258,-0.0104737897385656,0.226899226517347,0.0594982755107323,-0.0314653441513802,0.0176058123818405,-0.211058754809921,0.0056810233528505,-0.0224214637083651,-0.14516509966495,0.131546692457205,-0.229562112033298,0.102635085848239,-0.208763049877534,0.178893864511909,0.175421693287467,0.115940352565894,-0.14806606369499,-0.0206748395847353,-0.110893892106609,0.133770092850153,-0.434767102189512,0.128662851511805,0.0238084774175676,-0.043397167179575,0.00475867950924314,0.363933024340797,-0.223081958070257,0.0370688035551907,-0.00688425239739143,0.00329331869231344,-0.0161791345382435,-0.0162595150078441,0.0122682858291577,0.0720850456985985,-0.00993120054285812,-0.133632290188614,0.0332508239594986,-0.00956911687164425,-0.0526605289285614,0.0024205029726321,-0.0170655180547886,1.6548188458486e-16,2.8620137339763e-17,-1.10020888487499e-16,-1.97254903152083e-16,3.74029595723503e-17,-2.37717528279232e-17
"Resource.Acquisition.Substrate.uptake.S.compound.transport",-0.12282684410221,0.0106125391441252,0.054986640145213,-0.0995954653392855,0.02750274493591,-0.0633929883079022,0.0499657979375812,-0.0794706334338341,0.190082942683123,-0.0207749388679731,-0.124421129746724,0.0500848753918433,-0.270700616241984,-0.0571776619945306,-0.178517227886763,0.0857310219589122,-0.0478212235296665,0.0271327395340082,-0.0115480438608186,0.214309099075513,0.0939648331511952,0.123257549228806,-0.00439441929020185,-0.306207552247155,0.205534118309427,-0.0562322922893589,-0.0931189567361543,0.202834974999033,0.139478590548604,0.0295700867612696,0.0387237723517197,0.131555671207531,-0.334035546607745,0.0734728807240284,0.024479889332717,-0.178423746811767,-0.211683653461762,0.295623129089122,0.0440445369565414,0.0590079325152905,-0.171666712986922,-0.160808812895978,-0.119771511462989,0.128782018648132,-0.0567701419591036,-0.0395831331431588,-0.0195922563499611,0.138654101400109,-0.138394964333448,-0.0463520379424788,0.019749575576943,0.0749185948859315,0.0732920009611816,-0.132321678462257,0.0524872408788705,0.0407906426525396,-0.0670762435463449,0.0565867087638915,0.0774053123040296,-0.0434573645408323,0.017712018041664,-0.122218046816942,-0.0269595841096013,-0.0390979769917555,-0.0018640271603155,-0.00122399588790471,0.0202671496779334,0.010106953624732,0.0282935323986439,0.00196396251521319,-3.49348060508368e-17,8.51971582700688e-17,3.18555116075941e-16,-1.65608061760295e-16,-1.28689819057088e-17,-5.02714615026642e-17
"Resource.Acquisition.Substrate.uptake.secondary.metabolite.transport.siderophore.based.transport",-0.151805180474588,-0.0819315263903462,0.0210336885714599,0.0428115124295796,0.0737916608132258,0.0184244556411298,0.041205700086035,-0.0364077242755816,0.0992725698177184,-0.0813109050571046,0.194334717578421,0.0726342238141073,-0.0505953295074573,-0.174001076694564,-0.108091897227988,0.0531024910076532,-0.00326628997914313,0.00832288165096751,0.0892355224700172,0.0614073700402309,-0.0119943941043594,0.0399989180376421,0.036662858935337,-0.0675709647129269,0.00326857466152704,-0.255850303592998,-0.140741590698002,-0.135856614227375,-0.00609834700307454,-0.0167451817478621,-0.115370239774189,-0.0608028073748157,0.0100766114513036,0.0156326643971394,-0.025472611479758,0.114700747308531,-0.0143498937958691,-0.0702318641255013,0.275632363787934,-0.134873123385795,0.0279449067385404,-0.154925178500024,0.129731647207548,0.0933280603931722,0.129249183359531,0.22316754404807,0.0628603130679967,-0.181099000343031,-0.200509897187651,0.0753913146432229,0.148590666167215,-0.503049704104717,0.0121129658298315,0.0545678767695141,-0.251082923664275,0.0499810441718667,0.022316339513521,-0.0301788999588689,0.0597825249838113,0.0932653341121035,-0.113907013377513,-0.0150189810379313,-0.0334080275171499,-0.0100163307505233,0.143099337455154,-0.0587074044856212,-0.028955109939359,0.0204421146197844,0.0421301986640831,0.00215650514281104,-9.93547681959022e-17,2.39845610017398e-17,-9.0068495461233e-17,1.10647013669974e-16,-1.68645849202542e-16,3.86759940523252e-17
"Resource.Acquisition.Substrate.uptake.vitamin.transport.vitamin.B.transport",-0.149368704882148,-0.0449475297456705,0.0122825850507807,-0.0646073096598222,-0.080595200704972,-0.0641066948872694,-0.168244986196065,-0.0817600167045149,-0.0822474592578995,-0.0959549818395903,-0.00259103084792271,0.105458720883873,-0.0459576162177298,0.139040489614233,0.0684971713170494,-0.0101131344744616,-0.0263496842174956,-0.0160758775807549,-0.0171488080214854,0.0583692218184362,0.0285189972542173,0.065290442891153,-0.0201393026071459,-0.0133296239377021,-0.0323134842774329,0.208881571786974,0.0879933598990993,0.0399223611838567,-0.0242765947465988,-0.044796524569476,0.169060720730683,0.116758500940798,-0.0381996038721844,-0.104985075351231,0.191365425059349,-0.25345226838066,0.30772543169312,0.0580812886573387,0.0164821555675948,0.0464630392239993,0.224986927767923,-0.174918734817661,0.181009758109503,-0.000907106970354954,0.309035690400023,0.312957039722899,-0.198920880978267,0.187803158592218,-0.0669298878914784,0.294708669510487,0.192046366790753,0.0193367350587539,-0.0631341919523467,0.0354132086558014,-0.0142146709892756,-0.00710396039134057,0.0117092932626772,-0.0422098409729023,0.0103093652534591,-0.0433270158856319,0.0763722738035328,0.0373028318493371,0.0301784210230305,0.0104380800737771,-0.111314128848428,-0.0276704716053753,0.0648728962258605,-0.0591612858914613,-0.00351321900120635,-0.00799079465305099,-1.58346504569525e-17,1.26500456193043e-16,-1.38594989861443e-17,-5.19154405873798e-17,1.6528713404019e-16,-7.01682043062622e-17
"Resource.Acquisition.Substrate.uptake.vitamin.transport.vitamin.C.transport",-0.127979634017368,-0.171459402290837,-0.0350190839060955,0.142432752904014,-0.128450834122093,-0.062883451354124,0.0714664528264631,-0.0171188096969419,7.07208374476901e-05,-0.0264096831196284,-0.0483188569609937,-0.00334943149131402,-0.0438918242065705,0.0940480003665213,-0.0401589965003578,0.0385798919493139,-0.134730165648951,-0.0279324391074927,0.0426613667904941,-0.0474461334090818,0.0906327041502283,0.0232881043372415,-0.0224514885798541,0.00512221639746361,0.00437514221959232,0.224204792950924,0.0609759859296511,-0.0479250585398862,-0.0669969806219066,0.141509571038366,0.201484320445363,-0.138349761056006,0.0381872012056343,-0.0575239483892369,0.0950021344997784,-0.0317407366763386,-0.128614788657584,-0.0283518309909061,-0.0219305073818218,-0.0294086298502494,0.281161813864939,0.0231252232469417,-0.314039440078817,-0.16296122572726,0.00108644578753014,-0.0731840614765535,0.0543464652739563,-0.12978498920188,0.019282703446064,-0.174494171232656,0.16514980544332,-0.0719969628415103,0.0635138637128227,-0.235775653778421,-0.228593721775801,0.100452453026125,-0.200276600102762,-0.24015742271075,0.00962278631212902,-0.144039690073785,0.150822374075668,-0.00946790430789154,-0.279679458471081,-0.112430858298114,0.175749757552747,-0.00325043732841052,0.00330536237716086,0.00389191829779978,0.0704177350651002,-0.015176876690081,1.64451207200245e-16,-8.68911007451584e-17,-3.99992249588843e-17,-4.57356400268273e-17,1.21931710924108e-16,-2.21607279417479e-18
"Resource.Acquisition.Substrate.degradation.complex.carbohydrate.depolymerization.cellulose.breakdown",-0.0859188614692547,0.229051556822108,-0.176312937028039,0.041449523763138,0.231675957238741,0.010482003372919,0.086520650921716,-0.0420528910596939,-0.0367597636102006,-0.0320161681348646,-0.0768418040323936,0.0331828214637051,-0.00762935524965062,0.0244220682625183,-0.0561531249097335,0.00501866040088914,-0.0786881207779819,0.0198821727905547,-0.0467196259234764,-0.118649199535725,-0.0759630941672121,-0.0556841681873907,-0.100149856509006,-0.0428312674156292,0.0438242302121976,0.0764002733507323,-0.0294083749316821,-0.0665156523475251,0.0149878875499595,-0.0712891455312391,0.0363658952994375,0.0520289540935134,0.0190049005488777,0.00305663541870664,0.0686063311502357,-0.0144116117504088,-0.157595526097466,-0.0308666533438806,-0.00609413077323476,0.0102958994341429,-0.0407580996620453,0.0144682876060622,0.0450696260024142,-0.0626496921029313,0.0390452484660581,-0.0894502492996495,-0.0446567322966353,0.083758089381739,0.0325222348741463,0.0812628886974419,0.0713035067606747,-0.0258572451494157,-0.0907619667402798,-0.170425951756645,-0.0511349923959155,-0.102064453987548,0.224274220414377,-0.12212688136544,-0.0710527159904424,-0.0865642939891301,-0.0880083080494128,0.1363102614806,0.0716086474444945,-0.213235245206176,-0.0596512901339156,-0.579394271394049,-0.215826943234702,0.312140966204382,-0.0659393395859363,0.0390569291897489,-1.61481043428725e-16,-1.72414509853282e-16,2.87176732464701e-16,-7.01491479647287e-17,1.18500457112717e-16,-2.37936984022518e-17
"Resource.Acquisition.Substrate.degradation.complex.carbohydrate.depolymerization.chitin.breakdown",-0.130359598873829,0.206469370775285,-0.0802559586765508,0.0584417056022151,-0.00154910616510754,0.0582208870295845,-0.0258963069576838,-0.0201889993590716,-0.100315977325009,0.00292678372072175,0.101788907079179,0.067500780900675,-0.0799077621405564,-0.101237532060814,0.0335563613334432,0.0667823809625764,0.0255411819959021,-0.0817147069891248,0.0472698642102852,-0.0945093942973708,-0.00303957700393314,0.109978795676867,-0.0546098909631143,-0.0759672100538294,-0.0370376613354265,0.0158291548114115,-0.0955769718925297,0.0280610511769031,0.0738429892576804,-0.0229511352657119,0.0800953794544754,-0.000753390920307455,-0.0298803073673244,-0.0345237275713701,0.132106946138724,0.111396344522108,-0.043932925290321,0.0656925092616017,0.146887094333423,-0.0502165897851379,-0.0265172863245309,0.0228490107781107,0.218379880163585,0.0497069895763737,-0.154513037292185,-0.296748036540797,-0.0779189316009452,-0.138262299297852,0.175679052875354,0.26241646959972,0.111783291837996,0.0911319374397437,0.205167146001237,-0.0424407262282104,-0.27389942049662,-0.114600819222171,-0.176695418698778,0.238424457073416,-0.167682232979346,-0.159419875724397,0.165805777695339,0.283826273380347,0.0604761719331392,0.00600224808206992,-0.0194242748784875,0.171517858293237,-0.0330545235202438,-0.160659363180167,0.039529456024707,-0.0238923445936415,-1.12696909356095e-16,-5.31961783878756e-17,-5.73706090914539e-17,1.25794635231681e-16,-2.06023952615558e-16,5.68917132343851e-17
"Resource.Acquisition.Substrate.degradation.complex.carbohydrate.depolymerization.heteromannan.breakdown",-0.0411078399659394,0.16293208022573,-0.201911607553598,-0.00556755672666302,0.180585171431053,-0.0432997597099843,0.262101083704326,-0.0962719976398377,0.128405052721802,-0.0403170789113331,-0.17091390149623,0.0970345702241898,-0.13106523791054,0.0417210210465192,-0.0397826893723999,0.0024142111722345,-0.129725847456272,0.0791107591330684,-0.0255834230437047,0.0856034342538737,-0.0230872511391907,0.114471838663048,0.16410115536218,0.133522087535739,-0.0689043202071773,0.0191259035549081,0.0707296347204742,-0.166565858644177,-0.125318810063308,-0.0424311948863223,-0.121720655711225,-0.112975364306731,-0.0532350884097859,0.0124863544085568,-0.0696686918896755,-0.194367058894843,0.410917999833959,-0.104549344128017,-0.0224873928965913,0.0349270557853108,0.00360760081024938,-0.0496570935656536,0.0293216419346053,0.0474998357791948,-0.0481884920699193,-0.00496863376349138,0.0871103030550717,-0.0603552271676302,0.0711023648099689,-0.064942670909499,-0.0505079129712734,0.0845118295250843,0.0585755444071262,-0.00180786427958168,-0.0656279049698751,0.0161375422206852,-0.156347727744132,0.15153987674809,0.0621384595696702,0.106225853847805,0.0196987901408399,-0.144909241973732,0.00567588334058967,-0.28849704584709,0.00434727814673638,0.122678175221819,-0.329574869057179,-0.0546863847325219,0.0409743745181462,-0.00467349755924816,-9.40499328036598e-17,-1.44942954812443e-16,-6.61791371819731e-17,1.45931255027189e-16,-1.43856201099176e-16,7.68272333087618e-18
"Resource.Acquisition.Substrate.degradation.complex.carbohydrate.depolymerization.mixed.linkage.glucan.breakdown",-0.0677488380221718,0.178732704840766,-0.220747433883929,0.0407204247639864,0.246056574953998,-0.0092539143769444,0.215041221110095,-0.0998045430010587,0.0798906223841132,0.000135523479631945,-0.100750194882321,0.104612524471492,0.00457176680780962,0.0344199228418307,0.000486121623607991,0.00281456553556999,-0.142094469607037,0.0149282163923718,0.0129430632954145,0.0230605474557886,-0.0416213626216652,0.00937748290310884,0.0713679699457644,0.0319989648080875,0.0284982071166701,-0.0305057987068027,-0.0159268960805166,-0.100004436183065,0.00784114524219813,-0.0439541327457505,-0.00635326817966936,-0.0649912342895511,-0.0277678505016971,0.0098424404211904,-0.0580158958483361,-0.102181670031457,0.0282286849804402,-0.127713671051086,-0.0607616543413727,0.0285137920870983,0.000544179944702988,0.00122443085775703,-0.0249533213364079,-0.0528194208123138,0.054212592014563,0.0705183552360996,0.0219872084808706,-0.0626259509176893,-0.0115021938519003,-0.0279216282589449,-0.0114182864713744,-0.0161603593664011,0.0211819029172334,0.0129423749946087,0.130783913446596,0.161499418490755,-0.0991196090514223,0.118926084012361,-0.123498286783286,-0.260257382578931,-0.0641601388828647,0.125841923291727,-0.0471348461914009,0.414906005013124,0.084158481261265,-0.109825327872538,0.547862109843291,-0.035608375025515,-0.0351099177473549,0.00702625248355547,-3.88699990168969e-18,2.38834996946811e-16,-1.41798559067963e-16,2.19905962952341e-17,2.06913316024545e-17,-8.7623625881178e-18
"Resource.Acquisition.Substrate.degradation.complex.carbohydrate.depolymerization.xylan.and.heteroxylan.breakdown",-0.0948795477217742,0.194920343855919,-0.201765060192474,0.0497336749738109,0.232651726771732,-0.0113713986593401,0.0777366016361468,-0.0745474938888453,0.0355472531027226,-0.0195995547842935,-0.0888760074092955,0.00126501914772519,-0.0109079714126104,0.0200606945935559,-0.0675409363781394,-0.023137809704206,-0.0291343142833413,-0.0219230744430553,-0.0661415640908725,-0.0116321668455776,-0.0582314062744646,-0.0524317842570234,0.00021561099897402,-0.0285386398432836,0.0271445927917629,0.0394766998384108,-0.0230995971380702,-0.0460456864610359,0.0200454544160192,-0.0239543809049917,0.0742834864126693,-0.0159785278404962,0.0677970646423575,-0.0428300608047207,0.0975848264209407,0.00891838734294163,-0.117876374243539,0.0540954986220401,-0.00164229384946445,0.011481840636531,-0.0232138652702677,0.0192875925252928,-0.0609993894460771,-0.0445958482296824,-0.0256755572272752,-0.0264787526288294,-0.0329607046982969,0.076310481339035,0.0378981494387012,0.0836987625603237,-0.0024854569401061,-0.0349943825597427,-0.0338668116750349,0.0248498197598536,-0.120869086743636,-0.310970761838283,0.366236524888104,-0.412056175834102,0.147519621974132,0.196441473914557,-0.0348342898674538,-0.107919600415433,-0.0407597062150528,0.123138600337114,-0.0237405739606408,0.437199180809267,0.105093246970897,-0.189112460332714,0.0231816916121746,-0.0258813881646888,2.19355049411566e-16,2.12465677278341e-18,-1.6919496790336e-16,-2.08987097309302e-16,2.08924478589616e-16,-2.52317327828311e-17
"Resource.Acquisition.Substrate.degradation.complex.carbohydrate.depolymerization.xyloglucan.breakdown",-0.0773268436922493,0.162518707242417,-0.198091786364255,0.10291277910256,0.232003269762506,0.0748328592732343,-0.0214967310982635,0.0130958809228386,-0.155976172623988,0.022272791188506,0.00637501954642774,0.0141690656044478,0.118078416023982,0.0384354247690291,-0.054585665158916,-0.0293610412942821,0.0661734362457563,-0.0287626664376533,0.0430597696027071,-0.0797729554514309,0.0142342311662329,-0.209030179259077,-0.112835063930853,-0.0717685539487035,0.0951804711269408,0.0478426329301629,-0.0397279651689804,0.023985111069075,0.0253254381889738,-0.0197752698441762,0.0167219621030206,0.134981373002586,0.00671847574367529,-0.0886334619295278,0.0685977105950988,0.107736744798009,-0.313687579280968,-0.0100122301049663,-0.033024869136918,0.102368669441837,0.091349620750272,0.0507809421119856,-0.091253537439432,-0.120759909567308,0.211827110884883,0.183134998190705,-0.0483425411796317,-0.0667126650446561,-0.153216093120985,0.0451061623413258,-0.0297610575852587,-0.0861126163987686,-0.117817645929064,0.0653370791022492,0.235666507516988,0.224760301253746,-0.282166299442813,0.21588457070145,-0.0533258085737981,0.0141200617225813,0.00759029034792046,-0.129876335578892,0.0340639881821424,-0.13858343066609,-0.0675893503015369,0.24789680388743,-0.228859382823629,-0.0870971249581446,0.0349483692727415,0.00770099554155463,8.258687820435e-17,-2.79192530957717e-17,1.22133621165673e-16,1.16007211236844e-16,-1.08194328829616e-16,1.27246676883926e-17
"Resource.Acquisition.Substrate.degradation.simple.compound.degradation.protein.degradation",-0.168902038862417,0.135853968162816,-0.020934350035388,0.0111355169243878,-0.135044116295257,-0.0169315778187074,-0.0967973556298263,-0.0184651279755061,-0.00361932697401073,-0.0576439001253539,0.0882947895110585,0.079027162164253,0.00580111977082102,0.00728955493394482,0.0239090815509875,-0.0164238353538922,0.0123008383960322,0.0013563140544923,0.0505934004269063,-0.0448834276535922,-0.0238129702463932,0.0023694214297835,0.00102479094308289,-0.0290310683572233,-0.0460648749952184,0.00860452428121644,0.00383322418190743,-0.0415848926049615,0.0475601196801408,-0.014155452938847,-0.00749296322947167,0.0199490510771876,0.0683810559627332,-0.036852647150958,0.0976694614385792,0.036734393057512,0.0619933206292518,-0.031471333551009,0.108899888167576,-0.0201433485466805,-0.0336917164931904,0.0324135378914325,0.0765958552511703,-0.0826934660857071,0.0306339130842074,-0.117022190817314,-0.031238063955482,-0.0938703940746133,0.0254552620888383,0.0296181112463298,0.0135009763697377,0.133282902584999,0.169242480180793,0.00848021736379447,-0.0201520506337263,-0.00183970756561119,-0.0933969667687322,-0.00115302318588145,0.033541949311509,-0.0647083502662756,-0.142023255213991,-0.537260509420407,-0.0328393685918439,0.125985865157738,-0.0636596667338267,0.154993847094387,0.0921387022054391,0.620590088465988,-0.0945783589406365,-0.0231465641335879,-3.24508090175272e-17,-3.65646108583764e-16,-1.21692243917082e-16,-8.98979160674878e-17,-3.49310863174371e-17,1.97251017272447e-17
"Stress.Tolerance.General.scavenging.of.reactive.oxygen.species.ROS.scavenging.enzymes",-0.106858301177789,0.0566996033589142,-0.0166828861626607,-0.0426759203206334,0.170297927404547,0.00772761443808594,-0.114359734435642,0.240005153041742,0.121185294097932,0.34489926503662,0.151676404669917,-0.150992891094406,0.0845428770276566,-0.169764181622493,-0.176854832112557,-0.0841845429502082,-0.109095679168825,-0.109312728201743,0.0968342484839273,0.0795170792271535,-0.0126388923950552,0.126300266859573,0.0494993869778897,0.18350825530695,-0.154899131736564,0.0943527060507191,0.118136383978608,0.00432596352062742,0.0135661109132064,-0.028674063330142,0.0201225936149972,0.0913398722234502,-0.0213493142695909,-0.0224847367734221,-0.0481884867446712,-0.0119206696648657,-0.0213462746165678,-0.0116657481421305,0.0507168692263136,-0.0243888673553808,-0.0588680180665831,-0.0358435145308973,-0.0361886086063472,0.0117018573437441,-0.020919229716953,0.0838507149693501,0.00429679218447272,0.037899041724116,-0.00954041989525324,0.0255554088041661,0.0163047767487793,0.0218681245213298,0.00997530890325843,-0.00979018374127752,0.0536251950908498,-0.00928939240683919,-0.0353330408637847,0.046698427695773,0.301687234788501,-0.0498385681198264,-0.0212666039695572,0.275669472506439,-0.257866256707398,-0.273141009779571,-0.210414109802976,0.116663315730937,0.201767390505989,0.201786316216039,0.00632927519343169,-0.0235924699867361,-9.45708913345934e-17,-4.89747786555596e-17,3.13695769651423e-17,-7.0469426574853e-17,-7.95732449315576e-19,-1.96434201705152e-17
"Stress.Tolerance.General.biofilm.formation.EPS.biosynthesis.export",-0.10297036781753,0.207515936993676,0.142026085887388,0.104599056444208,0.0622187362332249,0.0086376157393263,-0.112402867812689,-0.140908350751206,-0.0793212967474408,-0.0309666138649895,0.00223690645193609,-0.163106926400399,-0.0594262296774922,0.180122548816373,0.116146020532835,-0.248360625094144,0.0168580183210573,0.0977640231558466,0.119188606107328,0.071051151177997,0.0417963358664936,0.185115932760803,0.056052607434858,0.0752979687708409,0.00666081363831573,-0.0979397554850921,0.0959571736667419,0.0737436334478022,0.0225504804456192,0.147351258316001,-0.118671356109581,-0.148799539955875,-0.0300602124369722,-0.113708436886269,0.00622998747503803,0.010971894816447,-0.0943932421878155,-0.011148018381948,0.0173635132007747,-0.0484959354550162,0.0494962341542893,-0.0110817525857938,-0.0670306581719761,0.156099321070871,0.0260134404172891,0.0114647393127901,-0.0718653053350265,-0.0184826065193246,0.0133455523724976,-0.0638195103992548,-0.0159002757527353,-0.0300604256719291,-0.0333647958164985,-0.0184403330719964,0.0124056759774249,-0.0212767093314149,0.0293733404906742,0.00537607630093519,-0.03023983241294,-0.0207537559318397,-0.00384983954794105,0.0172748820194126,-0.00229377167426012,0.0190946079172668,-0.0459419143547263,-0.0190841698276507,-0.0283583524996399,-0.00011307813693423,0.00303233137878058,-0.00501928480395115,0.215881704424424,-0.0313842728723975,0.672571287542581,-0.00750332976543892,0.00129627420818746,-4.06733272450115e-17
"Stress.Tolerance.General.protection..repair..degradation.of.denatured.misfolded.proteins.heat.shock.proteins",-0.0651347815441086,0.148261737340609,0.00130364105688386,0.0505357005202984,-0.0969073583934333,-0.265450518066331,0.086818371356717,0.496030761136635,-0.0466374760826815,-0.257155081294369,-0.115220881667203,0.0481144432033607,0.0832837892258041,-0.00914785726440154,0.00289396009349756,-0.0942799205450678,0.0374110163302414,0.0233581521365865,0.071149922563257,0.0913051869423655,0.0635427722999647,0.00899120041706792,0.0189973534656315,-0.0280640955564385,0.00300342998973149,-0.0768145776062192,-0.0356685695294898,0.0121128065069009,-0.00469847823142568,-0.0287121820684353,-0.00943565636105002,0.0152799227354207,0.0134774782749217,-0.0275455718455235,-0.0344394969282644,-0.0207309920916802,-0.0228948536678153,-0.0185402191548539,-0.00146240918050642,-0.00214636571581776,0.0188996653731137,-0.0280824624999442,-0.00380207481143531,-0.0144097538116844,-0.00357413986997673,0.0135232262118214,-0.00169512622381821,0.0149787790608171,0.0109558139757392,0.0192221402833272,-0.0180144089252772,0.000948797008611358,0.00958202961851752,-0.000216451726295752,-0.00781617700147465,-0.00766823970048569,0.0148955673917762,-0.00569814241475099,-0.0106855136854218,0.00758181293775845,0.0206370922608634,0.0270598360878914,-0.0121588004776578,-0.0013526738319804,0.00267496762861726,-0.0100251823907739,0.0080557633686747,-0.0240865899572142,0.0108612773899369,0.00288261316167911,0.033815458690235,0.698127809109025,0.022902898262964,0.101163701183616,-0.0267477048770665,3.2017774658983e-17
"Stress.Tolerance.General.protection..repair..degradation.of.denatured.misfolded.proteins.ATP.dependent.proteases",-0.0876648716920657,0.261838972601783,0.0209768007661739,0.0254933858238877,-0.284590730337402,0.0466804587266715,0.0483161833429204,-0.140888268803526,0.0372531525250923,0.0885299176102216,-0.0159689555456425,-0.0407824559686526,0.1550489296706,-0.097295507809435,-0.143935603909002,0.0103935379556892,0.0556716340464386,0.0518747669560011,-0.0204754514795775,0.0481910777771773,0.138096273844661,-0.115669737882082,0.0593576811737439,-0.0365025477461222,-0.0698206553724855,0.0421508948074892,-0.068020619274184,-0.0152614804700914,-0.00740128844316179,0.0102963509231059,0.0101696204376911,-0.0623978716876096,0.023264950253813,0.021970055096575,-0.0305816923487372,-0.0238355787309598,0.0193141782559121,0.0261861935409733,-0.0310832933500139,-0.00287982121965612,0.0264536187255691,0.0056388058946102,6.32533210039171e-05,-0.0313558087249624,-0.0271772959510531,0.0535965249369503,0.0145524443455281,0.0492831621887737,-0.0257126267116362,-0.0192692069825629,0.00901986901723009,-0.000451442696610016,-0.0552793419362078,0.00575779970903707,-0.0267416275918473,0.0188119383366558,0.0289644997453001,0.0303464205538091,0.0190333608490436,0.0117825268835304,0.00366987191081323,0.0247754364449393,0.0246010266784396,-0.013505016288641,0.0108353661392533,-0.029081528272811,0.0120523375046232,-0.0318810495974762,0.00207057414038608,0.00756639191524029,2.47666744846588e-09,-0.113786759640174,0.00296818852787133,0.66173833211878,-0.464556573152047,1.08050106589461e-16
"Stress.Tolerance.Specific.temperature.high.protection..repair..degradation.of.denatured.misfolded.proteins.heat.shock.proteins",-0.0651347815441086,0.148261737340609,0.00130364105688386,0.0505357005202984,-0.0969073583934334,-0.265450518066331,0.086818371356717,0.496030761136635,-0.0466374760826814,-0.257155081294369,-0.115220881667203,0.0481144432033608,0.0832837892258042,-0.00914785726440155,0.00289396009349766,-0.0942799205450678,0.0374110163302414,0.0233581521365866,0.0711499225632569,0.0913051869423657,0.0635427722999647,0.00899120041706788,0.0189973534656315,-0.0280640955564387,0.00300342998973152,-0.0768145776062194,-0.0356685695294898,0.0121128065069009,-0.00469847823142568,-0.0287121820684354,-0.00943565636105001,0.0152799227354204,0.0134774782749219,-0.0275455718455234,-0.0344394969282645,-0.0207309920916805,-0.0228948536678153,-0.0185402191548539,-0.00146240918050633,-0.0021463657158181,0.0188996653731135,-0.0280824624999441,-0.00380207481143535,-0.0144097538116846,-0.00357413986997643,0.0135232262118217,-0.00169512622381807,0.0149787790608173,0.0109558139757394,0.0192221402833272,-0.0180144089252773,0.000948797008611297,0.00958202961851794,-0.000216451726296113,-0.00781617700147441,-0.00766823970048554,0.0148955673917764,-0.00569814241475085,-0.0106855136854217,0.00758181293775842,0.020637092260864,0.0270598360878919,-0.0121588004776581,-0.00135267383198004,0.00267496762861702,-0.0100251823907739,0.00805576336867481,-0.0240865899572147,0.0108612773899366,0.00288261316167965,-0.0338154586902349,-0.698127809109024,-0.0229028982629639,-0.101163701183616,0.0267477048770665,-3.03110180926662e-17
"Stress.Tolerance.Specific.temperature.high.protection..repair..degradation.of.denatured.misfolded.proteins.ATP.dependent.proteases",-0.0876648716920657,0.261838972601783,0.0209768007661739,0.0254933858238877,-0.284590730337402,0.0466804587266715,0.0483161833429204,-0.140888268803526,0.0372531525250923,0.0885299176102216,-0.0159689555456425,-0.0407824559686526,0.1550489296706,-0.097295507809435,-0.143935603909002,0.0103935379556892,0.0556716340464386,0.0518747669560011,-0.0204754514795775,0.0481910777771773,0.138096273844661,-0.115669737882082,0.0593576811737439,-0.0365025477461221,-0.0698206553724855,0.0421508948074892,-0.068020619274184,-0.0152614804700913,-0.00740128844316184,0.0102963509231058,0.0101696204376911,-0.0623978716876093,0.0232649502538129,0.021970055096575,-0.0305816923487372,-0.02383557873096,0.0193141782559121,0.0261861935409733,-0.031083293350014,-0.0028798212196559,0.0264536187255691,0.00563880589461019,6.32533210038894e-05,-0.0313558087249624,-0.027177295951053,0.0535965249369503,0.0145524443455281,0.0492831621887736,-0.0257126267116363,-0.0192692069825626,0.00901986901723019,-0.000451442696610044,-0.0552793419362079,0.00575779970903696,-0.0267416275918474,0.018811938336656,0.0289644997453003,0.0303464205538095,0.0190333608490436,0.0117825268835307,0.00366987191081303,0.0247754364449395,0.0246010266784395,-0.0135050162886409,0.0108353661392532,-0.0290815282728109,0.0120523375046232,-0.0318810495974762,0.00207057414038608,0.00756639191524029,-1.2393820835256e-09,0.0928870734467242,-0.003165238605812,-0.732465004947789,-0.348602432642936,6.29169753064985e-16
"Stress.Tolerance.Specific.temperature.high.heat.induced.transcriptional.regulation.heat.induced.transcription.factor",-0.0207208448629879,0.166647970577193,-0.0505116411971853,-0.264668550963344,-0.156054876166789,-0.0378992023185123,-0.216903932362931,0.0104344904444153,0.0951808992322429,-0.0934463400975764,0.0313657916560652,0.0731601971965369,-0.0878451889033356,0.0534912391843247,0.00540381807101179,-0.0645042453665456,-0.136288615968333,-0.101404534453007,-0.06053029782486,0.0925108558413259,-0.120942648148694,0.190843400681591,-0.0312707775743827,0.100069292034297,0.13209277060543,0.187810517526202,-0.015613900188757,0.0632444840296584,-0.0449733306133753,-0.109253154402795,0.230226832121418,-0.261070363707432,0.0733638202603281,0.196759924961749,0.259285977687637,-0.0296821424858029,-0.0981423357556353,-0.0594636682568232,-0.090688220589997,-0.148965609821475,-0.189744549397583,0.0291173543729036,0.11742813100501,-0.164346718162879,0.0865063618695499,-0.140527465668903,-0.016282411733297,-0.0821143005931465,-0.02584013120529,-0.149556674242832,-0.216392343094698,-0.297737892601107,0.0058619064918681,0.117270771814644,0.104155438400191,0.107055478395816,-0.00469176364672336,0.0549888217023976,0.0369809727436436,0.114375893077198,-0.0149992727762867,0.0345834556445217,0.0313965631430176,-0.0514930183389802,0.00144087420347681,-0.0160640272916626,-0.00377081225715253,-0.074369257861637,-0.0149112086930622,0.0358672553464358,1.01472616083663e-16,1.38343897066061e-16,1.98657665726343e-19,1.93724964546967e-16,7.90310539880525e-17,1.98573240942865e-17
"Stress.Tolerance.Specific.temperature.low.membrane.stabilization.fatty.acid.desaturase",-0.00442759235338745,0.0989580129690304,0.016754072032088,-0.0744724884565276,0.0121604584547872,-0.231566792257847,0.0755450368381792,0.00762740551929114,0.150536442067339,0.186694745966443,-0.0455789496956602,-0.135100051702559,-0.405477523702119,0.0141256695485712,0.251960526986467,-0.137409307606462,0.176739049533152,-0.3144878430864,-0.262794096497134,-0.0784398731472159,0.215490953510468,-0.332492373572794,-0.0543154639252059,0.0162100274835203,-0.237545782981337,-0.101507861739963,0.135831758555152,0.177640334144427,-0.137272533125809,-0.0665468215392462,-0.0224352238315164,-0.0383553858227531,-0.0905552303537046,-0.0559422018541146,0.0351060892089773,-0.0174795707578345,-0.0633987431503552,-0.106548467589375,0.0738918612119527,-0.0167621983592293,-0.0686246057160751,-0.0305084329503872,0.00217858393089648,-0.139836698924411,0.0214454319625575,0.0667599858597512,0.0279318082420741,0.00285975092035345,0.014782215549704,0.0220841355444815,0.0215309013576212,-0.081309867420441,0.0110234741560746,0.0162397989877674,-0.112641431841412,0.0201263652168692,-0.0176671707179465,0.0414207461382374,-0.0307183049987179,-0.000310406818936057,0.0135880386455136,-0.0323302480928724,0.000804129171824888,0.00674225625583151,0.0213471239068743,-0.0282522608216722,0.0228221411028422,0.0157099690232606,-0.0070483772559944,-0.000712434120629929,5.39507648676622e-17,-4.66009310451825e-17,4.457225290489e-17,6.3632753386404e-19,8.46593545207785e-17,9.30940069608113e-18
"Stress.Tolerance.Specific.temperature.low.destabilization.of.secondary.structures.in.mRNAs.mRNA.chaperone",-0.0680591249620414,0.120004425017702,-0.0530473802125928,-0.0934211890230236,-0.260426472966974,0.148528587169339,-0.0017309377075113,0.00930618977257253,0.0155517262795778,0.0123675457928099,-0.0838600682138484,0.100339006123207,0.072165985146042,-0.211938687536924,0.155246903093566,0.0535782672875488,-0.134629357504457,-0.338952988073286,0.0587543025960611,-0.0295238457783541,-0.206313625108407,-0.0580797066608167,-0.236537279980487,0.0450372182942941,0.208400357572268,-0.158885007932921,0.24424623657985,-0.0221181186239663,-0.0209372424920699,-0.0543524748220651,-0.251725658469856,0.119795727667675,0.0414730382470914,-0.0376624520709597,0.113055112684214,-0.244971441083297,-0.0552540905223884,-0.135589054834402,0.0178755194294624,-0.158771641081207,0.0574819846990485,-0.00906496181911971,-0.146819041071161,0.316872937877553,0.079025742232571,-0.0395466217568858,0.0908155574662851,-0.0278593957814503,0.0221500848682299,-0.0351850176738562,0.0995698869721503,0.0864572343280403,-0.129416380778162,-0.0378148723093633,0.0495073409381233,-0.0165241974245564,0.0268400882036668,-0.0468200502794465,0.0146955460987489,-0.0789098250547214,-0.0279135788741653,0.0133682431967973,-0.00209345631088473,-0.0237692735948489,0.100076075253801,0.0650502227026035,-0.0310502096715137,-0.0445626845869711,0.0157377928917422,-0.01575847974835,-6.3254361736456e-17,2.37772808039928e-17,-1.55779306039505e-17,-2.11421111545466e-16,3.23025867961877e-16,-3.41496757884879e-17
"Stress.Tolerance.Specific.temperature.low.destabilization.of.secondary.structures.in.mRNAs.mRNA.stabilization",-0.0781957858459269,0.191185876220757,0.0106551102968433,0.0284006205340733,-0.0842063357032007,-0.109900383549253,0.095318157712333,0.0765850907050373,-0.0957568622708469,3.43060005645668e-05,-0.0127929494771045,0.00103531145880349,-0.241532762715877,-0.208018786549617,0.0113262425648721,0.217020382144642,-0.112041786603249,0.0469212608613229,-0.0634171756606332,-0.262968434325654,-0.246993476135576,0.0618784870702621,-0.0566857804690325,0.0755369851869582,-0.0671351894296938,0.058211602876534,0.133967797638553,0.213761064613341,0.276611883369285,0.259592753397764,0.123740335397368,-0.0822496399925799,0.0213511534585106,0.165261864798529,-0.0425783250787394,0.297282297674485,0.21921290008412,0.0428077080686102,0.0730996610948296,0.151911510599337,-0.0216766061764053,0.0393832335270579,-0.174831416543515,0.10145890760189,-0.0505500607558267,0.249217730706475,-0.111673951052171,-0.106601849832724,-0.0798644328655327,-0.0408164901872454,-0.00154517003064375,-0.00230191209146535,-0.0589026995207358,0.0643657287860099,0.0908718167800114,-0.000928084969583381,0.00622695564964609,-0.0626156316914148,-0.013009580355565,-0.000516657832110828,0.00339594099711846,-0.0343532410915749,0.0447184027152695,-0.00746936357648876,-0.0306409065151328,-0.0542661574231892,0.00116270342158841,-0.0413160095413783,-0.0193321436947925,0.00378016237284701,8.02582937921243e-18,-7.67437407871283e-17,-1.41720582614364e-16,3.94999281428251e-17,-1.73450503811448e-17,1.33560478499508e-17
"Stress.Tolerance.Specific.temperature.low.destabilization.of.secondary.structures.in.mRNAs.RNA.degradation",-0.105757586123026,0.0442346830062608,0.10565926621592,0.0688386937817666,-0.00797841888961842,-0.173281624765164,0.225055226991002,-0.138226861109963,-0.0464487137689135,0.0671875515547779,0.219881139023501,0.166996443624304,-0.114168602262813,0.119623860281872,0.125212029293244,0.0635722196731263,0.0954852385670495,0.0335112571912635,0.152787465291199,0.163668908285816,-0.0598429244655698,0.0095940931145872,-0.0483559981701714,0.0115984225822071,0.0414000065149304,-0.181249922654633,0.00558026700725591,0.0908294050250136,-0.144913053022899,0.0249452013515223,0.0737524378146193,0.321321522330345,0.272922427308965,0.0734268924528444,-0.0486145247926648,-0.167834307525028,0.131247503093503,0.179594997162784,-0.0824498279096619,-0.122693852132902,-0.00889248274984119,0.359678218188842,-0.0586002753112719,-0.160119111419952,-0.142614305107701,-0.0964147995166737,-0.174207834319375,-0.115325520118544,-0.152983082094525,0.0115448957119859,-0.00912798324503133,-0.0974515604807599,-0.119904609391827,-0.0297578621229259,0.0511341080872347,0.0603859069211893,0.0783105639461109,0.0244146417092993,0.0679733792600305,-0.0115488123879228,-0.0279241415605305,0.107201300181504,-0.0442395610282596,-0.0585353225504208,-0.0328047141013502,0.0468272686883472,-0.00513245482842394,0.0273024115182892,0.00959317339362113,-0.00293180471167595,8.4786155901856e-17,1.38201278370684e-16,1.27205853770257e-16,-8.46082767269438e-17,9.00615060492384e-17,2.27817714158343e-17
"Stress.Tolerance.Specific.temperature.low.cold.sensing.machinery.cold.sensing.two.component.system",-0.0250824534218111,0.0711958693158146,-0.210909173626714,-0.127183584242629,0.0461372240994337,0.0509468033437631,-0.221075841739848,0.0405136638497912,0.0783253729394929,-0.0996783039496288,0.200158913250833,0.134130267678692,0.0269809692954536,-0.043773626502208,-0.0799125115467223,0.152937575608826,0.292305843182218,0.20156590680561,-0.208562459521017,-0.0989815238999629,-0.0931503754652563,0.132744371361196,0.170350037023657,-0.0349220965492974,-0.0758290905000298,-0.0337012259646982,0.0876311000432421,0.394139179668711,-0.209544992764428,-0.0329432104572035,-0.226470177633259,-0.0432787921687743,0.0925425918472926,0.131792598518441,-0.184201628172935,-0.171799722251239,-0.115461550207759,-0.0484163885798783,0.0158108751104149,0.0873645203663179,0.243866612283512,0.0206783612558498,-0.184091444477113,-0.0303871662449017,0.138963833136641,-0.0739932738675646,0.0146886947048074,-0.0125619970611393,0.0571766195012973,0.0516357449706115,-0.025766493684747,0.00431623922341945,0.126989556835185,-0.0203857751359241,-0.0435422712129166,-0.0323304694192422,0.0157917056407802,-0.0178784607330834,0.037321163801958,-0.0477603215084828,0.00621576551213934,0.0161168071181835,0.00498903732275166,-0.0169948480587227,0.035795045675221,-0.0329304867821338,0.0249109734499744,-0.0281281139863655,-0.00881393625624196,0.0163839436774543,8.94467981820997e-17,-2.21301766852229e-17,4.15888454668855e-17,-9.54217847356845e-18,-4.34420205840986e-17,-3.76613605764591e-18
"Stress.Tolerance.Specific.desiccation.osmotic.salt.stress.accumulation.of.compatible.solutes.transport.of.compatible.solutes",-0.153265256259955,-0.0145414236408974,-0.021869563599653,0.00892979325648093,0.0427136212455889,0.00096540614798787,-0.190183311519685,0.0774557773549989,-0.117173759271252,0.0117755345824525,0.193143925155628,0.0890372136719536,0.00212607138618981,-0.0627929165376484,0.11084072054779,0.048277218305238,-0.0207624366824213,-0.0293926288798048,0.124279423830214,-0.0150056847827364,0.0095480675924138,-0.119165569034577,-0.0164016407858397,0.0322552213194288,-0.148620646006689,-0.129732664539864,-0.0250414612428367,-0.156517579092946,-0.0519380435639732,-0.132134636997873,0.109444756936872,-0.168543775870776,-0.0871920872437179,-0.0129791438494731,0.106156136758543,-0.0511538603363044,0.0811823049861815,-0.0170492354803078,-0.035088970857634,0.443112826511568,-0.0792831247449944,0.150220527166581,-0.0870102346640151,0.111936863947833,0.0543190341308303,-0.110308826449298,-0.00322492745071323,0.158540407968936,-0.174337683046497,-0.217304784502373,-0.0325202099807943,-0.0335355828114124,-0.0522769159943774,-0.342545218383875,-0.11503400942666,-0.090350038452174,-0.00123695105110846,0.163865166916648,0.248828857572318,0.0027883061331169,-0.033681080454171,-0.0369331701166234,0.061285191462247,0.194071453450229,-0.0386444425553352,-0.0622752076712079,-0.0650717219640611,-0.129670452757081,-0.0328896992304497,0.0115696135623376,7.25927937102481e-17,-1.76570339240911e-17,-2.24537446298644e-17,-7.80480118044103e-17,5.005421332994e-17,-1.10061892533637e-17
"Stress.Tolerance.Specific.desiccation.osmotic.salt.stress.accumulation.of.compatible.solutes.synthesis.of.compatible.solutes",-0.11600150818003,0.0799736968209215,-0.0529921248545987,-0.181886496947579,-0.0252340079584019,0.0752380978350661,-0.0846838957629192,0.0846336504766409,0.0657492840469947,-0.0405143337186894,0.00539282831039568,0.0244536521759038,0.0585536896930755,0.0344694186599583,0.15736531291501,0.156202355114145,0.0238376188913449,0.145526129873523,0.0403413588044371,-0.213112712437181,-0.104118215354687,0.033279284677762,-0.0611949502784787,0.122890410777672,-0.206738955675835,-0.0450335410784431,-0.0394028282011513,-0.257257834606752,-0.208361232641941,0.0853927756188091,-0.00446869489932461,0.0686849227073014,-0.519334239366592,-0.0559586662801877,-0.0804933780795183,0.0499753110597841,-0.0626754935616131,0.186729053140013,-0.0494040123057672,-0.422992647755089,-0.0164218128471192,0.104255714086473,-0.0748873065380818,-0.142423423726172,-0.0346307574499105,0.101520926607896,-0.139942641258023,0.0513336030542026,-0.0380747449050215,-0.0481613488369056,-0.00498196009967017,0.0525455469714859,0.0150287752559398,-0.00931951880829635,-0.0122053711696169,0.0437797248499213,0.0129067822089118,-0.0306439529299794,-0.000200187730128046,0.0396067681190709,0.0134257749634933,-0.0372690180878456,0.0180579785693292,0.05343723995762,-0.0103994954725304,-0.0217621713284864,-0.0166823420865622,-0.0581442380476926,0.0423425769936319,-0.0244371337534057,2.60516190688177e-17,-7.86257841155498e-17,1.21463575780085e-16,4.61730888097898e-17,-9.31761042965385e-17,3.26780246321209e-18
"Stress.Tolerance.Specific.desiccation.osmotic.salt.stress.enhancement.of.microenvironment.EPS.biosynthesis.export",-0.10297036781753,0.207515936993676,0.142026085887388,0.104599056444208,0.0622187362332249,0.00863761573932625,-0.112402867812689,-0.140908350751206,-0.0793212967474409,-0.0309666138649895,0.00223690645193606,-0.163106926400399,-0.0594262296774923,0.180122548816374,0.116146020532835,-0.248360625094144,0.0168580183210573,0.0977640231558467,0.119188606107328,0.0710511511779971,0.0417963358664937,0.185115932760803,0.056052607434858,0.0752979687708408,0.00666081363831584,-0.0979397554850922,0.0959571736667418,0.0737436334478024,0.0225504804456193,0.147351258316001,-0.118671356109581,-0.148799539955875,-0.0300602124369723,-0.113708436886269,0.00622998747503792,0.0109718948164468,-0.0943932421878158,-0.0111480183819476,0.0173635132007744,-0.0484959354550161,0.0494962341542894,-0.0110817525857935,-0.0670306581719764,0.156099321070871,0.0260134404172891,0.0114647393127905,-0.0718653053350268,-0.0184826065193248,0.0133455523724973,-0.0638195103992548,-0.0159002757527359,-0.0300604256719291,-0.0333647958164985,-0.0184403330719964,0.0124056759774248,-0.0212767093314152,0.0293733404906743,0.00537607630093526,-0.0302398324129401,-0.0207537559318398,-0.00384983954794077,0.0172748820194126,-0.00229377167425969,0.0190946079172668,-0.0459419143547264,-0.019084169827651,-0.0283583524996399,-0.000113078136934092,0.00303233137878048,-0.00501928480395137,-0.215881704424424,0.0313842728723974,-0.672571287542581,0.00750332976543888,-0.00129627420818738,2.35883188475982e-17
"Stress.Tolerance.Specific.desiccation.osmotic.salt.stress.osmotic.sensing.two.component.systems..osmotic.sensors.salt.potassium.sensors",-0.1257126792831,-0.104882667947396,0.0554219208960386,0.135716459404816,0.00641489987663506,0.0594743709759572,0.104668861972479,0.0219366935873353,0.166764604037044,-0.171783263211676,0.199232941034406,-0.0624194184838512,-0.0648646949419429,-0.0292618665980513,-0.0773337803763255,0.0288468040906273,0.150556395921702,-0.0225934028123779,-0.0277296462552885,-0.128927460468449,0.0624353938269588,0.181577875624759,-0.0482636275215332,-0.0100075051454998,0.0562978769786791,0.0553635214411369,0.0777550634262292,-0.103467721999522,-0.188682030811506,0.0104333699985038,0.149696033520958,-0.212668306865699,0.0629593536845666,0.0605914683745756,0.045506438378998,-0.0915173147614356,-0.150429387376231,-0.297602578775785,0.0720135242081784,-0.0437063763386637,-0.113247302210008,-0.0693913989768603,-0.0193929597003603,-0.0298582585839994,-0.21978042715198,0.0732158368117743,-0.0156518273122254,0.0185042411834198,-0.318047219198602,0.184425021294541,0.00826323989531076,0.342646298329854,-0.281441984523794,0.0772549384575768,0.10381648705341,-0.107835592445699,0.0678254892660109,0.143316836557869,-0.061039855417029,0.00815368423958185,0.0499786167882905,-0.0529109404387318,-0.086177156955282,0.0321651916507878,0.018325197846263,-0.0124521247486692,-0.0314019183403486,-0.0189956114580577,0.0228078190635878,-0.0538222671198303,-6.09169285204899e-16,1.20318887160231e-16,1.13437055801628e-16,-6.71325786297772e-17,1.27714452831567e-16,-1.60462206315211e-17
"Stress.Tolerance.Specific.pH.stress.protection..repair..degradation.of.denatured.misfolded.proteins.periplasmic.acid.resistance.protein",-0.0363714591128874,-0.0245936718493359,0.114631808374954,-0.123431183572881,-0.0642542777571607,0.167597114284464,0.0339867179854686,0.0735784220730126,-0.0484972138233267,0.20195972819991,-0.239429735674341,0.110882657323892,-0.242336175694278,-0.0501756109034335,-0.021516000571614,-0.198437235404489,0.131972624606011,0.0825204497145548,0.40714938955214,-0.269136692663932,-0.184800150182173,-0.0610016260327386,0.466116226156077,-0.242175673649091,0.0317199072738905,-0.0376685657632543,-0.0352028347189101,0.00787546512159029,-0.0954729206730093,-0.146842287465169,0.0809313694812737,0.061861860799385,0.0150858583663911,0.105367729254617,0.110137887781081,0.0574979673618065,-0.0224153949865564,-0.18685232220435,-0.103163159485684,-0.0238984935108357,0.035972768637702,-0.0362994270348979,-0.0130633357842833,-0.0122864208257566,0.019210900648897,0.0111123582223264,-0.0535887220088372,0.00633044173284338,0.036968479943111,0.0216582864850568,0.019620332679731,0.0255019101463561,-0.057244718106868,0.00116630077997431,-0.018783870876038,0.0567247224165795,0.0323838050847863,-0.0456276122694565,0.0301801837195866,0.000727907670892647,0.0367377380646416,0.0165557874312895,-0.0260523239344286,-0.00279863473390719,-0.00462584075379077,0.0124182588871584,-0.00722298864786097,-0.00510962025580542,-0.0023011413953599,0.000916034980407547,-1.75147165979795e-16,6.63273569095133e-18,5.84052874400195e-17,9.45936597919371e-18,-5.83768246133619e-17,8.95807355968323e-18
"Stress.Tolerance.Specific.pH.stress.protection..repair..degradation.of.denatured.misfolded.proteins.ATP.dependent.proteases",-0.0876648716920657,0.261838972601783,0.0209768007661739,0.0254933858238877,-0.284590730337402,0.0466804587266715,0.0483161833429204,-0.140888268803526,0.0372531525250923,0.0885299176102216,-0.0159689555456425,-0.0407824559686526,0.1550489296706,-0.097295507809435,-0.143935603909002,0.0103935379556892,0.0556716340464386,0.0518747669560011,-0.0204754514795775,0.0481910777771773,0.138096273844661,-0.115669737882082,0.0593576811737439,-0.0365025477461221,-0.0698206553724855,0.0421508948074892,-0.068020619274184,-0.0152614804700914,-0.00740128844316182,0.0102963509231059,0.010169620437691,-0.0623978716876095,0.023264950253813,0.0219700550965751,-0.0305816923487373,-0.02383557873096,0.0193141782559119,0.0261861935409733,-0.0310832933500141,-0.00287982121965601,0.0264536187255691,0.00563880589461043,6.32533210038477e-05,-0.0313558087249625,-0.0271772959510529,0.0535965249369501,0.0145524443455282,0.0492831621887735,-0.0257126267116361,-0.0192692069825628,0.00901986901723016,-0.000451442696610044,-0.0552793419362078,0.0057577997090371,-0.0267416275918476,0.0188119383366559,0.0289644997453002,0.0303464205538091,0.0190333608490436,0.0117825268835305,0.00366987191081309,0.0247754364449394,0.0246010266784395,-0.0135050162886409,0.0108353661392532,-0.0290815282728109,0.0120523375046232,-0.0318810495974762,0.00207057414038608,0.00756639191524029,-1.23728518315416e-09,0.0208996861934501,0.000197050077940721,0.0707266728290088,0.813159005794984,-7.60179975825798e-16
"Stress.Tolerance.Specific.pH.stress.membrane.stabilization.cyclopropane.fatty.acid..CFA..synthase",-0.0808953197822345,0.0649345575231198,0.0757505608456605,-0.199099412757526,-0.0905927274234456,0.0670657232618682,0.152289475946815,-0.00719987547098327,0.257551106293497,-0.0124463257754467,0.0850994537086984,-0.0798749672559119,-0.150234054953239,-0.0994990201474755,0.24070051411358,0.0896754201406504,-0.0893834018904639,-0.114428850626416,0.132033176025358,-0.107148702014549,0.105755735951961,0.205401859269744,-0.0477834746051665,0.177496269830466,0.108172019954579,0.0179394125721354,-0.300861752947165,-0.0620075270961818,-0.00299175010095175,-0.115202882206076,0.0198585612888487,0.0305509302990032,0.1250797575114,-0.242952911100544,-0.274496406312961,0.08202009044365,-0.159059349565418,0.0441392540584369,-0.199911101994351,0.282146993808145,0.298190053230571,-0.10587136259985,0.0851141358351304,-0.043887258154261,0.00230897315852976,-0.00718077568980552,-0.107908265181897,0.0184961773064226,0.0768507286838209,0.0299286428215969,-0.0223603728137528,-0.0228812569427256,0.0577276897124228,0.0439553545932021,0.128176046216233,-0.0765212043325554,0.00153224193404906,-0.0329316309105888,0.0346413021841313,0.0144094381617691,-0.0406534822806241,-0.0599483559610892,0.0195891392040188,-0.0312387804548557,0.0150181051889645,-0.0233163316515114,-0.0288790590918498,-0.013665497704899,-0.00288630656031331,-0.00459356523671664,-1.27049587684628e-16,-1.51193641125277e-16,9.39007484992087e-17,-8.78405107601258e-17,1.55494128853526e-17,-3.0097340486682e-17
"Stress.Tolerance.Specific.pH.stress.redox.sensing.redox.sensing.two.component.systems",-0.135317322415491,-0.033504374918954,0.0863354450559496,-0.218839714267125,0.050749582400892,0.276446309730749,0.177944807463656,0.0969824014533864,-0.0521882505111555,-0.097011661163706,0.0734295816318444,0.0568807436444541,-0.0522300132549815,0.0425092403006037,-0.142146083086668,-0.14589442438412,0.00208285031253626,0.0351011181118792,-0.0799437626057173,-0.0228590165601212,0.0836080734044509,-0.0552117879441176,-0.11078704984228,0.00592260049455531,-0.0753378239175515,-0.0351612103114417,0.0746793740123109,0.0260383960488307,0.044729877320691,0.0580033324880572,0.0102367184431536,-0.0179078963683663,0.0479431253693547,-0.0279018146633685,0.0312756917893106,-0.00419062594442456,0.0497408069865532,0.0367185336394357,-0.0179325001827674,-0.00288218959596732,0.0247177041569433,0.0379619353640494,0.0114055935683633,0.0156687225002585,-0.0113531367464371,-0.0287315603676028,0.0170884324000107,0.0467964882170032,0.0278245114554543,-0.0407066521882549,-0.0167841209388361,-0.0318884837008758,0.0148618548906963,0.00101646060907672,0.0118705246946063,0.0227830321270749,-0.0176032950378466,-0.0271564197532014,-0.0312409636763884,-0.00816814339015301,0.000857051348186331,0.0159030104060794,0.01728814185134,0.00702969615224427,-0.0146468527317938,0.0169945866393022,0.0173288214500694,0.00451422815061794,0.005075936530495,0.00131194748994915,-0.77653212378143,0.0289015243417577,0.250636221300435,0.00309249549228205,-0.00107253753285793,1.17975263873037e-17
"Stress.Tolerance.Specific.pH.stress.redox.sensing.redox.sensitive.transcription.factor",-0.10993595759139,-0.00196011923902967,0.0301458540187376,-0.114109103166608,0.0933533651464215,-0.122186853653594,-0.0205900071480344,0.160090118391317,-0.0525925937754477,0.153189795624026,0.268718071433739,-0.0191423557740245,-0.0698730600662514,0.0963774989952626,0.151485651779948,0.0672408633115769,-0.0122792463195126,-0.00858224242920757,-0.0907462878469377,-0.0524349813370873,-0.0333123817628255,-0.137313025722512,0.152416777235609,-0.147227993714412,0.065225229465643,0.271618983657641,-0.417597042368308,-0.100106201653706,0.266664788012664,0.169217348017208,-0.339432320166453,-0.151858407649813,0.0416041150189824,-0.00278915376679023,0.173719628744633,-0.253063073958424,0.0504522453749144,-0.0564375762887711,0.0253420158261119,-0.131550647193413,0.0913653280647414,0.0806343271008605,-0.0617925793218416,0.069102351281276,-0.171202564738212,0.0329569519737327,0.0719162492764794,0.0733964044449523,0.0370974653473198,-0.00314970723615682,0.00736968889961791,-0.00361457439062268,-0.10415660636191,0.0144575287619873,0.0771061292324987,0.0355797154360145,-0.0152796584762631,-0.0226382534247148,-0.0255411008343295,0.0317274168029083,0.0109520405082341,0.0117412911089249,0.0240351527844458,-0.010056971182067,-0.00160749435175081,0.00846879334895505,0.00135253023535992,0.00309919549610109,0.00510954149736003,0.009141150774949,-1.64342152872418e-17,-2.9010047763547e-18,7.46651447196794e-17,-5.41582206090701e-17,1.03715778362559e-16,-5.15674918017645e-17
"Stress.Tolerance.Specific.pH.stress.consumption.of.excessive.cytoplasmic.protons.urease.system",-0.0676982367605501,-0.0490633223518415,0.0798656513197108,-0.198190518515076,0.238456551587345,-0.153544313387068,-0.155726035238563,-0.0329396301931622,0.0590515332291227,-0.0305403033284013,-0.138366623772763,0.0594559794049322,0.0659405244255907,-0.18072283532023,0.0337897921626611,0.0841062251486154,-0.0178909443066092,0.267582745397326,0.177978040486535,-0.1504452562253,0.266273881142878,-0.214816000756812,-0.132400350322353,0.126225356183863,0.153962576813781,0.0748137911339133,0.0508587811408039,0.112530550518762,0.0307778029616681,-0.0587914590876701,-0.0494851750118184,-0.0923536321368907,0.156505900062323,-0.0110218648546325,0.0114857838926084,-0.0894721219425289,-0.000483732216298164,0.113219576175097,-0.0393821170314888,-0.0484117313398366,-0.0657645595050041,-0.101912816791999,0.0529631427009083,0.0232974575962908,0.00799205565821577,-0.0152673627738302,-0.184725361794711,-0.171565476655783,-0.00646024448940387,-0.253560674074832,0.0742280492529619,0.185350912059001,-0.199276025432454,0.213856824656554,-0.30397607540861,0.0125922456172597,-0.0143203704853231,0.0580014950582621,-0.00349147294501223,-0.00129624135329615,-0.0761048193600632,0.058561636273219,0.00611341990013645,-0.0138766641478853,0.0417103655835534,0.033247465438106,0.040961031599864,0.0339149850556179,-0.0060641984225207,0.0158113049999905,-1.37541269470159e-16,-9.8799994179206e-17,-1.81738718742455e-16,1.38269663843099e-16,-1.45977474291766e-16,2.49031507584364e-17
"Stress.Tolerance.Specific.pH.stress.consumption.of.excessive.cytoplasmic.protons.decarboxylase.and.antiporter.systems",-0.12190276159257,0.00956568105575485,-0.0394049657427805,0.114558341414769,-0.0255818290380135,-0.0184485112643564,-0.19088462334875,0.0169792053343767,0.210421851911713,-0.0324121306663539,-0.0262360363636962,-0.0795363982795557,-0.12816152839073,0.148348861664526,-0.100453612502579,-0.204066319551505,0.100193562807483,0.0617804725994427,-0.190416042431129,-0.126882335962014,0.127149597122643,-0.0462512450097989,-0.12455273650424,0.0226640448085693,0.23644203404356,-0.0241897590284093,-0.127254854923801,-0.15198162890466,0.113871399109094,-0.359589723432102,0.0415283731323708,0.108333725280688,-0.0512928160067139,0.175098612756823,-0.0268435605870033,0.197443028644066,0.238118492523968,0.0297209659724105,-0.0902382303237479,-0.116512756734801,0.186089708546332,0.1958552246559,-0.214882659433453,0.218139785681163,0.0329550364882866,-0.0347952753092114,0.115757417920833,-0.133325860402474,-0.0888345050910965,0.0133722219271481,0.0402477280739083,0.031906847776294,0.0763797040256507,0.13290315832962,0.0265838375602614,-0.0440416115429035,0.0309129760360969,0.0190915654954321,0.113028617225697,-0.102338254939963,0.0830492877098187,0.0572558577703843,-0.0254336380412551,0.0359108507119682,-0.0966185158919545,-0.043063848984505,-0.0213070121953069,-0.0108299234577278,-0.0141953192347489,-0.00837727723728195,-2.99523611445709e-17,1.21918818120564e-16,1.68450934044693e-17,-3.97461553924145e-17,-4.96420177668709e-18,5.05479220980332e-17
"Stress.Tolerance.Specific.oxidative.stress.scavenging.of.reactive.oxygen.species.ROS.scavenging.enzymes",-0.12284809516246,0.0616421216206362,0.0528903963698468,0.00240720743813166,0.148255368670038,-0.0486958938217218,-0.0927008218698536,0.158909651228508,0.0897379948062293,0.316758432728365,0.201383148316877,-0.111525202144856,0.0487082243848413,-0.0722988566085008,-0.206429968238278,-0.0982636914581935,-0.120009590186375,-0.0654193968381305,0.148163757838419,0.151497224240504,0.000217358806219696,0.116923479620561,-0.00697233399916489,0.125764390440012,-0.0210440154347816,0.101768235958393,0.0747911967849025,0.0958409440388523,-0.0130518356648249,-0.117500878977922,0.0788662004076244,0.209689715475366,0.0194653688937897,0.0361367871960169,-0.0306413067091483,-0.0353718341095272,0.067504639007512,-0.0362391960098585,0.0661710092809023,-0.0540308132761516,0.0241417445364385,-0.0120576814876272,-0.0908273970542307,-0.0784680638620598,-0.0444240710052366,-0.0169709963466497,0.0277113856914427,0.00258102222211571,0.0659951509800002,-0.0110542132899806,0.0433494041284526,0.0719299788424495,0.00538471104467866,0.0165886088153803,-0.0785094412215891,0.0838351893277493,0.0171481331381464,-0.123863777567812,-0.298889172386158,0.0244387049299082,0.048504958058983,-0.286252762962273,0.254630141904754,0.256373093081198,0.185653508726851,-0.153891626666013,-0.189643872865254,-0.20056108588106,0.00926486875602993,0.0299833264372144,7.09304143072134e-17,8.08590994788706e-17,9.7255863271619e-17,5.4791272092435e-17,1.18589522075833e-16,7.65694443047642e-18
"Stress.Tolerance.Specific.oxidative.stress.redox.sensing.redox.sensing.two.component.systems",-0.135317322415491,-0.033504374918954,0.0863354450559496,-0.218839714267125,0.050749582400892,0.276446309730748,0.177944807463655,0.0969824014533863,-0.0521882505111554,-0.0970116611637059,0.0734295816318443,0.0568807436444541,-0.0522300132549815,0.0425092403006036,-0.142146083086668,-0.14589442438412,0.00208285031253626,0.0351011181118791,-0.0799437626057172,-0.0228590165601211,0.0836080734044508,-0.0552117879441175,-0.11078704984228,0.00592260049455523,-0.0753378239175511,-0.0351612103114416,0.0746793740123107,0.0260383960488306,0.0447298773206908,0.058003332488057,0.0102367184431537,-0.0179078963683662,0.0479431253693545,-0.0279018146633682,0.0312756917893105,-0.00419062594442472,0.0497408069865532,0.0367185336394353,-0.0179325001827674,-0.00288218959596744,0.0247177041569432,0.0379619353640484,0.0114055935683633,0.0156687225002584,-0.0113531367464375,-0.0287315603676024,0.0170884324000107,0.0467964882170029,0.027824511455454,-0.0407066521882544,-0.0167841209388359,-0.0318884837008754,0.0148618548906962,0.00101646060907677,0.0118705246946063,0.0227830321270745,-0.0176032950378464,-0.0271564197532007,-0.0312409636763883,-0.00816814339015276,0.000857051348186408,0.0159030104060793,0.0172881418513397,0.00702969615224423,-0.0146468527317935,0.0169945866393019,0.017328821450069,0.00451422815061822,0.00507593653049491,0.00131194748994871,0.388266061890716,-0.0144507621708788,-0.125318110650218,-0.00154624774614131,0.000536268766428266,-0.707106781186548
"Stress.Tolerance.Specific.oxygen.limitation.redox.sensing.redox.sensing.two.component.systems",-0.135317322415491,-0.033504374918954,0.0863354450559496,-0.218839714267125,0.050749582400892,0.276446309730748,0.177944807463655,0.0969824014533863,-0.0521882505111554,-0.0970116611637059,0.0734295816318443,0.0568807436444541,-0.0522300132549815,0.0425092403006036,-0.142146083086668,-0.14589442438412,0.00208285031253626,0.0351011181118791,-0.0799437626057172,-0.0228590165601211,0.0836080734044508,-0.0552117879441175,-0.11078704984228,0.00592260049455523,-0.0753378239175511,-0.0351612103114416,0.0746793740123107,0.0260383960488306,0.0447298773206908,0.058003332488057,0.0102367184431537,-0.0179078963683662,0.0479431253693545,-0.0279018146633682,0.0312756917893105,-0.00419062594442472,0.0497408069865532,0.0367185336394353,-0.0179325001827674,-0.00288218959596744,0.0247177041569432,0.0379619353640484,0.0114055935683633,0.0156687225002584,-0.0113531367464375,-0.0287315603676024,0.0170884324000107,0.0467964882170029,0.027824511455454,-0.0407066521882544,-0.0167841209388359,-0.0318884837008754,0.0148618548906962,0.00101646060907677,0.0118705246946063,0.0227830321270745,-0.0176032950378464,-0.0271564197532007,-0.0312409636763883,-0.00816814339015276,0.000857051348186408,0.0159030104060793,0.0172881418513397,0.00702969615224423,-0.0146468527317935,0.0169945866393019,0.017328821450069,0.00451422815061822,0.00507593653049491,0.00131194748994871,0.388266061890716,-0.0144507621708791,-0.125318110650218,-0.00154624774614073,0.000536268766429709,0.707106781186547
"Stress.Tolerance.Specific.oxygen.limitation.oxygen.sensing.oxygen.sensing.two.component.systems",-0.0376510611818173,-0.0611835879263386,-0.129304321705105,-0.0526451973352968,-0.152258756685229,-0.204906339710854,-0.0955751739555502,-0.000456699894638891,-0.076941556909339,0.340631808413953,0.0124944457235322,0.302292962165291,-0.104732945039713,0.0882827628611268,-0.154951391817895,-0.156484801644682,-0.0271606203481037,0.171043216440927,0.0641940244046884,-0.0341289404663598,0.0463211905264664,0.120147909213512,-0.376950196601931,-0.152792256370789,0.0559708863535241,-0.0806894381317049,0.0864287958386104,-0.096727653139882,0.0472159849668982,0.184931987521054,-0.185167269658082,-0.0995181420601022,-0.100842234513184,-0.0289441203011505,-0.17483800435132,0.00921161939795923,-0.0489932757839558,-0.249368577981838,-0.241205981833699,0.104775149476112,-0.0505786338359699,0.012324014789031,0.152850993330712,-0.157967084557715,-0.0181552406362823,0.0305785668801458,0.0315882644253742,-0.0277094133050505,-0.0621026031268931,0.0294736907459035,0.119187505973588,-0.00606451084728604,0.0953116095912133,0.0605411932305548,0.0405494381376778,-0.130443030347985,0.0223766388771999,-0.0548059069035501,0.0328795838447074,0.00318339450170974,0.0578437734760931,0.0344030682362762,0.0630873644303254,-0.0131658527240432,0.0237613369777373,0.0366204614448819,-0.0105780533891677,-0.0209016361267723,-0.0131551559100396,0.0128716531016532,-7.70290885550858e-17,9.15856486503952e-17,-5.53949463961247e-17,-1.01345378715115e-16,-6.89330556964787e-17,-2.72630619553196e-17
"Stress.Tolerance.Specific.envelope.stress.misfolded.protein.secretion.stress.sensing.misfolded.proteins.secretion.stress.two.component.systems",-0.113739454948822,-0.0225485307213867,0.0137274045001269,0.210273471435603,-0.00774808681258354,0.133307422857391,-0.18723517319588,0.00436314448438188,0.104213630403532,-0.198713110542601,0.00896910943716311,-0.129729459448017,-0.0260480311198031,-0.0667805531573329,-0.122337819725616,0.0479578238828753,-0.0674772971903099,-0.0852363204757927,0.0391422431605049,-0.130774630045837,-0.0405417585151596,0.0209538838362503,-0.0240739606621442,-0.207823202765705,0.116732593137062,-0.0384484364347131,0.0117740283754701,0.195561970880652,-0.0485634927912532,-0.0140089115107066,-0.0780676876941739,0.0936020297247052,-0.185325570721184,-0.33864015768741,0.114464094022823,-0.123463843080702,0.205601926768184,-0.0749062669756524,-0.0271631452501984,0.14859525334334,-0.0220573659268886,0.146674558133489,0.080384286686366,-0.30072826421854,-0.239073998060106,0.164963399650243,0.0748018605648314,-0.109360174266418,0.212230063693608,-0.229574603578276,-0.00651479421520139,-0.0984605309807716,0.0107982956545496,0.0995499581765263,0.0412076917740122,0.036412697145559,0.194760837249378,0.0839970262498213,-0.0180198226562922,0.00222710322197481,-0.0633116077231927,0.090082554055901,-0.0657859594551197,0.00751033259750864,-0.00131570596591477,0.00917930549830824,-0.0310039211411541,0.004581449825754,-0.00331508593289402,-0.0069554663345884,2.80385860381913e-17,-1.93808155627923e-16,1.4648689957756e-16,-5.5957466521249e-17,-1.52107885502017e-18,-3.90085119344901e-18
"Stress.Tolerance.Specific.envelope.stress.phage.resistance.phage.shock.system",-0.0410078470271057,-0.0213595239237892,-0.224495863255424,-0.031608963835007,0.0164938124962714,0.0382110793062511,-0.212882541922982,-0.0186211063783246,0.232383498149613,-0.14028454701244,0.0727249326170102,-0.0817112134517544,-0.0346447384356327,0.00880381894232271,-0.0702852766340345,-0.224350940556209,0.0637176940129618,-0.18383171369973,0.171557977153727,0.127592293913516,-0.252814486539171,-0.387890819134441,-0.0267442327812569,0.00286243139885297,0.205792510562112,-0.104614655394753,-0.0745826313592702,-0.0301277572900868,-0.0607304470630856,0.375415864236939,0.131372118938813,-0.129950833481772,0.0568371899062395,0.0853701041822325,-0.267258399698481,0.00989229216931323,0.145406809429057,0.0595883819532788,0.0189400355696722,0.00444424339251106,0.025925131914787,-0.0919240623902444,0.0110693021097558,-0.0323167240709035,-0.0811226419017687,-0.0392586253247962,-0.18760956891031,0.12365435337082,0.0572793604865966,0.080294968858644,-0.0256480964051667,0.0772406571462149,0.031568408061046,-0.0285376111443771,-0.0302521074807219,0.0343413511354929,-0.119150633176799,-0.0452415942840801,-0.018115709626308,0.024923801116021,0.0176107778395806,0.0520427273421139,-0.0131730217003266,-0.00670327785380122,0.00758095249458535,-0.0407375763075877,-0.0221993855602567,0.00957083639621147,-0.0257710496253961,0.000266754606086205,-6.58628743909656e-17,1.12807397245914e-16,-5.35459145193243e-18,2.29867171468071e-17,7.07171772999634e-18,-7.4861594848373e-18
