genome,MAG_ID,cluster,score
3300057050_31.fna,3300057050_31,1_0,34.09979987594252
3300057050_69.fna,3300057050_69,2_0,75.21178012
3300057024_137.fna,3300057024_137,3_0,72.0158351
3300057049_11.fna,3300057049_11,4_0,70.99494810357938
3300031539_58.fna,3300031539_58,5_0,64.2607423
3300033433_22.fna,3300033433_22,6_0,64.54783914972874
3300044712_134.fna,3300044712_134,7_1,80.50735404376724
3300045051_109.fna,3300045051_109,8_1,80.39509562576008
3300044712_27.fna,3300044712_27,9_0,76.70960003253371
3300075647_14.fna,3300075647_14,10_0,69.35786792113883
3300044712_156.fna,3300044712_156,11_0,70.05073384659093
3300045051_151.fna,3300045051_151,12_0,73.21705967742422
3300082287_16.fna,3300082287_16,13_0,53.331751432733796
3300054681_24.fna,3300054681_24,14_0,94.81002549403141
3300057029_134.fna,3300057029_134,15_0,54.45029247803248
3300057040_62.fna,3300057040_62,16_0,66.44341450233848
3300035695_11.fna,3300035695_11,17_1,72.96805742629206
3300044802_14.fna,3300044802_14,18_0,76.39351096278934
3300057035_115.fna,3300057035_115,19_0,77.61080135801411
3300082262_62.fna,3300082262_62,20_0,63.051116740119426
3300044799_39.fna,3300044799_39,21_1,99.09725763230237
3300021432_18.fna,3300021432_18,22_0,60.78559587896736
3300031578_28.fna,3300031578_28,23_1,88.57897365
3300037993_16.fna,3300037993_16,24_0,48.284899638959494
3300038425_23.fna,3300038425_23,25_0,76.41389195042686
3300038427_43.fna,3300038427_43,26_0,38.685307353098686
3300054962_48.fna,3300054962_48,27_1,94.52902514
3300032770_15.fna,3300032770_15,28_0,66.24681196622275
3300033405_19.fna,3300033405_19,29_1,70.30097944959553
3300054961_49.fna,3300054961_49,30_1,90.25210520635657
3300054964_38.fna,3300054964_38,31_1,80.05922443265784
3300031671_23.fna,3300031671_23,32_0,59.31323041256466
3300050019_19.fna,3300050019_19,33_0,55.686620526886315
3300080942_27.fna,3300080942_27,34_0,67.05332894210088
3300054966_22.fna,3300054966_22,35_1,93.1468401
3300054966_49.fna,3300054966_49,36_0,92.62023382143549
3300054961_43.fna,3300054961_43,37_1,88.47533813930946
3300054964_34.fna,3300054964_34,38_0,84.90692536288392
3300054703_38.fna,3300054703_38,39_0,69.66898150766048
3300080032_86.fna,3300080032_86,40_0,80.25952472329877
3300054682_41.fna,3300054682_41,41_1,89.22296555817154
3300054703_62.fna,3300054703_62,42_0,86.28401649536235
3300082211_14.fna,3300082211_14,43_0,63.16755041688286
3300066520_79.fna,3300066520_79,44_0,82.46067430123794
3300054985_53.fna,3300054985_53,45_0,90.2589745
3300060673_22.fna,3300060673_22,46_0,88.31559087883393
3300072776_63.fna,3300072776_63,47_0,89.29983118167148
3300036806_13.fna,3300036806_13,48_1,94.25177712808981
3300080028_182.fna,3300080028_182,49_0,71.95447214501779
3300062708_15.fna,3300062708_15,50_0,66.94079502344466
3300073839_12.fna,3300073839_12,51_0,81.91065048672014
3300077288_63.fna,3300077288_63,52_0,91.74673596192942
3300076649_104.fna,3300076649_104,53_0,94.47573409072895
3300082212_61.fna,3300082212_61,54_0,96.80649449521532
3300061213_49.fna,3300061213_49,55_0,91.19237207856872
3300065474_32.fna,3300065474_32,56_0,93.85407879744332
3300052304_40.fna,3300052304_40,57_0,86.59468951
3300021404_13.fna,3300021404_13,58_0,76.06299756152734
3300044712_102.fna,3300044712_102,59_0,71.62531562201023
3300064746_54.fna,3300064746_54,60_0,81.60362658561833
3300065480_63.fna,3300065480_63,61_0,82.87404928858903
3300081831_122.fna,3300081831_122,62_1,82.29427222424054
3300052894_12.fna,3300052894_12,63_0,86.38364685
3300050020_34.fna,3300050020_34,64_1,86.57457144541846
3300078359_42.fna,3300078359_42,65_0,72.75363381958978
3300013097_7.fna,3300013097_7,66_0,63.23874965979519
3300055047_59.fna,3300055047_59,67_0,93.05936198537395
3300042923_111.fna,3300042923_111,68_1,80.01272881754197
3300018018_16.fna,3300018018_16,69_0,58.68719803
3300037076_10.fna,3300037076_10,70_0,43.08361880393533
3300045051_136.fna,3300045051_136,71_1,75.98447869145521
3300054680_98.fna,3300054680_98,72_1,79.11514337048663
3300044712_264.fna,3300044712_264,73_1,66.59413969939229
3300044712_140.fna,3300044712_140,74_0,88.10096436652961
3300078539_49.fna,3300078539_49,75_0,90.76076430944799
3300072656_30.fna,3300072656_30,76_1,97.53508101336267
3300082226_84.fna,3300082226_84,77_0,49.365344513879435
3300044802_18.fna,3300044802_18,78_0,57.702907057980646
3300081534_105.fna,3300081534_105,79_0,61.31378917475269
3300057049_150.fna,3300057049_150,80_0,49.92470388404818
3300036932_11.fna,3300036932_11,81_1,58.556024697948345
3300063015_50.fna,3300063015_50,82_0,67.04205803641338
3300077581_9.fna,3300077581_9,83_0,85.12628687
3300017972_12.fna,3300017972_12,84_0,51.641202470428055
3300051196_26.fna,3300051196_26,85_0,85.76662985406419
3300039309_14.fna,3300039309_14,86_1,96.66314176297419
3300036914_5.fna,3300036914_5,87_1,91.25275457133134
3300052918_40.fna,3300052918_40,87_2,99.41446727
3300033755_18.fna,3300033755_18,87_3,90.85480783111137
3300017975_12.fna,3300017975_12,88_0,71.96654476492594
3300018062_12.fna,3300018062_12,89_0,81.35254691698272
3300063172_279.fna,3300063172_279,90_1,93.29182558251873
3300063172_299.fna,3300063172_299,91_1,89.95037256284323
3300038426_14.fna,3300038426_14,92_0,94.91809511259854
3300056899_84.fna,3300056899_84,93_1,87.46375625187284
3300017961_13.fna,3300017961_13,94_0,84.35268105132667
3300057045_1.fna,3300057045_1,95_1,67.18252897490756
3300031240_22.fna,3300031240_22,96_1,61.14658185
3300045051_95.fna,3300045051_95,97_0,78.52202885304197
3300031753_7.fna,3300031753_7,98_0,82.55669179831158
3300080032_157.fna,3300080032_157,99_0,78.22136178300262
3300082211_96.fna,3300082211_96,100_0,75.99944066967478
3300082281_165.fna,3300082281_165,101_0,73.43543539924937
3300033982_16.fna,3300033982_16,102_1,95.75491788878851
3300017941_22.fna,3300017941_22,103_1,87.98781280431592
3300082281_5.fna,3300082281_5,104_0,69.53086600084899
3300054680_28.fna,3300054680_28,105_0,74.05388471334486
3300082281_55.fna,3300082281_55,106_0,95.87124856362585
3300051196_5.fna,3300051196_5,107_0,70.76156618
3300049571_95.fna,3300049571_95,108_0,84.11396610919861
3300056811_163.fna,3300056811_163,109_0,73.86726855214924
3300057032_13.fna,3300057032_13,110_1,83.36516274759094
3300082211_41.fna,3300082211_41,111_0,86.01041285282578
3300060291_198.fna,3300060291_198,112_1,85.51206790443483
3300045996_339.fna,3300045996_339,113_0,99.13935494672022
3300049259_1.fna,3300049259_1,114_0,86.61540973
3300056887_145.fna,3300056887_145,115_1,83.23703354402592
3300044800_10.fna,3300044800_10,116_1,78.31384458436006
3300044800_47.fna,3300044800_47,117_0,85.12935497717132
3300056902_1.fna,3300056902_1,118_1,70.49587562495734
3300056905_11.fna,3300056905_11,119_0,69.19971752493817
3300057025_99.fna,3300057025_99,120_1,70.14217810863386
3300056887_62.fna,3300056887_62,121_0,65.14767868086187
3300018090_18.fna,3300018090_18,122_1,83.78927977937315
3300046481_6.fna,3300046481_6,123_0,81.72678769965533
3300017988_24.fna,3300017988_24,124_0,88.55735649271578
3300057029_92.fna,3300057029_92,125_0,79.88941263900197
3300054984_92.fna,3300054984_92,126_0,98.39538818439738
3300056899_14.fna,3300056899_14,127_0,89.98628906771563
3300056905_132.fna,3300056905_132,128_1,99.79038952200321
3300031566_46.fna,3300031566_46,129_1,89.12702673672756
3300038424_14.fna,3300038424_14,130_1,90.63755098804205
3300037104_19.fna,3300037104_19,131_0,86.30880526287493
3300057034_146.fna,3300057034_146,132_1,95.50505924391685
3300031565_61.fna,3300031565_61,133_0,68.42825699944534
3300056904_84.fna,3300056904_84,134_1,73.71442093752695
3300056973_76.fna,3300056973_76,135_1,87.34052586131365
3300056887_44.fna,3300056887_44,136_0,73.42733022
3300056905_127.fna,3300056905_127,137_0,68.29823173700237
3300056899_66.fna,3300056899_66,138_1,92.75849935738799
3300056901_153.fna,3300056901_153,139_0,92.68980812
3300056899_12.fna,3300056899_12,140_0,70.12719672
3300057057_4.fna,3300057057_4,141_1,68.58467755310916
3300054984_58.fna,3300054984_58,142_0,83.25506776043851
3300057057_53.fna,3300057057_53,143_1,81.85196040888312
3300018019_17.fna,3300018019_17,144_1,81.46121291899044
3300036885_13.fna,3300036885_13,145_0,92.45813978717516
3300049718_33.fna,3300049718_33,146_0,87.26045374691209
3300038619_18.fna,3300038619_18,147_0,84.25784749426326
3300050014_5.fna,3300050014_5,148_0,87.98660794267954
3300032805_20.fna,3300032805_20,149_0,73.02876265
3300037104_21.fna,3300037104_21,150_0,63.61509564177595
3300044712_168.fna,3300044712_168,151_0,77.04802930926922
3300038427_21.fna,3300038427_21,152_1,99.02954985393578
3300036886_19.fna,3300036886_19,153_1,95.86800598982417
3300037089_14.fna,3300037089_14,153_2,101.6893733718087
3300082287_23.fna,3300082287_23,154_0,63.745185195183495
3300038427_29.fna,3300038427_29,155_1,98.00609869096657
3300044798_50.fna,3300044798_50,156_1,102.32852635514972
3300038429_25.fna,3300038429_25,157_1,86.17337235486191
3300052918_29.fna,3300052918_29,157_2,93.58268106
3300014839_38.fna,3300014839_38,158_1,81.94372034723965
3300037106_11.fna,3300037106_11,158_2,50.60876708
3300037062_11.fna,3300037062_11,159_1,96.62262859061555
3300034281_6.fna,3300034281_6,160_0,81.91455215033827
3300056902_132.fna,3300056902_132,161_0,94.16453186406297
3300082317_7.fna,3300082317_7,162_0,69.66761698812336
3300075492_32.fna,3300075492_32,163_0,82.30688089814622
3300056887_165.fna,3300056887_165,164_0,50.72684646939248
3300060291_38.fna,3300060291_38,165_0,60.92238899
3300031965_19.fna,3300031965_19,166_0,95.70289447456577
3300082281_57.fna,3300082281_57,167_0,82.60257670241954
3300056904_151.fna,3300056904_151,168_1,97.75953596
3300059599_72.fna,3300059599_72,169_0,72.03921192754603
3300038424_28.fna,3300038424_28,170_1,99.36545225432042
3300032897_28.fna,3300032897_28,171_0,63.23488027588124
3300032897_25.fna,3300032897_25,172_0,68.75834942305927
3300080692_32.fna,3300080692_32,173_1,91.97355092179232
3300075561_45.fna,3300075561_45,174_0,61.723221396908514
3300054965_35.fna,3300054965_35,175_0,69.81923852090667
3300078750_36.fna,3300078750_36,176_0,71.73287816
3300049140_27.fna,3300049140_27,177_1,88.87850637219388
3300049167_17.fna,3300049167_17,178_1,89.13842441128956
3300049782_18.fna,3300049782_18,178_2,73.17321162625382
3300046373_11.fna,3300046373_11,179_0,94.69387333465889
3300080649_18.fna,3300080649_18,180_1,100.27927386788168
3300056903_99.fna,3300056903_99,181_1,59.23963615600545
3300056973_140.fna,3300056973_140,182_0,28.629318474192242
3300077312_66.fna,3300077312_66,183_0,79.44039846736658
3300077806_42.fna,3300077806_42,184_0,79.22416181
3300075653_60.fna,3300075653_60,185_0,89.85192195943272
3300075653_81.fna,3300075653_81,186_0,77.46754052432954
3300077094_109.fna,3300077094_109,187_0,89.55495118
3300082212_101.fna,3300082212_101,188_0,82.23892807958148
3300056793_25.fna,3300056793_25,189_0,93.30035452479382
3300077806_34.fna,3300077806_34,190_0,75.29290186
3300077675_77.fna,3300077675_77,191_1,97.74067524314178
3300076293_54.fna,3300076293_54,191_2,70.15798255855147
3300042922_112.fna,3300042922_112,192_0,90.58076919508296
3300075655_13.fna,3300075655_13,193_0,93.78624888185145
3300054968_21.fna,3300054968_21,194_1,90.80231291988687
3300054988_39.fna,3300054988_39,195_0,87.27926512394784
3300014162_15.fna,3300014162_15,196_0,67.18730543151607
3300020582_11.fna,3300020582_11,197_0,77.36383936996847
3300054682_55.fna,3300054682_55,198_1,96.04303274708867
3300054988_65.fna,3300054988_65,199_0,99.73875435317258
3300056906_38.fna,3300056906_38,200_1,76.53725065314285
3300057040_23.fna,3300057040_23,201_0,69.60136675565674
3300060291_130.fna,3300060291_130,202_0,60.60034943134313
3300060291_150.fna,3300060291_150,203_0,55.11863099014026
3300044798_26.fna,3300044798_26,204_0,69.17570361691769
3300013307_74.fna,3300013307_74,205_0,73.30562475827153
3300037466_25.fna,3300037466_25,206_0,74.12138497490757
3300049822_49.fna,3300049822_49,207_1,67.96106595071775
3300031670_36.fna,3300031670_36,208_0,29.91345301569035
3300050011_72.fna,3300050011_72,209_0,74.05865979
3300036830_22.fna,3300036830_22,210_0,64.50548766896644
3300064041_98.fna,3300064041_98,211_1,71.77175617640144
3300064046_86.fna,3300064046_86,211_2,82.0719662
3300061175_32.fna,3300061175_32,212_0,76.15387358447511
3300037258_34.fna,3300037258_34,213_0,65.59313020591577
3300066659_129.fna,3300066659_129,214_0,76.82730062145318
3300048611_21.fna,3300048611_21,215_0,68.07275880790486
3300080737_18.fna,3300080737_18,216_0,91.42311793081494
3300056678_18.fna,3300056678_18,217_1,75.00659567333545
3300077813_72.fna,3300077813_72,218_1,81.56369802168595
3300061638_57.fna,3300061638_57,219_0,77.75221031230568
3300082510_11.fna,3300082510_11,220_0,82.7212377
3300046674_27.fna,3300046674_27,221_0,72.75816205785338
3300030042_16.fna,3300030042_16,222_1,73.73840143946641
3300031525_30.fna,3300031525_30,223_0,61.99280816645657
3300037076_30.fna,3300037076_30,224_0,72.96537950501684
3300037222_12.fna,3300037222_12,225_0,74.25532483
3300021420_9.fna,3300021420_9,226_0,48.83851753590561
3300047629_5.fna,3300047629_5,227_0,80.44067218827564
3300032157_30.fna,3300032157_30,228_0,66.29049219617458
3300062833_53.fna,3300062833_53,229_0,73.88835526958964
3300082244_25.fna,3300082244_25,230_0,67.85502703190178
3300055049_23.fna,3300055049_23,231_0,73.36441562542758
3300060323_106.fna,3300060323_106,232_0,72.15814983074924
3300063260_53.fna,3300063260_53,233_1,74.40822640934077
3300063261_73.fna,3300063261_73,233_2,74.68599676
3300053229_35.fna,3300053229_35,234_0,74.87085292075015
3300059374_30.fna,3300059374_30,235_0,63.51762655939257
3300060314_19.fna,3300060314_19,236_0,73.61111891233689
3300049580_30.fna,3300049580_30,237_1,75.52197575793488
3300056752_137.fna,3300056752_137,238_1,75.35607894931552
3300063180_25.fna,3300063180_25,239_1,77.25485702176282
3300064047_119.fna,3300064047_119,240_0,73.61515121241976
3300057055_43.fna,3300057055_43,241_1,94.93400761755882
3300057044_3.fna,3300057044_3,242_0,74.35330900221993
3300057013_129.fna,3300057013_129,243_1,92.68254832056373
3300056889_149.fna,3300056889_149,244_0,95.7933152
3300033405_44.fna,3300033405_44,245_1,98.15236070580576
3300044904_83.fna,3300044904_83,246_1,85.75857002080086
3300038423_25.fna,3300038423_25,246_2,100.76329224790764
3300057044_4.fna,3300057044_4,247_0,77.09824740250487
3300036851_10.fna,3300036851_10,248_0,97.39752369225859
3300060914_32.fna,3300060914_32,249_0,61.946960479400644
3300064047_105.fna,3300064047_105,250_0,50.306543300142714
3300044712_49.fna,3300044712_49,251_0,74.88230988142656
3300082211_163.fna,3300082211_163,252_0,69.55761404511303
3300051196_86.fna,3300051196_86,253_0,62.58683855094115
3300057017_20.fna,3300057017_20,254_0,80.79573158254192
3300057044_52.fna,3300057044_52,255_0,69.21474811673288
3300057017_116.fna,3300057017_116,256_1,89.15412742903507
3300057042_23.fna,3300057042_23,257_0,81.41632355310915
3300057034_6.fna,3300057034_6,258_1,91.19825082769432
3300057029_56.fna,3300057029_56,259_0,92.43035551
3300056751_12.fna,3300056751_12,260_0,88.53700540879359
3300072960_18.fna,3300072960_18,261_0,68.48134736560273
3300063166_56.fna,3300063166_56,262_1,83.3729712
3300061213_99.fna,3300061213_99,263_0,81.35916831
3300054985_4.fna,3300054985_4,264_1,89.72762544602857
3300056867_133.fna,3300056867_133,265_1,85.55306767610786
3300028800_17.fna,3300028800_17,266_0,89.71369831653178
3300054967_2.fna,3300054967_2,267_0,89.72473028482113
3300055072_123.fna,3300055072_123,268_0,92.20400868889715
3300054967_30.fna,3300054967_30,269_0,91.89661275393448
3300055099_65.fna,3300055099_65,270_0,84.13313185284251
3300054967_69.fna,3300054967_69,271_0,91.15881254151142
3300082235_16.fna,3300082235_16,272_1,91.65566111
3300056881_33.fna,3300056881_33,273_0,43.44493166
3300075532_62.fna,3300075532_62,274_1,94.01432563019038
3300049306_8.fna,3300049306_8,274_2,77.02461604796137
3300061538_6.fna,3300061538_6,275_0,66.85067735654071
3300051200_65.fna,3300051200_65,276_1,81.70846941822813
3300018422_12.fna,3300018422_12,276_2,78.89612270040155
3300061211_37.fna,3300061211_37,277_1,77.42502026
3300054114_42.fna,3300054114_42,278_1,88.53027645758412
3300082224_65.fna,3300082224_65,279_0,69.84275570539278
3300082228_14.fna,3300082228_14,280_1,80.90612278980447
3300078432_43.fna,3300078432_43,281_0,66.78503972697075
3300080030_18.fna,3300080030_18,282_1,76.94788948143935
3300081264_5.fna,3300081264_5,283_0,66.66668754030786
3300077281_7.fna,3300077281_7,284_1,75.91187454245491
3300045996_153.fna,3300045996_153,285_1,81.54256677
3300018432_25.fna,3300018432_25,286_1,65.93099073778006
3300059446_11.fna,3300059446_11,287_1,70.13755214324503
3300061535_65.fna,3300061535_65,287_2,63.07834921276657
3300079162_72.fna,3300079162_72,288_0,74.25116905
3300079551_52.fna,3300079551_52,289_0,67.07179100230324
3300045996_121.fna,3300045996_121,290_0,85.90748337506247
3300061771_2.fna,3300061771_2,291_0,35.012693560660004
3300072123_17.fna,3300072123_17,292_0,94.73787513441425
3300051523_7.fna,3300051523_7,293_1,92.54134655
3300036850_9.fna,3300036850_9,294_0,46.56490910398967
3300076031_61.fna,3300076031_61,295_0,86.32206366575595
3300050239_40.fna,3300050239_40,296_0,96.95393400450716
3300055072_35.fna,3300055072_35,297_0,84.94242791025808
3300054704_123.fna,3300054704_123,298_0,86.62128486660879
3300080065_13.fna,3300080065_13,299_1,74.30401373650442
3300076648_6.fna,3300076648_6,300_1,83.68318558976691
3300065424_66.fna,3300065424_66,301_1,81.92697141898209
3300078706_3.fna,3300078706_3,301_2,76.46752043507072
3300078515_28.fna,3300078515_28,301_3,82.21788129
3300075563_51.fna,3300075563_51,301_4,73.00586715463827
3300082028_28.fna,3300082028_28,302_1,91.08486415753015
3300049796_4.fna,3300049796_4,303_0,64.26958124646428
3300042001_2.fna,3300042001_2,304_1,79.30177239653705
3300082207_48.fna,3300082207_48,304_2,94.68498776259018
3300049588_47.fna,3300049588_47,304_3,92.23103596830151
3300078432_7.fna,3300078432_7,304_4,73.02693846
3300080648_37.fna,3300080648_37,305_0,73.33086347
3300082309_14.fna,3300082309_14,306_0,78.47891433187829
3300079522_41.fna,3300079522_41,307_0,68.58712125471966
3300082053_51.fna,3300082053_51,308_0,39.08336347966561
3300082264_21.fna,3300082264_21,309_1,92.06859532664406
3300082203_23.fna,3300082203_23,309_2,29.97849399890345
3300076762_54.fna,3300076762_54,310_1,70.01512732
3300049599_9.fna,3300049599_9,311_1,73.20439958691381
3300078740_46.fna,3300078740_46,311_2,73.07044394
3300042904_5.fna,3300042904_5,311_3,79.73728136255957
3300081038_8.fna,3300081038_8,311_4,27.301489427667633
3300061642_28.fna,3300061642_28,311_5,57.16115768365076
3300061774_5.fna,3300061774_5,311_6,54.797784990314405
3300076294_36.fna,3300076294_36,312_1,81.77605684089201
3300076611_46.fna,3300076611_46,313_1,51.59824492
3300075320_28.fna,3300075320_28,314_1,71.40083250600406
3300061216_8.fna,3300061216_8,315_0,74.90843664316363
3300065083_82.fna,3300065083_82,316_0,71.00836813023123
3300080057_39.fna,3300080057_39,317_0,44.6853122
3300079103_43.fna,3300079103_43,318_1,76.09191395
3300077664_70.fna,3300077664_70,319_1,80.70319101000088
3300076629_14.fna,3300076629_14,319_2,76.86459416
3300076631_14.fna,3300076631_14,320_0,75.76273218
3300037474_6.fna,3300037474_6,321_0,41.989329713526466
3300036401_7.fna,3300036401_7,322_1,86.69806174397453
3300078328_70.fna,3300078328_70,322_2,68.49039158897794
3300061856_86.fna,3300061856_86,323_0,69.81858408
3300076641_51.fna,3300076641_51,324_0,63.391107611523765
3300018085_8.fna,3300018085_8,325_1,48.14307823308638
3300079532_9.fna,3300079532_9,325_2,67.53998335
3300078436_28.fna,3300078436_28,326_0,56.857744799037775
3300056996_195.fna,3300056996_195,327_0,79.75252035
3300077493_12.fna,3300077493_12,328_1,76.50665457
3300082025_52.fna,3300082025_52,329_1,74.44593500772235
3300082223_13.fna,3300082223_13,329_2,38.09451116736461
3300078365_14.fna,3300078365_14,330_0,67.07509317483768
3300078729_51.fna,3300078729_51,331_1,93.45105066837728
3300077280_55.fna,3300077280_55,332_0,40.849204603691035
3300036850_8.fna,3300036850_8,333_0,90.45041998729235
3300056744_19.fna,3300056744_19,334_0,71.25953487496172
3300054680_36.fna,3300054680_36,335_0,82.92683636
3300076610_45.fna,3300076610_45,336_1,81.06004997506058
3300076631_43.fna,3300076631_43,337_1,79.54748016785551
3300060672_69.fna,3300060672_69,338_1,79.69756727
3300059342_48.fna,3300059342_48,339_1,73.48722660000638
3300075652_11.fna,3300075652_11,340_1,57.193713664235474
3300077309_73.fna,3300077309_73,341_0,57.28567348777298
3300081702_13.fna,3300081702_13,342_1,72.61299590006314
3300082236_35.fna,3300082236_35,342_2,88.94128775622008
3300075662_7.fna,3300075662_7,343_1,87.62357991874406
3300081038_30.fna,3300081038_30,344_1,71.72779886094352
3300076038_6.fna,3300076038_6,344_2,80.28967431583803
3300049273_11.fna,3300049273_11,344_3,84.01276692
3300082235_37.fna,3300082235_37,345_0,61.701586858187625
3300080687_53.fna,3300080687_53,346_0,46.07640588562407
3300045996_403.fna,3300045996_403,347_0,89.15161043988738
3300080694_22.fna,3300080694_22,348_0,49.73137816647569
3300014326_7.fna,3300014326_7,349_0,87.83233691
3300045051_85.fna,3300045051_85,350_0,73.82700058384079
3300036402_5.fna,3300036402_5,351_0,67.49482951604745
3300082192_60.fna,3300082192_60,352_0,81.1925574
3300044712_204.fna,3300044712_204,353_1,91.68172006264447
3300077821_11.fna,3300077821_11,354_0,91.19975819
3300056798_206.fna,3300056798_206,355_1,76.75744353601891
3300035016_4.fna,3300035016_4,356_0,94.86075282744939
3300036390_1.fna,3300036390_1,357_0,95.09456400830548
3300072118_13.fna,3300072118_13,358_1,94.86619400824368
3300072121_6.fna,3300072121_6,359_0,82.00804304869204
3300072965_7.fna,3300072965_7,360_1,99.55726469492194
3300036389_2.fna,3300036389_2,361_0,94.25715415408344
3300036393_4.fna,3300036393_4,362_0,87.97679664699923
3300036520_2.fna,3300036520_2,363_0,97.89320870692983
3300072970_12.fna,3300072970_12,364_0,96.68892621
3300057297_5.fna,3300057297_5,365_1,98.78540183404705
3300042995_8.fna,3300042995_8,366_0,98.03270124135075
3300056858_4.fna,3300056858_4,367_1,100.4444473991973
3300035011_1.fna,3300035011_1,368_1,70.48750727729106
3300036444_4.fna,3300036444_4,368_2,97.22965747693208
3300035005_2.fna,3300035005_2,369_0,98.99101621
3300054986_94.fna,3300054986_94,370_0,101.07064175068747
3300046478_21.fna,3300046478_21,371_0,77.11847476968431
3300081965_58.fna,3300081965_58,372_0,66.67784646
3300077500_31.fna,3300077500_31,373_1,85.40832776603993
3300063017_62.fna,3300063017_62,374_0,61.69228710380481
3300049823_35.fna,3300049823_35,375_1,89.57666643142079
3300072779_29.fna,3300072779_29,376_0,70.36940954097301
3300056673_174.fna,3300056673_174,377_1,100.87056141358636
3300034031_2.fna,3300034031_2,378_1,87.74124209643776
3300037463_6.fna,3300037463_6,378_2,42.73226724753913
3300060805_74.fna,3300060805_74,378_3,94.91831242944185
3300012989_7.fna,3300012989_7,378_4,70.48855764775385
3300053717_14.fna,3300053717_14,378_5,100.92128892475893
3300050033_5.fna,3300050033_5,379_1,79.86274512
3300049718_2.fna,3300049718_2,380_1,94.78525402693563
3300014199_13.fna,3300014199_13,381_0,80.41030861
3300056674_311.fna,3300056674_311,382_1,54.67501087
3300056809_339.fna,3300056809_339,383_1,89.95540811000255
3300056809_36.fna,3300056809_36,384_1,90.09024349
3300057053_156.fna,3300057053_156,385_1,71.34937393
3300057029_123.fna,3300057029_123,386_0,68.44177742903378
3300045996_424.fna,3300045996_424,387_0,66.71004350684872
3300057025_65.fna,3300057025_65,388_0,41.71781358310495
3300048762_23.fna,3300048762_23,389_0,81.58618518276292
3300049726_28.fna,3300049726_28,390_0,85.52398061106275
3300030673_4.fna,3300030673_4,391_1,75.34430756185915
3300014969_15.fna,3300014969_15,392_0,83.62870870749518
3300034631_4.fna,3300034631_4,393_0,96.91126589585882
3300066818_5.fna,3300066818_5,394_1,88.82808610317997
3300036793_6.fna,3300036793_6,395_0,52.54748984188038
3300060645_37.fna,3300060645_37,396_0,82.55093205
3300078539_43.fna,3300078539_43,397_0,69.52147126
3300080028_180.fna,3300080028_180,398_0,81.63809592162407
3300036852_12.fna,3300036852_12,399_0,96.61793085976566
3300077666_26.fna,3300077666_26,400_0,67.41042502318537
3300067405_2.fna,3300067405_2,401_1,92.47009746115029
3300067939_4.fna,3300067939_4,402_1,94.86232415189171
3300067938_4.fna,3300067938_4,403_1,75.14524735233222
3300067931_5.fna,3300067931_5,404_0,92.00251143
3300066815_1.fna,3300066815_1,405_1,80.02028427201535
3300042922_23.fna,3300042922_23,406_1,83.02006570602201
3300072949_19.fna,3300072949_19,407_1,82.33061861086642
3300022824_1.fna,3300022824_1,408_1,67.91381227102367
3300054704_41.fna,3300054704_41,409_0,75.7924
3300066758_6.fna,3300066758_6,410_1,98.05873829908779
3300042934_107.fna,3300042934_107,411_0,80.70027490676608
3300022895_8.fna,3300022895_8,412_1,76.9217281
3300067407_3.fna,3300067407_3,413_1,90.24787095431967
3300066818_8.fna,3300066818_8,414_1,92.62230941297238
3300067415_2.fna,3300067415_2,415_1,77.45454973
3300072949_9.fna,3300072949_9,416_0,53.36493597166068
3300051063_1.fna,3300051063_1,417_0,58.76039388808293
3300076293_25.fna,3300076293_25,418_0,65.46527537056755
3300029916_2.fna,3300029916_2,419_0,73.47545214033435
3300047320_17.fna,3300047320_17,420_0,73.42118104839238
3300080621_26.fna,3300080621_26,421_1,77.94556630406558
3300081702_87.fna,3300081702_87,422_0,95.22057074367311
3300081530_4.fna,3300081530_4,423_0,81.27380839606732
3300056897_101.fna,3300056897_101,424_0,66.81533612134486
3300057035_87.fna,3300057035_87,425_0,70.75376217043753
3300050014_43.fna,3300050014_43,426_0,84.29909477825841
3300075322_121.fna,3300075322_121,427_0,78.26122868728716
3300072949_16.fna,3300072949_16,428_1,77.66591228475575
3300042922_142.fna,3300042922_142,429_1,80.79919117379197
3300042922_67.fna,3300042922_67,430_0,56.834278795892125
3300042922_27.fna,3300042922_27,431_1,85.27410649505705
3300042923_56.fna,3300042923_56,432_1,68.73937039434969
3300042934_60.fna,3300042934_60,433_0,55.437813517091925
3300042922_62.fna,3300042922_62,434_0,76.86959835191605
3300077744_9.fna,3300077744_9,435_0,93.41569889782119
3300077675_46.fna,3300077675_46,436_0,86.00677594011906
3300042922_29.fna,3300042922_29,437_1,97.94582254018361
3300077675_99.fna,3300077675_99,438_0,77.49742784480864
3300077675_105.fna,3300077675_105,439_0,55.339187043075675
3300072118_36.fna,3300072118_36,440_0,70.27746801634534
3300056752_186.fna,3300056752_186,441_0,72.28779566212617
3300056809_363.fna,3300056809_363,442_0,76.47416409713308
3300045996_308.fna,3300045996_308,443_0,61.20384489196803
3300045996_377.fna,3300045996_377,444_0,84.73859717518059
3300014654_13.fna,3300014654_13,445_0,40.797090490520084
3300029995_5.fna,3300029995_5,446_0,69.61631118951266
3300056864_25.fna,3300056864_25,447_1,80.64998439606734
3300054986_4.fna,3300054986_4,448_0,81.28752308406389
3300045996_118.fna,3300045996_118,449_0,58.284784659303455
3300075606_70.fna,3300075606_70,450_0,72.47795661195808
3300044673_10.fna,3300044673_10,451_0,69.55486760767795
3300057032_18.fna,3300057032_18,452_1,72.40139113508219
3300057055_42.fna,3300057055_42,453_0,66.88103247097371
3300082317_51.fna,3300082317_51,454_0,64.77420749954833
3300057055_147.fna,3300057055_147,455_1,70.59016640261443
3300056973_66.fna,3300056973_66,456_1,72.33015453837757
3300056905_202.fna,3300056905_202,457_0,55.59655936745988
3300056887_87.fna,3300056887_87,458_1,56.070898306897774
3300056901_137.fna,3300056901_137,459_1,57.33071736509899
3300082266_97.fna,3300082266_97,460_0,36.58735684437888
3300056887_154.fna,3300056887_154,461_0,51.08193844669245
3300057024_67.fna,3300057024_67,462_0,56.490046032350314
3300056885_123.fna,3300056885_123,463_0,62.20952703399908
3300057034_97.fna,3300057034_97,464_0,73.97744137785341
3300066818_2.fna,3300066818_2,465_0,91.49820358
3300066490_62.fna,3300066490_62,466_1,62.682417036144265
3300066485_85.fna,3300066485_85,467_1,69.61752122
3300066485_74.fna,3300066485_74,468_0,69.95578522179864
3300062712_6.fna,3300062712_6,469_0,74.12704188783913
3300066757_2.fna,3300066757_2,470_1,94.79559938
3300066758_5.fna,3300066758_5,471_1,97.68677823711758
3300042922_15.fna,3300042922_15,472_0,74.89713637831031
3300056889_52.fna,3300056889_52,473_1,60.03599161542597
3300056897_77.fna,3300056897_77,473_2,80.86775363291237
3300029981_5.fna,3300029981_5,474_1,84.94886236593526
3300034158_6.fna,3300034158_6,475_0,43.07184840431733
3300056793_5.fna,3300056793_5,476_0,98.96655747000116
3300050015_49.fna,3300050015_49,477_0,81.89841426506884
3300050123_2.fna,3300050123_2,478_0,76.83325109948518
3300050014_48.fna,3300050014_48,479_1,79.10149045774759
3300042923_21.fna,3300042923_21,480_0,91.17896160877434
3300042923_33.fna,3300042923_33,481_0,65.86631312
3300082266_41.fna,3300082266_41,482_0,51.70950907194443
3300056864_28.fna,3300056864_28,483_1,70.06451692867067
3300056900_42.fna,3300056900_42,484_1,77.76622698920009
3300056884_35.fna,3300056884_35,485_0,72.65117878988227
3300029998_4.fna,3300029998_4,486_1,91.63504204676994
3300029993_8.fna,3300029993_8,487_0,55.275286199372296
3300030687_11.fna,3300030687_11,488_0,61.03283649696062
3300050026_22.fna,3300050026_22,489_1,85.06343600220644
3300056889_75.fna,3300056889_75,490_0,65.42459039445377
3300072954_22.fna,3300072954_22,491_1,77.75460792457997
3300055361_18.fna,3300055361_18,492_0,28.649183789193927
3300037132_15.fna,3300037132_15,493_0,67.84227819460332
3300045051_170.fna,3300045051_170,494_0,69.39541213240737
3300044799_6.fna,3300044799_6,495_0,84.22090664862762
3300050015_32.fna,3300050015_32,496_0,79.22689977635814
3300078367_9.fna,3300078367_9,497_1,89.93853814139426
3300082506_35.fna,3300082506_35,497_2,92.44881228645653
3300060357_24.fna,3300060357_24,498_0,84.43334720151785
3300076623_6.fna,3300076623_6,499_0,68.32364960752885
3300031595_6.fna,3300031595_6,500_0,64.85026389
3300056809_37.fna,3300056809_37,501_0,92.97079503
3300042876_114.fna,3300042876_114,502_1,81.63686216116706
3300044673_76.fna,3300044673_76,503_0,89.76164012202916
3300042876_26.fna,3300042876_26,504_1,91.95271260200914
3300044712_321.fna,3300044712_321,505_0,80.80341698420011
3300042876_141.fna,3300042876_141,506_1,99.87442874863635
3300044673_44.fna,3300044673_44,507_0,68.24645340911165
3300050015_50.fna,3300050015_50,508_0,92.93037027349106
3300044673_77.fna,3300044673_77,509_0,91.21359558548426
3300045051_126.fna,3300045051_126,510_0,81.80986188756995
3300082212_77.fna,3300082212_77,511_0,86.09958921
3300048784_25.fna,3300048784_25,512_1,84.06061010981617
3300062837_55.fna,3300062837_55,513_0,84.29668754030786
3300076649_68.fna,3300076649_68,514_0,61.27812836792506
3300079385_86.fna,3300079385_86,515_0,44.389891296984494
3300079549_10.fna,3300079549_10,516_0,73.20306199251057
3300053710_26.fna,3300053710_26,517_0,72.81168450934102
3300082212_58.fna,3300082212_58,518_0,77.05297647248025
3300046727_10.fna,3300046727_10,519_1,64.56201577230848
3300046718_73.fna,3300046718_73,520_0,68.15911092273812
3300079526_71.fna,3300079526_71,521_0,59.202003222778686
3300066485_25.fna,3300066485_25,522_0,50.406320934939195
3300014326_8.fna,3300014326_8,523_0,59.33735985231093
3300063288_5.fna,3300063288_5,524_0,94.99084931411372
3300072780_63.fna,3300072780_63,525_1,102.65920627571258
3300072651_22.fna,3300072651_22,526_0,85.77492421037805
3300064013_3.fna,3300064013_3,527_1,85.00717876
3300063172_22.fna,3300063172_22,528_0,82.15271728515388
3300031565_18.fna,3300031565_18,529_1,99.91169277469946
3300056906_69.fna,3300056906_69,530_0,89.93080162480418
3300051196_79.fna,3300051196_79,531_0,75.91185632030384
3300021433_6.fna,3300021433_6,532_0,88.24743998650345
3300056884_118.fna,3300056884_118,533_0,60.72577492599788
3300056905_95.fna,3300056905_95,534_0,72.29509374378772
3300060291_78.fna,3300060291_78,535_0,84.34466033831882
3300056751_285.fna,3300056751_285,536_1,77.73539944137009
3300056676_153.fna,3300056676_153,537_1,78.47219825458313
3300050015_31.fna,3300050015_31,538_0,85.37516925045536
3300057044_119.fna,3300057044_119,539_1,44.027196510188645
3300057030_145.fna,3300057030_145,540_1,57.55295003080672
3300056903_114.fna,3300056903_114,540_2,42.494184045476175
3300036846_13.fna,3300036846_13,541_1,102.41808963895933
3300036846_11.fna,3300036846_11,542_0,88.88916676
3300066757_7.fna,3300066757_7,543_1,102.35745431111326
3300066759_2.fna,3300066759_2,544_0,96.42927872
3300026368_2.fna,3300026368_2,545_0,100.33071016060023
3300042923_125.fna,3300042923_125,546_0,73.29545340446536
3300081791_9.fna,3300081791_9,547_0,77.74468040688812
3300050132_21.fna,3300050132_21,548_1,90.4684832
3300073841_15.fna,3300073841_15,549_0,77.40807051558417
3300082211_90.fna,3300082211_90,550_0,87.14029044
3300050121_10.fna,3300050121_10,551_0,72.94386537585322
3300050123_15.fna,3300050123_15,552_0,80.05002075922616
3300050121_3.fna,3300050121_3,553_0,67.19772929019301
3300072118_3.fna,3300072118_3,554_1,92.51865394
3300050124_34.fna,3300050124_34,555_1,64.71779178595163
3300036879_12.fna,3300036879_12,556_1,86.26424437445948
3300050121_39.fna,3300050121_39,557_1,90.92834355447037
3300081534_72.fna,3300081534_72,558_0,86.44434383691542
3300050190_1.fna,3300050190_1,559_0,95.037419
3300036888_7.fna,3300036888_7,560_1,102.2969465671711
3300051166_6.fna,3300051166_6,561_0,92.93161963
3300037065_9.fna,3300037065_9,562_0,84.36218882608091
3300026366_1.fna,3300026366_1,563_0,59.106013855987314
3300075321_10.fna,3300075321_10,564_1,100.57815388214037
3300049718_37.fna,3300049718_37,565_1,95.65754897856336
3300057049_112.fna,3300057049_112,566_0,62.512886315967826
3300075494_46.fna,3300075494_46,567_0,79.86000907750383
3300020202_4.fna,3300020202_4,568_0,77.17980521081279
3300034004_6.fna,3300034004_6,569_0,84.25403724495382
3300044648_8.fna,3300044648_8,570_1,85.68339961252352
3300044648_53.fna,3300044648_53,571_0,38.606509773538264
3300045996_100.fna,3300045996_100,572_0,87.56042263921601
3300060673_26.fna,3300060673_26,573_1,81.21769504480534
3300065459_3.fna,3300065459_3,574_0,91.17514997831991
3300056902_86.fna,3300056902_86,575_1,82.51179342349288
3300056797_257.fna,3300056797_257,576_1,89.11642449276893
3300046615_19.fna,3300046615_19,577_0,81.04228698640871
3300063155_33.fna,3300063155_33,578_0,80.22682349820514
3300056749_152.fna,3300056749_152,579_1,80.34865002318853
3300063172_52.fna,3300063172_52,580_1,95.81126345847585
3300065078_105.fna,3300065078_105,581_0,82.22648891173631
3300030492_6.fna,3300030492_6,582_1,96.23240820739508
3300033406_16.fna,3300033406_16,583_0,97.77708506049656
3300060291_70.fna,3300060291_70,584_1,69.84373071756016
3300056905_119.fna,3300056905_119,585_0,70.36959202
3300057014_80.fna,3300057014_80,586_0,70.10690992292838
3300056973_148.fna,3300056973_148,587_1,86.32056892008295
3300057014_134.fna,3300057014_134,588_0,76.83121418559274
3300054961_29.fna,3300054961_29,589_1,98.68349532825239
3300054986_20.fna,3300054986_20,590_0,93.15576257
3300048768_22.fna,3300048768_22,591_0,93.92041490705553
3300055024_40.fna,3300055024_40,592_0,61.57874963093387
3300055024_53.fna,3300055024_53,593_0,83.93262122569773
3300057025_28.fna,3300057025_28,594_1,89.06215834369661
3300082211_1.fna,3300082211_1,595_1,71.54422850147573
3300037134_11.fna,3300037134_11,596_0,53.925582999830326
3300042439_4.fna,3300042439_4,597_0,72.52960316761852
3300054965_49.fna,3300054965_49,598_1,77.17430736
3300057029_71.fna,3300057029_71,599_1,84.00029651033965
3300057010_53.fna,3300057010_53,600_0,91.95497186784247
3300078584_11.fna,3300078584_11,601_0,90.12620912985123
3300039412_32.fna,3300039412_32,602_0,69.28509726826576
3300081966_1.fna,3300081966_1,603_0,66.85043536626621
3300073841_56.fna,3300073841_56,604_0,82.43253797926421
3300078418_57.fna,3300078418_57,605_0,84.11277507874387
3300062833_66.fna,3300062833_66,606_1,95.34669092026353
3300066484_25.fna,3300066484_25,607_0,77.82063600697552
3300032157_15.fna,3300032157_15,608_0,83.62613488420862
3300063180_140.fna,3300063180_140,609_0,63.279433431575455
3300072128_18.fna,3300072128_18,610_1,95.45140835739151
3300072654_69.fna,3300072654_69,611_1,101.35420629993256
3300042934_103.fna,3300042934_103,612_1,89.52379329052654
3300023065_8.fna,3300023065_8,613_1,89.51463726880816
3300023059_11.fna,3300023059_11,613_2,76.36158274523387
3300057003_140.fna,3300057003_140,614_1,71.42054059990575
3300057044_107.fna,3300057044_107,615_0,28.303293398235347
3300056896_72.fna,3300056896_72,616_1,82.29423694322712
3300056903_169.fna,3300056903_169,616_2,68.97461272390038
3300056899_40.fna,3300056899_40,617_1,68.43915608149628
3300056902_108.fna,3300056902_108,618_0,69.98991111208387
3300057004_74.fna,3300057004_74,619_0,67.84369519234248
3300060291_165.fna,3300060291_165,620_0,39.745070352909636
3300057016_61.fna,3300057016_61,621_1,76.37482345309985
3300018059_6.fna,3300018059_6,622_1,87.71363297
3300057004_101.fna,3300057004_101,623_1,67.87821606096972
3300057035_113.fna,3300057035_113,624_1,91.44663577025774
3300044799_7.fna,3300044799_7,625_1,95.92888712
3300044800_96.fna,3300044800_96,625_2,100.60940628956882
3300056887_95.fna,3300056887_95,626_0,52.54019266211619
3300075658_12.fna,3300075658_12,627_0,81.28080928
3300077675_92.fna,3300077675_92,628_0,88.1800314
3300017789_11.fna,3300017789_11,629_0,37.88998384837975
3300037129_8.fna,3300037129_8,630_0,75.25508598
3300072658_17.fna,3300072658_17,631_1,80.15056351528277
3300013306_46.fna,3300013306_46,632_0,76.59906761308318
3300046710_16.fna,3300046710_16,633_0,81.79676488660114
3300072128_43.fna,3300072128_43,634_1,95.83124108555646
3300079119_48.fna,3300079119_48,635_0,80.31962866
3300079509_181.fna,3300079509_181,636_0,54.25646883387549
3300052918_51.fna,3300052918_51,637_0,81.12601061384474
3300080028_186.fna,3300080028_186,638_0,71.8539305
3300046487_27.fna,3300046487_27,639_1,88.41696776521893
3300050033_69.fna,3300050033_69,640_1,99.51208538001542
3300075322_46.fna,3300075322_46,640_2,92.17808880071887
3300037076_11.fna,3300037076_11,641_0,90.23604424495711
3300050024_21.fna,3300050024_21,642_1,82.47965139632687
3300039412_26.fna,3300039412_26,643_0,51.41155404149931
3300037196_11.fna,3300037196_11,644_1,92.88893484145551
3300050025_48.fna,3300050025_48,645_0,52.78757579575227
3300052918_59.fna,3300052918_59,646_0,82.25324314785304
3300014152_10.fna,3300014152_10,647_0,96.75504259213457
3300072658_5.fna,3300072658_5,648_1,98.35687892225535
3300063167_4.fna,3300063167_4,649_1,97.64690571233807
3300079509_79.fna,3300079509_79,650_0,75.64670248720503
3300059578_18.fna,3300059578_18,651_0,93.40179773379613
3300062812_8.fna,3300062812_8,652_0,79.90025402151909
3300060318_38.fna,3300060318_38,653_0,97.46620384882414
3300075765_41.fna,3300075765_41,654_1,98.80298154600582
3300078367_58.fna,3300078367_58,654_2,83.85347510789377
3300048818_21.fna,3300048818_21,655_0,79.676924
3300050119_4.fna,3300050119_4,656_0,73.02721361077033
3300043251_17.fna,3300043251_17,657_0,89.55753903
3300078394_4.fna,3300078394_4,658_0,46.683318505641765
3300079119_9.fna,3300079119_9,659_0,92.16159249683794
3300044822_33.fna,3300044822_33,660_0,83.74560732
3300078359_120.fna,3300078359_120,661_0,86.38304590014899
3300079119_7.fna,3300079119_7,662_0,74.26238048038803
3300055484_42.fna,3300055484_42,663_1,70.43980143207753
3300044712_233.fna,3300044712_233,664_0,82.52831817017453
3300056901_19.fna,3300056901_19,665_1,86.45112928
3300045996_39.fna,3300045996_39,666_0,81.85295361
3300055461_39.fna,3300055461_39,667_1,74.32947375
3300076763_181.fna,3300076763_181,668_0,67.44585484913567
3300064096_106.fna,3300064096_106,669_0,80.38446353169702
3300049724_18.fna,3300049724_18,670_1,73.13785654205665
3300046710_22.fna,3300046710_22,671_0,61.75865687165612
3300060291_187.fna,3300060291_187,672_1,95.51492968170379
3300056889_62.fna,3300056889_62,673_0,53.878547644806325
3300055047_17.fna,3300055047_17,674_1,89.80200465418966
3300055048_1.fna,3300055048_1,675_0,74.85574990956637
3300055072_88.fna,3300055072_88,676_0,85.76316310375618
3300031566_44.fna,3300031566_44,677_0,91.64723051488428
3300072118_24.fna,3300072118_24,678_0,70.48897481219633
3300031712_12.fna,3300031712_12,679_0,57.06411915622357
3300037107_9.fna,3300037107_9,680_0,56.37256568607011
3300057003_29.fna,3300057003_29,681_0,71.76929886972665
3300031539_69.fna,3300031539_69,682_1,69.77061748374172
3300057013_169.fna,3300057013_169,683_0,64.20196973223611
3300072128_6.fna,3300072128_6,684_1,74.17647492276843
3300072652_18.fna,3300072652_18,685_1,77.91435092401788
3300072659_43.fna,3300072659_43,685_2,66.91372885
3300072654_62.fna,3300072654_62,686_0,73.94836327114484
3300072778_39.fna,3300072778_39,687_0,72.87071898375784
3300046710_4.fna,3300046710_4,688_1,90.78939739749522
3300031672_32.fna,3300031672_32,689_0,45.26557345320799
3300051187_4.fna,3300051187_4,690_0,68.72375250470905
3300064047_24.fna,3300064047_24,691_0,72.44103719
3300051191_2.fna,3300051191_2,692_0,75.89508102737467
3300072121_26.fna,3300072121_26,693_0,74.61908873373262
3300063180_147.fna,3300063180_147,694_0,63.29485461119201
3300050015_101.fna,3300050015_101,695_0,72.72661328899909
3300056906_99.fna,3300056906_99,696_0,75.09950087423736
3300057053_28.fna,3300057053_28,697_0,79.18443548303232
3300044798_23.fna,3300044798_23,698_0,73.29505374415702
3300044800_55.fna,3300044800_55,699_0,90.45594463260953
3300065473_65.fna,3300065473_65,700_0,73.84118283823939
3300066487_105.fna,3300066487_105,701_0,71.85657856775089
3300022893_2.fna,3300022893_2,702_0,68.19938066
3300066487_68.fna,3300066487_68,703_0,63.63320266065065
3300036859_20.fna,3300036859_20,704_0,76.08066585298458
3300044712_130.fna,3300044712_130,705_0,81.23323419355758
3300056883_10.fna,3300056883_10,706_0,97.35788024533286
3300060291_176.fna,3300060291_176,707_0,66.86194830136408
3300046505_55.fna,3300046505_55,708_1,87.62075273151245
3300046504_11.fna,3300046504_11,708_2,84.67578522179862
3300075935_33.fna,3300075935_33,709_0,78.45113929094778
3300031949_35.fna,3300031949_35,710_0,77.58574584511076
3300056887_134.fna,3300056887_134,711_0,73.26181677261539
3300038416_18.fna,3300038416_18,712_1,95.99528087457982
3300081534_49.fna,3300081534_49,712_2,81.24502571
3300044801_28.fna,3300044801_28,712_3,94.76462531
3300039412_28.fna,3300039412_28,712_4,93.77434271780571
3300031344_20.fna,3300031344_20,712_5,91.35210353
3300046686_15.fna,3300046686_15,712_6,82.09426987
3300037225_17.fna,3300037225_17,713_1,96.01568668
3300081534_70.fna,3300081534_70,713_2,92.65253059748467
3300049726_10.fna,3300049726_10,714_1,66.97868072228275
3300052918_26.fna,3300052918_26,714_2,94.88364451189547
3300048804_21.fna,3300048804_21,715_0,65.50416797792803
3300072980_41.fna,3300072980_41,716_1,90.73966599788452
3300069309_59.fna,3300069309_59,717_1,86.66461884504523
3300072952_11.fna,3300072952_11,718_0,86.41936880016753
3300072952_14.fna,3300072952_14,719_0,86.03209265843536
3300072952_17.fna,3300072952_17,720_0,90.83511737614468
3300036780_10.fna,3300036780_10,721_0,87.12883828252944
3300044718_7.fna,3300044718_7,722_0,91.23000462
3300072687_56.fna,3300072687_56,723_1,87.67597932221173
3300050655_10.fna,3300050655_10,724_0,92.26531220244459
3300066457_67.fna,3300066457_67,725_0,88.55417842237645
3300056977_196.fna,3300056977_196,726_1,90.16242876
3300063338_57.fna,3300063338_57,727_0,88.99697902042861
3300021067_4.fna,3300021067_4,728_1,91.18915141038738
3300044712_141.fna,3300044712_141,729_0,80.60570231741507
3300056896_68.fna,3300056896_68,730_0,62.48601460041396
3300062131_127.fna,3300062131_127,731_0,74.22238546814276
3300050035_5.fna,3300050035_5,732_1,102.69790919832393
3300031577_5.fna,3300031577_5,733_1,99.88513779256085
3300050239_12.fna,3300050239_12,734_1,97.42975619086424
3300032892_19.fna,3300032892_19,735_0,68.2240281
3300046654_4.fna,3300046654_4,736_1,79.61526276208151
3300031669_46.fna,3300031669_46,737_0,71.60799012533914
3300044712_160.fna,3300044712_160,738_0,73.56359323091837
3300046836_8.fna,3300046836_8,739_1,97.01597345148474
3300032157_18.fna,3300032157_18,740_0,84.00463166782305
3300018079_9.fna,3300018079_9,741_1,94.72232647714888
3300031949_44.fna,3300031949_44,742_0,67.78590425711411
3300072960_36.fna,3300072960_36,743_1,93.57925201829856
3300066484_69.fna,3300066484_69,744_0,77.52870727938108
3300036828_7.fna,3300036828_7,745_0,92.74829959276694
3300073834_10.fna,3300073834_10,746_0,69.96855182268507
3300012985_9.fna,3300012985_9,747_0,71.06073838977234
3300018082_7.fna,3300018082_7,748_0,72.14805989952649
3300056751_67.fna,3300056751_67,749_1,85.43981662
3300032770_18.fna,3300032770_18,750_0,88.63828547383025
3300073834_62.fna,3300073834_62,751_0,87.05117536294217
3300056897_145.fna,3300056897_145,752_0,74.53822084468942
3300057057_54.fna,3300057057_54,753_0,35.82055698691834
3300056906_34.fna,3300056906_34,754_0,70.21327411
3300031524_22.fna,3300031524_22,755_0,71.38295110215088
3300056889_49.fna,3300056889_49,756_0,59.303094649868406
3300050026_27.fna,3300050026_27,757_1,92.82859218513933
3300014199_9.fna,3300014199_9,758_0,40.924427840053205
3300055024_51.fna,3300055024_51,759_0,57.24048251480416
3300056923_19.fna,3300056923_19,760_1,94.25570081819676
3300056880_32.fna,3300056880_32,761_0,59.13848398
3300057003_14.fna,3300057003_14,762_0,76.16070635
3300050033_50.fna,3300050033_50,763_1,90.47691418598731
3300060650_30.fna,3300060650_30,764_0,76.06047847566704
3300020152_7.fna,3300020152_7,765_0,97.01107284426365
3300057009_43.fna,3300057009_43,766_1,76.73416331143557
3300081966_166.fna,3300081966_166,767_0,78.39648535615568
3300081966_51.fna,3300081966_51,768_0,86.56574655109283
3300055047_13.fna,3300055047_13,769_0,92.44387592389484
3300055072_129.fna,3300055072_129,770_0,85.92282320632562
3300054984_81.fna,3300054984_81,771_0,68.36704721366135
3300057053_128.fna,3300057053_128,772_0,90.55754009
3300031673_21.fna,3300031673_21,773_1,58.49861736521275
3300056905_201.fna,3300056905_201,773_2,65.98325102879434
3300066485_32.fna,3300066485_32,774_0,69.10726822632748
3300077302_14.fna,3300077302_14,775_1,69.55334359442399
3300042934_105.fna,3300042934_105,776_0,57.829557214271595
3300077675_100.fna,3300077675_100,777_0,41.963201863111536
3300042923_134.fna,3300042923_134,778_0,81.54710800670381
3300055492_17.fna,3300055492_17,779_1,96.77252699505291
3300056751_262.fna,3300056751_262,779_2,93.37406128816065
3300057029_14.fna,3300057029_14,780_1,80.53991816070449
3300077658_29.fna,3300077658_29,781_1,80.84119226766312
3300057013_59.fna,3300057013_59,782_1,81.21481007
3300057057_79.fna,3300057057_79,783_1,83.82771202058656
3300056903_112.fna,3300056903_112,784_1,81.79328307950517
3300056889_105.fna,3300056889_105,785_1,80.21113404869206
3300057053_154.fna,3300057053_154,785_2,69.83023417982245
3300057040_97.fna,3300057040_97,785_3,85.33675615826942
3300056904_124.fna,3300056904_124,786_0,82.52270481743916
3300065455_11.fna,3300065455_11,787_0,95.00851393565759
3300065457_24.fna,3300065457_24,788_0,86.16020743887813
3300034031_6.fna,3300034031_6,789_0,101.51199038522508
3300043640_28.fna,3300043640_28,790_0,89.59202208959144
3300020156_8.fna,3300020156_8,791_0,81.5463806
3300056793_15.fna,3300056793_15,792_0,98.90445033498351
3300053709_33.fna,3300053709_33,793_1,102.32078222263405
3300031251_18.fna,3300031251_18,794_0,86.78589572182184
3300056904_10.fna,3300056904_10,795_1,78.37036435715355
3300056905_14.fna,3300056905_14,796_0,73.28767193467841
3300054968_32.fna,3300054968_32,797_0,88.43840645923966
3300078541_31.fna,3300078541_31,798_1,99.83704358853886
3300056996_39.fna,3300056996_39,799_0,69.58741446
3300057048_120.fna,3300057048_120,800_0,61.79518256072406
3300046484_3.fna,3300046484_3,801_1,90.45879841298736
3300044823_50.fna,3300044823_50,802_1,89.41107141825275
3300044904_11.fna,3300044904_11,802_2,68.29508042151866
3300031250_12.fna,3300031250_12,803_0,63.384035240759474
3300060671_30.fna,3300060671_30,804_0,85.59424715547846
3300072783_66.fna,3300072783_66,805_0,92.22567827152022
3300056888_115.fna,3300056888_115,806_0,69.37773320793319
3300082197_31.fna,3300082197_31,807_0,86.39246604033006
3300080032_159.fna,3300080032_159,808_0,77.46008312318155
3300056905_96.fna,3300056905_96,809_1,78.47861193107063
3300056888_174.fna,3300056888_174,810_0,84.96083027842433
3300057055_84.fna,3300057055_84,811_0,82.00494385483265
3300046710_21.fna,3300046710_21,812_1,78.40346465303485
3300046652_2.fna,3300046652_2,813_1,38.91969578085954
3300060671_49.fna,3300060671_49,813_2,65.73199443753688
3300045805_5.fna,3300045805_5,814_1,88.40263615690918
3300046505_42.fna,3300046505_42,814_2,88.92005444026523
3300050024_43.fna,3300050024_43,815_1,90.17876068087449
3300044904_43.fna,3300044904_43,815_2,75.12321444739672
3300075322_86.fna,3300075322_86,815_3,56.64379533850398
3300052918_60.fna,3300052918_60,816_0,91.63303646718019
3300050020_6.fna,3300050020_6,817_1,80.23446913684256
3300075322_72.fna,3300075322_72,818_0,78.74068189501713
3300044800_89.fna,3300044800_89,819_0,72.33608588705506
3300082197_57.fna,3300082197_57,820_0,83.88991251
3300056906_33.fna,3300056906_33,821_1,75.28972395543865
3300060668_62.fna,3300060668_62,822_0,77.78234001694064
3300078533_65.fna,3300078533_65,823_0,91.25587798978012
3300057010_71.fna,3300057010_71,824_1,86.81629800292102
3300057040_55.fna,3300057040_55,824_2,72.40002833298611
3300056889_154.fna,3300056889_154,825_0,61.59878882026036
3300057013_5.fna,3300057013_5,826_0,71.64537678905225
3300057044_136.fna,3300057044_136,827_1,68.03745067
3300048803_17.fna,3300048803_17,828_0,91.71245775967255
3300050139_66.fna,3300050139_66,829_0,90.40838564235915
3300044799_51.fna,3300044799_51,830_0,92.27931928207273
3300054968_58.fna,3300054968_58,831_1,81.00337149
3300036859_18.fna,3300036859_18,832_0,95.53855347740237
3300051099_115.fna,3300051099_115,833_0,64.44063763976466
3300076605_38.fna,3300076605_38,834_1,98.94330167395034
3300054984_7.fna,3300054984_7,835_0,93.92675433702303
3300028654_9.fna,3300028654_9,836_1,101.91804742382126
3300031711_19.fna,3300031711_19,836_2,63.481091550046926
3300031672_22.fna,3300031672_22,837_0,76.52911290380227
3300078328_67.fna,3300078328_67,838_0,69.73456334987131
3300054703_86.fna,3300054703_86,839_0,80.95861907
3300080785_16.fna,3300080785_16,840_0,78.12927265725551
3300075639_3.fna,3300075639_3,841_0,89.46833496633407
3300082281_138.fna,3300082281_138,842_0,87.65833842285281
3300032770_32.fna,3300032770_32,843_0,48.432444372311195
3300015256_2.fna,3300015256_2,844_1,83.94733022
3300048612_16.fna,3300048612_16,844_2,81.73479186923402
3300081968_38.fna,3300081968_38,845_0,92.66818763058986
3300056866_37.fna,3300056866_37,846_1,70.59423802283555
3300057038_26.fna,3300057038_26,847_0,81.69675713577094
3300055072_21.fna,3300055072_21,848_1,86.07322808392384
3300055048_51.fna,3300055048_51,849_0,86.59148179591074
3300072954_34.fna,3300072954_34,850_1,94.93220045919469
3300055072_115.fna,3300055072_115,851_1,75.97616568243086
3300072687_72.fna,3300072687_72,851_2,98.22677952456188
3300072126_49.fna,3300072126_49,851_3,80.01222643204983
3300057015_37.fna,3300057015_37,852_1,78.19490878
3300044712_37.fna,3300044712_37,853_0,84.42705590536558
3300056797_210.fna,3300056797_210,854_1,93.01817204458031
3300044712_112.fna,3300044712_112,855_0,87.51572205145871
3300072976_35.fna,3300072976_35,856_0,93.39876226744313
3300018920_6.fna,3300018920_6,857_0,92.34130114183493
3300063180_219.fna,3300063180_219,858_0,66.07603299570737
3300035011_4.fna,3300035011_4,859_1,100.31090825576467
3300063134_62.fna,3300063134_62,860_1,101.62842082536994
3300021444_6.fna,3300021444_6,861_0,98.13929152872363
3300046500_21.fna,3300046500_21,862_0,81.98952891876161
3300042934_87.fna,3300042934_87,863_1,102.80171077777705
3300023252_5.fna,3300023252_5,864_1,89.95470065577102
3300046525_8.fna,3300046525_8,864_2,100.69336356043154
3300042923_59.fna,3300042923_59,865_1,102.35840165492661
3300046538_1.fna,3300046538_1,866_0,101.13857873211529
3300046530_31.fna,3300046530_31,867_1,102.97918639881867
3300046558_38.fna,3300046558_38,868_0,96.95988120185984
3300041413_8.fna,3300041413_8,869_1,86.86462180584104
3300049758_2.fna,3300049758_2,870_0,101.56003140492619
3300013308_22.fna,3300013308_22,871_1,69.85736302109005
3300042004_6.fna,3300042004_6,871_2,73.517993
3300046660_66.fna,3300046660_66,872_1,100.12890658513659
3300063431_116.fna,3300063431_116,873_1,102.84003961147505
3300047472_61.fna,3300047472_61,873_2,95.08283553
3300045051_73.fna,3300045051_73,874_0,66.79037887723553
3300045770_4.fna,3300045770_4,875_0,58.505888010801456
3300056693_17.fna,3300056693_17,876_1,95.68673275978252
3300021403_5.fna,3300021403_5,877_0,80.33140688961234
3300061639_35.fna,3300061639_35,878_0,89.44699247025608
3300073834_38.fna,3300073834_38,879_1,84.84286511673288
3300036783_14.fna,3300036783_14,880_0,96.49748623039054
3300036804_11.fna,3300036804_11,881_0,77.48898894129645
3300063053_36.fna,3300063053_36,882_0,61.360986200831334
3300072118_17.fna,3300072118_17,883_0,61.10107888316738
3300066457_54.fna,3300066457_54,884_0,89.08741214813423
3300031672_27.fna,3300031672_27,885_1,75.23778947383308
3300032010_4.fna,3300032010_4,886_0,48.782765416594046
3300033289_7.fna,3300033289_7,887_0,70.28103447221808
3300042904_16.fna,3300042904_16,888_0,84.35265418393207
3300049590_39.fna,3300049590_39,889_0,83.89374986165365
3300044796_10.fna,3300044796_10,890_0,89.58621903
3300082282_58.fna,3300082282_58,891_1,88.33380849643127
3300036804_9.fna,3300036804_9,891_2,89.71287934614777
3300078418_70.fna,3300078418_70,892_0,93.17107342
3300082209_24.fna,3300082209_24,893_0,94.98466911514794
3300080652_17.fna,3300080652_17,894_0,70.39013994731648
3300063288_25.fna,3300063288_25,895_0,75.33337583202568
3300082197_43.fna,3300082197_43,896_0,81.63337225311744
3300031908_4.fna,3300031908_4,897_1,74.56696566708918
3300042007_24.fna,3300042007_24,898_0,79.90285604993501
3300045996_374.fna,3300045996_374,899_1,95.64219156283869
3300045996_137.fna,3300045996_137,900_0,90.51026851657065
3300057057_45.fna,3300057057_45,901_1,77.67001392
3300031251_26.fna,3300031251_26,902_0,93.80885367294646
3300062689_40.fna,3300062689_40,903_0,84.65642906459856
3300081523_39.fna,3300081523_39,904_0,84.97279888
3300020131_6.fna,3300020131_6,905_0,99.85257548628118
3300031251_9.fna,3300031251_9,906_0,72.34990590361615
3300059474_74.fna,3300059474_74,907_1,94.94959655059023
3300059474_17.fna,3300059474_17,908_0,68.18485289419525
3300072128_2.fna,3300072128_2,909_0,87.21875299943609
3300062820_54.fna,3300062820_54,910_0,101.63847515597392
3300066489_42.fna,3300066489_42,911_0,100.89690053372242
3300024222_3.fna,3300024222_3,912_0,88.39192582048354
3300045996_328.fna,3300045996_328,913_0,102.35872590729778
3300056787_29.fna,3300056787_29,914_0,102.35650158650488
3300029981_4.fna,3300029981_4,915_0,60.00236482580991
3300031548_13.fna,3300031548_13,916_0,78.13982349
3300042904_69.fna,3300042904_69,917_0,96.83467018721444
3300053710_24.fna,3300053710_24,918_0,93.51855062017358
3300072120_5.fna,3300072120_5,919_0,78.80984234591203
3300056713_18.fna,3300056713_18,920_1,96.22476229706993
3300064096_14.fna,3300064096_14,921_1,99.33223999676976
3300056750_190.fna,3300056750_190,922_1,93.37314429930919
3300056906_105.fna,3300056906_105,923_0,71.89926994896989
3300051082_9.fna,3300051082_9,924_0,71.75706575631544
3300063430_36.fna,3300063430_36,925_0,63.219135920805314
3300063019_26.fna,3300063019_26,926_0,93.89725958318336
3300063017_108.fna,3300063017_108,927_0,93.58881454112114
3300063430_46.fna,3300063430_46,928_0,94.74824957103914
3300063045_71.fna,3300063045_71,929_0,94.67798028356698
3300021339_7.fna,3300021339_7,930_0,94.32297332163571
3300062838_29.fna,3300062838_29,931_0,98.56806700840772
3300053709_26.fna,3300053709_26,932_1,100.91224624936181
3300032002_9.fna,3300032002_9,933_0,59.92430032992227
3300053711_20.fna,3300053711_20,934_1,103.05505791763945
3300053037_12.fna,3300053037_12,935_1,99.46862549761032
3300036407_2.fna,3300036407_2,936_0,94.96225163495457
3300072321_35.fna,3300072321_35,937_0,67.03011579747906
3300049440_5.fna,3300049440_5,938_0,29.62347974419014
3300082239_32.fna,3300082239_32,939_0,83.95703500215336
3300053707_9.fna,3300053707_9,940_1,96.72540606301958
3300035016_6.fna,3300035016_6,941_0,97.86885591167407
3300044712_108.fna,3300044712_108,942_1,91.64443093910138
3300062801_39.fna,3300062801_39,943_0,95.71788917340973
3300062820_83.fna,3300062820_83,944_1,97.01328920201135
3300049761_1.fna,3300049761_1,945_0,66.83931847419223
3300062795_44.fna,3300062795_44,946_0,87.72003150031388
3300063065_55.fna,3300063065_55,947_0,85.08311841132746
3300077207_33.fna,3300077207_33,948_1,84.10865086904478
3300078727_23.fna,3300078727_23,949_0,95.33839872491423
3300063132_137.fna,3300063132_137,950_1,93.90946084884749
3300063429_71.fna,3300063429_71,950_2,91.05739721421418
3300054704_111.fna,3300054704_111,951_1,97.33917131813254
3300048800_41.fna,3300048800_41,952_1,79.79564122512109
3300072128_10.fna,3300072128_10,953_1,98.96793703443198
3300072126_12.fna,3300072126_12,954_0,84.01812255
3300049570_24.fna,3300049570_24,955_0,66.03547821966595
3300056889_159.fna,3300056889_159,956_0,79.09946757091495
3300056888_139.fna,3300056888_139,957_1,84.32453551225937
3300056889_78.fna,3300056889_78,958_1,87.00732636832171
3300056883_59.fna,3300056883_59,958_2,89.40413741
3300072981_18.fna,3300072981_18,959_1,98.23183299005896
3300054704_119.fna,3300054704_119,960_0,93.14990353229537
3300055047_65.fna,3300055047_65,961_0,86.20505948417977
3300063431_81.fna,3300063431_81,962_1,100.55735604913238
3300017988_19.fna,3300017988_19,963_0,45.90276271122835
3300059325_31.fna,3300059325_31,964_0,72.46337348410323
3300072967_1.fna,3300072967_1,965_0,57.89715913378939
3300018005_9.fna,3300018005_9,966_1,82.88254458
3300054986_62.fna,3300054986_62,967_0,90.67399774
3300055048_10.fna,3300055048_10,968_0,86.29637584389809
3300056889_50.fna,3300056889_50,969_0,49.81810618855869
3300056897_88.fna,3300056897_88,970_0,80.72728737764741
3300065429_9.fna,3300065429_9,971_0,71.76881403647778
3300077179_24.fna,3300077179_24,972_0,92.95925008462305
3300053709_20.fna,3300053709_20,973_0,91.93014737
3300053717_11.fna,3300053717_11,974_0,92.38560758
3300037833_2.fna,3300037833_2,975_0,90.12729862402193
3300053036_34.fna,3300053036_34,976_0,93.17650807007541
3300045240_2.fna,3300045240_2,977_0,80.63039256748671
3300063431_121.fna,3300063431_121,978_0,89.41020897991012
3300049982_75.fna,3300049982_75,979_0,70.57149829080075
3300045996_164.fna,3300045996_164,980_0,98.39838515087415
3300044251_2.fna,3300044251_2,981_0,99.31655817
3300048998_6.fna,3300048998_6,982_0,79.37228440745918
3300049167_4.fna,3300049167_4,983_1,100.69439779709775
3300049781_10.fna,3300049781_10,984_0,96.18007170521769
3300046558_21.fna,3300046558_21,985_0,98.46947293198082
3300021444_5.fna,3300021444_5,986_0,99.48103791699243
3300073938_30.fna,3300073938_30,987_0,98.63472834925845
3300063057_89.fna,3300063057_89,988_0,95.60730812981151
3300073844_50.fna,3300073844_50,989_0,75.52830713
3300015265_4.fna,3300015265_4,990_0,92.38320098606988
3300078311_52.fna,3300078311_52,991_1,94.05830008564834
3300061638_70.fna,3300061638_70,992_0,80.15273751837044
3300064041_97.fna,3300064041_97,993_0,90.85462676354183
3300013306_16.fna,3300013306_16,994_1,86.21022096655132
3300047443_30.fna,3300047443_30,994_2,89.72942027
3300046524_52.fna,3300046524_52,995_0,74.66852282873107
3300013104_21.fna,3300013104_21,996_1,68.23411417005704
3300066015_31.fna,3300066015_31,997_0,91.41603658944103
3300021086_3.fna,3300021086_3,998_0,93.22965612278934
3300062860_12.fna,3300062860_12,999_1,90.64538493703192
3300014969_9.fna,3300014969_9,1000_1,84.47563276877297
3300013307_16.fna,3300013307_16,1001_0,69.41050422
3300048890_5.fna,3300048890_5,1002_0,70.90186618227631
3300044750_15.fna,3300044750_15,1003_0,82.76789932976624
3300046648_1.fna,3300046648_1,1004_0,87.83805582341896
3300076650_57.fna,3300076650_57,1005_1,74.56327029424713
3300062843_19.fna,3300062843_19,1006_0,77.60312741
3300047472_39.fna,3300047472_39,1007_0,96.37202244175037
3300054964_8.fna,3300054964_8,1008_0,88.48442926885565
3300061638_13.fna,3300061638_13,1009_0,60.14660245004214
3300014838_16.fna,3300014838_16,1010_1,88.30028466202614
3300037231_11.fna,3300037231_11,1010_2,71.05383122326863
3300064045_116.fna,3300064045_116,1011_0,81.67039258645873
3300078417_2.fna,3300078417_2,1012_1,93.31963041255902
3300082510_34.fna,3300082510_34,1012_2,85.59464831584052
3300079400_6.fna,3300079400_6,1012_3,63.618362492095244
3300066018_107.fna,3300066018_107,1013_0,88.30718863062512
3300032770_10.fna,3300032770_10,1014_1,94.37363129784632
3300037846_5.fna,3300037846_5,1015_1,88.67826466239839
3300062626_5.fna,3300062626_5,1016_0,87.94622585070468
3300079481_30.fna,3300079481_30,1017_0,69.91336438
3300063337_25.fna,3300063337_25,1018_1,90.94877557881695
3300044679_18.fna,3300044679_18,1018_2,76.45676592
3300043788_35.fna,3300043788_35,1018_3,98.21668845536186
3300062846_20.fna,3300062846_20,1019_0,93.48862549
3300081829_43.fna,3300081829_43,1020_0,96.07629576368231
3300021407_5.fna,3300021407_5,1021_0,94.43267503119378
3300082252_47.fna,3300082252_47,1022_0,83.67407624665746
3300036792_6.fna,3300036792_6,1023_0,92.15744080033608
3300043788_8.fna,3300043788_8,1024_0,68.90528653837757
3300064041_59.fna,3300064041_59,1025_0,65.85710202417347
3300036830_9.fna,3300036830_9,1026_0,77.10183829280136
3300044658_7.fna,3300044658_7,1027_0,83.75242542345588
3300059438_43.fna,3300059438_43,1028_0,90.06644108
3300077302_73.fna,3300077302_73,1029_0,85.26628153442867
3300062801_106.fna,3300062801_106,1030_1,80.34994731741507
3300042014_6.fna,3300042014_6,1031_0,67.04355680596687
3300062805_49.fna,3300062805_49,1032_0,73.22737095225047
3300045049_37.fna,3300045049_37,1033_1,92.39619645932925
3300044842_7.fna,3300044842_7,1034_0,76.99626692
3300063177_6.fna,3300063177_6,1035_0,81.56042306813728
3300066328_36.fna,3300066328_36,1036_1,81.72991449458678
3300050005_1.fna,3300050005_1,1037_1,98.94591563100609
3300063057_31.fna,3300063057_31,1037_2,95.11750262
3300032009_4.fna,3300032009_4,1038_1,83.12028871148492
3300037228_9.fna,3300037228_9,1039_1,98.66227863
3300018081_5.fna,3300018081_5,1040_0,43.030530264923925
3300072967_55.fna,3300072967_55,1041_0,98.60928222913047
3300036393_2.fna,3300036393_2,1042_0,95.69077650563266
3300062792_112.fna,3300062792_112,1043_0,74.75096003720657
3300037473_11.fna,3300037473_11,1044_0,68.47657355595638
3300035010_4.fna,3300035010_4,1045_0,99.38807907379221
3300072968_2.fna,3300072968_2,1046_0,95.28742505
3300035010_6.fna,3300035010_6,1047_0,95.27893649073656
3300072963_30.fna,3300072963_30,1048_1,101.14405104175982
3300062792_10.fna,3300062792_10,1049_0,66.24355535156243
3300051097_9.fna,3300051097_9,1050_1,85.19345384976307
3300044983_81.fna,3300044983_81,1051_0,100.62382792894842
3300079543_40.fna,3300079543_40,1052_0,99.00430087100327
3300082268_10.fna,3300082268_10,1053_0,98.99328672
3300060897_23.fna,3300060897_23,1054_0,96.62480727031563
3300082023_9.fna,3300082023_9,1055_0,70.94580026011502
3300062802_115.fna,3300062802_115,1056_0,95.59033582454643
3300049930_15.fna,3300049930_15,1057_0,64.88847836852976
3300057054_64.fna,3300057054_64,1058_1,87.65467235885193
3300057026_78.fna,3300057026_78,1059_0,77.73845224926085
3300063431_95.fna,3300063431_95,1060_1,100.54654248864351
3300061462_21.fna,3300061462_21,1061_1,103.18726847043878
3300049172_23.fna,3300049172_23,1061_2,101.50061797904587
3300034630_2.fna,3300034630_2,1062_0,101.80644721736108
3300063431_79.fna,3300063431_79,1063_0,98.42941173950513
3300046789_7.fna,3300046789_7,1064_0,98.99198394390866
3300064408_52.fna,3300064408_52,1065_0,97.40907023656654
3300031524_18.fna,3300031524_18,1066_0,78.46631160000648
3300054963_56.fna,3300054963_56,1067_0,68.62914112495734
3300078418_31.fna,3300078418_31,1068_0,98.86936543597639
3300079169_12.fna,3300079169_12,1069_0,90.25821207
3300049930_10.fna,3300049930_10,1070_0,80.29661543555679
3300081965_43.fna,3300081965_43,1071_0,92.17167855817476
3300013308_26.fna,3300013308_26,1072_0,90.39704133126291
3300014325_10.fna,3300014325_10,1073_0,72.50284389333639
3300056811_345.fna,3300056811_345,1074_1,89.45949509478199
3300050021_25.fna,3300050021_25,1075_0,83.93000247530972
3300065455_17.fna,3300065455_17,1076_1,87.26485456113886
3300063167_22.fna,3300063167_22,1077_1,92.66914538302096
3300056843_13.fna,3300056843_13,1078_0,95.71838469515724
3300063167_8.fna,3300063167_8,1079_1,78.72048440682717
3300034220_6.fna,3300034220_6,1080_0,85.78602822142051
3300077302_96.fna,3300077302_96,1081_0,92.85272706
3300072177_5.fna,3300072177_5,1082_1,96.97498227351447
3300072965_1.fna,3300072965_1,1083_1,91.33073227665028
3300072121_35.fna,3300072121_35,1084_0,81.99774188555016
3300072121_17.fna,3300072121_17,1085_0,95.04025803058913
3300035684_8.fna,3300035684_8,1086_0,93.77630240758066
3300061786_5.fna,3300061786_5,1087_0,77.08540802501737
3300042995_9.fna,3300042995_9,1088_0,77.77055767631632
3300035012_3.fna,3300035012_3,1089_0,99.50508096129865
3300046616_26.fna,3300046616_26,1090_0,71.64602180124383
3300054986_109.fna,3300054986_109,1091_0,99.05717437216514
3300055072_117.fna,3300055072_117,1092_0,99.4003182
3300020202_5.fna,3300020202_5,1093_0,87.43812412147447
3300021066_3.fna,3300021066_3,1094_0,51.97128424915697
3300062689_18.fna,3300062689_18,1095_0,75.08413310994014
3300065082_159.fna,3300065082_159,1096_0,96.69185551678653
3300042876_140.fna,3300042876_140,1097_0,98.39755069576773
3300077500_6.fna,3300077500_6,1098_0,58.68594896723771
3300013104_34.fna,3300013104_34,1099_0,79.25572913005325
3300043640_32.fna,3300043640_32,1100_0,90.91302468
3300050137_52.fna,3300050137_52,1101_1,83.58462363173906
3300037233_9.fna,3300037233_9,1102_0,92.81126855927884
3300077992_90.fna,3300077992_90,1103_0,82.12707343529344
3300079391_51.fna,3300079391_51,1104_1,80.46764811241714
3300078416_6.fna,3300078416_6,1105_0,68.59831252602537
3300078714_28.fna,3300078714_28,1106_0,68.61812166523266
3300055239_204.fna,3300055239_204,1107_1,66.93365616
3300060656_43.fna,3300060656_43,1108_0,88.11488156229903
3300079119_45.fna,3300079119_45,1109_0,89.44282170820209
3300080064_37.fna,3300080064_37,1110_1,81.65246968061824
3300082239_14.fna,3300082239_14,1111_0,65.05770827992023
3300080066_15.fna,3300080066_15,1112_0,90.06558858957878
3300078364_10.fna,3300078364_10,1113_0,63.19287815726722
3300079306_5.fna,3300079306_5,1114_0,86.69162269
3300082172_69.fna,3300082172_69,1115_0,90.94897426616043
3300064101_58.fna,3300064101_58,1116_1,92.75917922
3300079560_80.fna,3300079560_80,1117_0,88.85551243989197
3300078364_39.fna,3300078364_39,1118_0,48.94403355670371
3300079690_28.fna,3300079690_28,1119_0,83.74812418738776
3300061179_71.fna,3300061179_71,1120_0,75.06569755855604
3300013306_40.fna,3300013306_40,1121_1,86.95482731119421
3300031949_33.fna,3300031949_33,1122_0,56.93307997936383
3300028592_10.fna,3300028592_10,1123_0,63.27270888255546
3300077179_49.fna,3300077179_49,1124_0,83.38471631599252
3300062872_22.fna,3300062872_22,1125_1,101.63999205337672
3300063059_6.fna,3300063059_6,1126_0,82.0737237
3300063177_23.fna,3300063177_23,1127_0,100.66852471621995
3300049259_73.fna,3300049259_73,1128_0,102.08413739758291
3300066521_57.fna,3300066521_57,1129_0,86.33039938555866
3300043633_4.fna,3300043633_4,1130_0,80.09275509238499
3300062833_16.fna,3300062833_16,1131_0,85.23318147019737
3300063400_10.fna,3300063400_10,1132_1,89.83038659706577
3300044658_23.fna,3300044658_23,1133_1,102.19390512728742
3300049136_11.fna,3300049136_11,1134_0,65.24047874101424
3300049136_33.fna,3300049136_33,1135_0,36.14239648547484
3300053037_5.fna,3300053037_5,1136_1,99.92161309
3300077207_40.fna,3300077207_40,1137_1,85.73180143317649
3300065429_4.fna,3300065429_4,1138_0,94.63255481113598
3300037833_10.fna,3300037833_10,1139_0,99.34719577479561
3300037833_11.fna,3300037833_11,1140_0,67.66339225774892
3300063155_46.fna,3300063155_46,1141_1,96.25007130214301
3300056793_6.fna,3300056793_6,1142_0,98.82966689965286
3300035010_10.fna,3300035010_10,1143_0,96.92301458489102
3300018429_8.fna,3300018429_8,1144_0,74.99432871607065
3300077500_30.fna,3300077500_30,1145_1,95.05038223298791
3300038443_13.fna,3300038443_13,1146_0,81.45191470008784
3300031938_6.fna,3300031938_6,1147_1,98.94463723717556
3300069309_4.fna,3300069309_4,1148_1,76.51664204233296
3300075532_34.fna,3300075532_34,1149_0,96.30765151175605
3300039305_8.fna,3300039305_8,1150_0,97.14322013724845
3300042904_109.fna,3300042904_109,1151_0,97.65743649386555
3300031251_19.fna,3300031251_19,1152_0,96.88948455130628
3300063133_18.fna,3300063133_18,1153_1,101.02832547902752
3300079157_40.fna,3300079157_40,1154_1,102.5588086587541
3300077165_10.fna,3300077165_10,1155_0,87.06765138
3300079157_35.fna,3300079157_35,1156_0,91.48755217375093
3300056879_81.fna,3300056879_81,1157_1,70.39077364284621
3300056879_114.fna,3300056879_114,1158_1,88.473963
3300057003_128.fna,3300057003_128,1158_2,92.23906056827937
3300076614_30.fna,3300076614_30,1159_1,93.55973115997881
3300062823_14.fna,3300062823_14,1160_1,102.81151341887298
3300050235_20.fna,3300050235_20,1161_0,100.07001421961598
3300036444_7.fna,3300036444_7,1162_0,76.24528973027633
3300050240_49.fna,3300050240_49,1163_1,88.79319431075899
3300053036_8.fna,3300053036_8,1164_1,102.66523683969577
3300072658_20.fna,3300072658_20,1164_2,86.31682248939939
3300053710_31.fna,3300053710_31,1165_1,102.69160824922098
3300066520_37.fna,3300066520_37,1166_0,74.50590722
3300066520_66.fna,3300066520_66,1167_1,94.85582869805108
3300067033_16.fna,3300067033_16,1167_2,84.95372547081931
3300066520_65.fna,3300066520_65,1168_0,70.73309822186461
3300063180_231.fna,3300063180_231,1169_1,100.37308042569927
3300066520_55.fna,3300066520_55,1170_0,75.48583503056278
3300077440_5.fna,3300077440_5,1171_1,82.52756653
3300063134_42.fna,3300063134_42,1172_0,97.41649095181772
3300072127_5.fna,3300072127_5,1173_1,101.00008991695162
3300077302_49.fna,3300077302_49,1174_0,84.57270090756462
3300081867_52.fna,3300081867_52,1175_1,83.95970634196676
3300079118_129.fna,3300079118_129,1176_1,92.28353381347445
3300051098_2.fna,3300051098_2,1177_0,73.96070542008295
3300051238_26.fna,3300051238_26,1178_1,100.20948766421178
3300051096_64.fna,3300051096_64,1179_1,92.35746357709098
3300036860_9.fna,3300036860_9,1180_0,97.86809980225782
3300043586_14.fna,3300043586_14,1181_0,79.75388835423236
3300063176_58.fna,3300063176_58,1182_1,102.13718360622235
3300013104_47.fna,3300013104_47,1183_0,46.94066754783728
3300032954_11.fna,3300032954_11,1184_1,82.42459103089821
3300033158_12.fna,3300033158_12,1185_0,65.71322566162362
3300055099_83.fna,3300055099_83,1186_0,99.13236186304242
3300049590_5.fna,3300049590_5,1187_1,80.48261796631465
3300054984_95.fna,3300054984_95,1188_0,84.66166739126915
3300062801_31.fna,3300062801_31,1189_0,69.73815046228538
3300072960_38.fna,3300072960_38,1190_0,101.72291124916508
3300072975_9.fna,3300072975_9,1191_0,66.09753836
3300056676_196.fna,3300056676_196,1192_0,75.77340266
3300064047_179.fna,3300064047_179,1193_0,95.84464362
3300063166_3.fna,3300063166_3,1194_1,82.87677642699471
3300044712_25.fna,3300044712_25,1195_0,86.74920915051274
3300056673_159.fna,3300056673_159,1196_0,74.11011385572846
3300056885_61.fna,3300056885_61,1197_1,78.10507697447449
3300057053_111.fna,3300057053_111,1198_0,68.48915977167107
3300072699_15.fna,3300072699_15,1199_1,101.54856801567634
3300057004_78.fna,3300057004_78,1200_0,43.18864949620476
3300049587_45.fna,3300049587_45,1201_1,80.70229146528939
3300056799_65.fna,3300056799_65,1202_1,78.12135078106215
3300054730_38.fna,3300054730_38,1203_0,80.52419903553837
3300077501_95.fna,3300077501_95,1204_1,97.14088881255503
3300077554_17.fna,3300077554_17,1205_1,99.79067908169733
3300077503_20.fna,3300077503_20,1206_1,91.81458764077699
3300077727_42.fna,3300077727_42,1207_0,92.18688304935878
3300045996_241.fna,3300045996_241,1208_0,64.75910786618549
3300076606_21.fna,3300076606_21,1209_1,91.93449924
3300037258_22.fna,3300037258_22,1210_0,85.42196620081933
3300044712_269.fna,3300044712_269,1211_0,77.12247363882754
3300063135_16.fna,3300063135_16,1212_1,81.86138339641661
3300063165_42.fna,3300063165_42,1213_0,88.62085494
3300063172_319.fna,3300063172_319,1214_1,97.96679365167272
3300066520_91.fna,3300066520_91,1215_0,96.03307778
3300067033_83.fna,3300067033_83,1216_0,75.56470447498742
3300018005_37.fna,3300018005_37,1217_1,76.26366309790845
3300018082_9.fna,3300018082_9,1218_1,100.46718274159724
3300065454_2.fna,3300065454_2,1219_1,94.06044372459377
3300078525_80.fna,3300078525_80,1220_1,76.00109421806725
3300045994_17.fna,3300045994_17,1221_0,83.97291928
3300078218_84.fna,3300078218_84,1222_1,99.27336397
3300077297_37.fna,3300077297_37,1223_1,87.75270542193088
3300077332_86.fna,3300077332_86,1224_1,97.70063629145868
3300078823_92.fna,3300078823_92,1225_0,74.40908274262155
3300055514_18.fna,3300055514_18,1226_1,97.08064175087188
3300048800_63.fna,3300048800_63,1227_0,82.88062976027442
3300077161_44.fna,3300077161_44,1228_1,101.00894685101447
3300079107_46.fna,3300079107_46,1229_0,89.62092139489104
3300082225_87.fna,3300082225_87,1230_0,68.47835189954485
3300055502_31.fna,3300055502_31,1231_1,98.78044320003087
3300056751_214.fna,3300056751_214,1232_0,59.57304039135804
3300056799_258.fna,3300056799_258,1233_1,98.39423393714068
3300065078_193.fna,3300065078_193,1234_1,101.42617838254178
3300060695_94.fna,3300060695_94,1235_0,93.73183736634046
3300052274_4.fna,3300052274_4,1236_0,99.80099306686368
3300062684_38.fna,3300062684_38,1237_0,85.49964755904215
3300064042_186.fna,3300064042_186,1238_0,62.46774274907723
3300044819_3.fna,3300044819_3,1239_0,95.56399838742375
3300076763_185.fna,3300076763_185,1240_0,81.39643972891189
3300072778_48.fna,3300072778_48,1241_1,98.30757278100718
3300069309_39.fna,3300069309_39,1242_1,76.79278991684036
3300065429_12.fna,3300065429_12,1243_0,90.28063178
3300056793_10.fna,3300056793_10,1244_1,99.99718984170349
3300051099_21.fna,3300051099_21,1245_1,102.59974302137769
3300082268_25.fna,3300082268_25,1246_0,97.58815036609822
3300034008_4.fna,3300034008_4,1247_0,34.606239996818424
3300060665_25.fna,3300060665_25,1248_0,84.21374319
3300062872_47.fna,3300062872_47,1249_1,98.59624055
3300013306_25.fna,3300013306_25,1250_0,72.01917362171325
3300056680_4.fna,3300056680_4,1251_1,97.44490367
3300056811_83.fna,3300056811_83,1252_0,58.89166739126916
3300077205_46.fna,3300077205_46,1253_0,86.25376296229385
3300053710_32.fna,3300053710_32,1254_1,100.47423008033094
3300042994_14.fna,3300042994_14,1255_1,99.88929209151077
3300072967_39.fna,3300072967_39,1256_1,98.78399424
3300055506_18.fna,3300055506_18,1257_1,93.85655287468353
3300063172_28.fna,3300063172_28,1258_1,60.89135036
3300056753_235.fna,3300056753_235,1258_2,52.42930775
3300021168_6.fna,3300021168_6,1259_0,94.82896807845665
3300037231_14.fna,3300037231_14,1260_0,94.50599037668549
3300080028_162.fna,3300080028_162,1261_0,92.63106765756999
3300036402_6.fna,3300036402_6,1262_0,97.56523086412274
3300062823_152.fna,3300062823_152,1263_0,85.69810935041858
3300069309_31.fna,3300069309_31,1264_1,98.98996946230618
3300063135_17.fna,3300063135_17,1265_1,102.37150184605056
3300063417_50.fna,3300063417_50,1265_2,82.62673622711456
3300046616_35.fna,3300046616_35,1265_3,98.37310230422318
3300079305_47.fna,3300079305_47,1266_0,97.62186439582554
3300021478_8.fna,3300021478_8,1267_0,54.57657521822393
3300042876_35.fna,3300042876_35,1268_0,70.6937214
3300049571_91.fna,3300049571_91,1269_0,97.08813593758396
3300037840_6.fna,3300037840_6,1270_1,86.58694556256927
3300050012_22.fna,3300050012_22,1271_1,71.42012136888481
3300013296_28.fna,3300013296_28,1272_0,80.41661281
3300013307_39.fna,3300013307_39,1273_0,26.081039043667325
3300047443_34.fna,3300047443_34,1274_0,86.54372170056472
3300063396_5.fna,3300063396_5,1275_1,88.25283099
3300063134_34.fna,3300063134_34,1275_2,98.07894752838855
3300063431_112.fna,3300063431_112,1276_0,98.84618042402327
3300066486_71.fna,3300066486_71,1277_0,98.85976012305292
3300064183_44.fna,3300064183_44,1278_0,93.90656435
3300065428_65.fna,3300065428_65,1279_1,96.60275736
3300063135_58.fna,3300063135_58,1280_1,100.86460256539993
3300056673_22.fna,3300056673_22,1281_1,95.02967059740861
3300063134_4.fna,3300063134_4,1282_0,75.86975363344159
3300056752_218.fna,3300056752_218,1283_0,75.17635592027354
3300065078_138.fna,3300065078_138,1284_1,97.18866245
3300052935_9.fna,3300052935_9,1285_0,91.33175149617283
3300077332_34.fna,3300077332_34,1286_1,89.02536860597584
3300050120_5.fna,3300050120_5,1287_0,80.63135072
3300064033_60.fna,3300064033_60,1288_1,98.91852556798256
3300077907_56.fna,3300077907_56,1289_1,84.41141506895194
3300050120_7.fna,3300050120_7,1290_1,96.95839448529014
3300066006_64.fna,3300066006_64,1291_0,70.24204859
3300037237_7.fna,3300037237_7,1292_0,84.41826822370177
3300050122_34.fna,3300050122_34,1293_0,80.52966808869465
3300061639_10.fna,3300061639_10,1294_0,94.45838983284011
3300048999_83.fna,3300048999_83,1295_1,91.43197898245049
3300065428_90.fna,3300065428_90,1295_2,78.76421817358383
3300065428_42.fna,3300065428_42,1296_1,89.85735374854943
3300065428_27.fna,3300065428_27,1297_0,81.89796939767218
3300063172_328.fna,3300063172_328,1298_0,91.11230684741699
3300063155_3.fna,3300063155_3,1299_1,89.02494401591244
3300069309_46.fna,3300069309_46,1300_1,92.25636592504301
3300063165_25.fna,3300063165_25,1300_2,92.11227608050234
3300063167_73.fna,3300063167_73,1301_1,92.80967520518377
3300063418_6.fna,3300063418_6,1302_1,92.10334236585541
3300063167_37.fna,3300063167_37,1303_0,72.12253661
3300063153_42.fna,3300063153_42,1304_0,72.68033527647894
3300066487_2.fna,3300066487_2,1305_1,97.28719692366705
3300060314_52.fna,3300060314_52,1306_0,85.61595941
3300082526_24.fna,3300082526_24,1307_0,98.78294052383582
3300046665_36.fna,3300046665_36,1308_1,82.96086215576516
3300049982_33.fna,3300049982_33,1308_2,76.38283883
3300057020_37.fna,3300057020_37,1309_0,88.12263072519376
3300063172_160.fna,3300063172_160,1310_1,97.79868571833201
3300063180_91.fna,3300063180_91,1311_0,51.61190334
3300077817_65.fna,3300077817_65,1312_0,77.02109088766542
3300050120_15.fna,3300050120_15,1313_0,86.14832690942124
3300056674_183.fna,3300056674_183,1314_0,91.23466890709386
3300047472_24.fna,3300047472_24,1315_0,76.64391910207827
3300050120_39.fna,3300050120_39,1316_0,92.45303657528495
3300047472_72.fna,3300047472_72,1317_0,77.27184121934278
3300056752_264.fna,3300056752_264,1318_1,91.09019848529555
3300046558_30.fna,3300046558_30,1319_0,89.95707935
3300046616_48.fna,3300046616_48,1320_0,94.96063795852382
3300056676_118.fna,3300056676_118,1321_1,94.12921282727112
3300061639_80.fna,3300061639_80,1322_0,76.51082176891967
3300064043_87.fna,3300064043_87,1323_0,88.31482650831047
3300079120_33.fna,3300079120_33,1324_0,93.90793349504041
3300046694_32.fna,3300046694_32,1325_1,96.05238656328113
3300046512_39.fna,3300046512_39,1325_2,60.465560527852055
3300046507_30.fna,3300046507_30,1325_3,90.75353466346601
3300065428_39.fna,3300065428_39,1326_0,84.29649001517103
3300013307_26.fna,3300013307_26,1327_1,91.80915335653535
3300063122_34.fna,3300063122_34,1328_1,95.98935761279341
3300048998_15.fna,3300048998_15,1329_0,67.90949786722194
3300018053_7.fna,3300018053_7,1330_0,63.49679664699923
3300044822_35.fna,3300044822_35,1331_0,81.86126966
3300072975_52.fna,3300072975_52,1332_1,98.27220887347804
3300066489_52.fna,3300066489_52,1333_0,86.8640042
3300075635_14.fna,3300075635_14,1334_1,68.64034969984053
3300060733_16.fna,3300060733_16,1335_1,103.3816289521497
3300063167_68.fna,3300063167_68,1336_1,100.04961091173665
3300046616_20.fna,3300046616_20,1337_0,99.44308231246269
3300063431_57.fna,3300063431_57,1338_0,85.47850004366066
3300037471_14.fna,3300037471_14,1339_0,96.41474763
3300045996_95.fna,3300045996_95,1340_0,84.83680401207684
3300072979_49.fna,3300072979_49,1341_0,72.29821205197754
3300078729_43.fna,3300078729_43,1342_1,83.40150155162158
3300049748_3.fna,3300049748_3,1343_0,91.42082409885975
3300064096_127.fna,3300064096_127,1344_0,88.76725128639983
3300013307_31.fna,3300013307_31,1345_0,83.45710830271419
3300048998_3.fna,3300048998_3,1346_0,91.30319343648635
3300045996_341.fna,3300045996_341,1347_0,90.86681252975777
3300045996_44.fna,3300045996_44,1348_0,89.42866339639372
3300042904_71.fna,3300042904_71,1349_0,92.42888709644038
3300045282_20.fna,3300045282_20,1350_0,84.11060183936122
3300060733_34.fna,3300060733_34,1351_1,94.23769788899762
3300034146_3.fna,3300034146_3,1352_1,85.77092756
3300063180_247.fna,3300063180_247,1353_0,63.11650099326852
3300021402_5.fna,3300021402_5,1354_0,96.08328012301811
3300065473_53.fna,3300065473_53,1355_0,90.98736589023476
3300061641_152.fna,3300061641_152,1356_0,75.80676337184983
3300072967_26.fna,3300072967_26,1357_1,79.72038612287815
3300055498_19.fna,3300055498_19,1358_1,95.05776678562896
3300063172_249.fna,3300063172_249,1358_2,76.18917390420178
3300042922_59.fna,3300042922_59,1359_0,63.86523914
3300065428_92.fna,3300065428_92,1360_1,72.66824002997426
3300063166_16.fna,3300063166_16,1361_1,89.46660645937632
3300013100_13.fna,3300013100_13,1362_0,87.17356613936339
3300045240_9.fna,3300045240_9,1363_0,72.06106296
3300063167_50.fna,3300063167_50,1364_1,101.71109749285678
3300063162_19.fna,3300063162_19,1365_1,93.55710885792753
3300063417_35.fna,3300063417_35,1365_2,97.02424749
3300063418_18.fna,3300063418_18,1366_1,93.66144147401491
3300013102_18.fna,3300013102_18,1367_0,86.79399890075214
3300046512_44.fna,3300046512_44,1368_0,74.94639629
3300063136_61.fna,3300063136_61,1369_0,92.70103403888577
3300063417_2.fna,3300063417_2,1370_1,97.64244678346095
3300063154_32.fna,3300063154_32,1371_1,93.52278904594787
3300046512_33.fna,3300046512_33,1372_0,86.7307551
3300013105_28.fna,3300013105_28,1373_0,76.14883595
3300063165_14.fna,3300063165_14,1374_1,98.12310573826632
3300063135_32.fna,3300063135_32,1375_1,100.72661151563297
3300063165_10.fna,3300063165_10,1376_1,84.57139741041965
3300063155_24.fna,3300063155_24,1377_1,95.83765685
3300037088_14.fna,3300037088_14,1378_1,66.90528276727456
3300045996_149.fna,3300045996_149,1379_0,96.45250813870314
3300045996_249.fna,3300045996_249,1380_0,96.60504544917522
3300056685_16.fna,3300056685_16,1381_1,89.03951696600316
3300055506_9.fna,3300055506_9,1382_1,96.71253614433301
3300049793_11.fna,3300049793_11,1383_0,55.03753103483752
3300049926_9.fna,3300049926_9,1384_0,65.80024124360672
3300037401_3.fna,3300037401_3,1385_1,96.95854302778824
3300064096_48.fna,3300064096_48,1386_1,91.37907458828576
3300021404_9.fna,3300021404_9,1387_0,39.891737393791125
3300021479_5.fna,3300021479_5,1388_0,61.500851183770706
3300020580_6.fna,3300020580_6,1389_0,79.98854162832532
3300056900_34.fna,3300056900_34,1390_1,85.79264082137696
3300043580_4.fna,3300043580_4,1391_0,82.89873180786496
3300056903_12.fna,3300056903_12,1392_0,79.03620863941639
3300042904_56.fna,3300042904_56,1393_1,91.48827464912264
3300048998_19.fna,3300048998_19,1394_0,81.14759968
3300044673_9.fna,3300044673_9,1395_0,87.09162912175304
3300045051_194.fna,3300045051_194,1396_0,77.49825659074676
3300050222_58.fna,3300050222_58,1397_0,97.19555220897682
3300050227_62.fna,3300050227_62,1398_0,83.85703530173737
3300063180_275.fna,3300063180_275,1399_1,100.87122482624027
3300077501_14.fna,3300077501_14,1400_1,96.76746147672416
3300077727_21.fna,3300077727_21,1401_0,93.26063836819992
3300050139_7.fna,3300050139_7,1402_0,95.10212914765188
3300063058_125.fna,3300063058_125,1403_1,67.51729779415945
3300028653_3.fna,3300028653_3,1404_0,48.755560527852055
3300081534_29.fna,3300081534_29,1405_0,62.28278524182111
3300031242_9.fna,3300031242_9,1406_1,75.23219072611859
3300066487_47.fna,3300066487_47,1407_0,82.71289369018129
3300056858_2.fna,3300056858_2,1408_1,102.40153791845782
3300034024_7.fna,3300034024_7,1409_0,85.51280581523582
3300055464_38.fna,3300055464_38,1410_1,99.89366864
3300018084_4.fna,3300018084_4,1411_1,86.83253572257017
3300075635_16.fna,3300075635_16,1412_0,85.02472945002987
3300046373_8.fna,3300046373_8,1413_0,93.78888548319647
3300013100_25.fna,3300013100_25,1414_0,85.05784682092822
3300062820_14.fna,3300062820_14,1415_0,90.21836748289536
3300013105_20.fna,3300013105_20,1416_0,80.71351892246513
3300063431_117.fna,3300063431_117,1417_1,101.55689335108609
3300049763_4.fna,3300049763_4,1418_1,99.10355252826957
3300041407_8.fna,3300041407_8,1418_2,80.74422752252208
3300031852_6.fna,3300031852_6,1419_1,84.88706949
3300041411_12.fna,3300041411_12,1420_0,70.88545004
3300045240_3.fna,3300045240_3,1421_0,93.39906564
3300032005_9.fna,3300032005_9,1422_0,47.227988
3300066489_55.fna,3300066489_55,1423_0,65.24610552905433
3300056675_233.fna,3300056675_233,1424_1,101.49936087535355
3300064047_71.fna,3300064047_71,1425_0,84.68563285
3300037156_10.fna,3300037156_10,1426_0,98.32274276178038
3300056752_240.fna,3300056752_240,1427_0,70.50019534462496
3300056797_162.fna,3300056797_162,1428_1,83.98375186526755
3300056674_44.fna,3300056674_44,1429_1,81.83294894331654
3300056811_148.fna,3300056811_148,1430_0,80.07890366833098
3300042876_79.fna,3300042876_79,1431_0,83.90652040001483
3300044712_191.fna,3300044712_191,1432_0,85.07671802941564
3300050120_35.fna,3300050120_35,1433_0,98.44470961588172
3300062862_57.fna,3300062862_57,1434_0,92.5740363
3300063155_54.fna,3300063155_54,1435_1,97.71471571708649
3300013104_31.fna,3300013104_31,1436_0,75.94964485624126
3300046522_8.fna,3300046522_8,1437_0,95.03557334
3300060297_42.fna,3300060297_42,1438_1,101.50285912340158
3300065455_20.fna,3300065455_20,1439_1,95.66813156404027
3300073843_23.fna,3300073843_23,1440_0,95.98728466319787
3300073843_12.fna,3300073843_12,1441_0,88.81449947927133
3300054968_5.fna,3300054968_5,1442_1,73.62421886133846
3300054962_39.fna,3300054962_39,1443_1,71.63176945719178
3300044712_307.fna,3300044712_307,1444_0,75.72943146879348
3300076649_133.fna,3300076649_133,1445_0,84.46026291706465
3300082287_29.fna,3300082287_29,1446_1,78.37342918798481
3300045743_28.fna,3300045743_28,1447_0,94.24467239883917
3300056906_55.fna,3300056906_55,1448_1,75.53225089419526
3300056902_52.fna,3300056902_52,1449_1,65.59163220118997
3300057011_50.fna,3300057011_50,1450_1,80.70718813740298
3300031673_44.fna,3300031673_44,1451_0,60.64312785
3300057053_188.fna,3300057053_188,1452_0,57.70618703560032
3300056905_170.fna,3300056905_170,1453_1,91.07257778703693
3300056904_53.fna,3300056904_53,1453_2,81.97689896518523
3300056905_16.fna,3300056905_16,1454_0,57.199044586528075
3300057053_106.fna,3300057053_106,1455_1,91.38632130385444
3300057013_156.fna,3300057013_156,1456_0,82.99837058
3300057029_93.fna,3300057029_93,1457_0,85.35914647
3300014861_1.fna,3300014861_1,1458_1,45.958809081721974
3300079526_66.fna,3300079526_66,1458_2,89.60964097489563
3300056997_5.fna,3300056997_5,1459_0,88.16106142311257
3300072687_33.fna,3300072687_33,1460_1,87.83694073735627
3300081831_54.fna,3300081831_54,1461_0,84.28406409885174
3300057013_142.fna,3300057013_142,1462_1,68.53806317139035
3300056889_140.fna,3300056889_140,1462_2,60.18680627896945
3300057034_149.fna,3300057034_149,1463_1,65.04547653230372
3300057044_67.fna,3300057044_67,1464_1,76.15008189111583
3300051196_68.fna,3300051196_68,1465_0,37.725584691544654
3300056887_16.fna,3300056887_16,1466_0,63.42650639
3300057025_113.fna,3300057025_113,1467_1,85.67280275
3300056905_168.fna,3300056905_168,1468_0,58.275641456508694
3300057016_6.fna,3300057016_6,1469_0,32.16408974695916
3300057057_44.fna,3300057057_44,1470_0,68.10618468838192
3300060291_115.fna,3300060291_115,1471_0,90.14931949392917
3300042922_111.fna,3300042922_111,1472_1,74.16830698574272
3300075518_2.fna,3300075518_2,1473_0,76.62535903936629
3300029985_7.fna,3300029985_7,1474_1,95.90385155762434
3300051094_133.fna,3300051094_133,1475_0,90.83133587208088
3300056797_47.fna,3300056797_47,1476_1,88.65463692
3300035674_10.fna,3300035674_10,1477_0,78.76999065365207
3300082211_35.fna,3300082211_35,1478_1,89.48104507820345
3300054966_25.fna,3300054966_25,1478_2,75.42045932537425
3300054967_34.fna,3300054967_34,1479_0,81.52869645763086
3300082211_20.fna,3300082211_20,1480_0,92.77514481189804
3300049569_61.fna,3300049569_61,1481_1,81.41434514085971
3300049822_109.fna,3300049822_109,1482_0,57.42009764725452
3300049823_34.fna,3300049823_34,1483_0,71.86638132552372
3300049570_49.fna,3300049570_49,1484_0,61.566886029192354
3300056753_250.fna,3300056753_250,1485_1,98.36037388303215
3300013104_57.fna,3300013104_57,1486_0,81.53851667
3300059325_87.fna,3300059325_87,1487_0,98.54604168554742
3300045996_156.fna,3300045996_156,1488_1,68.94876281765949
3300059446_14.fna,3300059446_14,1489_0,90.42580689733187
3300054704_14.fna,3300054704_14,1490_0,91.34866462822308
3300055048_22.fna,3300055048_22,1491_0,91.66423465379395
3300037993_38.fna,3300037993_38,1492_1,81.40380294017484
3300032805_15.fna,3300032805_15,1493_0,77.89891548857096
3300044800_3.fna,3300044800_3,1494_0,83.48111105225385
3300054986_9.fna,3300054986_9,1495_0,65.76601946017064
3300044720_17.fna,3300044720_17,1496_0,60.21006166314536
3300060676_13.fna,3300060676_13,1497_0,60.412240094552985
3300066487_19.fna,3300066487_19,1498_0,79.21724365249284
3300042876_30.fna,3300042876_30,1499_1,81.68071321756753
3300050123_28.fna,3300050123_28,1500_1,89.22318892668083
3300054985_82.fna,3300054985_82,1501_1,81.96834342985386
3300054985_83.fna,3300054985_83,1502_0,81.35913600232604
3300036876_12.fna,3300036876_12,1503_1,85.98753624
3300063155_59.fna,3300063155_59,1504_0,80.10509398517175
3300057030_142.fna,3300057030_142,1505_1,67.10246278807435
3300057032_43.fna,3300057032_43,1505_2,72.18808479499896
3300032770_45.fna,3300032770_45,1506_0,75.89370201934243
3300057055_39.fna,3300057055_39,1507_0,84.20473434891348
3300020152_16.fna,3300020152_16,1508_0,82.24702067258566
3300044679_40.fna,3300044679_40,1509_0,98.29707218843372
3300044712_26.fna,3300044712_26,1510_0,74.40720399
3300056885_138.fna,3300056885_138,1511_1,71.94096686971578
3300056906_10.fna,3300056906_10,1512_0,87.41598364925764
3300021090_31.fna,3300021090_31,1513_0,48.31822084876966
3300045051_19.fna,3300045051_19,1514_0,76.28939417808836
3300037184_16.fna,3300037184_16,1515_0,78.08918986462537
3300050014_34.fna,3300050014_34,1516_0,73.99195761
3300031344_45.fna,3300031344_45,1517_0,70.35299105016355
3300045051_153.fna,3300045051_153,1518_0,80.11145474052499
3300031250_24.fna,3300031250_24,1519_0,73.02821941251065
3300049725_3.fna,3300049725_3,1520_1,82.69144989770639
3300050029_73.fna,3300050029_73,1521_0,78.25215678061684
3300038416_37.fna,3300038416_37,1522_1,83.4182623
3300029981_20.fna,3300029981_20,1523_0,42.85632093
3300037049_16.fna,3300037049_16,1524_0,79.20979532030184
3300072117_22.fna,3300072117_22,1525_0,87.17788138
3300045996_390.fna,3300045996_390,1526_0,59.11694354633065
3300056692_32.fna,3300056692_32,1527_0,73.38164520117671
3300063180_281.fna,3300063180_281,1528_0,77.70621421861483
3300065455_24.fna,3300065455_24,1529_0,73.45064841267185
3300066520_49.fna,3300066520_49,1530_0,82.37466097496379
3300044712_173.fna,3300044712_173,1531_0,72.50067459194837
3300044712_245.fna,3300044712_245,1532_0,69.49629579858852
3300049589_72.fna,3300049589_72,1533_1,86.01522406706198
3300021477_15.fna,3300021477_15,1534_0,62.81626121204474
3300020202_17.fna,3300020202_17,1535_1,80.68202927366471
3300029985_23.fna,3300029985_23,1536_0,60.985520972667935
3300048790_16.fna,3300048790_16,1537_0,78.40217004941316
3300044796_105.fna,3300044796_105,1538_0,79.50104854751999
3300050015_21.fna,3300050015_21,1539_0,62.941728557824206
3300072176_50.fna,3300072176_50,1540_0,83.33896724709282
3300055515_13.fna,3300055515_13,1541_1,81.21799269554863
3300044822_38.fna,3300044822_38,1542_0,74.97475276271328
3300079305_12.fna,3300079305_12,1543_0,84.64248163163037
3300078542_27.fna,3300078542_27,1544_1,85.44441732451233
3300056673_254.fna,3300056673_254,1545_1,84.97874013714734
3300056811_223.fna,3300056811_223,1546_0,76.43281914
3300063180_21.fna,3300063180_21,1547_0,80.09892437625575
3300077170_33.fna,3300077170_33,1548_1,85.04097199449839
3300055512_2.fna,3300055512_2,1549_1,83.51316168170524
3300056809_189.fna,3300056809_189,1550_1,86.48081556512469
3300056750_61.fna,3300056750_61,1551_0,81.95220224647042
3300056798_166.fna,3300056798_166,1552_1,74.10596298303751
3300056753_128.fna,3300056753_128,1553_0,82.13018849695042
3300065078_36.fna,3300065078_36,1554_1,82.91072092103359
3300056676_62.fna,3300056676_62,1555_1,85.18001466333236
3300056797_34.fna,3300056797_34,1556_1,83.31655315768666
3300050034_9.fna,3300050034_9,1557_1,81.67931092160697
3300037226_12.fna,3300037226_12,1558_0,78.76631160000647
3300050014_1.fna,3300050014_1,1559_0,76.99087603138912
3300020215_25.fna,3300020215_25,1560_0,80.65753270496137
3300021478_22.fna,3300021478_22,1561_0,72.72772984331054
3300042876_127.fna,3300042876_127,1562_1,82.83997174
3300044796_69.fna,3300044796_69,1563_0,79.08997692082819
3300045051_90.fna,3300045051_90,1564_0,77.22655719060172
3300037155_22.fna,3300037155_22,1565_0,74.51650061
3300044823_42.fna,3300044823_42,1566_0,77.10686787329487
3300014199_29.fna,3300014199_29,1567_1,77.37971698602394
3300028800_44.fna,3300028800_44,1568_0,72.45434803502218
3300059598_88.fna,3300059598_88,1569_0,78.42790719839726
3300044796_95.fna,3300044796_95,1570_0,77.20436692941385
3300044712_292.fna,3300044712_292,1571_0,72.42649334272822
3300065473_5.fna,3300065473_5,1572_0,80.09794965756625
3300056847_34.fna,3300056847_34,1573_0,65.89692402476557
3300064047_91.fna,3300064047_91,1574_0,74.64790006
3300065078_115.fna,3300065078_115,1575_0,74.26943895541159
3300056676_128.fna,3300056676_128,1576_1,81.43356292931573
3300056811_325.fna,3300056811_325,1577_0,80.30239876263717
3300056797_3.fna,3300056797_3,1578_0,74.83044667323642
3300021181_16.fna,3300021181_16,1579_0,68.78448771199368
3300051196_59.fna,3300051196_59,1580_0,77.17336071118369
3300072777_39.fna,3300072777_39,1581_0,85.33553942557307
3300021057_10.fna,3300021057_10,1582_0,80.86227905640017
3300051094_96.fna,3300051094_96,1583_0,76.93078569104459
3300063066_92.fna,3300063066_92,1584_0,69.36912564761671
3300067033_20.fna,3300067033_20,1585_0,70.85747867097633
3300044738_25.fna,3300044738_25,1586_0,80.33109996728928
3300044815_14.fna,3300044815_14,1587_0,75.15394297752405
3300031670_37.fna,3300031670_37,1588_1,77.62441881
3300060674_116.fna,3300060674_116,1589_1,83.04896517503862
3300044796_98.fna,3300044796_98,1590_0,76.64931686879855
3300072965_12.fna,3300072965_12,1591_1,84.45987426003325
3300072123_38.fna,3300072123_38,1592_1,75.61396754954302
3300037076_25.fna,3300037076_25,1593_0,69.82353518207584
3300059595_75.fna,3300059595_75,1594_0,80.51423400942724
3300050015_18.fna,3300050015_18,1595_0,67.67815413
3300050015_4.fna,3300050015_4,1596_0,88.27012378059703
3300079119_77.fna,3300079119_77,1597_0,78.40870194220817
3300036800_24.fna,3300036800_24,1598_0,76.17417549
3300055520_21.fna,3300055520_21,1599_0,67.35540798368197
3300051200_76.fna,3300051200_76,1600_1,87.79002370380074
3300036859_16.fna,3300036859_16,1601_1,100.16623518341031
3300056674_66.fna,3300056674_66,1602_1,74.14168791619035
3300056750_3.fna,3300056750_3,1603_0,67.37425339839902
3300031184_4.fna,3300031184_4,1604_1,79.65212574036472
3300036792_12.fna,3300036792_12,1605_0,69.23384381187988
3300056751_155.fna,3300056751_155,1606_0,67.18394257211088
3300045743_33.fna,3300045743_33,1607_0,56.256075138950685
3300045806_18.fna,3300045806_18,1608_0,90.75211597892228
3300045781_35.fna,3300045781_35,1609_1,95.59201309
3300042876_138.fna,3300042876_138,1610_1,92.33085632700792
3300046485_35.fna,3300046485_35,1611_0,74.76698680013733
3300050024_51.fna,3300050024_51,1612_1,89.45190636413105
3300050139_10.fna,3300050139_10,1613_0,85.18555131270706
3300065438_5.fna,3300065438_5,1614_0,69.74341450233848
3300065443_11.fna,3300065443_11,1615_0,73.26291908211485
3300020215_9.fna,3300020215_9,1616_1,83.45063665130351
3300031251_14.fna,3300031251_14,1617_0,39.69073068
3300065454_1.fna,3300065454_1,1618_0,63.12273603096236
3300062793_5.fna,3300062793_5,1619_0,92.92008747749497
3300062794_38.fna,3300062794_38,1620_0,83.44492756
3300061641_155.fna,3300061641_155,1621_0,75.81572006358894
3300056970_95.fna,3300056970_95,1622_1,88.70533168782825
3300056864_9.fna,3300056864_9,1623_0,58.125685087348074
3300056877_69.fna,3300056877_69,1624_0,58.60350640350947
3300056970_69.fna,3300056970_69,1625_0,62.83681788670871
3300057032_117.fna,3300057032_117,1626_1,67.39110916134219
3300057023_2.fna,3300057023_2,1627_1,69.34362313221999
3300056882_1.fna,3300056882_1,1628_0,43.85757266352693
3300056879_7.fna,3300056879_7,1629_1,94.04274172485121
3300048615_11.fna,3300048615_11,1630_0,69.11036928405628
3300056877_60.fna,3300056877_60,1631_0,77.9764665
3300048897_42.fna,3300048897_42,1632_1,88.30370465
3300057049_153.fna,3300057049_153,1633_0,48.699753422412385
3300080687_130.fna,3300080687_130,1634_0,75.53083372497149
3300056970_121.fna,3300056970_121,1635_0,50.06633600855856
3300060675_87.fna,3300060675_87,1636_1,93.24762289106332
3300060675_109.fna,3300060675_109,1637_0,89.92913534154818
3300066487_88.fna,3300066487_88,1638_0,98.46695811
3300063417_8.fna,3300063417_8,1639_1,94.27519877996227
3300062805_35.fna,3300062805_35,1640_0,87.98918616451415
3300066487_90.fna,3300066487_90,1641_0,98.63924304230353
3300067033_14.fna,3300067033_14,1642_0,96.05200952881421
3300036859_26.fna,3300036859_26,1643_0,77.42729971910903
3300056867_24.fna,3300056867_24,1644_0,84.68548135880918
3300082211_15.fna,3300082211_15,1645_1,80.18187126282147
3300081966_126.fna,3300081966_126,1646_0,97.83876685816328
3300054985_54.fna,3300054985_54,1647_1,96.64819638375094
3300059325_60.fna,3300059325_60,1648_0,71.79464951
3300014501_21.fna,3300014501_21,1649_0,79.92915098782846
3300079119_62.fna,3300079119_62,1650_0,75.76109079725788
3300038619_23.fna,3300038619_23,1651_0,65.73249273
3300080028_173.fna,3300080028_173,1652_0,92.58405226362468
3300060675_16.fna,3300060675_16,1653_1,93.19855989756944
3300056977_234.fna,3300056977_234,1654_0,78.64432137378265
3300059343_59.fna,3300059343_59,1655_0,72.43434094320499
3300048896_56.fna,3300048896_56,1656_1,90.73480781494142
3300065474_40.fna,3300065474_40,1657_0,85.95659013678267
3300031565_42.fna,3300031565_42,1658_0,56.05456372874005
3300082281_176.fna,3300082281_176,1659_0,61.239488811166346
3300056896_155.fna,3300056896_155,1660_1,62.28569659
3300057003_24.fna,3300057003_24,1661_1,80.11033298249791
3300057003_120.fna,3300057003_120,1661_2,61.113602776816755
3300056877_145.fna,3300056877_145,1662_0,77.21254825067781
3300021406_8.fna,3300021406_8,1663_0,79.52797150898593
3300046472_5.fna,3300046472_5,1664_0,85.80176368243085
3300056750_86.fna,3300056750_86,1665_1,91.11973688367465
3300064746_124.fna,3300064746_124,1666_0,83.65613035932101
3300055239_109.fna,3300055239_109,1667_0,100.22751431143723
3300079169_62.fna,3300079169_62,1668_0,71.96780779898346
3300037239_2.fna,3300037239_2,1669_1,89.40870094870068
3300014165_6.fna,3300014165_6,1669_2,59.10782837364083
3300075492_90.fna,3300075492_90,1670_0,89.66092904
3300056889_118.fna,3300056889_118,1671_1,75.43628087
3300035168_5.fna,3300035168_5,1672_1,84.75229954599713
3300051196_10.fna,3300051196_10,1673_0,78.66644311762819
3300045996_385.fna,3300045996_385,1674_0,94.14274769719732
3300082211_170.fna,3300082211_170,1675_0,80.13225018086258
3300066520_61.fna,3300066520_61,1676_1,91.13262542802269
3300048998_5.fna,3300048998_5,1677_0,77.20621607481507
3300057000_141.fna,3300057000_141,1678_0,54.68566875939796
3300057024_70.fna,3300057024_70,1679_0,69.99340360677687
3300056753_190.fna,3300056753_190,1680_1,96.05837475808926
3300021478_13.fna,3300021478_13,1681_0,87.10894659543476
3300048888_59.fna,3300048888_59,1682_0,81.94631585962203
3300055240_31.fna,3300055240_31,1683_0,73.73396209538315
3300065473_28.fna,3300065473_28,1684_0,78.34546169981361
3300075765_36.fna,3300075765_36,1685_0,91.67681038868825
3300031837_19.fna,3300031837_19,1686_1,89.05703578246668
3300053707_12.fna,3300053707_12,1687_0,84.16126063
3300045996_389.fna,3300045996_389,1688_1,83.51417653151636
3300044648_12.fna,3300044648_12,1689_0,88.40984471135846
3300050118_9.fna,3300050118_9,1690_0,83.30692806949314
3300072118_41.fna,3300072118_41,1691_0,88.25677161104014
3300081831_84.fna,3300081831_84,1692_1,95.69763490867328
3300063180_205.fna,3300063180_205,1693_1,89.82464697308778
3300066520_48.fna,3300066520_48,1694_0,77.14724090884972
3300044796_117.fna,3300044796_117,1695_0,84.13889749663696
3300050133_16.fna,3300050133_16,1696_0,69.87735319558719
3300072776_13.fna,3300072776_13,1697_0,83.34173499058096
3300056809_159.fna,3300056809_159,1698_1,92.25926199143125
3300056749_108.fna,3300056749_108,1699_0,85.89909290887145
3300037140_10.fna,3300037140_10,1700_0,78.41804254271165
3300065473_32.fna,3300065473_32,1701_0,83.30071221878995
3300064096_128.fna,3300064096_128,1702_1,90.93696670881903
3300056753_203.fna,3300056753_203,1703_0,75.23460901
3300063180_95.fna,3300063180_95,1704_0,87.69242687228314
3300057053_115.fna,3300057053_115,1705_0,86.32618474329334
3300067033_109.fna,3300067033_109,1706_0,81.78604042122069
3300056977_133.fna,3300056977_133,1707_1,84.18699513736796
3300056809_169.fna,3300056809_169,1708_1,91.13076726
3300056809_192.fna,3300056809_192,1709_1,84.80972085637873
3300060659_46.fna,3300060659_46,1710_1,94.24137672450007
3300056905_205.fna,3300056905_205,1711_1,79.14695405907516
3300067033_106.fna,3300067033_106,1712_0,74.39649268954658
3300042922_50.fna,3300042922_50,1713_1,91.47418611293024
3300042934_101.fna,3300042934_101,1714_0,78.95935442230882
3300042934_43.fna,3300042934_43,1715_0,65.38207960907162
3300056811_162.fna,3300056811_162,1716_1,96.00880695250794
3300056797_250.fna,3300056797_250,1717_1,101.17178943434557
3300056679_7.fna,3300056679_7,1718_1,95.33696735457173
3300056697_20.fna,3300056697_20,1718_2,102.3802766167093
3300049793_23.fna,3300049793_23,1719_0,100.41629176192976
3300056749_18.fna,3300056749_18,1720_1,89.81452884852848
3300067033_13.fna,3300067033_13,1721_0,89.78470396211478
3300044799_105.fna,3300044799_105,1722_0,76.49299590006314
3300057053_17.fna,3300057053_17,1723_0,79.64053766181489
3300056889_132.fna,3300056889_132,1724_0,65.28473500808873
3300056879_132.fna,3300056879_132,1725_1,84.52448257462773
3300050121_38.fna,3300050121_38,1726_1,91.02919152748609
3300063044_42.fna,3300063044_42,1727_0,85.72211611
3300079548_50.fna,3300079548_50,1728_0,82.18007656488678
3300072128_27.fna,3300072128_27,1729_1,88.66738886109995
3300037840_13.fna,3300037840_13,1730_1,88.72193019213115
3300049776_3.fna,3300049776_3,1731_0,69.98434267879351
3300063044_76.fna,3300063044_76,1732_0,72.21065879832591
3300063155_56.fna,3300063155_56,1733_0,75.70452541314042
3300013307_97.fna,3300013307_97,1734_0,76.51581162159648
3300063176_22.fna,3300063176_22,1735_0,73.23485531717039
3300042876_137.fna,3300042876_137,1736_1,80.08249370026404
3300072685_24.fna,3300072685_24,1737_0,70.90345267648618
3300062820_114.fna,3300062820_114,1738_0,97.65852563
3300064095_141.fna,3300064095_141,1739_0,75.35168443827803
3300031239_7.fna,3300031239_7,1740_0,96.93185887003666
3300056673_33.fna,3300056673_33,1741_1,94.48224149115133
3300046373_28.fna,3300046373_28,1742_0,61.95873386982169
3300046700_17.fna,3300046700_17,1743_0,88.82081142887439
3300045051_105.fna,3300045051_105,1744_0,85.95540384340107
3300072177_15.fna,3300072177_15,1745_0,90.03726007459389
3300077165_93.fna,3300077165_93,1746_1,85.53526064588135
3300035109_8.fna,3300035109_8,1747_0,88.53523880448866
3300072699_14.fna,3300072699_14,1748_1,100.97647851606995
3300051196_77.fna,3300051196_77,1749_0,88.45772206275255
3300060291_58.fna,3300060291_58,1750_0,63.63735427578757
3300082317_36.fna,3300082317_36,1751_0,53.384670603385246
3300031673_47.fna,3300031673_47,1752_1,75.42636091684035
3300051196_92.fna,3300051196_92,1753_0,82.06396173
3300049688_6.fna,3300049688_6,1754_0,70.91315242749674
3300072975_7.fna,3300072975_7,1755_0,88.49536733400343
3300082281_197.fna,3300082281_197,1756_0,81.18169523705669
3300059598_87.fna,3300059598_87,1757_1,102.07264830325458
3300061537_109.fna,3300061537_109,1758_0,84.01855921217232
3300061537_63.fna,3300061537_63,1759_0,80.62780481801434
3300056901_75.fna,3300056901_75,1760_0,90.19683623
3300057003_143.fna,3300057003_143,1761_0,86.97500901957811
3300039306_3.fna,3300039306_3,1762_0,97.52080826363195
3300053717_9.fna,3300053717_9,1763_0,98.67575556
3300056809_193.fna,3300056809_193,1764_1,90.72360211079679
3300056673_67.fna,3300056673_67,1765_1,100.6548746068238
3300036389_3.fna,3300036389_3,1766_0,98.99779551864547
3300072979_6.fna,3300072979_6,1767_1,100.67918387429219
3300044712_152.fna,3300044712_152,1768_0,90.47901503828848
3300082317_13.fna,3300082317_13,1769_1,63.03321136311673
3300056865_42.fna,3300056865_42,1770_0,43.40961751896161
3300056977_339.fna,3300056977_339,1771_1,94.24139145019782
3300063065_6.fna,3300063065_6,1772_0,95.96882369
3300056923_64.fna,3300056923_64,1773_1,75.23552823545762
3300055072_31.fna,3300055072_31,1774_0,92.31435135046827
3300057016_39.fna,3300057016_39,1775_1,50.21057596970594
3300057042_24.fna,3300057042_24,1776_1,74.84269163906244
3300056896_99.fna,3300056896_99,1777_0,72.78577978
3300054705_45.fna,3300054705_45,1778_1,90.40766749346326
3300054680_105.fna,3300054680_105,1779_1,92.85405393304521
3300054730_81.fna,3300054730_81,1779_2,69.92559677364736
3300054964_51.fna,3300054964_51,1780_0,37.92302581284967
3300063167_71.fna,3300063167_71,1781_1,93.74173935175745
3300014502_27.fna,3300014502_27,1782_0,59.45516881786886
3300044712_234.fna,3300044712_234,1783_1,99.06329962621643
3300056867_20.fna,3300056867_20,1784_0,72.85076003205702
3300077299_9.fna,3300077299_9,1785_0,91.77932065941684
3300056903_172.fna,3300056903_172,1786_1,77.12176699471293
3300056887_34.fna,3300056887_34,1787_0,55.25464554810243
3300056887_75.fna,3300056887_75,1788_0,61.66953316343246
3300056887_139.fna,3300056887_139,1789_1,67.82095993
3300056899_25.fna,3300056899_25,1789_2,78.35213447279699
3300056887_24.fna,3300056887_24,1790_0,67.31674556749455
3300057049_171.fna,3300057049_171,1791_1,83.37736535859358
3300056899_120.fna,3300056899_120,1792_0,64.98913604923467
3300057003_98.fna,3300057003_98,1793_0,67.55567517615678
3300062802_21.fna,3300062802_21,1794_1,91.99806341801522
3300062797_142.fna,3300062797_142,1795_0,75.30455479311036
3300057040_68.fna,3300057040_68,1796_0,74.63008776100502
3300056799_26.fna,3300056799_26,1797_1,100.42930769304841
3300046373_17.fna,3300046373_17,1798_0,90.63055086289471
3300045996_45.fna,3300045996_45,1799_0,98.13682379
3300072128_47.fna,3300072128_47,1800_1,96.67808263186986
3300031901_10.fna,3300031901_10,1801_0,44.96291565717388
3300055024_31.fna,3300055024_31,1802_0,54.61221473091133
3300072176_8.fna,3300072176_8,1803_0,85.78510332
3300054984_31.fna,3300054984_31,1804_1,74.28639417
3300072117_23.fna,3300072117_23,1805_0,70.74561195521622
3300049728_51.fna,3300049728_51,1806_1,77.86617957670569
3300031712_23.fna,3300031712_23,1807_0,78.00537322444916
3300054680_94.fna,3300054680_94,1808_1,77.97592850180126
3300060291_138.fna,3300060291_138,1809_0,81.43453759861798
3300028577_9.fna,3300028577_9,1810_0,78.96285019006416
3300032157_24.fna,3300032157_24,1811_0,64.97045653386883
3300028573_8.fna,3300028573_8,1812_0,77.57823459945772
3300063058_79.fna,3300063058_79,1813_1,95.58484386
3300062794_10.fna,3300062794_10,1814_1,99.33275931095268
3300065475_14.fna,3300065475_14,1815_0,95.71841940044993
3300072658_34.fna,3300072658_34,1816_1,94.49586096586135
3300042934_34.fna,3300042934_34,1817_0,84.85196692409905
3300054704_69.fna,3300054704_69,1818_0,90.41751606
3300075597_12.fna,3300075597_12,1819_1,98.08885201515083
3300021420_7.fna,3300021420_7,1820_0,76.26941892571429
3300062799_49.fna,3300062799_49,1821_0,85.67077147384039
3300062801_104.fna,3300062801_104,1822_0,88.59181765780414
3300044712_147.fna,3300044712_147,1823_0,80.73926808667782
3300056972_65.fna,3300056972_65,1824_0,71.18352014348963
3300056904_60.fna,3300056904_60,1825_0,85.86845332996621
3300056904_75.fna,3300056904_75,1826_0,84.53288046
3300056972_4.fna,3300056972_4,1827_0,63.23704886
3300061779_2.fna,3300061779_2,1828_0,69.00418394184852
3300066659_139.fna,3300066659_139,1829_0,78.93431471915784
3300056750_117.fna,3300056750_117,1830_1,95.54372841883232
3300054988_7.fna,3300054988_7,1831_1,99.08175433713508
3300059365_4.fna,3300059365_4,1832_1,81.60821817852774
3300014838_30.fna,3300014838_30,1833_0,63.180727663911284
3300056888_10.fna,3300056888_10,1834_0,75.55681199670805
3300056905_10.fna,3300056905_10,1835_0,72.86401175467304
3300046508_5.fna,3300046508_5,1836_0,70.35468391462005
3300065428_96.fna,3300065428_96,1837_0,77.95501578118419
3300055492_21.fna,3300055492_21,1838_0,57.12891154037286
3300064047_61.fna,3300064047_61,1839_0,71.40980063988137
3300054963_66.fna,3300054963_66,1840_1,79.78357649127442
3300054704_133.fna,3300054704_133,1841_0,86.90521596417842
3300056797_102.fna,3300056797_102,1842_1,94.21363383442348
3300056798_231.fna,3300056798_231,1843_1,72.36692636954523
3300056811_225.fna,3300056811_225,1844_1,88.89312576226116
3300055469_17.fna,3300055469_17,1845_1,67.09584029104921
3300056977_34.fna,3300056977_34,1846_1,86.32457991161874
3300056675_15.fna,3300056675_15,1847_1,72.39464524623715
3300063180_291.fna,3300063180_291,1848_0,74.66184109700325
3300063180_76.fna,3300063180_76,1849_1,92.24051505806766
3300056797_245.fna,3300056797_245,1850_1,87.46561170495133
3300049716_13.fna,3300049716_13,1851_0,57.89106978519919
3300049169_19.fna,3300049169_19,1852_1,93.34241929398497
3300049136_14.fna,3300049136_14,1853_1,92.55624760848804
3300061641_117.fna,3300061641_117,1854_0,57.28407873627837
3300063015_71.fna,3300063015_71,1855_1,99.73866032446311
3300063045_3.fna,3300063045_3,1856_0,98.08835374811547
3300034126_7.fna,3300034126_7,1857_0,79.23719536119609
3300046480_8.fna,3300046480_8,1858_0,73.91280813961336
3300056972_64.fna,3300056972_64,1859_0,72.12177586678705
3300046616_25.fna,3300046616_25,1860_1,90.20798445991561
3300047323_19.fna,3300047323_19,1861_0,78.98945927150255
3300063430_58.fna,3300063430_58,1862_0,81.36394170516536
3300063065_10.fna,3300063065_10,1863_1,59.18979739826641
3300063032_45.fna,3300063032_45,1864_1,77.56816070733439
3300062987_28.fna,3300062987_28,1865_1,94.76466797314524
3300049140_32.fna,3300049140_32,1866_1,89.31796109258627
3300049173_6.fna,3300049173_6,1867_0,86.23213731
3300081529_8.fna,3300081529_8,1868_0,80.47797158846952
3300056752_198.fna,3300056752_198,1869_1,86.00156577549582
3300056751_176.fna,3300056751_176,1870_0,69.87439952096206
3300050139_32.fna,3300050139_32,1871_0,91.76314327233816
3300050139_8.fna,3300050139_8,1872_0,94.23237970535031
3300056676_125.fna,3300056676_125,1873_0,81.68535963066059
3300031673_35.fna,3300031673_35,1874_0,90.59829882
3300032157_14.fna,3300032157_14,1875_0,73.04457203984495
3300048890_23.fna,3300048890_23,1876_0,56.02651072234145
3300064043_37.fna,3300064043_37,1877_0,80.94040209
3300078359_104.fna,3300078359_104,1878_0,73.59111872487078
3300057010_58.fna,3300057010_58,1879_0,74.36944412
3300057013_159.fna,3300057013_159,1880_0,77.50569847467281
3300044712_56.fna,3300044712_56,1881_1,72.45668822721812
3300064042_5.fna,3300064042_5,1882_0,75.58437712799346
3300036859_25.fna,3300036859_25,1883_1,79.25813998833681
3300021061_7.fna,3300021061_7,1884_1,67.36555866198755
3300059325_68.fna,3300059325_68,1885_0,74.47198894593727
3300049744_30.fna,3300049744_30,1886_0,69.87520138151733
3300056906_8.fna,3300056906_8,1887_0,56.19928784173362
3300056902_130.fna,3300056902_130,1888_1,52.297779057705746
3300057055_141.fna,3300057055_141,1888_2,70.92833707239797
3300057029_142.fna,3300057029_142,1888_3,58.58267190079109
3300055072_96.fna,3300055072_96,1889_1,80.44585970211335
3300056877_42.fna,3300056877_42,1890_1,75.11455387018893
3300056877_81.fna,3300056877_81,1891_1,68.8122884
3300056867_15.fna,3300056867_15,1892_1,74.59530674618166
3300081965_195.fna,3300081965_195,1892_2,69.60192431
3300057004_119.fna,3300057004_119,1893_1,74.00354506979403
3300056884_95.fna,3300056884_95,1894_0,54.61347085299171
3300056906_3.fna,3300056906_3,1895_0,80.17323753090834
3300057014_16.fna,3300057014_16,1896_1,75.99158526208153
3300057017_92.fna,3300057017_92,1897_1,87.03346374
3300056902_97.fna,3300056902_97,1897_2,79.95111786188309
3300057029_148.fna,3300057029_148,1898_0,77.47370674874406
3300056900_28.fna,3300056900_28,1899_1,91.77377695565676
3300056905_195.fna,3300056905_195,1900_0,84.36226490562123
3300056905_91.fna,3300056905_91,1901_0,87.75649517483832
3300056903_93.fna,3300056903_93,1902_1,56.29549602
3300057029_48.fna,3300057029_48,1902_2,34.127721793975546
3300056904_90.fna,3300056904_90,1903_1,77.90785248506337
3300057034_81.fna,3300057034_81,1903_2,46.56696606
3300057010_8.fna,3300057010_8,1904_0,39.040228897711735
3300056906_11.fna,3300056906_11,1905_1,65.55074159001276
3300056885_86.fna,3300056885_86,1906_0,32.282425991372996
3300057030_65.fna,3300057030_65,1907_1,95.42690526038422
3300057011_29.fna,3300057011_29,1908_1,76.23917560777214
3300057016_47.fna,3300057016_47,1908_2,63.073001357611105
3300056889_112.fna,3300056889_112,1909_0,58.966196723590514
3300056906_83.fna,3300056906_83,1910_0,82.99815634398843
3300082317_9.fna,3300082317_9,1911_0,79.59442674683575
3300056904_29.fna,3300056904_29,1912_0,44.78214140627897
3300057055_20.fna,3300057055_20,1913_0,70.7912822
3300057013_10.fna,3300057013_10,1914_1,62.759661443197764
3300057010_89.fna,3300057010_89,1914_2,70.18392057129148
3300057044_117.fna,3300057044_117,1914_3,59.26146052875781
3300057040_20.fna,3300057040_20,1915_1,73.50196983120925
3300057010_117.fna,3300057010_117,1915_2,84.76879286298418
3300057013_74.fna,3300057013_74,1916_0,64.07714622755135
3300062690_20.fna,3300062690_20,1917_0,77.94112172051324
3300081965_52.fna,3300081965_52,1918_0,63.95993628166177
3300057042_63.fna,3300057042_63,1919_1,57.96264231
3300045051_190.fna,3300045051_190,1920_0,91.33995584690216
3300057016_42.fna,3300057016_42,1921_1,72.60952282824891
3300057013_84.fna,3300057013_84,1921_2,72.34829687366654
3300057032_108.fna,3300057032_108,1922_0,68.02704854
3300056867_22.fna,3300056867_22,1923_1,79.00890355
3300056884_51.fna,3300056884_51,1924_0,74.67590870584793
3300054984_94.fna,3300054984_94,1925_0,85.63029713091991
3300057030_7.fna,3300057030_7,1926_0,86.67184781615462
3300054984_59.fna,3300054984_59,1927_0,70.20612801294523
3300057055_30.fna,3300057055_30,1928_0,57.73339157162906
3300017946_7.fna,3300017946_7,1929_1,99.14149028141364
3300044801_51.fna,3300044801_51,1929_2,97.23125653223393
3300033983_10.fna,3300033983_10,1930_0,94.75650099326852
3300054967_57.fna,3300054967_57,1931_0,95.37829539777564
3300056917_41.fna,3300056917_41,1932_1,77.09508070656565
3300056889_79.fna,3300056889_79,1933_1,81.07191163402985
3300060291_127.fna,3300060291_127,1934_0,87.81056071384941
3300060291_220.fna,3300060291_220,1935_0,86.23064605767118
3300056903_103.fna,3300056903_103,1936_0,69.85113130116216
3300056865_101.fna,3300056865_101,1937_0,75.14515460844996
3300056751_284.fna,3300056751_284,1938_1,88.87930714988087
3300018017_5.fna,3300018017_5,1939_1,71.92464910618024
3300014151_11.fna,3300014151_11,1940_1,38.52041109005466
3300044904_13.fna,3300044904_13,1940_2,89.36592390778283
3300044824_51.fna,3300044824_51,1940_3,80.77516964
3300018044_5.fna,3300018044_5,1940_4,74.03355951936008
3300075492_12.fna,3300075492_12,1941_0,63.07356613936339
3300055024_93.fna,3300055024_93,1942_0,90.18739886470507
3300056996_94.fna,3300056996_94,1943_1,65.40099401845364
3300057035_24.fna,3300057035_24,1943_2,41.07423015901769
3300056902_83.fna,3300056902_83,1944_1,64.38968813233895
3300056973_123.fna,3300056973_123,1944_2,43.83637644374561
3300057024_96.fna,3300057024_96,1945_0,54.007488336824835
3300060291_82.fna,3300060291_82,1946_1,69.77101405585873
3300056901_42.fna,3300056901_42,1947_1,86.87421884356583
3300056973_122.fna,3300056973_122,1948_1,67.98818961541507
3300057049_69.fna,3300057049_69,1949_0,64.79089582481956
3300082211_156.fna,3300082211_156,1950_0,81.29707892463183
3300056809_264.fna,3300056809_264,1951_1,87.82222733868609
3300055024_71.fna,3300055024_71,1952_0,78.02966034869101
3300082196_45.fna,3300082196_45,1953_0,66.91965228616917
3300031949_25.fna,3300031949_25,1954_0,53.74875662574883
3300082211_114.fna,3300082211_114,1955_0,93.95665038578173
3300057025_159.fna,3300057025_159,1956_0,49.415907215228394
3300060291_140.fna,3300060291_140,1957_0,70.78918820761139
3300044800_108.fna,3300044800_108,1958_0,59.942191552206104
3300056867_25.fna,3300056867_25,1959_1,64.97699692512374
3300056996_118.fna,3300056996_118,1960_1,71.62055508752891
3300082266_19.fna,3300082266_19,1961_0,72.38281939589527
3300056901_121.fna,3300056901_121,1962_0,50.44173457311576
3300054967_82.fna,3300054967_82,1963_1,88.93340729028111
3300057050_81.fna,3300057050_81,1964_0,58.44380253207539
3300057035_168.fna,3300057035_168,1965_1,68.87214079791191
3300057055_72.fna,3300057055_72,1966_1,72.46814197108708
3300057014_83.fna,3300057014_83,1966_2,53.54195554343613
3300018008_7.fna,3300018008_7,1967_1,83.31133423377342
3300038429_14.fna,3300038429_14,1968_1,82.35292045027253
3300056899_99.fna,3300056899_99,1969_0,55.76823459945773
3300054985_48.fna,3300054985_48,1970_1,97.15987645070405
3300046505_47.fna,3300046505_47,1971_1,82.90694395542116
3300060291_21.fna,3300060291_21,1972_0,98.20113580872278
3300064482_86.fna,3300064482_86,1973_0,63.10459142961612
3300082027_60.fna,3300082027_60,1974_0,89.39627190037953
3300082030_7.fna,3300082030_7,1975_0,73.65277316183558
3300057009_28.fna,3300057009_28,1976_0,62.93845402198604
3300018009_12.fna,3300018009_12,1977_1,78.80680944064284
3300078161_58.fna,3300078161_58,1978_0,94.21807444339582
3300037076_33.fna,3300037076_33,1979_0,68.16155164
3300072118_15.fna,3300072118_15,1980_0,67.78338536835702
3300055072_48.fna,3300055072_48,1981_0,88.10552902097102
3300072686_1.fna,3300072686_1,1982_0,79.20371085
3300038423_13.fna,3300038423_13,1983_1,75.82685850549056
3300037993_17.fna,3300037993_17,1984_0,79.14974559592127
3300056887_108.fna,3300056887_108,1985_1,96.82690750799607
3300057025_59.fna,3300057025_59,1986_0,61.300892572651804
3300056901_161.fna,3300056901_161,1987_1,69.87261952088143
3300056867_72.fna,3300056867_72,1987_2,74.61839161068357
3300044798_30.fna,3300044798_30,1988_0,58.46663264684508
3300057029_36.fna,3300057029_36,1989_0,68.39175130991514
3300018064_7.fna,3300018064_7,1990_0,36.07774686420756
3300056970_43.fna,3300056970_43,1991_0,60.10552551016406
3300064109_12.fna,3300064109_12,1992_0,77.93381952048118
3300081968_5.fna,3300081968_5,1993_0,63.561083064635525
3300082211_135.fna,3300082211_135,1994_0,72.21802353559089
3300081823_32.fna,3300081823_32,1995_0,74.32214837067592
3300050028_23.fna,3300050028_23,1996_1,96.65488759118122
3300044800_95.fna,3300044800_95,1996_2,72.33824644502718
3300044824_17.fna,3300044824_17,1997_0,71.51748809932717
3300050021_68.fna,3300050021_68,1998_0,91.06398197986795
3300075321_25.fna,3300075321_25,1999_0,43.25076393544525
3300018046_10.fna,3300018046_10,2000_1,88.55555532396646
3300075492_10.fna,3300075492_10,2000_2,71.86404150664492
3300044801_50.fna,3300044801_50,2000_3,91.31315928
3300036878_6.fna,3300036878_6,2001_1,95.31815674039696
3300052918_7.fna,3300052918_7,2002_1,93.65674268164835
3300050021_64.fna,3300050021_64,2003_1,85.15205119681006
3300082317_55.fna,3300082317_55,2004_0,63.083674808594395
3300037224_14.fna,3300037224_14,2005_1,83.18174271773586
3300014494_16.fna,3300014494_16,2006_1,54.999340558495696
3300014496_18.fna,3300014496_18,2006_2,50.76802117
3300044800_82.fna,3300044800_82,2007_1,79.80244222675775
3300046488_26.fna,3300046488_26,2008_1,83.16522878203402
3300046703_61.fna,3300046703_61,2008_2,68.83
3300050015_16.fna,3300050015_16,2009_0,77.68663825780467
3300052918_14.fna,3300052918_14,2010_1,84.02536754566542
3300039307_15.fna,3300039307_15,2011_1,80.92863388262319
3300044798_92.fna,3300044798_92,2012_1,80.15328259945773
3300018018_15.fna,3300018018_15,2012_2,78.91429513626437
3300075492_22.fna,3300075492_22,2013_0,64.63127176203437
3300082317_42.fna,3300082317_42,2014_0,68.41012384790078
3300038418_18.fna,3300038418_18,2015_1,100.67436362995623
3300037091_10.fna,3300037091_10,2016_1,95.39843971
3300046710_53.fna,3300046710_53,2016_2,93.09913957437387
3300042922_117.fna,3300042922_117,2017_0,60.468384057522094
3300042922_99.fna,3300042922_99,2018_0,74.06911898058031
3300020131_7.fna,3300020131_7,2019_0,66.23422752252209
3300044799_43.fna,3300044799_43,2020_0,88.62285303
3300056973_68.fna,3300056973_68,2021_0,60.445060673755684
3300056970_40.fna,3300056970_40,2022_0,58.113137358071064
3300075615_12.fna,3300075615_12,2023_1,81.00121020383637
3300054681_30.fna,3300054681_30,2024_0,79.12338596152779
3300048800_51.fna,3300048800_51,2025_0,82.6715057
3300080028_145.fna,3300080028_145,2026_0,80.45507805788438
3300064746_73.fna,3300064746_73,2027_0,86.99431114754199
3300018015_9.fna,3300018015_9,2028_1,53.361665659795186
3300051196_2.fna,3300051196_2,2029_0,39.29983327844121
3300056867_106.fna,3300056867_106,2030_0,66.24222664700542
3300057047_75.fna,3300057047_75,2031_0,58.56006460167991
3300057003_155.fna,3300057003_155,2032_1,68.49985672
3300057003_60.fna,3300057003_60,2033_1,79.09956098569903
3300056881_21.fna,3300056881_21,2034_1,77.96749234018118
3300057005_43.fna,3300057005_43,2035_1,68.98740944189805
3300057010_46.fna,3300057010_46,2035_2,64.16837815514987
3300056973_87.fna,3300056973_87,2036_1,58.49988495854626
3300057050_122.fna,3300057050_122,2037_0,53.01406165364895
3300056972_66.fna,3300056972_66,2038_0,44.471972597517144
3300044704_34.fna,3300044704_34,2039_0,78.7376542
3300056877_142.fna,3300056877_142,2040_0,46.829694605405734
3300031566_41.fna,3300031566_41,2041_0,59.009685580695745
3300057013_42.fna,3300057013_42,2042_0,86.28273805244247
3300057031_29.fna,3300057031_29,2043_1,69.57551438789719
3300056900_53.fna,3300056900_53,2044_1,66.87149535297327
3300056865_85.fna,3300056865_85,2045_0,56.785108620899194
3300031565_57.fna,3300031565_57,2046_0,54.46966982
3300082317_76.fna,3300082317_76,2047_0,46.533384976768595
3300032770_26.fna,3300032770_26,2048_0,51.51944271
3300054967_73.fna,3300054967_73,2049_0,75.99136634382704
3300018032_7.fna,3300018032_7,2050_0,57.389509122941746
3300044712_171.fna,3300044712_171,2051_0,79.62620626349104
3300057048_115.fna,3300057048_115,2052_1,72.73122247153833
3300060291_126.fna,3300060291_126,2053_1,77.69418265173404
3300056902_124.fna,3300056902_124,2053_2,65.04723322596428
3300056887_83.fna,3300056887_83,2054_0,76.70757476823663
3300057048_101.fna,3300057048_101,2055_0,61.750083518241425
3300057050_72.fna,3300057050_72,2056_0,45.26709407
3300057050_154.fna,3300057050_154,2057_1,80.03715347583983
3300057049_18.fna,3300057049_18,2058_1,79.91733643582532
3300056899_26.fna,3300056899_26,2058_2,67.56291208447138
3300082262_82.fna,3300082262_82,2058_3,68.50949998610915
3300060291_33.fna,3300060291_33,2059_1,83.31871857416681
3300060291_249.fna,3300060291_249,2060_0,66.08728126906381
3300056888_171.fna,3300056888_171,2061_0,53.68118373845572
3300076632_35.fna,3300076632_35,2062_0,66.18347081397951
3300078418_39.fna,3300078418_39,2063_0,85.19118941582188
3300057010_65.fna,3300057010_65,2064_1,95.81383883772402
3300056879_131.fna,3300056879_131,2065_1,84.65323051102035
3300082211_42.fna,3300082211_42,2066_0,82.21577777524169
3300056889_15.fna,3300056889_15,2067_0,79.41824008385008
3300054984_42.fna,3300054984_42,2068_0,72.97589579330749
3300060291_35.fna,3300060291_35,2069_0,64.98300398
3300044800_68.fna,3300044800_68,2070_0,46.72590039602894
3300056889_153.fna,3300056889_153,2071_1,79.41584261
3300056897_89.fna,3300056897_89,2072_1,66.98561780064834
3300057029_10.fna,3300057029_10,2073_0,68.61408974695915
3300057053_114.fna,3300057053_114,2074_0,50.529310080974845
3300044798_64.fna,3300044798_64,2075_1,74.89705941384729
3300044800_63.fna,3300044800_63,2075_2,59.37553192873045
3300044800_22.fna,3300044800_22,2076_0,68.78367343879282
3300056889_20.fna,3300056889_20,2077_0,65.20812769
3300054984_74.fna,3300054984_74,2078_0,89.79221062720053
3300056887_6.fna,3300056887_6,2079_0,69.13565872
3300057004_97.fna,3300057004_97,2080_0,82.23943374937107
3300056868_28.fna,3300056868_28,2081_1,84.92121660536084
3300056901_70.fna,3300056901_70,2082_1,74.74582043625182
3300057050_99.fna,3300057050_99,2082_2,60.56381315242163
3300056884_76.fna,3300056884_76,2082_3,61.84145205889631
3300056899_83.fna,3300056899_83,2082_4,75.05635883657558
3300056888_167.fna,3300056888_167,2083_0,68.09083930762266
3300057035_112.fna,3300057035_112,2084_0,60.27772875072591
3300054963_83.fna,3300054963_83,2085_0,81.40203548269142
3300057004_122.fna,3300057004_122,2086_1,82.64861692608251
3300057025_141.fna,3300057025_141,2087_1,80.0493816
3300081965_161.fna,3300081965_161,2088_0,68.41506478124374
3300081965_76.fna,3300081965_76,2089_0,72.68959648704983
3300032892_21.fna,3300032892_21,2090_1,63.95658322955562
3300033004_15.fna,3300033004_15,2091_0,49.15240063948105
3300057030_28.fna,3300057030_28,2092_1,86.04910111
3300057025_164.fna,3300057025_164,2093_0,69.64103167471607
3300057051_39.fna,3300057051_39,2094_1,87.52107117176192
3300057030_93.fna,3300057030_93,2095_1,94.57385645594091
3300054681_55.fna,3300054681_55,2096_1,88.90292909980015
3300054986_27.fna,3300054986_27,2097_0,84.94703074538319
3300055047_57.fna,3300055047_57,2098_0,72.85973535103756
3300056973_36.fna,3300056973_36,2099_0,25.097588486385025
3300057000_82.fna,3300057000_82,2100_0,78.61640796677153
3300057014_137.fna,3300057014_137,2101_1,72.83656109312085
3300056868_123.fna,3300056868_123,2102_0,38.03892400877175
3300057024_46.fna,3300057024_46,2103_0,66.27786843723872
3300075648_8.fna,3300075648_8,2104_0,95.51818110550632
3300056903_26.fna,3300056903_26,2105_0,63.67392583025618
3300082197_25.fna,3300082197_25,2106_0,86.95203302595725
3300057050_143.fna,3300057050_143,2107_1,74.39458726934025
3300057049_177.fna,3300057049_177,2108_0,73.31149317042838
3300043384_4.fna,3300043384_4,2109_0,44.091384288625505
3300055500_12.fna,3300055500_12,2110_1,86.03443935365209
3300044798_47.fna,3300044798_47,2111_1,76.33869930328684
3300044800_14.fna,3300044800_14,2111_2,84.14028787920056
3300046505_31.fna,3300046505_31,2112_1,94.44505020491329
3300050141_22.fna,3300050141_22,2113_1,88.14905722487185
3300037225_21.fna,3300037225_21,2113_2,93.91954028090365
3300037076_20.fna,3300037076_20,2113_3,97.39072567942148
3300050033_91.fna,3300050033_91,2113_4,90.95776296096615
3300046505_33.fna,3300046505_33,2113_5,56.357419027792325
3300017947_8.fna,3300017947_8,2114_0,67.05621731668778
3300051196_88.fna,3300051196_88,2115_0,65.01505558
3300057040_42.fna,3300057040_42,2116_1,76.00462479872617
3300048510_13.fna,3300048510_13,2117_0,81.12123297264921
3300054704_21.fna,3300054704_21,2118_0,92.46989559009474
3300055047_39.fna,3300055047_39,2119_0,84.24073630377504
3300056973_153.fna,3300056973_153,2120_1,92.39965653865735
3300032829_27.fna,3300032829_27,2121_0,66.58555078225068
3300056888_175.fna,3300056888_175,2122_0,70.26164407941303
3300057024_92.fna,3300057024_92,2123_0,76.54098590882101
3300057050_141.fna,3300057050_141,2124_0,69.20959062302381
3300056889_157.fna,3300056889_157,2125_1,74.63374090118695
3300057010_59.fna,3300057010_59,2126_1,63.99927798669846
3300057010_34.fna,3300057010_34,2127_0,47.37201035023704
3300031565_21.fna,3300031565_21,2128_0,45.04310314854155
3300056899_36.fna,3300056899_36,2129_1,67.1798717
3300060291_24.fna,3300060291_24,2130_0,78.69063588577973
3300054968_55.fna,3300054968_55,2131_1,94.07151578659098
3300028800_47.fna,3300028800_47,2132_0,71.42353754
3300060695_17.fna,3300060695_17,2133_0,81.15602190377724
3300056885_69.fna,3300056885_69,2134_1,67.70840901093975
3300056889_43.fna,3300056889_43,2134_2,63.94300185280919
3300056906_85.fna,3300056906_85,2135_0,42.50861270305909
3300080626_38.fna,3300080626_38,2136_0,68.02785738041786
3300081525_32.fna,3300081525_32,2137_0,87.06168236984306
3300080737_122.fna,3300080737_122,2138_0,84.38176368243084
3300044648_80.fna,3300044648_80,2139_0,79.43257510457009
3300049926_15.fna,3300049926_15,2140_0,96.66576020075638
3300037262_8.fna,3300037262_8,2141_0,91.29388724869033
3300063137_19.fna,3300063137_19,2142_1,96.04928031205145
3300082035_124.fna,3300082035_124,2143_1,86.58118267004255
3300050221_53.fna,3300050221_53,2144_0,85.2730433
3300049173_9.fna,3300049173_9,2145_1,98.56110533471023
3300066328_16.fna,3300066328_16,2145_2,91.03140571349597
3300049172_33.fna,3300049172_33,2146_0,99.03351628516401
3300080627_7.fna,3300080627_7,2147_0,94.87784384154698
3300056977_190.fna,3300056977_190,2148_1,78.54555786253707
3300056750_167.fna,3300056750_167,2149_1,84.05018536868134
3300042904_43.fna,3300042904_43,2150_1,73.58689312457979
3300057023_43.fna,3300057023_43,2151_0,85.77029601360626
3300073834_12.fna,3300073834_12,2152_0,91.99322197
3300023055_7.fna,3300023055_7,2153_0,60.09419078
3300023059_6.fna,3300023059_6,2154_0,86.31274371221018
3300077115_18.fna,3300077115_18,2155_0,92.32126251843414
3300073834_4.fna,3300073834_4,2156_0,72.04384040816574
3300031711_11.fna,3300031711_11,2157_1,100.63089720681909
3300056797_91.fna,3300056797_91,2158_1,79.29441997320535
3300082215_47.fna,3300082215_47,2159_0,101.50934695018435
3300012985_8.fna,3300012985_8,2160_1,101.0606043562876
3300081524_29.fna,3300081524_29,2161_1,87.87081274127699
3300049137_6.fna,3300049137_6,2162_0,49.57290885724591
3300081785_32.fna,3300081785_32,2163_1,80.97975200728422
3300049136_39.fna,3300049136_39,2164_0,75.64697692225897
3300077203_12.fna,3300077203_12,2165_1,90.41171013785747
3300076293_44.fna,3300076293_44,2166_0,77.09607648301971
3300061224_43.fna,3300061224_43,2167_0,68.70688441156831
3300080737_20.fna,3300080737_20,2168_0,58.108920051367505
3300080744_41.fna,3300080744_41,2169_0,75.23697054
3300080648_13.fna,3300080648_13,2170_1,88.45772416630334
3300080653_2.fna,3300080653_2,2170_2,77.15008351824142
3300046729_4.fna,3300046729_4,2171_0,80.08578847923626
3300081193_39.fna,3300081193_39,2172_0,91.39792543773568
3300081524_64.fna,3300081524_64,2173_0,74.54650218136689
3300080737_63.fna,3300080737_63,2174_0,71.23818963543377
3300081702_34.fna,3300081702_34,2175_0,69.66430766110551
3300080692_48.fna,3300080692_48,2176_0,76.69214767411526
3300081785_57.fna,3300081785_57,2177_0,73.20153143
3300077305_15.fna,3300077305_15,2178_1,81.28875382109744
3300077658_45.fna,3300077658_45,2178_2,82.61191052817185
3300078740_36.fna,3300078740_36,2179_1,88.77065746
3300078525_48.fna,3300078525_48,2180_1,75.49926738453223
3300077302_59.fna,3300077302_59,2181_0,68.19692720825259
3300043749_1.fna,3300043749_1,2182_1,42.99539933495825
3300077203_31.fna,3300077203_31,2183_1,81.39459201037714
3300077675_90.fna,3300077675_90,2184_0,68.72057293465377
3300077094_71.fna,3300077094_71,2185_0,57.45545872624865
3300077302_17.fna,3300077302_17,2186_0,46.52092759108342
3300077298_65.fna,3300077298_65,2187_0,78.40640914631369
3300077675_88.fna,3300077675_88,2188_0,57.368900432862695
3300080690_14.fna,3300080690_14,2189_1,82.90453179223363
3300077312_38.fna,3300077312_38,2190_0,68.73360735612052
3300077806_30.fna,3300077806_30,2191_0,62.342609909518806
3300076293_46.fna,3300076293_46,2192_0,77.88210911606353
3300077180_7.fna,3300077180_7,2193_0,77.59773320793319
3300018063_20.fna,3300018063_20,2194_0,47.21189926934025
3300054986_64.fna,3300054986_64,2195_0,69.76011417859893
3300055072_121.fna,3300055072_121,2196_0,67.54350732934145
3300075658_29.fna,3300075658_29,2197_1,79.53335071958112
3300077094_108.fna,3300077094_108,2198_1,81.89463297607537
3300042923_11.fna,3300042923_11,2199_1,90.20539941134332
3300075657_35.fna,3300075657_35,2200_1,80.10047766651338
3300013102_25.fna,3300013102_25,2201_0,74.97419792612835
3300077663_39.fna,3300077663_39,2202_0,63.25808830368236
3300077675_93.fna,3300077675_93,2203_0,56.23351769679224
3300077312_70.fna,3300077312_70,2204_0,65.30779202
3300076293_30.fna,3300076293_30,2205_0,82.95659497396375
3300076293_27.fna,3300076293_27,2206_1,90.37368948382209
3300077666_53.fna,3300077666_53,2207_0,87.83898977
3300080694_1.fna,3300080694_1,2208_0,75.59957732920346
3300077806_33.fna,3300077806_33,2209_1,88.62041893657627
3300075655_5.fna,3300075655_5,2210_1,86.09195916658418
3300077663_26.fna,3300077663_26,2211_0,90.76991705656849
3300081785_42.fna,3300081785_42,2212_1,90.48436862766094
3300080738_15.fna,3300080738_15,2213_0,73.21488192724584
3300042934_97.fna,3300042934_97,2214_1,85.62722054
3300042923_53.fna,3300042923_53,2215_0,48.46304205798791
3300064746_25.fna,3300064746_25,2216_0,82.66877186907143
3300066487_107.fna,3300066487_107,2217_0,76.07843991071633
3300037466_12.fna,3300037466_12,2218_0,42.191725999510815
3300045733_31.fna,3300045733_31,2219_0,67.99060727424519
3300049574_27.fna,3300049574_27,2220_0,85.78176612777831
3300076649_43.fna,3300076649_43,2221_0,76.78176094755315
3300059341_85.fna,3300059341_85,2222_1,72.70832416433302
3300063085_56.fna,3300063085_56,2223_0,64.20991774116995
3300065082_65.fna,3300065082_65,2224_0,74.91992644757025
3300063044_37.fna,3300063044_37,2225_1,71.81001802876482
3300062796_40.fna,3300062796_40,2226_1,55.49696772778575
3300063430_55.fna,3300063430_55,2226_2,60.24849523232657
3300054960_73.fna,3300054960_73,2227_0,65.82833336998767
3300063075_84.fna,3300063075_84,2228_0,80.98184570053293
3300056877_133.fna,3300056877_133,2229_0,75.33768630589043
3300021361_9.fna,3300021361_9,2230_0,89.25710225568515
3300072979_51.fna,3300072979_51,2231_0,93.52786519450943
3300057034_152.fna,3300057034_152,2232_0,79.62900055570377
3300057045_45.fna,3300057045_45,2233_0,71.58261566159995
3300057053_110.fna,3300057053_110,2234_0,60.46810618855868
3300031247_5.fna,3300031247_5,2235_0,65.59165353998209
3300078214_42.fna,3300078214_42,2236_0,86.58214696359926
3300057040_2.fna,3300057040_2,2237_1,44.55362045353293
3300079526_67.fna,3300079526_67,2238_0,86.95698454120736
3300060297_31.fna,3300060297_31,2239_1,97.74215079409696
3300057015_24.fna,3300057015_24,2240_1,86.67948822660598
3300031949_47.fna,3300031949_47,2241_0,62.33004916484925
3300080626_58.fna,3300080626_58,2242_1,73.70910086909228
3300044808_18.fna,3300044808_18,2243_0,50.329808102240754
3300054985_84.fna,3300054985_84,2244_0,80.06887443852396
3300057038_20.fna,3300057038_20,2245_1,77.11761587
3300046505_50.fna,3300046505_50,2246_0,78.81828022888284
3300057026_3.fna,3300057026_3,2247_0,76.66141460983333
3300044673_7.fna,3300044673_7,2248_1,72.20023732523505
3300063260_72.fna,3300063260_72,2249_1,96.05413847717138
3300062784_8.fna,3300062784_8,2249_2,71.11609706423347
3300062792_38.fna,3300062792_38,2250_0,73.17701807745792
3300072126_46.fna,3300072126_46,2251_0,96.02212200732363
3300056888_170.fna,3300056888_170,2252_0,50.200583607356734
3300057004_133.fna,3300057004_133,2253_0,27.32700811462918
3300056922_45.fna,3300056922_45,2254_0,48.66313947795299
3300056877_44.fna,3300056877_44,2255_0,43.717814913895225
3300057040_10.fna,3300057040_10,2256_0,40.237197258136774
3300049167_23.fna,3300049167_23,2257_0,74.18896611
3300054986_8.fna,3300054986_8,2258_0,98.66636935467555
3300036797_6.fna,3300036797_6,2259_1,90.68558263302566
3300036798_4.fna,3300036798_4,2259_2,70.62041058332217
3300045976_17.fna,3300045976_17,2259_3,82.67552979
3300077115_29.fna,3300077115_29,2260_0,70.43271120040728
3300072779_68.fna,3300072779_68,2261_0,73.06001456366866
3300056904_100.fna,3300056904_100,2262_0,77.86713657448658
3300057055_17.fna,3300057055_17,2263_0,62.416161719146515
3300057053_197.fna,3300057053_197,2264_0,31.34770428003853
3300056903_39.fna,3300056903_39,2265_1,69.29932997258214
3300056904_103.fna,3300056904_103,2266_0,57.24949056169687
3300056905_107.fna,3300056905_107,2267_0,43.25577978354541
3300056902_93.fna,3300056902_93,2268_0,74.08487930561068
3300056903_20.fna,3300056903_20,2269_0,50.49958261091517
3300057032_94.fna,3300057032_94,2270_0,64.43190254
3300055047_48.fna,3300055047_48,2271_0,57.89596964760521
3300065443_12.fna,3300065443_12,2272_0,65.62278798485924
3300061641_52.fna,3300061641_52,2273_0,77.74102816868027
3300054963_36.fna,3300054963_36,2274_1,84.54764960898507
3300048800_20.fna,3300048800_20,2275_0,66.62983775999714
3300066008_36.fna,3300066008_36,2276_0,46.84237953029984
3300055497_24.fna,3300055497_24,2277_1,75.54899587478943
3300055024_114.fna,3300055024_114,2278_0,67.30010331378735
3300044800_94.fna,3300044800_94,2279_0,49.48449654258262
3300052918_32.fna,3300052918_32,2280_0,68.42309348582225
3300081967_9.fna,3300081967_9,2281_0,82.72811882068267
3300072659_72.fna,3300072659_72,2282_1,84.83999571425935
3300064042_151.fna,3300064042_151,2283_0,66.92208518
3300054986_19.fna,3300054986_19,2284_0,86.01616841787265
3300057051_30.fna,3300057051_30,2285_1,83.36510705548585
3300045955_10.fna,3300045955_10,2286_1,75.98644483538459
3300054986_66.fna,3300054986_66,2287_0,99.33886415565017
3300056811_208.fna,3300056811_208,2288_1,89.95967796808982
3300056809_220.fna,3300056809_220,2289_0,89.24549209255323
3300065443_20.fna,3300065443_20,2290_0,72.46672056648883
3300046653_31.fna,3300046653_31,2291_1,81.13517255850013
3300049718_40.fna,3300049718_40,2292_1,69.47908959684236
3300017938_15.fna,3300017938_15,2293_1,88.45692789324231
3300037090_7.fna,3300037090_7,2294_0,74.98978636829638
3300052918_46.fna,3300052918_46,2295_0,86.58037118314184
3300056904_129.fna,3300056904_129,2296_1,72.27272999279513
3300057027_77.fna,3300057027_77,2297_0,77.88892810437095
3300066006_33.fna,3300066006_33,2298_0,85.66238678574965
3300044798_56.fna,3300044798_56,2299_0,84.07615454982366
3300044799_101.fna,3300044799_101,2300_0,61.01472758283514
3300046504_32.fna,3300046504_32,2301_0,52.98366242682268
3300044712_196.fna,3300044712_196,2302_0,89.62786122245173
3300045051_186.fna,3300045051_186,2303_0,85.27626003
3300061641_18.fna,3300061641_18,2304_0,73.78162252740657
3300066485_41.fna,3300066485_41,2305_0,65.10247368631092
3300063044_29.fna,3300063044_29,2306_1,71.38991375959262
3300054114_77.fna,3300054114_77,2307_0,57.85781147179347
3300062784_3.fna,3300062784_3,2308_0,58.958483976098954
3300054967_65.fna,3300054967_65,2309_0,88.60001239160935
3300055099_90.fna,3300055099_90,2310_0,71.54250960706811
3300045051_8.fna,3300045051_8,2311_0,78.19295388
3300064041_14.fna,3300064041_14,2312_0,69.30532767
3300054988_14.fna,3300054988_14,2313_0,83.77806975030157
3300082262_4.fna,3300082262_4,2314_0,67.59349988918822
3300059341_37.fna,3300059341_37,2315_0,72.31436918
3300057032_14.fna,3300057032_14,2316_1,62.63828941298734
3300057057_30.fna,3300057057_30,2317_1,52.925386229150696
3300056897_139.fna,3300056897_139,2318_0,52.758649829488256
3300057013_68.fna,3300057013_68,2319_0,38.24860017176192
3300056923_21.fna,3300056923_21,2320_0,46.88721191529326
3300057034_163.fna,3300057034_163,2321_0,55.443324366953334
3300057044_7.fna,3300057044_7,2322_0,43.42881529193858
3300056877_8.fna,3300056877_8,2323_1,66.10909044117706
3300056901_154.fna,3300056901_154,2324_1,67.28993333722954
3300060291_110.fna,3300060291_110,2325_0,54.83148996837412
3300056904_130.fna,3300056904_130,2326_0,53.92387388900037
3300044712_165.fna,3300044712_165,2327_0,40.75495048086431
3300079305_29.fna,3300079305_29,2328_0,85.16434758964253
3300057004_63.fna,3300057004_63,2329_1,52.67339803418833
3300056903_11.fna,3300056903_11,2330_0,40.26743482837262
3300051194_17.fna,3300051194_17,2331_1,88.06742559056893
3300078425_73.fna,3300078425_73,2332_0,67.65801459086408
3300049721_19.fna,3300049721_19,2333_1,83.93825320198121
3300044798_35.fna,3300044798_35,2334_1,82.11398025
3300038451_28.fna,3300038451_28,2334_2,66.44335037802125
3300056897_69.fna,3300056897_69,2335_1,57.636609017882115
3300057048_117.fna,3300057048_117,2336_0,70.11586979544388
3300057056_12.fna,3300057056_12,2337_0,76.92112807520974
3300057049_139.fna,3300057049_139,2338_1,85.75087580961197
3300056887_58.fna,3300056887_58,2339_0,63.06731486433601
3300057050_77.fna,3300057050_77,2340_1,74.79783562630917
3300056905_79.fna,3300056905_79,2341_0,72.12126009
3300061641_159.fna,3300061641_159,2342_0,64.98669177058656
3300056902_162.fna,3300056902_162,2343_0,67.36697336194528
3300056885_108.fna,3300056885_108,2344_1,53.19565153
3300057045_12.fna,3300057045_12,2345_0,49.18745128108916
3300056897_93.fna,3300056897_93,2346_0,44.23948202225088
3300056879_144.fna,3300056879_144,2347_1,81.17593063038528
3300056906_18.fna,3300056906_18,2348_0,44.031476550007525
3300057044_90.fna,3300057044_90,2349_0,53.74248853855544
3300056905_18.fna,3300056905_18,2350_1,84.63128211553584
3300056888_34.fna,3300056888_34,2351_0,54.151164652929154
3300057032_119.fna,3300057032_119,2352_0,31.323880133217816
3300057034_159.fna,3300057034_159,2353_0,58.39003555176693
3300059599_34.fna,3300059599_34,2354_1,57.76302097762778
3300056972_46.fna,3300056972_46,2355_0,55.61433485086019
3300056901_152.fna,3300056901_152,2356_1,69.85603602079699
3300056906_86.fna,3300056906_86,2357_0,29.14293493045196
3300057029_110.fna,3300057029_110,2358_0,47.63477214054821
3300056897_99.fna,3300056897_99,2359_0,57.30809867675621
3300014502_16.fna,3300014502_16,2360_0,52.27586979544389
3300061641_87.fna,3300061641_87,2361_0,68.10839301675405
3300054984_17.fna,3300054984_17,2362_0,72.04662501743869
3300055473_35.fna,3300055473_35,2363_1,62.979167420685506
3300057015_70.fna,3300057015_70,2364_0,78.69070167527767
3300056889_150.fna,3300056889_150,2365_1,51.058970206140586
3300056879_138.fna,3300056879_138,2366_1,59.247023419687835
3300057030_116.fna,3300057030_116,2367_0,62.68584864405706
3300044712_39.fna,3300044712_39,2368_0,75.40316692183382
3300044798_16.fna,3300044798_16,2369_0,61.401813668785444
3300075324_7.fna,3300075324_7,2370_0,76.40938587798024
3300056884_102.fna,3300056884_102,2371_0,83.44630451524878
3300082262_17.fna,3300082262_17,2372_0,51.63274196212257
3300057014_121.fna,3300057014_121,2373_1,65.54807475123079
3300056888_67.fna,3300056888_67,2374_0,83.79081475423756
3300048769_38.fna,3300048769_38,2375_1,92.29857415
3300049717_20.fna,3300049717_20,2375_2,70.32792518800939
3300050024_55.fna,3300050024_55,2376_1,81.55576747
3300052918_17.fna,3300052918_17,2376_2,86.77035239165538
3300054963_29.fna,3300054963_29,2377_0,69.12869609603806
3300054704_32.fna,3300054704_32,2378_0,83.13323431484987
3300055072_118.fna,3300055072_118,2379_0,79.53766459369392
3300044712_23.fna,3300044712_23,2380_0,63.88179997996696
3300037141_6.fna,3300037141_6,2381_0,76.24855275138064
3300057016_15.fna,3300057016_15,2382_0,53.570009458014454
3300057034_52.fna,3300057034_52,2383_1,58.05554016662478
3300056896_159.fna,3300056896_159,2383_2,67.88407103612207
3300056903_15.fna,3300056903_15,2384_0,37.63205419372306
3300057003_159.fna,3300057003_159,2385_1,62.83657427019627
3300057003_161.fna,3300057003_161,2386_0,52.213140577886065
3300056884_99.fna,3300056884_99,2387_1,67.48974945079972
3300057025_106.fna,3300057025_106,2388_0,33.603247582167356
3300057035_170.fna,3300057035_170,2389_0,74.30628574
3300059599_36.fna,3300059599_36,2390_0,42.18454480147746
3300060291_129.fna,3300060291_129,2391_0,79.12718057595401
3300056905_97.fna,3300056905_97,2392_1,71.68552883240282
3300057050_9.fna,3300057050_9,2393_0,62.259079686770455
3300057003_8.fna,3300057003_8,2394_0,37.468210983680294
3300057013_155.fna,3300057013_155,2395_0,64.88733628921787
3300057030_105.fna,3300057030_105,2396_1,76.38007212192447
3300056973_40.fna,3300056973_40,2397_0,56.50701910534244
3300057026_35.fna,3300057026_35,2398_0,41.95670425340908
3300056884_89.fna,3300056884_89,2399_1,62.953136281011034
3300056901_69.fna,3300056901_69,2400_0,38.58779577520286
3300057025_34.fna,3300057025_34,2401_0,50.967379497185945
3300057035_90.fna,3300057035_90,2402_1,59.33487488763201
3300057055_104.fna,3300057055_104,2402_2,59.418200950846064
3300057024_133.fna,3300057024_133,2403_0,39.21292095371088
3300045977_33.fna,3300045977_33,2404_1,73.75788022054095
3300057032_116.fna,3300057032_116,2405_1,76.44292825402638
3300064032_85.fna,3300064032_85,2406_0,79.49226062630916
3300054967_49.fna,3300054967_49,2407_1,61.30550827019929
3300035168_7.fna,3300035168_7,2408_0,74.38765544745524
3300065441_4.fna,3300065441_4,2409_1,80.36606144
3300050231_34.fna,3300050231_34,2410_1,85.54301724620775
3300066485_43.fna,3300066485_43,2411_1,77.40611343
3300057034_48.fna,3300057034_48,2412_1,65.18689275517248
3300056879_147.fna,3300056879_147,2412_2,63.32188200730613
3300056904_37.fna,3300056904_37,2413_0,45.66119305851853
3300057029_13.fna,3300057029_13,2414_0,49.36034608214254
3300042923_41.fna,3300042923_41,2415_0,82.28536789202725
3300056877_65.fna,3300056877_65,2416_1,86.45509952607316
3300031566_61.fna,3300031566_61,2417_1,85.03480875160575
3300056903_50.fna,3300056903_50,2418_1,90.16434639338503
3300056902_170.fna,3300056902_170,2419_1,90.09188459962486
3300057050_119.fna,3300057050_119,2420_0,79.76540575489348
3300082262_80.fna,3300082262_80,2421_0,88.31913555598223
3300044799_86.fna,3300044799_86,2422_1,94.18795300871079
3300056888_11.fna,3300056888_11,2423_1,88.69143081424713
3300044800_90.fna,3300044800_90,2424_0,88.46836450657675
3300014502_34.fna,3300014502_34,2425_0,48.0132866
3300038415_28.fna,3300038415_28,2426_0,84.92466990388552
3300081534_28.fna,3300081534_28,2427_0,86.98280568594872
3300038424_20.fna,3300038424_20,2428_1,93.59480016716294
3300044800_28.fna,3300044800_28,2428_2,86.98724411
3300038427_34.fna,3300038427_34,2429_1,89.07923227
3300032897_30.fna,3300032897_30,2430_0,89.14348122060731
3300060332_43.fna,3300060332_43,2431_1,51.98685329236103
3300063415_41.fna,3300063415_41,2432_0,80.69426122548822
3300061537_31.fna,3300061537_31,2433_0,88.52356681105528
3300059597_56.fna,3300059597_56,2434_0,67.53855275138062
3300053229_56.fna,3300053229_56,2435_0,72.96370377829874
3300056752_7.fna,3300056752_7,2436_0,73.67762397062033
3300037471_16.fna,3300037471_16,2437_0,64.60072766391127
3300057048_95.fna,3300057048_95,2438_0,57.950378561540774
3300082225_127.fna,3300082225_127,2439_0,61.72677655
3300054988_54.fna,3300054988_54,2440_0,71.47050490074852
3300056878_47.fna,3300056878_47,2441_0,52.25445687001048
3300065455_16.fna,3300065455_16,2442_1,94.21358037
3300054988_10.fna,3300054988_10,2443_0,86.62234162631263
3300075593_82.fna,3300075593_82,2444_1,73.00691084684387
3300056888_56.fna,3300056888_56,2445_0,49.22039789880418
3300060313_10.fna,3300060313_10,2446_0,56.45042557685984
3300081207_10.fna,3300081207_10,2447_0,62.377095902339526
3300051204_58.fna,3300051204_58,2448_1,96.56471007
3300060016_44.fna,3300060016_44,2449_0,83.09751611439548
3300062626_20.fna,3300062626_20,2450_0,65.22511564301811
3300062847_8.fna,3300062847_8,2451_0,67.79400810411994
3300045240_5.fna,3300045240_5,2452_0,88.52325214924656
3300065081_106.fna,3300065081_106,2453_0,75.91163492
3300066613_86.fna,3300066613_86,2454_0,78.57475127070269
3300054964_21.fna,3300054964_21,2455_1,81.79546989610655
3300082281_196.fna,3300082281_196,2456_0,80.81894087235693
3300082527_39.fna,3300082527_39,2457_0,80.28299514461689
3300054703_63.fna,3300054703_63,2458_0,86.72124392131786
3300082196_10.fna,3300082196_10,2459_0,74.77653694679711
3300082281_17.fna,3300082281_17,2460_0,83.22231831934072
3300062790_38.fna,3300062790_38,2461_0,68.30338294477036
3300079534_87.fna,3300079534_87,2462_0,60.449289788057875
3300080032_35.fna,3300080032_35,2463_0,72.83749989567508
3300062725_85.fna,3300062725_85,2464_1,91.76899394097858
3300062889_100.fna,3300062889_100,2465_0,73.11342271182745
3300062564_59.fna,3300062564_59,2466_1,87.48073893549072
3300062724_64.fna,3300062724_64,2467_0,85.89964207019104
3300075599_19.fna,3300075599_19,2468_0,76.9354989
3300075518_35.fna,3300075518_35,2469_0,50.78510170854472
3300081485_80.fna,3300081485_80,2470_0,75.97984794370542
3300062626_86.fna,3300062626_86,2471_1,87.00489664222619
3300081823_28.fna,3300081823_28,2472_1,82.86717236845047
3300076650_58.fna,3300076650_58,2473_1,84.67166287654095
3300032954_20.fna,3300032954_20,2474_0,79.68546512914088
3300062790_12.fna,3300062790_12,2475_0,71.50786776223238
3300039309_15.fna,3300039309_15,2476_1,92.92152855069611
3300044824_34.fna,3300044824_34,2477_0,65.93182072341159
3300080032_4.fna,3300080032_4,2478_0,71.03926775260825
3300075492_55.fna,3300075492_55,2479_0,88.73104854751998
3300082197_146.fna,3300082197_146,2480_0,62.26797488976834
3300062626_50.fna,3300062626_50,2481_1,68.46135904871123
3300018033_14.fna,3300018033_14,2482_0,60.01137816647569
3300054703_72.fna,3300054703_72,2483_0,86.07918242386884
3300076623_22.fna,3300076623_22,2484_1,85.78982110860233
3300062846_78.fna,3300062846_78,2485_0,72.67940216653949
3300050345_32.fna,3300050345_32,2486_1,92.91312735412554
3300075518_19.fna,3300075518_19,2487_0,48.44595941
3300031672_33.fna,3300031672_33,2488_0,80.60929338220001
3300054682_20.fna,3300054682_20,2489_1,89.99818219827614
3300054985_80.fna,3300054985_80,2490_1,88.46196803101205
3300054705_73.fna,3300054705_73,2491_0,80.73051920621147
3300079534_7.fna,3300079534_7,2492_0,78.94249899382372
3300033432_3.fna,3300033432_3,2493_0,100.8616465957991
3300033501_5.fna,3300033501_5,2494_0,72.29423327367634
3300033433_15.fna,3300033433_15,2495_0,67.12972343669374
3300063017_71.fna,3300063017_71,2496_0,88.55107048364623
3300072652_6.fna,3300072652_6,2497_0,75.61869332629118
3300036816_4.fna,3300036816_4,2498_0,100.06167500528267
3300057010_122.fna,3300057010_122,2499_0,74.58358890588059
3300057016_68.fna,3300057016_68,2500_0,57.50253026
3300014502_30.fna,3300014502_30,2501_1,82.83354401
3300017988_17.fna,3300017988_17,2502_0,82.38038559
3300049725_20.fna,3300049725_20,2503_1,72.78338632785592
3300048806_14.fna,3300048806_14,2503_2,50.29460901133508
3300049716_14.fna,3300049716_14,2504_1,83.76455754091705
3300037182_7.fna,3300037182_7,2505_0,80.60601767957476
3300044712_283.fna,3300044712_283,2506_1,83.0306409
3300054680_19.fna,3300054680_19,2507_1,81.28241467188435
3300056876_84.fna,3300056876_84,2508_0,74.99696157527428
3300081965_164.fna,3300081965_164,2509_0,62.319648148971666
3300056864_51.fna,3300056864_51,2510_1,66.60262220927545
3300057009_39.fna,3300057009_39,2511_0,78.80455403421297
3300055024_1.fna,3300055024_1,2512_0,78.52931692067932
3300061641_12.fna,3300061641_12,2513_0,72.89508644444626
3300057025_110.fna,3300057025_110,2514_1,78.04750968347194
3300082197_90.fna,3300082197_90,2515_0,94.72884201990048
3300081867_22.fna,3300081867_22,2516_1,46.49651725377068
3300082028_27.fna,3300082028_27,2517_1,63.89707703707779
3300050221_52.fna,3300050221_52,2518_0,55.74990613274785
3300061845_3.fna,3300061845_3,2519_0,57.038117999880434
3300080028_147.fna,3300080028_147,2520_0,51.34975318844436
3300077288_42.fna,3300077288_42,2521_0,51.075393565482685
3300050665_4.fna,3300050665_4,2522_1,72.07822314266741
3300076623_20.fna,3300076623_20,2523_0,65.49327390670736
3300045975_37.fna,3300045975_37,2524_1,35.15878237084532
3300014167_3.fna,3300014167_3,2525_0,60.14189920399484
3300075654_56.fna,3300075654_56,2526_1,63.25359443710133
3300077553_108.fna,3300077553_108,2527_0,62.697354325670524
3300057025_152.fna,3300057025_152,2528_1,75.29478572533172
3300054964_32.fna,3300054964_32,2529_0,81.41555161318826
3300054987_48.fna,3300054987_48,2530_0,46.41197760497796
3300054730_62.fna,3300054730_62,2531_1,74.76607982767513
3300046535_20.fna,3300046535_20,2532_1,73.41435525
3300047316_58.fna,3300047316_58,2533_0,40.508952178656195
3300045944_32.fna,3300045944_32,2534_0,56.03057396786049
3300055072_42.fna,3300055072_42,2535_0,72.57825321852319
3300056996_180.fna,3300056996_180,2536_0,70.08254408
3300044708_25.fna,3300044708_25,2537_0,69.22453450469968
3300051192_3.fna,3300051192_3,2538_0,34.89636991913044
3300044677_22.fna,3300044677_22,2539_0,75.03841957291657
3300048997_42.fna,3300048997_42,2540_0,88.67327314175834
3300054963_16.fna,3300054963_16,2541_0,68.84129392855226
3300075640_17.fna,3300075640_17,2542_0,64.98276458
3300043620_5.fna,3300043620_5,2543_1,84.31064847151863
3300051238_172.fna,3300051238_172,2544_1,79.14888105164155
3300081487_56.fna,3300081487_56,2545_1,68.28354818
3300079102_6.fna,3300079102_6,2546_0,41.34743747396517
3300061213_46.fna,3300061213_46,2547_0,57.07388867931665
3300056877_116.fna,3300056877_116,2548_0,65.06492535093075
3300077727_29.fna,3300077727_29,2549_0,58.68042142941728
3300072971_28.fna,3300072971_28,2550_1,91.64187746
3300065455_33.fna,3300065455_33,2551_1,92.59176210053892
3300057040_94.fna,3300057040_94,2552_1,64.64780293419554
3300056877_63.fna,3300056877_63,2553_0,80.92232628542345
3300054964_12.fna,3300054964_12,2554_1,77.63962087
3300077288_11.fna,3300077288_11,2555_0,51.55984079583117
3300050035_57.fna,3300050035_57,2556_1,87.38955516456494
3300049727_40.fna,3300049727_40,2557_0,90.98174222848907
3300049728_8.fna,3300049728_8,2558_0,76.17448233870259
3300054680_93.fna,3300054680_93,2559_0,55.856520339429736
3300066659_32.fna,3300066659_32,2560_0,67.42581214926986
3300056879_137.fna,3300056879_137,2561_1,81.91095985948176
3300055072_19.fna,3300055072_19,2562_0,85.84892474022645
3300044742_18.fna,3300044742_18,2563_0,57.290943992551846
3300051099_77.fna,3300051099_77,2564_0,66.01826266242405
3300072780_67.fna,3300072780_67,2565_0,97.83481648939578
3300055099_91.fna,3300055099_91,2566_1,81.78386813847868
3300072176_47.fna,3300072176_47,2567_0,58.56414860251572
3300055048_55.fna,3300055048_55,2568_0,96.17789177889564
3300046653_19.fna,3300046653_19,2569_1,73.97695910010374
3300076763_172.fna,3300076763_172,2569_2,76.32026513
3300050221_6.fna,3300050221_6,2570_1,89.67725238078395
3300054984_30.fna,3300054984_30,2571_0,75.95889247087682
3300063085_62.fna,3300063085_62,2572_0,35.95225816
3300044796_44.fna,3300044796_44,2573_0,92.97580858704748
3300082533_9.fna,3300082533_9,2574_0,81.98337225311745
3300054703_85.fna,3300054703_85,2575_0,79.91791031713103
3300054987_55.fna,3300054987_55,2576_0,65.62273429
3300073847_16.fna,3300073847_16,2577_0,59.07744439768245
3300054987_67.fna,3300054987_67,2578_1,81.96948857
3300054705_60.fna,3300054705_60,2579_0,76.54911816771475
3300076624_9.fna,3300076624_9,2580_1,65.95230601043262
3300076641_43.fna,3300076641_43,2580_2,71.36672449
3300056889_25.fna,3300056889_25,2581_0,60.16598305736408
3300054680_95.fna,3300054680_95,2582_1,83.54035724548797
3300054965_31.fna,3300054965_31,2583_0,76.35858235601637
3300054967_79.fna,3300054967_79,2584_0,68.00119821959736
3300054984_90.fna,3300054984_90,2585_0,64.71795790783779
3300054984_37.fna,3300054984_37,2586_0,68.61459188982661
3300054965_18.fna,3300054965_18,2587_0,66.47054201896403
3300044812_38.fna,3300044812_38,2588_0,82.11970025485437
3300066659_117.fna,3300066659_117,2589_0,73.67930849008162
3300034376_2.fna,3300034376_2,2590_1,90.05353853193785
3300061779_1.fna,3300061779_1,2591_0,83.03437611567065
3300062116_39.fna,3300062116_39,2592_0,78.97126056
3300077141_18.fna,3300077141_18,2593_0,79.31315979912358
3300076631_10.fna,3300076631_10,2594_1,87.05064443977214
3300036841_8.fna,3300036841_8,2595_0,84.15052094777134
3300081487_76.fna,3300081487_76,2596_0,67.45249150615824
3300054730_4.fna,3300054730_4,2597_0,85.39454978341178
3300051099_45.fna,3300051099_45,2598_1,79.29681672923745
3300043757_17.fna,3300043757_17,2599_0,74.40932874
3300061845_74.fna,3300061845_74,2600_0,73.76251089743114
3300076624_42.fna,3300076624_42,2601_0,66.95068714770925
3300079390_17.fna,3300079390_17,2602_0,43.702611228145095
3300082197_61.fna,3300082197_61,2603_0,67.67845503015039
3300031670_17.fna,3300031670_17,2604_0,71.99778887416213
3300054967_38.fna,3300054967_38,2605_0,71.77491336832291
3300062827_14.fna,3300062827_14,2606_0,67.62476406113885
3300078419_42.fna,3300078419_42,2607_0,77.56510428528746
3300054705_97.fna,3300054705_97,2608_1,69.02086314
3300054962_99.fna,3300054962_99,2609_1,61.309003524764094
3300045996_67.fna,3300045996_67,2610_0,92.00636887303533
3300082211_158.fna,3300082211_158,2611_1,63.92011793152561
3300079690_50.fna,3300079690_50,2612_0,42.24454264956156
3300082281_84.fna,3300082281_84,2613_0,40.03166323090879
3300060670_31.fna,3300060670_31,2614_0,47.11609685963787
3300082192_71.fna,3300082192_71,2615_0,67.32482650831047
3300051238_12.fna,3300051238_12,2616_0,57.37353429075704
3300082222_18.fna,3300082222_18,2617_0,61.999136651746184
3300050226_54.fna,3300050226_54,2618_0,39.70322806
3300051238_118.fna,3300051238_118,2619_0,53.94522446068913
3300061536_7.fna,3300061536_7,2620_0,57.62054287795766
3300035695_5.fna,3300035695_5,2621_0,63.838799209816315
3300036857_7.fna,3300036857_7,2622_0,67.49609262540744
3300035118_4.fna,3300035118_4,2623_1,68.46734578996791
3300079101_21.fna,3300079101_21,2624_0,64.23519073514147
3300054965_16.fna,3300054965_16,2625_0,66.62555251
3300031672_14.fna,3300031672_14,2626_0,32.49370070165101
3300066018_18.fna,3300066018_18,2627_0,55.335516484895514
3300055023_52.fna,3300055023_52,2628_1,58.4421543
3300080032_163.fna,3300080032_163,2628_2,65.36049394450232
3300054680_44.fna,3300054680_44,2629_1,64.46289034569553
3300082281_27.fna,3300082281_27,2630_1,66.34467312558408
3300054962_93.fna,3300054962_93,2631_1,76.26318294970189
3300054730_87.fna,3300054730_87,2632_0,63.12297426905266
3300054682_68.fna,3300054682_68,2633_1,67.23941788970788
3300054961_83.fna,3300054961_83,2634_1,64.43871729488488
3300028800_8.fna,3300028800_8,2635_0,40.02725697618412
3300065456_7.fna,3300065456_7,2636_1,72.17400886
3300044692_26.fna,3300044692_26,2637_1,53.221799015015065
3300049823_25.fna,3300049823_25,2637_2,69.50537322444916
3300060322_11.fna,3300060322_11,2638_0,50.67919925258622
3300037258_14.fna,3300037258_14,2639_1,62.281837641155185
3300036898_4.fna,3300036898_4,2640_1,77.32836762309212
3300055024_92.fna,3300055024_92,2641_1,86.24495136045986
3300054987_27.fna,3300054987_27,2641_2,90.21847602441889
3300082222_56.fna,3300082222_56,2642_1,84.04849658285035
3300044735_22.fna,3300044735_22,2643_1,64.04269264623848
3300054964_22.fna,3300054964_22,2644_0,58.04600828298127
3300054682_62.fna,3300054682_62,2645_0,45.25425565728761
3300056903_138.fna,3300056903_138,2646_0,71.28649754921567
3300031726_9.fna,3300031726_9,2647_0,74.90754544846719
3300035724_5.fna,3300035724_5,2648_0,53.436615723528256
3300082225_159.fna,3300082225_159,2649_0,73.46250330283029
3300054962_101.fna,3300054962_101,2650_1,68.12878305821198
3300076031_23.fna,3300076031_23,2651_0,49.097201523195324
3300054961_73.fna,3300054961_73,2652_1,68.03751707334298
3300054961_5.fna,3300054961_5,2653_0,48.57804304869204
3300060805_71.fna,3300060805_71,2654_0,66.36255605663341
3300057050_63.fna,3300057050_63,2655_0,64.36055003986402
3300060291_55.fna,3300060291_55,2656_0,52.439849898343326
3300056884_13.fna,3300056884_13,2657_1,72.10209141877655
3300057025_102.fna,3300057025_102,2657_2,84.80959201048583
3300060291_244.fna,3300060291_244,2658_0,58.07388586422903
3300057035_146.fna,3300057035_146,2659_1,88.67671420586265
3300082262_7.fna,3300082262_7,2660_0,71.97253868900178
3300056887_36.fna,3300056887_36,2661_1,77.97083677
3300044798_45.fna,3300044798_45,2662_0,64.8417952
3300056887_162.fna,3300056887_162,2663_0,96.09424538380543
3300060291_40.fna,3300060291_40,2664_0,70.24112745079714
3300056973_117.fna,3300056973_117,2665_1,78.44231874191719
3300056889_162.fna,3300056889_162,2666_1,33.12529819108242
3300057034_161.fna,3300057034_161,2666_2,72.36436661
3300057017_104.fna,3300057017_104,2667_0,48.332621750593226
3300056888_50.fna,3300056888_50,2668_0,55.80350006039799
3300057004_67.fna,3300057004_67,2669_0,77.63254225
3300056887_164.fna,3300056887_164,2670_0,83.05643761111952
3300056886_22.fna,3300056886_22,2671_1,84.62736589495047
3300056905_137.fna,3300056905_137,2672_0,64.48226841415064
3300056903_75.fna,3300056903_75,2673_1,82.45785282920345
3300060291_134.fna,3300060291_134,2674_0,79.86184875028545
3300056887_116.fna,3300056887_116,2675_0,46.65219155220609
3300055498_3.fna,3300055498_3,2676_0,68.58800948467358
3300057032_80.fna,3300057032_80,2677_0,72.14678889356263
3300056887_41.fna,3300056887_41,2678_1,78.20331772569627
3300044799_78.fna,3300044799_78,2679_0,46.21522615
3300056905_193.fna,3300056905_193,2680_1,74.22634902812368
3300057056_113.fna,3300057056_113,2681_0,83.96851888294111
3300056888_20.fna,3300056888_20,2682_0,54.456245700344276
3300056905_135.fna,3300056905_135,2683_0,37.300050055027455
3300018005_21.fna,3300018005_21,2684_0,66.45323725898095
3300056902_78.fna,3300056902_78,2685_0,75.59504080901941
3300060291_79.fna,3300060291_79,2686_0,71.46346259647333
3300052918_6.fna,3300052918_6,2687_0,84.07163671834522
3300056792_9.fna,3300056792_9,2688_0,40.44055078784207
3300044799_32.fna,3300044799_32,2689_0,98.91832455510571
3300044800_87.fna,3300044800_87,2690_0,79.50214775233296
3300018068_6.fna,3300018068_6,2691_0,76.20115024979667
3300060291_186.fna,3300060291_186,2692_0,95.70643837853981
3300044798_65.fna,3300044798_65,2693_1,96.83119053154984
3300044799_59.fna,3300044799_59,2694_0,89.07194461730903
3300044800_80.fna,3300044800_80,2695_0,95.31279172448639
3300057055_23.fna,3300057055_23,2696_0,77.59756979716697
3300056889_161.fna,3300056889_161,2697_0,81.06657074172547
3300057014_90.fna,3300057014_90,2698_0,73.18018352299282
3300036884_16.fna,3300036884_16,2699_1,93.3200039
3300057003_167.fna,3300057003_167,2700_1,82.39647957390402
3300038417_25.fna,3300038417_25,2701_1,86.78669804949759
3300056905_12.fna,3300056905_12,2702_1,84.03652733469757
3300056903_34.fna,3300056903_34,2703_0,70.31704713417774
3300056897_102.fna,3300056897_102,2704_1,67.64768374586723
3300057030_80.fna,3300057030_80,2705_1,78.48785867645006
3300056889_169.fna,3300056889_169,2706_0,34.69348756943391
3300056887_140.fna,3300056887_140,2707_1,90.49406103068742
3300044798_13.fna,3300044798_13,2708_1,91.75990468847851
3300017988_23.fna,3300017988_23,2709_1,84.92333225280873
3300049719_49.fna,3300049719_49,2710_1,67.29954739356218
3300048760_20.fna,3300048760_20,2710_2,70.76072587456086
3300044823_2.fna,3300044823_2,2711_0,72.56154383975269
3300050015_42.fna,3300050015_42,2712_0,65.10418205263994
3300044802_11.fna,3300044802_11,2713_0,57.76762734141009
3300056903_121.fna,3300056903_121,2714_1,51.24194117868001
3300056888_102.fna,3300056888_102,2715_1,65.96446724152918
3300057055_155.fna,3300057055_155,2716_0,76.48873795791312
3300072620_24.fna,3300072620_24,2717_1,75.77302877
3300056797_136.fna,3300056797_136,2718_1,76.61256053508421
3300075561_24.fna,3300075561_24,2719_0,81.42186237
3300037225_15.fna,3300037225_15,2720_1,99.31075576201751
3300014496_19.fna,3300014496_19,2720_2,70.19046393263355
3300052918_64.fna,3300052918_64,2721_1,99.47569211609125
3300037086_13.fna,3300037086_13,2722_0,78.46689440690935
3300038426_13.fna,3300038426_13,2723_0,92.12309316746365
3300038428_20.fna,3300038428_20,2724_0,97.40546117
3300044798_82.fna,3300044798_82,2725_0,64.51560544656877
3300054704_63.fna,3300054704_63,2726_0,86.53618484981456
3300057013_4.fna,3300057013_4,2727_1,60.16897765249485
3300056903_81.fna,3300056903_81,2727_2,52.10244963200714
3300057044_141.fna,3300057044_141,2728_0,61.72620240344951
3300046504_35.fna,3300046504_35,2729_0,81.85377785682206
3300050014_15.fna,3300050014_15,2730_0,60.09431960461192
3300056917_118.fna,3300056917_118,2731_0,60.772643016646825
3300081966_59.fna,3300081966_59,2732_0,54.30170421248797
3300055047_62.fna,3300055047_62,2733_0,56.67080474401366
3300081966_31.fna,3300081966_31,2734_0,73.10241214937986
3300054967_71.fna,3300054967_71,2735_0,92.39159679396671
3300054984_49.fna,3300054984_49,2736_0,66.27660057117818
3300055099_23.fna,3300055099_23,2737_0,80.03174761759664
3300077816_71.fna,3300077816_71,2738_0,88.52332120381911
3300051201_29.fna,3300051201_29,2739_1,88.10290319955922
3300082024_96.fna,3300082024_96,2740_0,89.98944885731375
3300048800_13.fna,3300048800_13,2741_1,91.44360891460157
3300075646_23.fna,3300075646_23,2741_2,82.32922933984372
3300046703_38.fna,3300046703_38,2742_0,76.83716633062114
3300075593_78.fna,3300075593_78,2743_0,94.13446063
3300056905_31.fna,3300056905_31,2744_1,82.36404146387041
3300046703_26.fna,3300046703_26,2745_1,97.20740016
3300054984_39.fna,3300054984_39,2746_0,90.11301830066228
3300082262_98.fna,3300082262_98,2747_0,68.35993954320062
3300082262_83.fna,3300082262_83,2748_0,74.13683593277118
3300044799_67.fna,3300044799_67,2749_0,94.54488343638918
3300060291_122.fna,3300060291_122,2750_0,60.01832047283056
3300056901_128.fna,3300056901_128,2751_0,51.92697130137062
3300054986_49.fna,3300054986_49,2752_0,93.55824008385007
3300044798_39.fna,3300044798_39,2753_1,87.34110887803764
3300044800_74.fna,3300044800_74,2753_2,93.53325661096622
3300057030_150.fna,3300057030_150,2754_0,72.60974671756297
3300055072_99.fna,3300055072_99,2755_0,90.93270647136875
3300050232_4.fna,3300050232_4,2756_0,82.11696523126672
3300054704_5.fna,3300054704_5,2757_0,87.27909070035616
3300056793_3.fna,3300056793_3,2758_0,76.23390884306097
3300072121_31.fna,3300072121_31,2759_0,95.74566040770294
3300072958_3.fna,3300072958_3,2760_0,95.40343476
3300062792_51.fna,3300062792_51,2761_0,94.39615339335644
3300062799_151.fna,3300062799_151,2762_0,89.15542894409465
3300050241_50.fna,3300050241_50,2763_1,85.29349251
3300051201_69.fna,3300051201_69,2764_1,91.61026563364817
3300060317_43.fna,3300060317_43,2765_1,91.27891840099723
3300050227_63.fna,3300050227_63,2766_1,90.30276008
3300054704_154.fna,3300054704_154,2767_0,66.85765284514495
3300050222_71.fna,3300050222_71,2768_1,86.91174710052287
3300054967_51.fna,3300054967_51,2769_0,80.53064008377521
3300055518_23.fna,3300055518_23,2770_1,73.85160327409302
3300037049_19.fna,3300037049_19,2771_0,80.49964671410206
3300065457_25.fna,3300065457_25,2772_1,86.62713568150477
3300072971_24.fna,3300072971_24,2773_1,90.44510162669685
3300054986_119.fna,3300054986_119,2774_0,92.63898506387922
3300055048_9.fna,3300055048_9,2775_0,86.92715605790364
3300056798_52.fna,3300056798_52,2776_1,75.93414285799835
3300064033_18.fna,3300064033_18,2777_0,75.40570396136091
3300054681_38.fna,3300054681_38,2778_0,71.50920982
3300081828_88.fna,3300081828_88,2779_0,80.81988488145319
3300063180_130.fna,3300063180_130,2780_1,81.36433933823882
3300056896_21.fna,3300056896_21,2781_1,79.27883147807636
3300056867_99.fna,3300056867_99,2782_0,85.02629303
3300044738_16.fna,3300044738_16,2783_0,98.54165412858707
3300044808_24.fna,3300044808_24,2784_0,100.2555847388867
3300018003_5.fna,3300018003_5,2785_0,51.34313608
3300054681_35.fna,3300054681_35,2786_0,83.04722456850702
3300046504_20.fna,3300046504_20,2787_1,72.37422959758673
3300044904_35.fna,3300044904_35,2788_0,63.835016171108606
3300082197_130.fna,3300082197_130,2789_0,66.88772841681408
3300044796_92.fna,3300044796_92,2790_0,80.92178015978159
3300081966_94.fna,3300081966_94,2791_0,71.99368728
3300054988_28.fna,3300054988_28,2792_0,67.33895518367338
3300057052_13.fna,3300057052_13,2793_0,65.22864089583551
3300044712_327.fna,3300044712_327,2794_0,85.82787473980618
3300075651_95.fna,3300075651_95,2795_1,97.69550520752115
3300044718_37.fna,3300044718_37,2796_0,89.29953400588114
3300064042_161.fna,3300064042_161,2797_0,58.855951498022016
3300050033_13.fna,3300050033_13,2798_1,96.11810607291662
3300056889_107.fna,3300056889_107,2799_0,68.37678424139486
3300057031_38.fna,3300057031_38,2800_0,94.98500035627173
3300056904_152.fna,3300056904_152,2801_1,81.26852740043918
3300056889_94.fna,3300056889_94,2802_0,62.14360965
3300057032_60.fna,3300057032_60,2803_0,79.46248242276391
3300057055_49.fna,3300057055_49,2804_1,83.12921038311866
3300056973_83.fna,3300056973_83,2804_2,38.71470970689844
3300056905_196.fna,3300056905_196,2805_0,46.50742138961433
3300056897_39.fna,3300056897_39,2806_1,75.54434512190754
3300056887_143.fna,3300056887_143,2807_0,55.715481538297865
3300044798_12.fna,3300044798_12,2808_1,92.3201188
3300056903_40.fna,3300056903_40,2809_1,67.07396066816133
3300056903_95.fna,3300056903_95,2810_0,60.84172599951081
3300056903_78.fna,3300056903_78,2811_0,50.04394440334269
3300057053_117.fna,3300057053_117,2812_1,62.572761159183464
3300044799_99.fna,3300044799_99,2813_0,95.49157213
3300056903_183.fna,3300056903_183,2814_0,91.86943456322146
3300057055_176.fna,3300057055_176,2815_0,78.10103560630863
3300057013_62.fna,3300057013_62,2816_1,89.58427920038272
3300060291_95.fna,3300060291_95,2817_1,58.37668389218563
3300056901_24.fna,3300056901_24,2817_2,72.37290008528528
3300060291_107.fna,3300060291_107,2818_1,90.16717836
3300056889_60.fna,3300056889_60,2819_0,28.050241089534023
3300057040_119.fna,3300057040_119,2820_0,74.64997828419008
3300056906_97.fna,3300056906_97,2821_0,61.51078032632128
3300057010_124.fna,3300057010_124,2822_0,59.14564362443849
3300057014_51.fna,3300057014_51,2823_1,82.99140732
3300056883_65.fna,3300056883_65,2824_1,61.88779547154365
3300057029_12.fna,3300057029_12,2824_2,50.310713950395645
3300057014_136.fna,3300057014_136,2825_0,74.09473865047936
3300057029_146.fna,3300057029_146,2826_0,63.134813885372566
3300056904_49.fna,3300056904_49,2827_0,51.20808346967245
3300057044_116.fna,3300057044_116,2828_1,79.87148252943659
3300056997_24.fna,3300056997_24,2829_1,72.16843484610193
3300056997_21.fna,3300056997_21,2830_0,70.20090760031614
3300031525_28.fna,3300031525_28,2831_0,70.85898450147573
3300044712_294.fna,3300044712_294,2832_0,89.83378976721296
3300057004_116.fna,3300057004_116,2833_0,93.83864305938313
3300057054_48.fna,3300057054_48,2834_1,65.05715678085953
3300057038_41.fna,3300057038_41,2835_0,67.8051852
3300056884_114.fna,3300056884_114,2836_0,65.58379179121083
3300057014_67.fna,3300057014_67,2837_1,61.106713137581174
3300057034_65.fna,3300057034_65,2837_2,47.92593961195734
3300057032_78.fna,3300057032_78,2838_0,56.27562937
3300049716_25.fna,3300049716_25,2839_1,70.67391045402279
3300050021_87.fna,3300050021_87,2839_2,69.02767353
3300036911_7.fna,3300036911_7,2840_0,83.76622252058705
3300050034_50.fna,3300050034_50,2841_0,99.04859287
3300046705_9.fna,3300046705_9,2842_0,70.54797475
3300056887_100.fna,3300056887_100,2843_0,78.60220296690177
3300057054_10.fna,3300057054_10,2844_0,57.053329108835804
3300039309_11.fna,3300039309_11,2845_1,82.84273411920724
3300051094_92.fna,3300051094_92,2846_0,88.87194977664458
3300036876_9.fna,3300036876_9,2847_1,92.02319429273976
3300021180_8.fna,3300021180_8,2848_1,88.59853330434831
3300077660_22.fna,3300077660_22,2849_1,73.11777341388766
3300030746_10.fna,3300030746_10,2850_1,93.16648121386507
3300031837_21.fna,3300031837_21,2851_1,70.46681634528476
3300042904_90.fna,3300042904_90,2852_0,75.91191268276062
3300036831_4.fna,3300036831_4,2853_0,41.521899269340246
3300055024_70.fna,3300055024_70,2854_0,90.71155052465703
3300060015_73.fna,3300060015_73,2855_1,92.58954476675942
3300066540_78.fna,3300066540_78,2856_0,75.09304039135804
3300081965_44.fna,3300081965_44,2857_1,55.89201393834353
3300055240_79.fna,3300055240_79,2858_0,70.58441433
3300073841_50.fna,3300073841_50,2859_1,83.25790727864518
3300066614_5.fna,3300066614_5,2860_0,56.19185509719828
3300072118_21.fna,3300072118_21,2861_1,100.16909854125825
3300066187_36.fna,3300066187_36,2862_1,87.55951732656268
3300066521_91.fna,3300066521_91,2862_2,29.696673696084638
3300054730_85.fna,3300054730_85,2863_1,78.56498368965651
3300066486_57.fna,3300066486_57,2864_0,93.14579685924731
3300045941_9.fna,3300045941_9,2865_1,79.99744901282016
3300056753_26.fna,3300056753_26,2866_0,75.64821491543812
3300042904_13.fna,3300042904_13,2867_1,79.50377659785978
3300072654_73.fna,3300072654_73,2868_0,75.01872159768773
3300046710_52.fna,3300046710_52,2869_0,92.76143570870786
3300057013_139.fna,3300057013_139,2870_0,40.13825229515834
3300046460_11.fna,3300046460_11,2871_0,93.45627120848572
3300063057_9.fna,3300063057_9,2872_0,67.14606978161987
3300064095_103.fna,3300064095_103,2873_1,71.51038214095915
3300061641_157.fna,3300061641_157,2874_0,77.38813574648509
3300062792_35.fna,3300062792_35,2875_0,74.62224302186695
3300079522_28.fna,3300079522_28,2876_0,69.04280617984338
3300044799_45.fna,3300044799_45,2877_0,93.61706248371215
3300044800_88.fna,3300044800_88,2878_0,89.01278461640597
3300044798_86.fna,3300044798_86,2879_0,78.48217229304109
3300056887_113.fna,3300056887_113,2880_0,80.53135490648494
3300056901_36.fna,3300056901_36,2881_1,52.68899082073861
3300078387_65.fna,3300078387_65,2882_0,86.57225517561179
3300064047_103.fna,3300064047_103,2883_1,87.87534239602894
3300056753_51.fna,3300056753_51,2884_1,83.53038911131719
3300050216_19.fna,3300050216_19,2885_0,81.02121350875636
3300031673_20.fna,3300031673_20,2886_0,68.87489326726018
3300061216_7.fna,3300061216_7,2887_0,81.26303299
3300056973_93.fna,3300056973_93,2888_1,85.64902135101815
3300056901_149.fna,3300056901_149,2889_1,89.09442698520553
3300057034_94.fna,3300057034_94,2890_0,87.88828151757401
3300056889_77.fna,3300056889_77,2891_1,90.23834141494635
3300057040_105.fna,3300057040_105,2892_0,77.61727887242678
3300057017_18.fna,3300057017_18,2893_0,60.92046831035004
3300062801_58.fna,3300062801_58,2894_0,70.47536554902169
3300063060_9.fna,3300063060_9,2895_0,68.87528773
3300057020_24.fna,3300057020_24,2896_0,72.91852991203753
3300063431_26.fna,3300063431_26,2897_0,77.97918379537995
3300012986_12.fna,3300012986_12,2898_0,83.01977615142371
3300063418_60.fna,3300063418_60,2899_0,73.12511862394261
3300048998_25.fna,3300048998_25,2900_0,82.3587971
3300039306_4.fna,3300039306_4,2901_0,101.46193000358703
3300039306_6.fna,3300039306_6,2902_0,102.16053346212735
3300056888_23.fna,3300056888_23,2903_1,79.56942640358706
3300057032_121.fna,3300057032_121,2903_2,78.77071869823355
3300031728_6.fna,3300031728_6,2903_3,50.668584286190516
3300054704_136.fna,3300054704_136,2904_0,74.69411148967322
3300057056_59.fna,3300057056_59,2905_1,77.07404717095831
3300056865_82.fna,3300056865_82,2906_0,69.48842595
3300080687_45.fna,3300080687_45,2907_0,50.76203165019882
3300044798_85.fna,3300044798_85,2908_0,79.48398784725595
3300076649_66.fna,3300076649_66,2909_0,70.46699533
3300044712_289.fna,3300044712_289,2910_0,89.90478830911938
3300055273_52.fna,3300055273_52,2911_0,86.02814288510766
3300045051_188.fna,3300045051_188,2912_1,94.57850021
3300031566_58.fna,3300031566_58,2913_0,52.20964367025219
3300056899_38.fna,3300056899_38,2914_0,45.90764641268551
3300057029_131.fna,3300057029_131,2915_0,71.13300581
3300065456_4.fna,3300065456_4,2916_1,96.88370669763879
3300042994_3.fna,3300042994_3,2917_1,100.0021704420205
3300034031_4.fna,3300034031_4,2918_0,97.22647506394793
3300045996_387.fna,3300045996_387,2919_0,91.26031730473763
3300049822_32.fna,3300049822_32,2920_0,81.55071635832392
3300064042_137.fna,3300064042_137,2921_0,56.12184616
3300066520_82.fna,3300066520_82,2922_1,88.11813477968823
3300066487_59.fna,3300066487_59,2923_1,82.21048167531903
3300066520_53.fna,3300066520_53,2923_2,80.04197959349393
3300044837_1.fna,3300044837_1,2924_0,77.47860249
3300042876_145.fna,3300042876_145,2925_0,56.69914597462489
3300061641_55.fna,3300061641_55,2926_0,60.13243888
3300021057_3.fna,3300021057_3,2927_0,90.65665924681898
3300064746_1.fna,3300064746_1,2928_0,84.22489652193062
3300020580_5.fna,3300020580_5,2929_0,69.69892346578979
3300037133_8.fna,3300037133_8,2930_1,101.91804117251469
3300050035_31.fna,3300050035_31,2930_2,83.51405948551515
3300033406_13.fna,3300033406_13,2931_0,92.24362706659224
3300080028_194.fna,3300080028_194,2932_0,84.95558785000337
3300044470_49.fna,3300044470_49,2933_1,89.89063381611348
3300050024_42.fna,3300050024_42,2934_0,90.29123054726246
3300049570_4.fna,3300049570_4,2935_1,102.62971243943548
3300042995_11.fna,3300042995_11,2936_0,97.61768050882013
3300078161_28.fna,3300078161_28,2937_0,91.39642758469476
3300056977_184.fna,3300056977_184,2938_1,95.42320211677487
3300042904_110.fna,3300042904_110,2939_0,92.16667916563354
3300045806_19.fna,3300045806_19,2940_0,70.41455612832732
3300053037_17.fna,3300053037_17,2941_1,98.95487332724593
3300047318_19.fna,3300047318_19,2942_0,90.95910762610882
3300056977_350.fna,3300056977_350,2943_0,79.81825581233065
3300045996_329.fna,3300045996_329,2944_0,69.68000154331386
3300065078_6.fna,3300065078_6,2945_0,80.49868166237518
3300062795_38.fna,3300062795_38,2946_0,79.91111872487079
3300063043_49.fna,3300063043_49,2947_0,89.19896691751983
3300063176_80.fna,3300063176_80,2948_0,75.05947822023525
3300063065_81.fna,3300063065_81,2949_0,93.78160153
3300072975_23.fna,3300072975_23,2950_0,94.66414030576027
3300072975_53.fna,3300072975_53,2951_0,91.89135053272462
3300067033_77.fna,3300067033_77,2952_0,92.01809246336359
3300076623_91.fna,3300076623_91,2953_0,75.97270374826553
3300057009_5.fna,3300057009_5,2954_0,57.80622698052013
3300066520_21.fna,3300066520_21,2955_0,50.46162252740657
3300063059_22.fna,3300063059_22,2956_0,56.06239714324313
3300072777_36.fna,3300072777_36,2957_1,81.50641336944723
3300080737_120.fna,3300080737_120,2958_0,72.26875670738835
3300081702_56.fna,3300081702_56,2959_0,62.82286490229805
3300063058_82.fna,3300063058_82,2960_0,72.24405778173015
3300063430_63.fna,3300063430_63,2961_0,76.22024428232913
3300054986_118.fna,3300054986_118,2962_0,81.17163113
3300072118_40.fna,3300072118_40,2963_0,71.63625502043051
3300057056_51.fna,3300057056_51,2964_1,61.07195307750383
3300057035_27.fna,3300057035_27,2965_0,34.255182560724066
3300079559_39.fna,3300079559_39,2966_0,82.00177926
3300080786_40.fna,3300080786_40,2967_0,78.90498196892537
3300064109_96.fna,3300064109_96,2968_1,72.97098000720777
3300080028_187.fna,3300080028_187,2969_0,57.57130565644674
3300049727_7.fna,3300049727_7,2970_1,89.81388404575085
3300050035_3.fna,3300050035_3,2971_0,90.13243672463109
3300078358_21.fna,3300078358_21,2972_0,85.10471228
3300075322_79.fna,3300075322_79,2973_0,70.63150497136944
3300031673_22.fna,3300031673_22,2974_1,95.82047075
3300082317_73.fna,3300082317_73,2975_0,76.04716372
3300042127_3.fna,3300042127_3,2976_1,94.79462774626171
3300064095_64.fna,3300064095_64,2977_1,102.63212372873227
3300062823_105.fna,3300062823_105,2977_2,99.31764596324466
3300063177_51.fna,3300063177_51,2977_3,87.71884605897087
3300031548_23.fna,3300031548_23,2977_4,73.85541987060424
3300063429_17.fna,3300063429_17,2977_5,99.41117972026159
3300066520_40.fna,3300066520_40,2978_0,65.33321913839787
3300063019_34.fna,3300063019_34,2979_1,73.59315339611392
3300066520_88.fna,3300066520_88,2980_0,43.63079965636646
3300056889_110.fna,3300056889_110,2981_1,72.20179456431848
3300044712_331.fna,3300044712_331,2982_0,86.35712562726995
3300045051_135.fna,3300045051_135,2983_0,85.27068682
3300045051_97.fna,3300045051_97,2984_0,84.26012073276674
3300057057_98.fna,3300057057_98,2985_1,89.65839778910039
3300057055_37.fna,3300057055_37,2986_1,90.15883091116063
3300057004_107.fna,3300057004_107,2986_2,60.79263579075385
3300056886_20.fna,3300056886_20,2987_1,77.50880586967989
3300057015_32.fna,3300057015_32,2988_0,60.41715391656402
3300031566_40.fna,3300031566_40,2989_1,87.94823673540256
3300056997_8.fna,3300056997_8,2990_1,76.78928905171152
3300057053_68.fna,3300057053_68,2990_2,59.795629174359526
3300056901_150.fna,3300056901_150,2991_1,86.80522461119747
3300057054_47.fna,3300057054_47,2992_1,78.75519033663528
3300057013_131.fna,3300057013_131,2993_0,92.21086215576517
3300045781_14.fna,3300045781_14,2994_0,85.69438128781118
3300052304_26.fna,3300052304_26,2995_0,85.76872054753848
3300054962_58.fna,3300054962_58,2996_0,80.32785313239926
3300054968_52.fna,3300054968_52,2997_0,69.95501767677487
3300012989_10.fna,3300012989_10,2998_0,69.44483149257701
3300020215_8.fna,3300020215_8,2999_0,69.40386386348166
3300053707_11.fna,3300053707_11,3000_1,101.03914056277223
3300034134_5.fna,3300034134_5,3000_2,87.74753063169585
3300044712_22.fna,3300044712_22,3001_0,81.26460474479116
3300056916_1.fna,3300056916_1,3002_1,103.11748479224845
3300056915_4.fna,3300056915_4,3003_1,101.81940833579885
3300060918_12.fna,3300060918_12,3004_0,90.00423109712655
3300034134_4.fna,3300034134_4,3005_0,57.74375939711691
3300037833_5.fna,3300037833_5,3006_0,98.50016255687414
3300036443_3.fna,3300036443_3,3007_0,86.94227905640017
3300056977_231.fna,3300056977_231,3008_1,93.36502658350746
3300054704_86.fna,3300054704_86,3009_0,90.90897642463494
3300054986_40.fna,3300054986_40,3010_0,89.67059812101353
3300038555_2.fna,3300038555_2,3011_0,94.63157901
3300072952_16.fna,3300072952_16,3012_0,88.50758814719445
3300035001_4.fna,3300035001_4,3013_0,95.84676414392007
3300057298_3.fna,3300057298_3,3014_1,96.72408646273792
3300072121_16.fna,3300072121_16,3015_1,95.31588038068233
3300072965_15.fna,3300072965_15,3015_2,96.75790424120162
3300072979_70.fna,3300072979_70,3016_1,96.83355967063825
3300034024_3.fna,3300034024_3,3017_0,95.61828515303095
3300034630_4.fna,3300034630_4,3018_0,98.31394740019745
3300054965_12.fna,3300054965_12,3019_1,88.33347849623387
3300055048_60.fna,3300055048_60,3020_0,57.41812309519866
3300072118_33.fna,3300072118_33,3021_1,86.34822561252696
3300077820_18.fna,3300077820_18,3022_0,71.75659253143178
3300050118_49.fna,3300050118_49,3023_1,85.63255550912903
3300037160_5.fna,3300037160_5,3024_0,62.36316028694701
3300014164_9.fna,3300014164_9,3025_1,93.40091106652541
3300050026_51.fna,3300050026_51,3026_1,90.07305298214936
3300033413_19.fna,3300033413_19,3027_0,101.19065468108874
3300073846_18.fna,3300073846_18,3028_0,83.09374986165365
3300034000_1.fna,3300034000_1,3029_0,73.06074709312084
3300054986_102.fna,3300054986_102,3030_0,85.54965036311673
3300054986_59.fna,3300054986_59,3031_0,94.56432763662286
3300072965_34.fna,3300072965_34,3032_1,90.23741726297504
3300072969_2.fna,3300072969_2,3033_1,90.20206482
3300077660_16.fna,3300077660_16,3034_1,93.53718865125828
3300021170_8.fna,3300021170_8,3035_1,58.40835853879941
3300064043_22.fna,3300064043_22,3035_2,74.89897756176617
3300050020_43.fna,3300050020_43,3035_3,83.67166414249311
3300063173_31.fna,3300063173_31,3036_0,59.94291908211484
3300013100_30.fna,3300013100_30,3037_0,78.79645319637515
3300013104_43.fna,3300013104_43,3038_0,81.69368708603652
3300013097_6.fna,3300013097_6,3039_0,90.09794450358903
3300048512_5.fna,3300048512_5,3040_0,82.82615454982366
3300064095_194.fna,3300064095_194,3041_1,79.79274275581238
3300072967_19.fna,3300072967_19,3042_1,90.64653923446367
3300072965_37.fna,3300072965_37,3043_0,86.64878726590557
3300072118_27.fna,3300072118_27,3044_0,97.04695628520986
3300042994_4.fna,3300042994_4,3045_1,99.79956579384776
3300072125_26.fna,3300072125_26,3046_1,95.33675968677996
3300072123_36.fna,3300072123_36,3046_2,91.32491480845229
3300053036_22.fna,3300053036_22,3047_0,96.44586688426625
3300056787_23.fna,3300056787_23,3048_0,97.06409307999463
3300053711_18.fna,3300053711_18,3049_1,101.51643026759064
3300058668_4.fna,3300058668_4,3049_2,98.1362525
3300056793_14.fna,3300056793_14,3050_1,99.21057538606726
3300056843_15.fna,3300056843_15,3051_0,96.61947274272626
3300053709_22.fna,3300053709_22,3052_0,98.82007319203508
3300072952_27.fna,3300072952_27,3053_0,92.16175143
3300035020_2.fna,3300035020_2,3054_0,98.25527276094442
3300039308_5.fna,3300039308_5,3055_0,89.41356590921386
3300035010_3.fna,3300035010_3,3056_1,99.71884036325027
3300035012_2.fna,3300035012_2,3057_1,97.99825800821093
3300035019_2.fna,3300035019_2,3057_2,98.26808086
3300039306_2.fna,3300039306_2,3058_0,95.76547311002426
3300035013_1.fna,3300035013_1,3059_0,95.41184010443418
3300034631_6.fna,3300034631_6,3060_0,101.70480443897945
3300072970_20.fna,3300072970_20,3061_0,78.46842396177075
3300054704_89.fna,3300054704_89,3062_0,93.45511431487743
3300063086_30.fna,3300063086_30,3063_1,70.34141527586117
3300081832_81.fna,3300081832_81,3064_0,74.68995203
3300076650_42.fna,3300076650_42,3065_1,77.20168959388668
3300064045_120.fna,3300064045_120,3066_0,62.42840477909699
3300014168_13.fna,3300014168_13,3067_1,82.16880880569695
3300056815_7.fna,3300056815_7,3068_1,87.90460837070938
3300056815_61.fna,3300056815_61,3069_1,84.55177784911064
3300048784_12.fna,3300048784_12,3070_0,78.31993392354627
3300062841_42.fna,3300062841_42,3071_0,90.92794840933948
3300045766_26.fna,3300045766_26,3072_0,45.484658363376745
3300062846_8.fna,3300062846_8,3073_0,89.53173267194556
3300044822_16.fna,3300044822_16,3074_0,75.62551874282002
3300062841_67.fna,3300062841_67,3075_0,73.05111299583734
3300064045_109.fna,3300064045_109,3076_0,92.84378890453934
3300048785_8.fna,3300048785_8,3077_1,92.51440087
3300048800_53.fna,3300048800_53,3078_1,94.10563900699907
3300050011_44.fna,3300050011_44,3078_2,92.84046502512334
3300048797_46.fna,3300048797_46,3079_0,73.20739273390977
3300048818_54.fna,3300048818_54,3080_1,99.65914790459813
3300050018_10.fna,3300050018_10,3081_1,95.41013688284559
3300077208_51.fna,3300077208_51,3081_2,56.627395847026996
3300050020_51.fna,3300050020_51,3082_0,64.51063197115012
3300050138_6.fna,3300050138_6,3083_0,69.57524084
3300037852_18.fna,3300037852_18,3084_0,78.96769791569702
3300048810_3.fna,3300048810_3,3085_1,94.36685117736735
3300050013_23.fna,3300050013_23,3086_1,95.39438764690884
3300048823_24.fna,3300048823_24,3087_0,73.55172980303469
3300077907_82.fna,3300077907_82,3088_0,91.22135047602006
3300045794_10.fna,3300045794_10,3089_0,86.65899519355965
3300051094_83.fna,3300051094_83,3090_1,95.25135654834193
3300048820_20.fna,3300048820_20,3091_1,95.24540117578286
3300048762_12.fna,3300048762_12,3091_2,94.36103253908067
3300050020_19.fna,3300050020_19,3092_1,95.41581435615569
3300050024_16.fna,3300050024_16,3092_2,94.58058606291354
3300050034_18.fna,3300050034_18,3093_1,99.55880152696216
3300045796_1.fna,3300045796_1,3094_1,88.85373756217106
3300045778_20.fna,3300045778_20,3095_1,89.93621905327939
3300045772_14.fna,3300045772_14,3096_1,90.82479593600617
3300056792_31.fna,3300056792_31,3097_0,87.24466355504005
3300048810_2.fna,3300048810_2,3098_1,93.58765957
3300050119_35.fna,3300050119_35,3098_2,65.83879918746455
3300044796_49.fna,3300044796_49,3099_0,83.70422884709465
3300048759_7.fna,3300048759_7,3100_1,94.41974771390574
3300050117_41.fna,3300050117_41,3101_1,83.52141223235566
3300051094_110.fna,3300051094_110,3102_1,83.41466312628704
3300050128_12.fna,3300050128_12,3103_1,95.44840097923165
3300048818_28.fna,3300048818_28,3104_1,91.04192703198062
3300050011_29.fna,3300050011_29,3104_2,89.80315436147019
3300076763_93.fna,3300076763_93,3105_0,93.86539936606913
3300064046_51.fna,3300064046_51,3106_0,39.83170872260109
3300079305_7.fna,3300079305_7,3107_0,77.64131502940047
3300056753_265.fna,3300056753_265,3108_1,88.47947229566591
3300056603_23.fna,3300056603_23,3109_1,92.86280933120345
3300056750_208.fna,3300056750_208,3109_2,83.07519465578028
3300056695_9.fna,3300056695_9,3110_1,95.33229485156411
3300063172_100.fna,3300063172_100,3111_1,72.32294677384085
3300056703_12.fna,3300056703_12,3111_2,94.54941784816867
3300073312_5.fna,3300073312_5,3112_0,85.96166605484085
3300050018_22.fna,3300050018_22,3113_1,92.96361468980776
3300050131_52.fna,3300050131_52,3113_2,90.12110511290474
3300050192_68.fna,3300050192_68,3114_1,79.90890773904455
3300048773_26.fna,3300048773_26,3115_0,77.56495560484639
3300048817_64.fna,3300048817_64,3116_0,73.46612325999253
3300046686_10.fna,3300046686_10,3117_1,86.24397389712156
3300082197_68.fna,3300082197_68,3118_0,81.89771457122853
3300048823_35.fna,3300048823_35,3119_1,81.81312782
3300050129_26.fna,3300050129_26,3120_0,55.82648385
3300048762_40.fna,3300048762_40,3121_1,98.64777992353866
3300050020_21.fna,3300050020_21,3122_1,95.35241588229512
3300044796_47.fna,3300044796_47,3122_2,86.70432673
3300044904_41.fna,3300044904_41,3123_0,94.24891247627886
3300050128_8.fna,3300050128_8,3124_1,84.28726603
3300048811_15.fna,3300048811_15,3124_2,73.25569992173493
3300043777_20.fna,3300043777_20,3125_0,73.56238743712822
3300079119_72.fna,3300079119_72,3126_0,94.39034960064801
3300037258_29.fna,3300037258_29,3127_0,59.40502629084676
3300044796_5.fna,3300044796_5,3128_0,83.09635777014047
3300050020_69.fna,3300050020_69,3129_1,83.82981411414715
3300048793_42.fna,3300048793_42,3130_1,90.12651418305174
3300050192_77.fna,3300050192_77,3130_2,87.03864317039952
3300045781_16.fna,3300045781_16,3131_1,94.82507448693138
3300044796_28.fna,3300044796_28,3132_1,87.07986274671399
3300051094_16.fna,3300051094_16,3132_2,66.93482895096277
3300050020_37.fna,3300050020_37,3133_1,77.06019244
3300051094_50.fna,3300051094_50,3133_2,88.04410098326564
3300045775_8.fna,3300045775_8,3134_0,79.23172563481982
3300068044_3.fna,3300068044_3,3135_1,101.40670963267699
3300067407_1.fna,3300067407_1,3136_1,99.75215322515236
3300067413_9.fna,3300067413_9,3137_0,99.05884968195232
3300041405_19.fna,3300041405_19,3138_1,73.61904857913044
3300047320_44.fna,3300047320_44,3139_1,101.03683709168723
3300046530_13.fna,3300046530_13,3140_1,100.1789985369948
3300023065_5.fna,3300023065_5,3141_0,100.43189032777195
3300073938_12.fna,3300073938_12,3142_0,99.15022121721591
3300042934_69.fna,3300042934_69,3143_0,95.51548723
3300063897_10.fna,3300063897_10,3144_1,100.2585401794973
3300030005_3.fna,3300030005_3,3145_1,96.20670315560467
3300066811_4.fna,3300066811_4,3146_1,101.07624614943978
3300037156_8.fna,3300037156_8,3147_1,101.4163085380055
3300067406_10.fna,3300067406_10,3148_1,72.77677274002166
3300067933_2.fna,3300067933_2,3148_2,99.25810375662485
3300036856_4.fna,3300036856_4,3149_1,98.24170260538385
3300030054_6.fna,3300030054_6,3150_0,71.37304786621888
3300067949_5.fna,3300067949_5,3151_0,95.27416839029527
3300066815_2.fna,3300066815_2,3152_1,101.2968114131984
3300065455_25.fna,3300065455_25,3152_2,85.79548834580281
3300067946_2.fna,3300067946_2,3153_0,94.20777233760414
3300068482_5.fna,3300068482_5,3154_1,99.96999668274286
3300036824_3.fna,3300036824_3,3154_2,99.67824378484583
3300067938_3.fna,3300067938_3,3155_1,97.88971325922475
3300036792_7.fna,3300036792_7,3156_1,65.86796684147349
3300046794_19.fna,3300046794_19,3156_2,95.58378755
3300046453_15.fna,3300046453_15,3157_0,97.04114668494164
3300067405_1.fna,3300067405_1,3158_1,101.47807729255074
3300067935_4.fna,3300067935_4,3159_1,102.07065496541988
3300063032_26.fna,3300063032_26,3159_2,98.37639491795281
3300034160_4.fna,3300034160_4,3160_0,98.89348099
3300047320_33.fna,3300047320_33,3161_1,101.28253716082621
3300047320_56.fna,3300047320_56,3162_1,96.17281917
3300047446_3.fna,3300047446_3,3162_2,79.53501228277999
3300046542_21.fna,3300046542_21,3163_0,84.16662083872455
3300067939_3.fna,3300067939_3,3164_1,101.49686843117259
3300036793_5.fna,3300036793_5,3164_2,98.56898530383782
3300067945_3.fna,3300067945_3,3165_1,99.50969378158962
3300036771_9.fna,3300036771_9,3166_0,100.0395420830388
3300067984_5.fna,3300067984_5,3167_0,99.07368340116973
3300048687_7.fna,3300048687_7,3168_0,90.22284128325543
3300033427_1.fna,3300033427_1,3169_1,94.90219901256913
3300013105_29.fna,3300013105_29,3170_0,91.10177069458578
3300067932_3.fna,3300067932_3,3171_1,88.19320618951379
3300021444_7.fna,3300021444_7,3172_0,73.82093173134625
3300042922_106.fna,3300042922_106,3173_0,77.26702477137025
3300042922_44.fna,3300042922_44,3174_0,95.12218433530307
3300046458_1.fna,3300046458_1,3175_1,91.5117448
3300047469_27.fna,3300047469_27,3175_2,98.55364646395626
3300042934_81.fna,3300042934_81,3176_1,100.10150262849568
3300046471_9.fna,3300046471_9,3177_0,97.87261054092687
3300036816_5.fna,3300036816_5,3178_0,101.65959481499183
3300036782_8.fna,3300036782_8,3179_0,61.88332262583086
3300036834_5.fna,3300036834_5,3180_0,60.355032456276675
3300063032_21.fna,3300063032_21,3181_0,73.24023968
3300032805_23.fna,3300032805_23,3182_0,79.92518347684081
3300056676_195.fna,3300056676_195,3183_0,90.40346742
3300056901_146.fna,3300056901_146,3184_1,84.13502265208986
3300056888_106.fna,3300056888_106,3185_0,87.18548270315542
3300067936_5.fna,3300067936_5,3186_1,101.35652371723648
3300049793_34.fna,3300049793_34,3187_0,99.88161490904947
3300056901_4.fna,3300056901_4,3188_0,73.01318904402413
3300082225_2.fna,3300082225_2,3189_0,85.49943846362177
3300057055_78.fna,3300057055_78,3190_0,81.26781071518742
3300056970_108.fna,3300056970_108,3191_0,77.08264356
3300056894_36.fna,3300056894_36,3192_1,72.20416280147747
3300057041_39.fna,3300057041_39,3193_0,52.293245362586234
3300057029_5.fna,3300057029_5,3194_0,55.51555421089123
3300054680_49.fna,3300054680_49,3195_1,88.36380269197575
3300054968_47.fna,3300054968_47,3195_2,95.35246278807435
3300079397_26.fna,3300079397_26,3196_0,41.494771126002505
3300050346_49.fna,3300050346_49,3197_1,92.69875706643329
3300048793_10.fna,3300048793_10,3198_0,90.90522497
3300045805_4.fna,3300045805_4,3199_1,89.08703704221335
3300046490_13.fna,3300046490_13,3200_0,39.90276302421753
3300054965_28.fna,3300054965_28,3201_0,67.82506381
3300057052_18.fna,3300057052_18,3202_1,86.77698293246081
3300056877_89.fna,3300056877_89,3203_0,68.16753307528991
3300056996_147.fna,3300056996_147,3204_0,68.91541245419991
3300081965_162.fna,3300081965_162,3205_0,73.98971393662634
3300061639_24.fna,3300061639_24,3206_0,96.98154879069568
3300044712_332.fna,3300044712_332,3207_0,75.95816071702423
3300045051_130.fna,3300045051_130,3208_0,88.50174044020389
3300033416_24.fna,3300033416_24,3209_0,73.93051879503172
3300056877_12.fna,3300056877_12,3210_0,73.42336461113324
3300057005_29.fna,3300057005_29,3211_0,82.34283978980908
3300082211_93.fna,3300082211_93,3212_0,58.425663025287534
3300056749_174.fna,3300056749_174,3213_0,83.32000153402583
3300049580_94.fna,3300049580_94,3214_1,82.36346400882654
3300060291_69.fna,3300060291_69,3215_1,77.13210950112725
3300044819_25.fna,3300044819_25,3216_0,72.28128545092714
3300057030_134.fna,3300057030_134,3217_0,72.66188148764284
3300081965_72.fna,3300081965_72,3218_0,61.84777255490587
3300057013_57.fna,3300057013_57,3219_1,76.63768009931636
3300057029_34.fna,3300057029_34,3219_2,90.90871377103917
3300057034_69.fna,3300057034_69,3220_0,79.64439529327414
3300031965_24.fna,3300031965_24,3221_0,70.81299140567748
3300056868_139.fna,3300056868_139,3222_1,87.51596040183065
3300061641_34.fna,3300061641_34,3223_0,70.66872461369117
3300044712_146.fna,3300044712_146,3224_0,71.75793334762939
3300055047_88.fna,3300055047_88,3225_0,96.71116357424447
3300056917_8.fna,3300056917_8,3226_1,74.58545222785487
3300057024_77.fna,3300057024_77,3227_0,73.20970589
3300082211_56.fna,3300082211_56,3228_0,74.92242612
3300057003_168.fna,3300057003_168,3229_0,68.62968473503733
3300057003_121.fna,3300057003_121,3230_1,78.80299428
3300056900_43.fna,3300056900_43,3231_1,61.48540662027374
3300042876_47.fna,3300042876_47,3232_1,98.16266799545917
3300051094_35.fna,3300051094_35,3233_0,77.62390748582214
3300044673_36.fna,3300044673_36,3234_0,87.50226611746398
3300060291_215.fna,3300060291_215,3235_1,85.68739299
3300032829_21.fna,3300032829_21,3236_0,31.897153916564026
3300060291_36.fna,3300060291_36,3237_0,86.59678490016131
3300077558_73.fna,3300077558_73,3238_1,79.95812389129648
3300078526_86.fna,3300078526_86,3239_0,63.11005005502746
3300056997_26.fna,3300056997_26,3240_1,79.37124384479264
3300049576_2.fna,3300049576_2,3241_0,79.73905015237796
3300049581_138.fna,3300049581_138,3242_0,88.14761810919083
3300057053_46.fna,3300057053_46,3243_0,66.82252236084655
3300075647_22.fna,3300075647_22,3244_0,68.03279940529114
3300064746_23.fna,3300064746_23,3245_0,73.65821399615902
3300066486_49.fna,3300066486_49,3246_0,75.53419793650373
3300029980_3.fna,3300029980_3,3247_0,42.47573479521534
3300030047_14.fna,3300030047_14,3248_0,33.1442157
3300050220_56.fna,3300050220_56,3249_0,82.08929074016423
3300057003_37.fna,3300057003_37,3250_1,97.01617522925643
3300017959_11.fna,3300017959_11,3251_1,43.47237627176118
3300056879_56.fna,3300056879_56,3252_1,58.49482348028522
3300054681_25.fna,3300054681_25,3253_0,89.76945612758611
3300056866_24.fna,3300056866_24,3254_1,76.43817020675063
3300055098_30.fna,3300055098_30,3255_0,77.55082917431885
3300056889_166.fna,3300056889_166,3256_1,85.16775991249689
3300055024_24.fna,3300055024_24,3257_0,75.91020226445707
3300055024_4.fna,3300055024_4,3258_0,94.87889681329854
3300057024_151.fna,3300057024_151,3259_0,77.98224133607509
3300044904_36.fna,3300044904_36,3260_0,90.21074544926864
3300061211_57.fna,3300061211_57,3261_0,73.04711457040885
3300078544_49.fna,3300078544_49,3262_0,76.64155404
3300045944_30.fna,3300045944_30,3263_0,71.41058551
3300072960_31.fna,3300072960_31,3264_0,59.775206783179044
3300045001_15.fna,3300045001_15,3265_0,92.43503785
3300079482_27.fna,3300079482_27,3266_0,87.95303678
3300044470_55.fna,3300044470_55,3267_0,76.28970596871932
3300050350_54.fna,3300050350_54,3268_0,72.51690498
3300081534_45.fna,3300081534_45,3269_0,73.87304254346257
3300061538_26.fna,3300061538_26,3270_0,54.09140584590357
3300078481_10.fna,3300078481_10,3271_0,89.20658462400826
3300061211_67.fna,3300061211_67,3272_1,55.159710431721045
3300081527_43.fna,3300081527_43,3272_2,60.89601767957477
3300044712_220.fna,3300044712_220,3273_0,51.02560907485847
3300036861_24.fna,3300036861_24,3274_1,81.00337804523248
3300054965_11.fna,3300054965_11,3275_0,49.08219875957058
3300055072_102.fna,3300055072_102,3276_0,50.40910775
3300045978_55.fna,3300045978_55,3277_0,58.67154604359856
3300054703_74.fna,3300054703_74,3278_0,70.44834337780007
3300062872_6.fna,3300062872_6,3279_0,56.06243610431888
3300075492_57.fna,3300075492_57,3280_0,62.97511650303885
3300063057_35.fna,3300063057_35,3281_1,65.03652784832478
3300050240_128.fna,3300050240_128,3282_0,49.47772039903091
3300077110_26.fna,3300077110_26,3283_0,55.051692672685824
3300082027_36.fna,3300082027_36,3284_0,43.56579926244019
3300079551_43.fna,3300079551_43,3285_0,63.239282726500036
3300055072_47.fna,3300055072_47,3286_1,53.19066374038484
3300045996_188.fna,3300045996_188,3287_0,63.74684647000427
3300054704_102.fna,3300054704_102,3288_1,89.66089407
3300056877_114.fna,3300056877_114,3289_1,76.3339521
3300054704_152.fna,3300054704_152,3290_1,82.40247876949029
3300054986_90.fna,3300054986_90,3291_0,85.14419914670992
3300079103_92.fna,3300079103_92,3292_0,82.43145503099086
3300082222_74.fna,3300082222_74,3293_0,70.43080779115697
3300054964_54.fna,3300054964_54,3294_1,94.40536063
3300050116_75.fna,3300050116_75,3295_0,71.94573970256243
3300079103_78.fna,3300079103_78,3296_1,76.38958985227147
3300082054_29.fna,3300082054_29,3297_0,66.66799234237206
3300072967_32.fna,3300072967_32,3298_1,88.70223867255442
3300072971_14.fna,3300072971_14,3299_1,86.26949630142718
3300059325_6.fna,3300059325_6,3300_0,96.69676666573758
3300046703_29.fna,3300046703_29,3301_0,73.01015941
3300082212_78.fna,3300082212_78,3302_0,74.32585574439771
3300045051_10.fna,3300045051_10,3303_1,90.13142087096655
3300079559_22.fna,3300079559_22,3304_0,79.35220722132946
3300054682_43.fna,3300054682_43,3305_0,67.63466716798614
3300055023_55.fna,3300055023_55,3306_0,94.64841513948303
3300072969_4.fna,3300072969_4,3307_0,80.95664078378361
3300051094_22.fna,3300051094_22,3308_1,82.86167407542456
3300046710_26.fna,3300046710_26,3308_2,82.16667781523583
3300044904_53.fna,3300044904_53,3309_0,75.47514926799289
3300052918_21.fna,3300052918_21,3310_0,58.48898506387923
3300051094_63.fna,3300051094_63,3311_0,86.20865295439526
3300072660_11.fna,3300072660_11,3312_1,74.77342078892457
3300028440_1.fna,3300028440_1,3313_1,85.06129210104633
3300020131_5.fna,3300020131_5,3314_1,83.45364965360301
3300021057_4.fna,3300021057_4,3315_0,88.55608186596844
3300057000_103.fna,3300057000_103,3316_0,58.87785041541772
3300057003_157.fna,3300057003_157,3317_0,66.47738581859214
3300045886_5.fna,3300045886_5,3318_0,29.416790494284097
3300057049_1.fna,3300057049_1,3319_0,52.00643453
3300055048_25.fna,3300055048_25,3320_0,79.57940888812617
3300081965_182.fna,3300081965_182,3321_0,78.83678911363921
3300075935_46.fna,3300075935_46,3322_0,63.63175973012288
3300082281_123.fna,3300082281_123,3323_0,79.88422712333453
3300056973_15.fna,3300056973_15,3324_1,61.146720168497595
3300081965_16.fna,3300081965_16,3325_0,54.11417437614426
3300055024_64.fna,3300055024_64,3326_0,89.66999910495608
3300054967_91.fna,3300054967_91,3327_1,89.07140212
3300075492_91.fna,3300075492_91,3328_0,77.23411758574862
3300046703_59.fna,3300046703_59,3329_0,65.76546466
3300075533_6.fna,3300075533_6,3330_0,62.50469777298355
3300056904_146.fna,3300056904_146,3331_0,68.45686402934402
3300057050_112.fna,3300057050_112,3332_0,86.49119821959736
3300057035_157.fna,3300057035_157,3333_0,33.73795387277842
3300032829_16.fna,3300032829_16,3334_0,58.692828029991766
3300056879_5.fna,3300056879_5,3335_1,80.58788625626484
3300056996_65.fna,3300056996_65,3336_0,90.40285356012804
3300081966_30.fna,3300081966_30,3337_0,81.63500035627173
3300081965_135.fna,3300081965_135,3338_0,88.42653488069793
3300082536_31.fna,3300082536_31,3339_0,97.86432490405579
3300049727_42.fna,3300049727_42,3340_0,91.91461766981332
3300050014_78.fna,3300050014_78,3341_0,98.63711626
3300033405_32.fna,3300033405_32,3342_0,64.00082025236169
3300018088_17.fna,3300018088_17,3343_0,79.16438395883904
3300064058_48.fna,3300064058_48,3344_0,101.20190820658252
3300044712_326.fna,3300044712_326,3345_0,76.87524559
3300050226_26.fna,3300050226_26,3346_0,67.23075324806996
3300078288_13.fna,3300078288_13,3347_1,98.46872523651933
3300077727_80.fna,3300077727_80,3348_0,88.16757107382008
3300078538_10.fna,3300078538_10,3349_0,87.70834192
3300044673_6.fna,3300044673_6,3350_1,65.44689440690935
3300051096_69.fna,3300051096_69,3350_2,73.46004762483186
3300077733_73.fna,3300077733_73,3351_0,92.00655859128062
3300044712_330.fna,3300044712_330,3352_1,93.57112468426999
3300044673_49.fna,3300044673_49,3353_0,81.28606816192257
3300044673_32.fna,3300044673_32,3354_0,91.69327395675542
3300050011_74.fna,3300050011_74,3355_0,78.43868318063264
3300044673_87.fna,3300044673_87,3356_0,87.25101795974294
3300077735_57.fna,3300077735_57,3357_0,79.78117059522998
3300044712_226.fna,3300044712_226,3358_1,98.68490035
3300045051_26.fna,3300045051_26,3359_1,95.47839771235725
3300042876_113.fna,3300042876_113,3360_0,64.82340994299598
3300044673_16.fna,3300044673_16,3361_0,102.0974793
3300044712_335.fna,3300044712_335,3362_0,72.12597589435363
3300056751_95.fna,3300056751_95,3363_1,82.68259676823662
3300055497_22.fna,3300055497_22,3364_1,96.88939592016119
3300031965_39.fna,3300031965_39,3365_0,63.80864485996523
3300077658_82.fna,3300077658_82,3366_1,72.20594625737215
3300044800_56.fna,3300044800_56,3367_0,70.68304946164429
3300048813_28.fna,3300048813_28,3368_1,59.87275336480465
3300051094_73.fna,3300051094_73,3369_0,77.03683855094114
3300056811_20.fna,3300056811_20,3370_1,81.90663348638235
3300056675_133.fna,3300056675_133,3371_1,84.00240132980076
3300056750_287.fna,3300056750_287,3371_2,40.94830403421847
3300056674_30.fna,3300056674_30,3372_1,100.24039615087649
3300066659_46.fna,3300066659_46,3373_0,77.05635167952379
3300051238_138.fna,3300051238_138,3374_1,88.70123807
3300055072_36.fna,3300055072_36,3375_0,77.67207467095002
3300078359_28.fna,3300078359_28,3376_0,69.62387010146313
3300082526_4.fna,3300082526_4,3377_0,70.30325441388764
3300055239_73.fna,3300055239_73,3378_0,88.50207093810486
3300063174_51.fna,3300063174_51,3379_0,83.57990511143939
3300077808_8.fna,3300077808_8,3380_1,96.2701207
3300077727_25.fna,3300077727_25,3381_0,86.43172802403497
3300056749_281.fna,3300056749_281,3382_1,102.1706647769793
3300056753_230.fna,3300056753_230,3383_1,70.88502769278375
3300048793_43.fna,3300048793_43,3384_0,61.91746636836502
3300078328_14.fna,3300078328_14,3385_0,86.39452241530176
3300081826_71.fna,3300081826_71,3386_1,84.42963887553029
3300062832_42.fna,3300062832_42,3387_0,81.37624609637435
3300061638_2.fna,3300061638_2,3388_0,81.68194437905463
3300047310_55.fna,3300047310_55,3389_0,73.43931335851497
3300075614_11.fna,3300075614_11,3390_0,76.80127241330185
3300062562_43.fna,3300062562_43,3391_0,58.41841067
3300062843_26.fna,3300062843_26,3392_0,80.28440463283405
3300046712_40.fna,3300046712_40,3393_0,87.22131042632816
3300055048_65.fna,3300055048_65,3394_0,81.81713169049756
3300055278_24.fna,3300055278_24,3395_0,62.484084766990854
3300043763_14.fna,3300043763_14,3396_0,79.67337347
3300063339_42.fna,3300063339_42,3397_0,27.565767423503395
3300044744_9.fna,3300044744_9,3398_1,75.74347587648388
3300064043_77.fna,3300064043_77,3398_2,77.52488159222213
3300082193_43.fna,3300082193_43,3399_0,55.354638723097636
3300054965_22.fna,3300054965_22,3400_0,98.14457915884637
3300055024_55.fna,3300055024_55,3401_1,71.95958215736698
3300057049_111.fna,3300057049_111,3402_0,62.000613112559556
3300044712_295.fna,3300044712_295,3403_0,68.75054917822547
3300080032_149.fna,3300080032_149,3404_0,81.46909914
3300082281_81.fna,3300082281_81,3405_0,56.97041240912109
3300082211_148.fna,3300082211_148,3406_0,73.27816855043541
3300054965_48.fna,3300054965_48,3407_1,90.77382080526671
3300054115_7.fna,3300054115_7,3408_0,61.21007428035966
3300049794_25.fna,3300049794_25,3409_1,76.79282567258566
3300064045_110.fna,3300064045_110,3410_1,90.23047400821092
3300044833_42.fna,3300044833_42,3411_1,83.16047312538649
3300050011_42.fna,3300050011_42,3411_2,87.62614300167463
3300043603_3.fna,3300043603_3,3412_0,69.24521993147589
3300043661_24.fna,3300043661_24,3413_0,71.63218590973264
3300076763_163.fna,3300076763_163,3414_0,77.77600334762052
3300024181_1.fna,3300024181_1,3415_0,89.67402260078597
3300075614_3.fna,3300075614_3,3416_0,89.00119670323146
3300050472_8.fna,3300050472_8,3417_0,73.49172563481983
3300079526_44.fna,3300079526_44,3418_0,96.39636474862672
3300066614_8.fna,3300066614_8,3419_0,50.48849323695742
3300073837_11.fna,3300073837_11,3420_0,54.775071080924285
3300062837_53.fna,3300062837_53,3421_1,72.71604884586384
3300060670_35.fna,3300060670_35,3422_0,54.93352575723624
3300082209_8.fna,3300082209_8,3423_0,38.19597885626712
3300075937_15.fna,3300075937_15,3424_0,51.42219280499787
3300079560_136.fna,3300079560_136,3425_1,73.64592618372598
3300080028_185.fna,3300080028_185,3426_0,38.814407377056035
3300043254_2.fna,3300043254_2,3427_1,90.23053150258725
3300082285_8.fna,3300082285_8,3428_0,72.30985204487376
3300060318_34.fna,3300060318_34,3429_0,67.87004006706474
3300075518_55.fna,3300075518_55,3430_0,24.88214110354722
3300075640_24.fna,3300075640_24,3431_0,75.03795388807846
3300079545_28.fna,3300079545_28,3432_0,69.82682437825734
3300064043_76.fna,3300064043_76,3433_1,85.40542367208545
3300082536_49.fna,3300082536_49,3434_0,72.87942260017851
3300062834_25.fna,3300062834_25,3435_1,55.837852595712214
3300076036_46.fna,3300076036_46,3436_1,78.80356350533172
3300054979_32.fna,3300054979_32,3437_0,67.77697983493773
3300075936_30.fna,3300075936_30,3438_0,80.49862118639068
3300051203_18.fna,3300051203_18,3439_1,89.72836386088015
3300082259_5.fna,3300082259_5,3439_2,75.28066930506596
3300082222_122.fna,3300082222_122,3440_0,65.29564246606736
3300082536_39.fna,3300082536_39,3441_0,67.47458703170875
3300075665_8.fna,3300075665_8,3442_1,66.25109768
3300061213_64.fna,3300061213_64,3443_0,48.13798957117016
3300024254_1.fna,3300024254_1,3444_0,54.40621427347261
3300048901_28.fna,3300048901_28,3445_0,46.11551834757059
3300082209_21.fna,3300082209_21,3446_0,82.04869974583943
3300079482_14.fna,3300079482_14,3447_0,84.44677401204426
3300079526_25.fna,3300079526_25,3448_0,81.03508759832759
3300051096_88.fna,3300051096_88,3449_1,85.61156207208421
3300050242_23.fna,3300050242_23,3450_1,85.36782843315363
3300082268_5.fna,3300082268_5,3450_2,48.96745493956593
3300082034_55.fna,3300082034_55,3450_3,65.78131207015393
3300079549_42.fna,3300079549_42,3451_0,61.612046294247136
3300061205_27.fna,3300061205_27,3452_0,67.92407249364389
3300050125_21.fna,3300050125_21,3453_0,54.94629208195707
3300079404_10.fna,3300079404_10,3454_0,51.51703848041204
3300056834_85.fna,3300056834_85,3455_1,94.63483339423992
3300050345_34.fna,3300050345_34,3455_2,83.95937933839517
3300046478_30.fna,3300046478_30,3456_1,83.35238834
3300051665_3.fna,3300051665_3,3457_0,63.96208465002083
3300079306_40.fna,3300079306_40,3458_0,60.044183476969046
3300080064_107.fna,3300080064_107,3459_0,39.794761032129074
3300064041_39.fna,3300064041_39,3460_0,76.05319560784774
3300077907_45.fna,3300077907_45,3461_0,77.97009562393607
3300060913_32.fna,3300060913_32,3462_0,52.95694975
3300081485_71.fna,3300081485_71,3463_1,91.29520202336728
3300082202_50.fna,3300082202_50,3464_0,73.72143134692419
3300044824_23.fna,3300044824_23,3465_1,84.61597312904703
3300044824_36.fna,3300044824_36,3465_2,81.80386625301958
3300075492_54.fna,3300075492_54,3465_3,63.120804375148396
3300051094_71.fna,3300051094_71,3465_4,68.41351045358293
3300044904_32.fna,3300044904_32,3466_0,75.75526360197728
3300079548_11.fna,3300079548_11,3467_1,71.92527341902735
3300079548_70.fna,3300079548_70,3468_1,89.98622683325834
3300075492_89.fna,3300075492_89,3469_0,84.67852419535309
3300046718_63.fna,3300046718_63,3470_1,69.01633560492539
3300049440_56.fna,3300049440_56,3471_0,86.61482812483361
3300046817_32.fna,3300046817_32,3472_0,86.81272871608525
3300062626_60.fna,3300062626_60,3473_0,75.45035389771449
3300076030_40.fna,3300076030_40,3474_0,47.53676684007565
3300062841_13.fna,3300062841_13,3475_1,81.09859583927043
3300062129_21.fna,3300062129_21,3476_1,74.14149364325657
3300063083_73.fna,3300063083_73,3476_2,35.49160492428637
3300063191_45.fna,3300063191_45,3477_0,74.30067651315248
3300081485_70.fna,3300081485_70,3478_1,84.17434011324755
3300062723_70.fna,3300062723_70,3479_0,80.12410556224314
3300044713_51.fna,3300044713_51,3480_0,72.41268245373321
3300079560_164.fna,3300079560_164,3481_1,87.33636324578043
3300080028_178.fna,3300080028_178,3481_2,50.681147483538496
3300078419_40.fna,3300078419_40,3482_0,54.36237409881396
3300051664_13.fna,3300051664_13,3483_1,83.55097618746073
3300063080_63.fna,3300063080_63,3483_2,59.01253098796757
3300044714_19.fna,3300044714_19,3484_0,67.73762111527796
3300075518_30.fna,3300075518_30,3485_0,46.38134870405085
3300062853_21.fna,3300062853_21,3486_0,67.50518804133434
3300081964_20.fna,3300081964_20,3487_0,80.36577220031485
3300073310_5.fna,3300073310_5,3488_0,64.60881950777342
3300051193_14.fna,3300051193_14,3489_0,61.74697336194528
3300061537_75.fna,3300061537_75,3490_0,81.61074621537281
3300046747_15.fna,3300046747_15,3491_1,75.62997409532142
3300076621_17.fna,3300076621_17,3492_0,68.34805112918505
3300061537_106.fna,3300061537_106,3493_0,67.00201927240276
3300062569_29.fna,3300062569_29,3494_0,72.29242515
3300062720_43.fna,3300062720_43,3495_0,83.05444843787024
3300062837_24.fna,3300062837_24,3496_1,55.70558728250969
3300062832_66.fna,3300062832_66,3496_2,68.81272440815579
3300078372_25.fna,3300078372_25,3497_0,87.97309305098472
3300045284_5.fna,3300045284_5,3498_0,83.36468641331146
3300060318_54.fna,3300060318_54,3499_0,67.42441764499829
3300055273_69.fna,3300055273_69,3500_0,51.53842770694237
3300044521_56.fna,3300044521_56,3501_0,85.44045335479089
3300064058_50.fna,3300064058_50,3502_1,80.70684947890756
3300076027_42.fna,3300076027_42,3502_2,85.35486528029917
3300043631_8.fna,3300043631_8,3503_1,74.48749434088533
3300082192_58.fna,3300082192_58,3503_2,55.45931214258006
3300049153_2.fna,3300049153_2,3503_3,55.34121902809933
3300060320_91.fna,3300060320_91,3504_0,61.466363791566515
3300054984_72.fna,3300054984_72,3505_0,69.21462609105201
3300056834_130.fna,3300056834_130,3506_1,84.21825245879914
3300077817_62.fna,3300077817_62,3507_0,54.17190366879639
3300061205_39.fna,3300061205_39,3508_0,54.451674345661374
3300062687_7.fna,3300062687_7,3509_0,34.239137073342974
3300062790_41.fna,3300062790_41,3510_0,65.20328262274333
3300064109_13.fna,3300064109_13,3511_0,82.04523832099255
3300078417_6.fna,3300078417_6,3512_0,56.253147338072566
3300080028_150.fna,3300080028_150,3513_0,58.83226941094229
3300078367_47.fna,3300078367_47,3514_0,65.43171547408025
3300061843_19.fna,3300061843_19,3515_1,77.18729991
3300077906_44.fna,3300077906_44,3516_0,64.14917853979635
3300062827_46.fna,3300062827_46,3517_0,39.34329940660626
3300060656_37.fna,3300060656_37,3518_0,63.57402755719133
3300079394_12.fna,3300079394_12,3519_0,88.05583949978661
3300060913_62.fna,3300060913_62,3520_0,69.52172408327081
3300064045_24.fna,3300064045_24,3521_0,54.5815479
3300064040_72.fna,3300064040_72,3522_0,87.74804242034202
3300077907_12.fna,3300077907_12,3523_0,91.07809575197942
3300064046_33.fna,3300064046_33,3524_1,92.76253321163962
3300064041_37.fna,3300064041_37,3525_0,86.67132998831775
3300079399_14.fna,3300079399_14,3526_1,81.75247185449672
3300060666_15.fna,3300060666_15,3527_0,74.37743107
3300081826_90.fna,3300081826_90,3528_0,77.88564820963894
3300078364_67.fna,3300078364_67,3529_0,65.41556055770636
3300079397_9.fna,3300079397_9,3530_1,77.43173487289333
3300076003_35.fna,3300076003_35,3531_0,70.77806980233187
3300048890_48.fna,3300048890_48,3532_0,71.75137846552018
3300063174_25.fna,3300063174_25,3533_0,63.33711210687139
3300076030_39.fna,3300076030_39,3534_0,73.50304712
3300060654_58.fna,3300060654_58,3535_0,62.735679476853306
3300080032_6.fna,3300080032_6,3536_0,61.88417495393518
3300076030_23.fna,3300076030_23,3537_0,82.92673007104817
3300077819_14.fna,3300077819_14,3538_0,63.53251089743115
3300060653_43.fna,3300060653_43,3539_0,88.65511043704039
3300043254_3.fna,3300043254_3,3540_1,79.27476612827408
3300078576_17.fna,3300078576_17,3541_0,64.12084324
3300081967_2.fna,3300081967_2,3542_0,65.82023559639885
3300082197_99.fna,3300082197_99,3543_0,51.50435500995321
3300044673_72.fna,3300044673_72,3544_1,56.39146354800862
3300050242_65.fna,3300050242_65,3544_2,85.58353779954847
3300050231_48.fna,3300050231_48,3545_0,77.50639376759916
3300056888_111.fna,3300056888_111,3546_0,71.63913642678573
3300028563_5.fna,3300028563_5,3547_0,55.87340360677686
3300044529_32.fna,3300044529_32,3548_0,77.46535478286216
3300044832_33.fna,3300044832_33,3549_0,69.61416607392862
3300077288_55.fna,3300077288_55,3550_0,69.62680892300759
3300047444_46.fna,3300047444_46,3551_1,87.40530526221784
3300037147_7.fna,3300037147_7,3552_0,67.53014897624429
3300080686_81.fna,3300080686_81,3553_0,71.52820250916707
3300050019_24.fna,3300050019_24,3554_1,61.48193568870075
3300047089_18.fna,3300047089_18,3555_1,77.70496166225507
3300047310_22.fna,3300047310_22,3556_1,78.45215165079485
3300047314_3.fna,3300047314_3,3557_1,85.39419288
3300079559_56.fna,3300079559_56,3558_0,79.44781592785687
3300080028_156.fna,3300080028_156,3559_0,52.152637005155604
3300079509_127.fna,3300079509_127,3560_0,74.15704077446625
3300081824_58.fna,3300081824_58,3561_0,49.83215352
3300056876_72.fna,3300056876_72,3562_0,91.94427455051469
3300082510_51.fna,3300082510_51,3563_0,93.01627497500611
3300050011_75.fna,3300050011_75,3564_0,76.93662093650973
3300075321_82.fna,3300075321_82,3565_0,88.84114024506506
3300080028_128.fna,3300080028_128,3566_1,78.96974346218167
3300081965_46.fna,3300081965_46,3567_0,78.20072225404316
3300079385_30.fna,3300079385_30,3568_0,75.2690912
3300043777_24.fna,3300043777_24,3569_0,79.55785185596562
3300063080_38.fna,3300063080_38,3570_0,93.50942522583983
3300062811_30.fna,3300062811_30,3571_0,70.65899794638594
3300048797_50.fna,3300048797_50,3572_0,48.83288196155558
3300080097_38.fna,3300080097_38,3573_0,82.25740391120833
3300051520_24.fna,3300051520_24,3574_0,77.21644463245546
3300075518_22.fna,3300075518_22,3575_1,77.50297158069574
3300046478_24.fna,3300046478_24,3576_1,76.73992792238518
3300081511_35.fna,3300081511_35,3577_0,63.75074566426284
3300046788_36.fna,3300046788_36,3578_0,65.08746052267007
3300047316_46.fna,3300047316_46,3579_0,66.69854898917613
3300062565_36.fna,3300062565_36,3580_1,72.30833786669032
3300075518_18.fna,3300075518_18,3581_0,71.14822097605085
3300043787_8.fna,3300043787_8,3582_0,73.16079722577231
3300075640_3.fna,3300075640_3,3583_0,47.33555776119015
3300082822_59.fna,3300082822_59,3584_0,85.54184406869422
3300061644_74.fna,3300061644_74,3585_0,62.22050103165757
3300043253_7.fna,3300043253_7,3586_1,87.50123027429305
3300082281_119.fna,3300082281_119,3587_0,63.523833856053116
3300054730_3.fna,3300054730_3,3588_1,94.09157975425435
3300056868_14.fna,3300056868_14,3589_1,84.12558770087801
3300057035_89.fna,3300057035_89,3590_0,80.44048488600747
3300055023_46.fna,3300055023_46,3591_0,49.578494994684114
3300082225_6.fna,3300082225_6,3592_0,64.61086164130649
3300082281_122.fna,3300082281_122,3593_0,77.4719044
3300073310_3.fna,3300073310_3,3594_0,77.98212405
3300079428_19.fna,3300079428_19,3595_0,67.32616171914653
3300048785_30.fna,3300048785_30,3596_1,80.67559099340748
3300061644_38.fna,3300061644_38,3597_0,59.16736895482223
3300078367_51.fna,3300078367_51,3598_0,83.71253014
3300063191_30.fna,3300063191_30,3599_1,75.62897873088848
3300081828_37.fna,3300081828_37,3599_2,62.09437886131365
3300077660_21.fna,3300077660_21,3599_3,65.15945045217266
3300060666_12.fna,3300060666_12,3599_4,58.25982621268304
3300061179_38.fna,3300061179_38,3599_5,74.86632192548653
3300081826_67.fna,3300081826_67,3600_1,85.69121545342753
3300081506_59.fna,3300081506_59,3601_0,44.00129403
3300081827_44.fna,3300081827_44,3602_1,75.13724055343594
3300056834_13.fna,3300056834_13,3603_1,79.83002120926758
3300050016_58.fna,3300050016_58,3604_0,70.13904797410969
3300079560_95.fna,3300079560_95,3605_0,79.41566121989806
3300051855_1.fna,3300051855_1,3606_0,68.99210100557812
3300062565_61.fna,3300062565_61,3607_0,57.74489950531992
3300082215_11.fna,3300082215_11,3608_0,79.29719362507227
3300062565_72.fna,3300062565_72,3609_0,55.37234572
3300076641_46.fna,3300076641_46,3610_0,65.61731275960062
3300082202_33.fna,3300082202_33,3611_0,60.06241320834871
3300062847_51.fna,3300062847_51,3612_1,74.22965536248918
3300062564_108.fna,3300062564_108,3612_2,57.476124507031976
3300062853_57.fna,3300062853_57,3613_0,66.71143159342537
3300062848_12.fna,3300062848_12,3614_0,76.18301013960229
3300080786_11.fna,3300080786_11,3615_0,87.95756353105963
3300043628_3.fna,3300043628_3,3616_0,88.70702713718832
3300043811_40.fna,3300043811_40,3617_0,81.82277109769042
3300062720_54.fna,3300062720_54,3618_0,84.81784685094138
3300062790_66.fna,3300062790_66,3619_0,69.51594402633025
3300080032_156.fna,3300080032_156,3620_0,68.92722388375095
3300062843_58.fna,3300062843_58,3621_1,69.82689523005621
3300062719_30.fna,3300062719_30,3622_1,72.73392647817343
3300078418_47.fna,3300078418_47,3623_0,86.58266756590928
3300077907_46.fna,3300077907_46,3624_0,79.57998863
3300077818_61.fna,3300077818_61,3625_0,58.72708703811748
3300079169_18.fna,3300079169_18,3626_0,70.70219566595966
3300060913_51.fna,3300060913_51,3627_0,56.86659359
3300081964_43.fna,3300081964_43,3628_0,92.41785817812035
3300050044_10.fna,3300050044_10,3629_1,72.23081432036868
3300082525_52.fna,3300082525_52,3630_0,87.71619510069955
3300062790_51.fna,3300062790_51,3631_1,82.0800882
3300078372_29.fna,3300078372_29,3632_1,75.78196271310281
3300044981_43.fna,3300044981_43,3633_0,60.189013583176596
3300082194_23.fna,3300082194_23,3634_0,86.15610898266576
3300051855_32.fna,3300051855_32,3635_0,33.77649089218563
3300077660_37.fna,3300077660_37,3636_0,72.16013251679361
3300076623_41.fna,3300076623_41,3637_1,88.88333429064652
3300064109_74.fna,3300064109_74,3638_1,66.40356379782082
3300081823_40.fna,3300081823_40,3638_2,73.09696105192897
3300075518_8.fna,3300075518_8,3639_1,66.45907237208974
3300082209_63.fna,3300082209_63,3639_2,69.95853185
3300078162_15.fna,3300078162_15,3640_0,30.276669921942148
3300051670_2.fna,3300051670_2,3641_1,76.40092810447378
3300060889_20.fna,3300060889_20,3642_1,67.43621965040926
3300078367_61.fna,3300078367_61,3643_1,66.21928641282899
3300082166_73.fna,3300082166_73,3643_2,29.312468484018723
3300078523_12.fna,3300078523_12,3644_0,88.51745877686747
3300050045_20.fna,3300050045_20,3645_1,59.02540262264557
3300048817_46.fna,3300048817_46,3646_1,84.16979367338253
3300048795_45.fna,3300048795_45,3646_2,69.85023285157833
3300055278_75.fna,3300055278_75,3647_0,68.44081453281404
3300077557_30.fna,3300077557_30,3648_1,81.04917181790414
3300061644_37.fna,3300061644_37,3648_2,47.451729183424725
3300062843_5.fna,3300062843_5,3649_1,86.93155519301983
3300076623_17.fna,3300076623_17,3650_1,87.97802227295526
3300043661_17.fna,3300043661_17,3651_1,74.30794427049645
3300062835_40.fna,3300062835_40,3651_2,79.25361585725945
3300043661_8.fna,3300043661_8,3652_0,72.40277810284695
3300081486_5.fna,3300081486_5,3653_0,53.61877479
3300082822_73.fna,3300082822_73,3654_0,81.77074997
3300048822_43.fna,3300048822_43,3655_1,65.26890800122388
3300046536_46.fna,3300046536_46,3656_1,77.62710341798989
3300046817_61.fna,3300046817_61,3657_1,78.11038739677562
3300048812_15.fna,3300048812_15,3658_1,88.60727946
3300062847_35.fna,3300062847_35,3658_2,70.06306075200123
3300045769_15.fna,3300045769_15,3658_3,75.61479587756308
3300048795_15.fna,3300048795_15,3658_4,54.38416167
3300050191_27.fna,3300050191_27,3658_5,33.344385224968875
3300072970_23.fna,3300072970_23,3659_1,72.66817340568643
3300054985_65.fna,3300054985_65,3660_1,85.90074213
3300080032_144.fna,3300080032_144,3661_0,86.12108693863647
3300047313_14.fna,3300047313_14,3662_0,81.61538018362229
3300062561_76.fna,3300062561_76,3663_0,81.15874015520662
3300072975_51.fna,3300072975_51,3664_1,81.28884350343357
3300062791_21.fna,3300062791_21,3665_0,73.64781878171752
3300075767_11.fna,3300075767_11,3666_0,71.55660544014131
3300056885_119.fna,3300056885_119,3667_1,79.00738211
3300081702_86.fna,3300081702_86,3668_1,93.87798548038803
3300057016_66.fna,3300057016_66,3669_0,101.18659905380808
3300062569_31.fna,3300062569_31,3670_1,83.30768218
3300082192_39.fna,3300082192_39,3671_0,79.36707160539002
3300055072_103.fna,3300055072_103,3672_0,90.07774950400969
3300075935_35.fna,3300075935_35,3673_0,35.18609230235811
3300054703_24.fna,3300054703_24,3674_1,72.52362189075153
3300054987_35.fna,3300054987_35,3674_2,77.97305781
3300078425_71.fna,3300078425_71,3675_0,67.51881409209417
3300049440_49.fna,3300049440_49,3676_0,42.73701107435022
3300062843_35.fna,3300062843_35,3677_0,54.419927223375176
3300062846_35.fna,3300062846_35,3678_0,60.04549903958668
3300050345_23.fna,3300050345_23,3679_1,74.77914023142172
3300048816_36.fna,3300048816_36,3680_0,76.13750671742105
3300050116_38.fna,3300050116_38,3681_0,51.18003400686967
3300075492_14.fna,3300075492_14,3682_0,80.37982388342598
3300082281_161.fna,3300082281_161,3683_1,76.69886141049217
3300082211_174.fna,3300082211_174,3683_2,83.94296331280647
3300054962_77.fna,3300054962_77,3684_0,89.85681501173453
3300082211_46.fna,3300082211_46,3685_0,78.85811573522145
3300079532_7.fna,3300079532_7,3686_0,73.75393115917419
3300082209_82.fna,3300082209_82,3687_0,66.07466751739497
3300049440_35.fna,3300049440_35,3688_0,64.91588622070984
3300079532_35.fna,3300079532_35,3689_0,75.73956818988783
3300082209_30.fna,3300082209_30,3690_0,71.30547271566873
3300043754_17.fna,3300043754_17,3691_0,79.60981066124202
3300061845_73.fna,3300061845_73,3692_0,87.23044667323641
3300056884_103.fna,3300056884_103,3693_1,89.42028650146747
3300082281_121.fna,3300082281_121,3694_0,91.31073187285705
3300076030_30.fna,3300076030_30,3695_0,70.29978765508748
3300082205_10.fna,3300082205_10,3696_1,88.49309227785744
3300044842_42.fna,3300044842_42,3697_1,76.65733376849502
3300044964_10.fna,3300044964_10,3698_0,57.95424868567412
3300079101_37.fna,3300079101_37,3699_0,90.56154259904956
3300079542_17.fna,3300079542_17,3700_0,88.31241009
3300081487_67.fna,3300081487_67,3701_0,91.52374676001081
3300063080_3.fna,3300063080_3,3702_0,90.81014709089995
3300048891_51.fna,3300048891_51,3703_1,76.46581647678526
3300047310_21.fna,3300047310_21,3704_1,92.89372557766059
3300046829_17.fna,3300046829_17,3704_2,76.05682143312471
3300082209_53.fna,3300082209_53,3705_0,78.10036394886856
3300075937_10.fna,3300075937_10,3706_0,58.673223096823364
3300036780_12.fna,3300036780_12,3707_1,55.151169440446026
3300079169_6.fna,3300079169_6,3707_2,90.00579373809558
3300061638_37.fna,3300061638_37,3708_1,86.17708237915627
3300064041_18.fna,3300064041_18,3708_2,94.92508788753071
3300050472_6.fna,3300050472_6,3709_1,84.64182271092156
3300044718_15.fna,3300044718_15,3710_0,89.62949693
3300021403_4.fna,3300021403_4,3711_0,76.19172670494248
3300060670_27.fna,3300060670_27,3712_1,68.12002586606002
3300075324_14.fna,3300075324_14,3712_2,68.22559109813069
3300044831_28.fna,3300044831_28,3713_1,69.48713051968959
3300082193_32.fna,3300082193_32,3713_2,84.97546678
3300082215_51.fna,3300082215_51,3713_3,85.11169309232766
3300060318_49.fna,3300060318_49,3713_4,47.43440758492345
3300052303_13.fna,3300052303_13,3714_1,91.15735687894613
3300077819_15.fna,3300077819_15,3714_2,90.20412803
3300043642_7.fna,3300043642_7,3715_1,89.00257608370757
3300062687_15.fna,3300062687_15,3715_2,90.10787441808219
3300061205_20.fna,3300061205_20,3716_0,84.30617751104286
3300064040_58.fna,3300064040_58,3717_0,80.25716368302989
3300046796_31.fna,3300046796_31,3718_1,85.62012192131787
3300076631_38.fna,3300076631_38,3718_2,79.73775900335774
3300046714_6.fna,3300046714_6,3719_1,69.22526579672153
3300047089_40.fna,3300047089_40,3719_2,42.52194437905464
3300012988_6.fna,3300012988_6,3720_0,44.43357900056416
3300061213_23.fna,3300061213_23,3721_0,92.37271647114758
3300055098_8.fna,3300055098_8,3722_0,88.98541865687866
3300049001_27.fna,3300049001_27,3723_1,59.06707895984866
3300049259_74.fna,3300049259_74,3723_2,81.44104926522759
3300048892_58.fna,3300048892_58,3724_0,41.92730326964181
3300055098_18.fna,3300055098_18,3725_0,90.10680278828775
3300077310_2.fna,3300077310_2,3726_1,72.58499599940939
3300049440_62.fna,3300049440_62,3727_0,77.01489150742425
3300046812_25.fna,3300046812_25,3728_1,88.72090895196125
3300075936_27.fna,3300075936_27,3728_2,80.80902299462088
3300043357_9.fna,3300043357_9,3729_0,77.52360644320242
3300077211_5.fna,3300077211_5,3730_0,86.57128201248939
3300048896_50.fna,3300048896_50,3731_0,82.18107859015403
3300036804_6.fna,3300036804_6,3732_0,89.35559242644445
3300044708_52.fna,3300044708_52,3733_0,84.28365339106541
3300080057_34.fna,3300080057_34,3734_0,81.89083606103414
3300079397_64.fna,3300079397_64,3735_0,56.342027645946715
3300046714_11.fna,3300046714_11,3736_1,87.33248664641239
3300081867_93.fna,3300081867_93,3737_0,46.40920460369103
3300067513_62.fna,3300067513_62,3738_0,91.21846989271397
3300049324_8.fna,3300049324_8,3739_0,76.50602718773983
3300060656_9.fna,3300060656_9,3740_0,55.84966201857685
3300079404_19.fna,3300079404_19,3741_0,68.94923852090666
3300045014_29.fna,3300045014_29,3742_0,67.24780560225176
3300061779_3.fna,3300061779_3,3743_0,88.39738227022829
3300061537_36.fna,3300061537_36,3744_0,66.44769355419119
3300082195_20.fna,3300082195_20,3745_0,72.87171487165072
3300051184_17.fna,3300051184_17,3746_0,52.47335602847148
3300082267_16.fna,3300082267_16,3747_0,65.29359615325701
3300076621_8.fna,3300076621_8,3748_0,65.67549914887661
3300080036_5.fna,3300080036_5,3749_0,79.82441552569328
3300050116_1.fna,3300050116_1,3750_1,74.95920128944717
3300075573_64.fna,3300075573_64,3751_0,88.23094037987427
3300080064_133.fna,3300080064_133,3752_0,72.29177393
3300050218_2.fna,3300050218_2,3753_0,85.14265764633026
3300082216_13.fna,3300082216_13,3754_0,56.479081019523036
3300080032_145.fna,3300080032_145,3755_0,52.92546659
3300044983_39.fna,3300044983_39,3756_1,79.98049541640317
3300050242_44.fna,3300050242_44,3757_1,73.26413887997846
3300051238_163.fna,3300051238_163,3757_2,86.72139437396393
3300049455_11.fna,3300049455_11,3757_3,65.59052967745406
3300061213_59.fna,3300061213_59,3758_0,50.86176503171418
3300054984_50.fna,3300054984_50,3759_0,93.14264022121276
3300077907_69.fna,3300077907_69,3760_0,96.51570506
3300066540_2.fna,3300066540_2,3761_0,64.92952519093681
3300075937_19.fna,3300075937_19,3762_0,66.81291038
3300060695_32.fna,3300060695_32,3763_0,61.07112432698902
3300064040_29.fna,3300064040_29,3764_0,82.66951490142687
3300054984_24.fna,3300054984_24,3765_0,77.10208517584458
3300063339_40.fna,3300063339_40,3766_1,64.88029825630069
3300049793_15.fna,3300049793_15,3767_0,63.80230070981317
3300060321_94.fna,3300060321_94,3768_0,58.55285702947044
3300076037_47.fna,3300076037_47,3769_1,66.94125012
3300078493_60.fna,3300078493_60,3769_2,63.561271762034366
3300051096_116.fna,3300051096_116,3770_0,84.43271677917348
3300056387_23.fna,3300056387_23,3771_0,72.16531898160541
3300050242_61.fna,3300050242_61,3772_1,93.95806503709726
3300051204_53.fna,3300051204_53,3772_2,50.23990527707417
3300064041_87.fna,3300064041_87,3773_0,68.53356911305043
3300082538_64.fna,3300082538_64,3774_0,53.22799311953364
3300060656_58.fna,3300060656_58,3775_0,76.132052
3300077992_73.fna,3300077992_73,3776_0,75.54557081
3300081827_39.fna,3300081827_39,3777_0,43.79009670971423
3300080064_181.fna,3300080064_181,3778_1,78.99166192380939
3300081827_24.fna,3300081827_24,3778_2,87.87454955370511
3300048817_5.fna,3300048817_5,3779_0,79.99574161537615
3300050191_13.fna,3300050191_13,3780_0,51.305996536129854
3300043654_8.fna,3300043654_8,3781_0,69.88690583904761
3300076027_17.fna,3300076027_17,3782_0,92.26791945348359
3300044521_53.fna,3300044521_53,3783_0,92.61652429486257
3300081723_11.fna,3300081723_11,3784_0,73.94914215421326
3300079118_115.fna,3300079118_115,3785_0,76.36590039602895
3300079545_46.fna,3300079545_46,3786_0,92.67207469370378
3300080055_48.fna,3300080055_48,3787_0,61.07769355419119
3300054965_51.fna,3300054965_51,3788_0,74.70853209555212
3300051192_27.fna,3300051192_27,3789_1,70.73264064628188
3300051189_8.fna,3300051189_8,3790_1,46.655598538741664
3300061536_78.fna,3300061536_78,3791_0,80.87790493899796
3300044521_52.fna,3300044521_52,3792_0,85.46202403075762
3300082054_74.fna,3300082054_74,3793_0,71.76586519668143
3300082267_33.fna,3300082267_33,3794_0,81.22801431805335
3300054963_24.fna,3300054963_24,3795_0,79.22372033812138
3300082197_96.fna,3300082197_96,3796_0,83.74221255177682
3300062684_14.fna,3300062684_14,3797_0,89.69019266
3300051520_21.fna,3300051520_21,3798_0,61.190661121791905
3300061537_102.fna,3300061537_102,3799_0,66.92408650737487
3300056834_72.fna,3300056834_72,3800_1,92.56994770714103
3300056587_120.fna,3300056587_120,3801_1,79.77903945
3300078425_72.fna,3300078425_72,3802_0,86.90396831390025
3300062687_38.fna,3300062687_38,3803_0,88.88088342515718
3300079482_18.fna,3300079482_18,3804_0,97.44699489208274
3300061216_9.fna,3300061216_9,3805_0,70.28543399814328
3300076635_66.fna,3300076635_66,3806_1,60.72263757698782
3300078307_10.fna,3300078307_10,3807_1,79.77720728999049
3300077165_52.fna,3300077165_52,3808_1,86.03845533098648
3300077665_36.fna,3300077665_36,3809_1,66.55491337204954
3300043503_6.fna,3300043503_6,3810_0,60.24139712432044
3300055049_24.fna,3300055049_24,3811_0,86.70039078586336
3300055098_45.fna,3300055098_45,3812_0,65.85837863933158
3300048827_44.fna,3300048827_44,3813_1,91.36625570506304
3300050019_28.fna,3300050019_28,3814_1,88.59967372949458
3300043649_10.fna,3300043649_10,3815_1,82.05217209946952
3300066018_75.fna,3300066018_75,3815_2,92.88581771235053
3300076623_75.fna,3300076623_75,3816_1,90.09880232587011
3300044682_20.fna,3300044682_20,3816_2,61.95917731236847
3300062560_61.fna,3300062560_61,3817_0,72.34291814
3300062564_75.fna,3300062564_75,3818_0,84.21535956071958
3300078418_48.fna,3300078418_48,3819_0,95.53185520040516
3300061644_80.fna,3300061644_80,3820_1,62.80271597817187
3300050018_27.fna,3300050018_27,3821_1,95.541007
3300044697_20.fna,3300044697_20,3822_0,87.28048129505207
3300045767_3.fna,3300045767_3,3823_1,74.94815216600465
3300048811_39.fna,3300048811_39,3823_2,60.80390711776882
3300050044_26.fna,3300050044_26,3824_1,76.67218344353267
3300056587_63.fna,3300056587_63,3825_1,102.00561360831489
3300056587_83.fna,3300056587_83,3826_1,79.93494659879458
3300077288_17.fna,3300077288_17,3827_0,68.29208706940351
3300077991_45.fna,3300077991_45,3828_0,85.58835035113833
3300066017_9.fna,3300066017_9,3829_0,82.03737119629179
3300037355_2.fna,3300037355_2,3830_0,22.77168868425618
3300080064_166.fna,3300080064_166,3831_0,80.18009585
3300044796_74.fna,3300044796_74,3832_1,86.90195706325775
3300048810_23.fna,3300048810_23,3833_1,92.71967332187364
3300044824_27.fna,3300044824_27,3833_2,90.70097222435477
3300050352_7.fna,3300050352_7,3834_1,57.17430873370884
3300050032_45.fna,3300050032_45,3835_1,93.85143148280986
3300045803_23.fna,3300045803_23,3836_1,96.93021085
3300063339_103.fna,3300063339_103,3837_0,63.943122987867625
3300044821_11.fna,3300044821_11,3838_0,68.07777197
3300050117_11.fna,3300050117_11,3839_1,95.56646760634752
3300050192_10.fna,3300050192_10,3840_0,74.48694849275367
3300050192_72.fna,3300050192_72,3841_0,69.07456334987131
3300046656_37.fna,3300046656_37,3842_1,86.44085907119666
3300081487_188.fna,3300081487_188,3843_0,79.75031193727496
3300051190_1.fna,3300051190_1,3844_0,89.87857105317057
3300045838_42.fna,3300045838_42,3845_0,77.85407034
3300062790_64.fna,3300062790_64,3846_0,96.77261963134343
3300064066_55.fna,3300064066_55,3847_0,84.37867134212277
3300043811_30.fna,3300043811_30,3848_0,95.52367684281903
3300054963_57.fna,3300054963_57,3849_0,97.3710731
3300046713_25.fna,3300046713_25,3850_0,44.547700836851476
3300051101_15.fna,3300051101_15,3851_0,29.595854513348097
3300076003_7.fna,3300076003_7,3852_0,54.818324970796375
3300082208_49.fna,3300082208_49,3853_0,60.23818743857487
3300054963_81.fna,3300054963_81,3854_1,92.44389287441678
3300080032_154.fna,3300080032_154,3855_0,82.90838336958673
3300055024_49.fna,3300055024_49,3856_1,97.28254402746894
3300048997_55.fna,3300048997_55,3857_0,62.89912005822248
3300055049_37.fna,3300055049_37,3858_0,89.03477837287039
3300081487_36.fna,3300081487_36,3859_0,31.075720467789335
3300043251_16.fna,3300043251_16,3860_0,47.41041427157227
3300062562_51.fna,3300062562_51,3861_0,41.28222515456771
3300045795_16.fna,3300045795_16,3862_1,93.4146763
3300063438_4.fna,3300063438_4,3863_1,81.65345102899069
3300045242_4.fna,3300045242_4,3864_0,78.71059625180267
3300079306_50.fna,3300079306_50,3865_0,68.99695587052469
3300043661_33.fna,3300043661_33,3866_0,41.84971939414352
3300078546_5.fna,3300078546_5,3867_0,76.41219566595966
3300062845_17.fna,3300062845_17,3868_0,64.81786974980416
3300077818_4.fna,3300077818_4,3869_0,56.27224040045138
3300077817_45.fna,3300077817_45,3870_0,55.20152329203774
3300045283_4.fna,3300045283_4,3871_1,73.10078396616392
3300060667_9.fna,3300060667_9,3872_0,85.16818997688569
3300076623_13.fna,3300076623_13,3873_1,88.76233716953215
3300081823_9.fna,3300081823_9,3873_2,79.67865081420682
3300067512_32.fna,3300067512_32,3874_0,41.307664004538694
3300081506_19.fna,3300081506_19,3875_0,87.27706924982358
3300080097_40.fna,3300080097_40,3876_0,64.13740722454352
3300081506_25.fna,3300081506_25,3877_1,80.10707024572996
3300079119_59.fna,3300079119_59,3878_0,75.65741992015273
3300081828_47.fna,3300081828_47,3879_0,64.91080747586447
3300043538_15.fna,3300043538_15,3880_0,83.20643989608169
3300060913_63.fna,3300060913_63,3881_1,66.83898749
3300060913_65.fna,3300060913_65,3882_0,69.72676488660115
3300046722_8.fna,3300046722_8,3883_1,72.69771926254887
3300060650_76.fna,3300060650_76,3884_1,88.54331439783198
3300060650_77.fna,3300060650_77,3885_1,76.99736353296578
3300076030_15.fna,3300076030_15,3886_0,91.36083804274168
3300079560_162.fna,3300079560_162,3887_0,83.73637835033685
3300044697_49.fna,3300044697_49,3888_0,92.26464914041621
3300079560_115.fna,3300079560_115,3889_0,88.84550298536888
3300044713_19.fna,3300044713_19,3890_1,89.35491033607067
3300075765_37.fna,3300075765_37,3891_1,74.40295522109072
3300050351_29.fna,3300050351_29,3892_0,72.13360805208049
3300045003_25.fna,3300045003_25,3893_0,70.56692938
3300077820_52.fna,3300077820_52,3894_0,62.73239534570396
3300079391_11.fna,3300079391_11,3895_0,86.93004340166804
3300081511_1.fna,3300081511_1,3896_1,70.45801741138085
3300043783_4.fna,3300043783_4,3897_0,59.79991019420806
3300079481_31.fna,3300079481_31,3898_0,72.70694473541316
3300062826_25.fna,3300062826_25,3899_1,86.56628419397157
3300048815_12.fna,3300048815_12,3900_0,97.27199015796907
3300060654_34.fna,3300060654_34,3901_1,67.80859891374391
3300064043_62.fna,3300064043_62,3901_2,85.03661392384903
3300060655_21.fna,3300060655_21,3902_0,91.55547169
3300062720_56.fna,3300062720_56,3903_0,77.79067785
3300062847_22.fna,3300062847_22,3904_0,90.45977549451331
3300048798_19.fna,3300048798_19,3905_1,94.19687534480215
3300044822_34.fna,3300044822_34,3906_0,90.75481182
3300078732_39.fna,3300078732_39,3907_0,92.26265303485735
3300079400_34.fna,3300079400_34,3908_0,92.08800071860422
3300048794_31.fna,3300048794_31,3909_1,98.37601095920755
3300045819_13.fna,3300045819_13,3910_1,93.61624469389753
3300046712_20.fna,3300046712_20,3911_0,91.00390907603544
3300050345_31.fna,3300050345_31,3912_0,66.58309765650732
3300063086_22.fna,3300063086_22,3913_1,93.09156971937705
3300062720_55.fna,3300062720_55,3914_0,90.77069713727333
3300050045_15.fna,3300050045_15,3915_1,88.62896244030473
3300046479_11.fna,3300046479_11,3916_1,87.05687187070554
3300076623_38.fna,3300076623_38,3916_2,70.04234596793161
3300060650_52.fna,3300060650_52,3917_0,70.58765093217372
3300076030_27.fna,3300076030_27,3918_0,75.15154035503141
3300050016_65.fna,3300050016_65,3919_0,92.16168217518951
3300062562_3.fna,3300062562_3,3920_0,88.78590235536595
3300079481_45.fna,3300079481_45,3921_1,95.47901223494486
3300048796_37.fna,3300048796_37,3922_1,90.56383118344986
3300075492_31.fna,3300075492_31,3923_1,84.03724288
3300056587_102.fna,3300056587_102,3924_0,62.341316801833685
3300048822_52.fna,3300048822_52,3925_0,73.29060911
3300081829_37.fna,3300081829_37,3926_0,64.64776210918662
3300078419_27.fna,3300078419_27,3927_1,73.61651559676555
3300043100_35.fna,3300043100_35,3927_2,33.72342272
3300050127_4.fna,3300050127_4,3928_1,76.00809397415077
3300023030_1.fna,3300023030_1,3929_1,73.34686457572683
3300050192_9.fna,3300050192_9,3930_0,81.39688233378357
3300080028_110.fna,3300080028_110,3931_0,88.60767025942134
3300054966_51.fna,3300054966_51,3932_0,74.89494668
3300055049_6.fna,3300055049_6,3933_0,68.29205129581582
3300062791_57.fna,3300062791_57,3934_0,50.75060275883699
3300063339_127.fna,3300063339_127,3935_0,49.94011417859893
3300063080_60.fna,3300063080_60,3936_0,76.15757454828946
3300063031_7.fna,3300063031_7,3937_1,75.76629854529214
3300062560_48.fna,3300062560_48,3937_2,96.39868939
3300044999_7.fna,3300044999_7,3938_0,77.40802886463152
3300062811_50.fna,3300062811_50,3939_0,96.57594924
3300050020_4.fna,3300050020_4,3940_1,66.76075842041551
3300050131_3.fna,3300050131_3,3940_2,95.86789700988743
3300046488_34.fna,3300046488_34,3941_0,76.11832565984754
3300050132_13.fna,3300050132_13,3942_0,77.60336348
3300046472_57.fna,3300046472_57,3943_0,74.27223580945974
3300063031_45.fna,3300063031_45,3944_0,48.519034593111684
3300059325_49.fna,3300059325_49,3945_0,79.88976638579896
3300061213_18.fna,3300061213_18,3946_0,78.71234241515823
3300079482_30.fna,3300079482_30,3947_0,86.44095597306378
3300054984_46.fna,3300054984_46,3948_0,81.45732477704138
3300046673_16.fna,3300046673_16,3949_1,72.87801248812545
3300050033_40.fna,3300050033_40,3950_1,98.09062376719947
3300044904_40.fna,3300044904_40,3950_2,83.83462588900642
3300044823_40.fna,3300044823_40,3951_1,91.55422995956671
3300044470_45.fna,3300044470_45,3951_2,88.93657300430367
3300044801_2.fna,3300044801_2,3951_3,90.37334534659212
3300078713_21.fna,3300078713_21,3952_0,51.41440329970284
3300079548_32.fna,3300079548_32,3953_0,82.96945384744693
3300050026_5.fna,3300050026_5,3954_1,77.96698769496825
3300044823_32.fna,3300044823_32,3954_2,72.30726942
3300046479_45.fna,3300046479_45,3955_1,90.45316402383538
3300050192_66.fna,3300050192_66,3956_0,55.25177198857673
3300044682_7.fna,3300044682_7,3957_1,77.36103969939228
3300043661_16.fna,3300043661_16,3958_1,82.31483577430895
3300062826_44.fna,3300062826_44,3958_2,56.59202921131812
3300081826_51.fna,3300081826_51,3959_0,76.73287123392454
3300081831_79.fna,3300081831_79,3960_1,68.35043812832733
3300081831_123.fna,3300081831_123,3961_0,68.77660826981221
3300050028_28.fna,3300050028_28,3962_1,83.49569808125594
3300048823_57.fna,3300048823_57,3963_0,74.07104123960451
3300048780_37.fna,3300048780_37,3964_1,102.4314778795085
3300075492_11.fna,3300075492_11,3965_0,79.93124266174327
3300046484_28.fna,3300046484_28,3966_0,52.80224099734281
3300050349_46.fna,3300050349_46,3967_1,71.02477201933534
3300044680_55.fna,3300044680_55,3968_1,64.76087873
3300045784_7.fna,3300045784_7,3969_1,77.93556601587572
3300050346_7.fna,3300050346_7,3970_1,77.57544148982335
3300050349_68.fna,3300050349_68,3971_0,66.86546783
3300045949_8.fna,3300045949_8,3972_0,79.08881056893196
3300046478_54.fna,3300046478_54,3973_0,64.28718943494745
3300045791_6.fna,3300045791_6,3974_1,89.72486542488151
3300048813_22.fna,3300048813_22,3975_0,80.80824536239716
3300048812_6.fna,3300048812_6,3976_0,65.54839985204082
3300050127_17.fna,3300050127_17,3977_0,84.86736568833798
3300064038_21.fna,3300064038_21,3978_0,89.71939725
3300054730_30.fna,3300054730_30,3979_1,95.11455723
3300082211_104.fna,3300082211_104,3980_0,100.48606414128317
3300055072_56.fna,3300055072_56,3981_0,64.71199346
3300077730_62.fna,3300077730_62,3982_1,77.91812466139156
3300046656_19.fna,3300046656_19,3983_0,84.65566382888056
3300078307_4.fna,3300078307_4,3984_1,73.11093062199413
3300064040_86.fna,3300064040_86,3985_0,86.97630715318263
3300079101_84.fna,3300079101_84,3986_0,88.46563210469685
3300044713_16.fna,3300044713_16,3987_0,51.80921301
3300078425_47.fna,3300078425_47,3988_0,88.14951397176293
3300050192_49.fna,3300050192_49,3989_1,99.03823131236712
3300050346_27.fna,3300050346_27,3990_0,81.01277840040335
3300050346_30.fna,3300050346_30,3991_0,33.02488128845145
3300079560_39.fna,3300079560_39,3992_0,81.78656594864997
3300064109_14.fna,3300064109_14,3993_0,92.09159345932653
3300079560_128.fna,3300079560_128,3994_0,97.45479949398657
3300050350_57.fna,3300050350_57,3995_0,70.90704154
3300076650_23.fna,3300076650_23,3996_0,91.02033713053653
3300081829_8.fna,3300081829_8,3997_0,80.66455129964837
3300079400_16.fna,3300079400_16,3998_0,83.04977618603509
3300078761_77.fna,3300078761_77,3999_1,93.54433078259012
3300079526_47.fna,3300079526_47,4000_0,94.19641813
3300050349_5.fna,3300050349_5,4001_1,100.8890833408971
3300081829_90.fna,3300081829_90,4002_0,70.24823918405355
3300048810_48.fna,3300048810_48,4003_1,90.00256841225801
3300054965_5.fna,3300054965_5,4004_1,94.58710603494293
3300081831_9.fna,3300081831_9,4005_0,85.85887245670587
3300063031_51.fna,3300063031_51,4006_0,59.26423022750801
3300082215_33.fna,3300082215_33,4007_0,37.64538791
3300063174_43.fna,3300063174_43,4008_0,56.78208713303677
3300046478_73.fna,3300046478_73,4009_1,68.970866
3300048815_30.fna,3300048815_30,4009_2,64.69107716261553
3300081511_22.fna,3300081511_22,4010_0,85.74250330283029
3300062846_28.fna,3300062846_28,4011_0,61.78847907628046
3300062847_41.fna,3300062847_41,4012_0,85.71852314339701
3300082196_5.fna,3300082196_5,4013_0,58.90073190472787
3300062843_28.fna,3300062843_28,4014_1,80.29382267181741
3300055278_65.fna,3300055278_65,4015_0,72.18112332737184
3300082525_16.fna,3300082525_16,4016_0,86.12411678586083
3300050130_23.fna,3300050130_23,4017_1,86.57119279252285
3300050017_9.fna,3300050017_9,4018_0,82.89183191892712
3300050119_30.fna,3300050119_30,4019_0,65.71381985
3300080032_119.fna,3300080032_119,4020_0,44.58829878816184
3300048823_21.fna,3300048823_21,4021_0,55.67502535807383
3300080097_51.fna,3300080097_51,4022_0,85.12290657033768
3300082225_168.fna,3300082225_168,4023_0,60.50943343157545
3300062791_50.fna,3300062791_50,4024_0,55.377756347474566
3300082265_38.fna,3300082265_38,4025_0,88.72560543629855
3300082193_74.fna,3300082193_74,4026_0,60.024502700471544
3300048810_29.fna,3300048810_29,4027_1,79.01052648190773
3300048818_48.fna,3300048818_48,4027_2,72.80031194575645
3300052304_29.fna,3300052304_29,4028_0,31.77328668281029
3300062848_39.fna,3300062848_39,4029_0,59.74586104549885
3300075492_67.fna,3300075492_67,4030_0,77.82085131547657
3300064109_31.fna,3300064109_31,4031_0,51.88623434555693
3300078716_27.fna,3300078716_27,4032_0,85.69985963280587
3300046788_41.fna,3300046788_41,4033_0,60.90261171242907
3300054730_8.fna,3300054730_8,4034_1,95.62636507
3300060645_38.fna,3300060645_38,4035_1,91.89656777525222
3300062625_56.fna,3300062625_56,4036_1,87.90136779120489
3300049000_5.fna,3300049000_5,4037_0,88.59519905182638
3300062845_37.fna,3300062845_37,4038_0,93.2574312
3300044682_26.fna,3300044682_26,4039_0,72.95656374255285
3300048822_11.fna,3300048822_11,4040_0,63.50167946993328
3300055047_3.fna,3300055047_3,4041_0,90.04052676541667
3300063017_103.fna,3300063017_103,4042_0,82.38774674
3300076634_89.fna,3300076634_89,4043_1,83.25242591
3300077553_5.fna,3300077553_5,4044_0,42.366430207976066
3300077333_58.fna,3300077333_58,4045_0,53.785143304201775
3300044822_71.fna,3300044822_71,4046_0,70.82006912886169
3300054962_79.fna,3300054962_79,4047_0,85.01210534171811
3300060656_69.fna,3300060656_69,4048_0,87.94805683317945
3300064044_98.fna,3300064044_98,4049_0,74.92414717547004
3300060351_37.fna,3300060351_37,4050_1,80.61943152899305
3300066613_90.fna,3300066613_90,4051_0,52.814825604396695
3300046516_30.fna,3300046516_30,4052_1,81.02745165514662
3300048793_29.fna,3300048793_29,4053_1,80.69750797603395
3300080028_23.fna,3300080028_23,4054_0,79.96188063030414
3300064043_13.fna,3300064043_13,4055_0,66.01253059748467
3300081829_51.fna,3300081829_51,4056_0,66.28734793595484
3300043661_30.fna,3300043661_30,4057_0,98.70223215115979
3300062827_31.fna,3300062827_31,4058_0,89.91888041
3300048813_31.fna,3300048813_31,4059_1,87.59176322701025
3300044679_37.fna,3300044679_37,4060_0,60.22216653
3300056876_53.fna,3300056876_53,4061_0,77.44220819359926
3300079101_28.fna,3300079101_28,4062_0,69.90018527255879
3300081823_8.fna,3300081823_8,4063_0,82.20859234
3300049590_49.fna,3300049590_49,4064_1,83.61066526469092
3300055239_74.fna,3300055239_74,4065_0,28.895069693712678
3300077738_103.fna,3300077738_103,4066_0,69.51000215340416
3300043538_4.fna,3300043538_4,4067_0,72.24078951
3300050221_11.fna,3300050221_11,4068_1,96.42248705875524
3300059598_92.fna,3300059598_92,4069_0,75.12040181245588
3300066659_104.fna,3300066659_104,4070_0,87.81588582050794
3300077816_67.fna,3300077816_67,4071_0,66.43432871607065
3300078580_7.fna,3300078580_7,4072_0,79.82704850189705
3300064033_19.fna,3300064033_19,4073_0,100.60291949132437
3300036793_7.fna,3300036793_7,4074_0,74.7919648
3300046718_61.fna,3300046718_61,4075_1,75.06101129834586
3300045120_24.fna,3300045120_24,4076_0,66.5224631
3300044813_14.fna,3300044813_14,4077_0,72.83963398
3300054730_2.fna,3300054730_2,4078_1,89.41481168620898
3300054730_29.fna,3300054730_29,4078_2,65.76834337780008
3300054967_64.fna,3300054967_64,4079_0,95.43771142976257
3300059576_28.fna,3300059576_28,4080_0,61.12843088424533
3300054680_103.fna,3300054680_103,4081_1,85.13878664792259
3300044800_24.fna,3300044800_24,4082_1,94.65244709095006
3300061537_72.fna,3300061537_72,4083_0,78.53157941697543
3300014498_10.fna,3300014498_10,4084_0,70.16419477092353
3300060895_39.fna,3300060895_39,4085_0,62.01723778390193
3300076618_45.fna,3300076618_45,4086_0,82.75530535
3300054730_42.fna,3300054730_42,4087_1,98.10942351179098
3300037243_8.fna,3300037243_8,4088_0,77.15854184803327
3300079305_46.fna,3300079305_46,4089_0,67.28795506821525
3300082201_16.fna,3300082201_16,4090_0,68.74349787860471
3300044529_27.fna,3300044529_27,4091_0,43.08845592041301
3300056868_57.fna,3300056868_57,4092_0,48.89589208862875
3300044797_46.fna,3300044797_46,4093_1,88.35404217767149
3300063173_12.fna,3300063173_12,4093_2,73.73122067723594
3300048794_8.fna,3300048794_8,4093_3,63.20795512019137
3300048790_18.fna,3300048790_18,4094_0,79.98592833359794
3300046714_31.fna,3300046714_31,4095_0,70.4281303
3300036773_6.fna,3300036773_6,4096_0,72.58170500784011
3300061638_42.fna,3300061638_42,4097_0,86.69780228832144
3300077553_65.fna,3300077553_65,4098_0,80.64580197700239
3300036827_7.fna,3300036827_7,4099_0,67.89372425012498
3300044697_8.fna,3300044697_8,4100_0,89.40526579672154
3300061639_2.fna,3300061639_2,4101_0,69.71278495477168
3300056673_291.fna,3300056673_291,4102_0,99.15154454010066
3300064045_80.fna,3300064045_80,4103_0,88.21240557412241
3300012909_1.fna,3300012909_1,4104_0,78.18732159937763
3300036805_10.fna,3300036805_10,4105_0,71.76982811265967
3300057047_64.fna,3300057047_64,4106_1,68.75699091861969
3300057014_54.fna,3300057014_54,4107_1,78.73666126527954
3300057040_114.fna,3300057040_114,4108_0,76.34835326
3300060730_6.fna,3300060730_6,4109_0,61.855545613233865
3300079548_31.fna,3300079548_31,4110_0,67.68243106952421
3300044684_12.fna,3300044684_12,4111_1,91.61685052
3300049822_12.fna,3300049822_12,4112_0,63.88327411231781
3300054986_65.fna,3300054986_65,4113_0,99.95774245744585
3300055024_110.fna,3300055024_110,4114_1,90.56674332367673
3300057048_110.fna,3300057048_110,4114_2,74.72980204952195
3300073847_37.fna,3300073847_37,4115_0,75.32354437253716
3300056815_27.fna,3300056815_27,4116_1,82.97973867175982
3300077553_102.fna,3300077553_102,4117_0,62.40888374519103
3300079560_35.fna,3300079560_35,4118_0,91.14336025388798
3300078436_47.fna,3300078436_47,4119_0,92.29762478756543
3300050033_74.fna,3300050033_74,4120_1,78.24760998
3300076763_160.fna,3300076763_160,4121_1,82.17043557
3300077500_43.fna,3300077500_43,4122_0,93.22152302
3300077518_79.fna,3300077518_79,4123_0,69.71583056
3300054680_56.fna,3300054680_56,4124_0,77.63499030295478
3300080097_36.fna,3300080097_36,4125_0,33.21091118837609
3300079548_88.fna,3300079548_88,4126_0,65.99708251376018
3300080028_141.fna,3300080028_141,4127_0,72.31083594360426
3300077745_22.fna,3300077745_22,4128_0,52.60490490289269
3300077660_11.fna,3300077660_11,4129_0,72.38611056017483
3300081826_69.fna,3300081826_69,4130_0,74.33812065
3300045003_14.fna,3300045003_14,4131_0,74.66495366496797
3300054967_3.fna,3300054967_3,4132_0,97.68163273856017
3300044718_30.fna,3300044718_30,4133_0,62.85111105225385
3300047634_2.fna,3300047634_2,4134_0,87.11108892903785
3300054967_68.fna,3300054967_68,4135_1,101.91274056236799
3300054984_57.fna,3300054984_57,4136_0,56.71412535733851
3300055024_41.fna,3300055024_41,4137_0,79.48979025699391
3300079101_64.fna,3300079101_64,4138_1,66.41956368522187
3300073873_4.fna,3300073873_4,4139_0,74.31042524904554
3300077094_5.fna,3300077094_5,4140_1,96.66722743882205
3300055239_96.fna,3300055239_96,4141_0,72.92263997345248
3300076031_26.fna,3300076031_26,4142_0,88.12642780373953
3300055239_85.fna,3300055239_85,4143_0,69.80866135710265
3300055239_104.fna,3300055239_104,4144_0,37.66078880552444
3300050023_42.fna,3300050023_42,4145_1,51.82762649263937
3300044800_5.fna,3300044800_5,4145_2,65.21230266935737
3300044904_79.fna,3300044904_79,4145_3,65.62440202
3300055024_96.fna,3300055024_96,4146_1,79.71816916482639
3300017931_13.fna,3300017931_13,4147_1,79.10264251221467
3300056887_111.fna,3300056887_111,4147_2,93.22844717345563
3300044799_58.fna,3300044799_58,4147_3,52.607092216711614
3300061641_143.fna,3300061641_143,4148_0,73.19504729719334
3300082262_11.fna,3300082262_11,4149_0,55.86306833584589
3300056973_16.fna,3300056973_16,4150_1,72.23817656410115
3300044712_89.fna,3300044712_89,4151_0,30.560019617743666
3300045282_19.fna,3300045282_19,4152_1,70.79081377
3300062768_48.fna,3300062768_48,4153_0,52.738027174775524
3300079545_20.fna,3300079545_20,4154_0,52.36641438345041
3300057049_46.fna,3300057049_46,4155_1,75.83547166935186
3300031565_17.fna,3300031565_17,4156_1,69.37819062163288
3300076621_58.fna,3300076621_58,4157_0,72.88904292426054
3300082513_19.fna,3300082513_19,4158_1,86.58646857016446
3300082287_24.fna,3300082287_24,4159_0,66.91571090853252
3300050034_21.fna,3300050034_21,4160_1,84.07890877652166
3300054703_19.fna,3300054703_19,4161_0,88.9768141
3300048794_46.fna,3300048794_46,4162_0,78.82929265808802
3300081828_63.fna,3300081828_63,4163_0,46.360227306835704
3300079305_21.fna,3300079305_21,4164_0,57.98624191250027
3300082281_25.fna,3300082281_25,4165_1,47.05499442
3300082281_40.fna,3300082281_40,4165_2,74.46579890032575
3300043654_11.fna,3300043654_11,4166_0,81.89654544539714
3300045257_13.fna,3300045257_13,4167_0,99.41766543789674
3300059325_47.fna,3300059325_47,4168_0,76.08848974886585
3300059598_78.fna,3300059598_78,4169_0,73.39300295203802
3300044684_44.fna,3300044684_44,4170_0,59.32447664957796
3300081965_143.fna,3300081965_143,4171_0,84.79534487
3300056868_112.fna,3300056868_112,4172_0,91.05089922022357
3300056996_116.fna,3300056996_116,4173_0,85.58042600376682
3300046660_79.fna,3300046660_79,4174_0,48.14116269459534
3300055024_50.fna,3300055024_50,4175_0,83.06627120738575
3300033405_30.fna,3300033405_30,4176_0,80.89969878702593
3300057026_71.fna,3300057026_71,4177_0,62.07262405389069
3300037471_24.fna,3300037471_24,4178_0,93.43618716663285
3300055099_75.fna,3300055099_75,4179_0,82.78723197266063
3300079119_41.fna,3300079119_41,4180_0,99.13019780865994
3300079305_33.fna,3300079305_33,4181_0,101.14228866041027
3300077729_72.fna,3300077729_72,4182_1,99.95899488
3300060913_36.fna,3300060913_36,4183_0,69.73698930132588
3300055049_11.fna,3300055049_11,4184_0,83.86901916918528
3300055239_18.fna,3300055239_18,4185_0,73.48830913271371
3300060353_75.fna,3300060353_75,4186_0,79.82855048583191
3300054963_75.fna,3300054963_75,4187_0,48.930145808654665
3300054987_59.fna,3300054987_59,4188_0,96.37567242104925
3300054963_80.fna,3300054963_80,4189_0,97.44000548512444
3300082197_120.fna,3300082197_120,4190_0,77.22720979324609
3300065474_31.fna,3300065474_31,4191_0,36.751450270570146
3300062560_84.fna,3300062560_84,4192_1,85.68638278373636
3300045014_30.fna,3300045014_30,4193_1,81.65491080200692
3300055098_35.fna,3300055098_35,4194_0,57.96918637
3300054984_66.fna,3300054984_66,4195_0,92.95908072
3300079548_43.fna,3300079548_43,4196_0,88.46377445660247
3300082211_72.fna,3300082211_72,4197_0,68.98740943542386
3300075321_40.fna,3300075321_40,4198_0,75.03477105503244
3300075646_34.fna,3300075646_34,4199_0,55.55282615767753
3300061845_12.fna,3300061845_12,4200_0,69.16366047646137
3300055024_15.fna,3300055024_15,4201_1,96.61673444515564
3300048787_5.fna,3300048787_5,4202_1,85.97066566391129
3300079560_9.fna,3300079560_9,4203_0,80.26493426740323
3300082197_65.fna,3300082197_65,4204_0,79.07617437037257
3300079533_43.fna,3300079533_43,4205_0,97.51535350029773
3300048820_10.fna,3300048820_10,4206_1,65.44699576213792
3300079548_68.fna,3300079548_68,4207_1,88.46140552661635
3300048780_19.fna,3300048780_19,4208_1,75.07155532298849
3300046687_1.fna,3300046687_1,4208_2,63.83113561651979
3300050137_40.fna,3300050137_40,4209_1,98.04430653155633
3300050033_86.fna,3300050033_86,4209_2,82.72156294676259
3300050029_7.fna,3300050029_7,4209_3,93.03902667629563
3300050011_73.fna,3300050011_73,4209_4,86.23943551224477
3300076763_143.fna,3300076763_143,4210_0,60.61819802697144
3300054967_43.fna,3300054967_43,4211_0,94.60580749317019
3300054984_89.fna,3300054984_89,4212_0,101.75642427571506
3300082245_64.fna,3300082245_64,4213_1,85.63826526455942
3300081965_157.fna,3300081965_157,4214_0,83.17648658950297
3300050140_22.fna,3300050140_22,4215_1,98.90482729923794
3300082281_202.fna,3300082281_202,4215_2,32.200325634002176
3300054984_9.fna,3300054984_9,4216_0,88.57439338832259
3300054967_93.fna,3300054967_93,4217_1,86.11696436710902
3300048797_40.fna,3300048797_40,4218_1,97.29958134387196
3300045014_31.fna,3300045014_31,4219_1,82.36876131347445
3300082195_40.fna,3300082195_40,4220_0,87.71254105725255
3300054967_13.fna,3300054967_13,4221_0,83.04509524198515
3300054967_63.fna,3300054967_63,4222_0,94.57356765943415
3300042876_129.fna,3300042876_129,4223_1,93.34143454782962
3300075574_35.fna,3300075574_35,4224_0,89.62107803923755
3300056884_58.fna,3300056884_58,4225_0,87.76053119551352
3300075935_47.fna,3300075935_47,4226_0,67.08781129751081
3300054966_79.fna,3300054966_79,4227_0,76.07780400925894
3300079549_87.fna,3300079549_87,4228_0,53.72899836187091
3300080036_41.fna,3300080036_41,4229_0,88.57774521616953
3300046372_4.fna,3300046372_4,4230_1,84.39083016980713
3300054988_20.fna,3300054988_20,4231_1,97.74733665937926
3300073838_34.fna,3300073838_34,4232_0,85.35511489504698
3300050353_30.fna,3300050353_30,4233_1,66.37121807979564
3300062841_15.fna,3300062841_15,4234_1,72.95130636774931
3300078393_11.fna,3300078393_11,4234_2,75.44123111058431
3300052304_87.fna,3300052304_87,4235_0,51.75104527159732
3300078359_146.fna,3300078359_146,4236_1,78.55426819734821
3300078359_14.fna,3300078359_14,4236_2,97.65505396065188
3300078359_75.fna,3300078359_75,4237_0,81.33159904
3300082173_54.fna,3300082173_54,4238_0,41.73289611636477
3300050118_5.fna,3300050118_5,4239_1,65.79575501043263
3300063897_4.fna,3300063897_4,4240_1,87.56923935619612
3300077208_16.fna,3300077208_16,4241_0,56.32941965620716
3300066018_98.fna,3300066018_98,4242_0,37.523609614954005
3300081964_29.fna,3300081964_29,4243_0,79.32163174
3300076031_22.fna,3300076031_22,4244_1,101.94057643330046
3300060313_55.fna,3300060313_55,4245_0,61.85110327113854
3300062711_22.fna,3300062711_22,4246_0,53.47654218557182
3300045803_20.fna,3300045803_20,4247_1,96.27529218534039
3300048814_48.fna,3300048814_48,4247_2,78.24078165917875
3300050119_9.fna,3300050119_9,4248_0,41.451610367790984
3300050117_57.fna,3300050117_57,4249_1,78.07655360950307
3300046698_16.fna,3300046698_16,4250_1,94.10719589693339
3300050033_17.fna,3300050033_17,4251_0,83.58822251
3300080028_127.fna,3300080028_127,4252_0,78.46233499525022
3300044529_23.fna,3300044529_23,4253_0,38.84593961195735
3300050191_29.fna,3300050191_29,4254_0,57.48949755
3300050034_55.fna,3300050034_55,4255_1,96.75010028350806
3300048772_46.fna,3300048772_46,4256_1,79.28865228
3300044470_46.fna,3300044470_46,4256_2,81.41265169266666
3300056791_76.fna,3300056791_76,4257_1,99.29899883723715
3300048791_3.fna,3300048791_3,4257_2,94.96411143971935
3300048762_14.fna,3300048762_14,4257_3,68.23123054
3300056791_17.fna,3300056791_17,4258_1,100.90568214711548
3300050035_9.fna,3300050035_9,4258_2,82.70682050335837
3300048772_30.fna,3300048772_30,4259_0,83.03680495459464
3300048814_28.fna,3300048814_28,4260_0,77.10502570887961
3300079119_76.fna,3300079119_76,4261_0,46.089957705128995
3300044653_14.fna,3300044653_14,4262_0,68.02922541619317
3300082173_9.fna,3300082173_9,4263_0,67.08621562779437
3300076650_67.fna,3300076650_67,4264_0,92.73902481557857
3300048790_33.fna,3300048790_33,4265_0,56.31556027062902
3300077658_65.fna,3300077658_65,4266_0,52.91783057632972
3300064044_91.fna,3300064044_91,4267_0,89.80471605655858
3300066006_26.fna,3300066006_26,4268_0,75.02495245860544
3300064042_75.fna,3300064042_75,4269_1,96.89403520597608
3300050120_17.fna,3300050120_17,4270_0,101.7328001
3300050120_30.fna,3300050120_30,4271_0,91.64906774921262
3300079548_86.fna,3300079548_86,4272_0,101.06712713968126
3300081831_63.fna,3300081831_63,4273_0,96.40065595671238
3300082525_37.fna,3300082525_37,4274_0,88.72966354294833
3300082510_69.fna,3300082510_69,4275_0,78.53599513
3300060645_33.fna,3300060645_33,4276_0,84.65287319768912
3300060666_29.fna,3300060666_29,4277_0,87.12784933798072
3300077818_14.fna,3300077818_14,4278_0,67.42187145870783
3300062889_82.fna,3300062889_82,4279_0,62.42729169636636
3300079401_44.fna,3300079401_44,4280_0,57.47541265502748
3300043673_20.fna,3300043673_20,4281_1,95.78187963534211
3300044515_4.fna,3300044515_4,4282_0,60.00489303115847
3300076649_99.fna,3300076649_99,4283_0,76.30466175816075
3300064003_47.fna,3300064003_47,4284_1,76.62378126418284
3300044691_33.fna,3300044691_33,4284_2,87.11755191781334
3300064003_5.fna,3300064003_5,4285_1,94.72795870739068
3300064003_32.fna,3300064003_32,4286_0,81.32888041
3300077818_3.fna,3300077818_3,4287_0,76.76673371345268
3300077906_33.fna,3300077906_33,4288_1,84.81294807372286
3300064043_32.fna,3300064043_32,4289_0,40.21219577720514
3300078171_32.fna,3300078171_32,4290_1,76.09115680270082
3300043661_7.fna,3300043661_7,4291_0,82.92797754839408
3300078367_41.fna,3300078367_41,4292_0,86.84116111802146
3300044982_15.fna,3300044982_15,4293_0,87.42177287848028
3300077817_58.fna,3300077817_58,4294_0,95.35008901212255
3300076622_21.fna,3300076622_21,4295_1,91.05138561174607
3300052304_54.fna,3300052304_54,4296_0,72.78439110703427
3300061179_66.fna,3300061179_66,4297_0,83.45078648
3300056676_111.fna,3300056676_111,4298_1,94.84520506093259
3300064003_41.fna,3300064003_41,4299_1,30.812396008246115
3300064045_27.fna,3300064045_27,4299_2,85.51056348060364
3300066006_40.fna,3300066006_40,4300_0,84.10370002990273
3300066006_9.fna,3300066006_9,4301_0,97.10107602801429
3300046523_17.fna,3300046523_17,4302_0,80.95342877964426
3300064066_83.fna,3300064066_83,4303_0,86.53425896718568
3300052304_97.fna,3300052304_97,4304_0,31.31375425
3300060644_14.fna,3300060644_14,4305_0,48.02834356
3300061639_18.fna,3300061639_18,4306_0,99.21234822336321
3300079306_39.fna,3300079306_39,4307_0,77.36380247797807
3300044822_44.fna,3300044822_44,4308_0,54.56376185819272
3300079119_27.fna,3300079119_27,4309_0,81.71238265920115
3300060645_87.fna,3300060645_87,4310_0,66.03847827269517
3300064045_77.fna,3300064045_77,4311_0,76.07329286690971
3300050013_35.fna,3300050013_35,4312_0,83.85035638658431
3300079306_14.fna,3300079306_14,4313_0,92.04559272755611
3300048814_31.fna,3300048814_31,4314_1,93.99910976098153
3300056675_34.fna,3300056675_34,4315_1,97.60765915149133
3300078359_82.fna,3300078359_82,4316_0,81.5531423
3300056809_321.fna,3300056809_321,4317_0,53.70055506489672
3300061639_60.fna,3300061639_60,4318_0,65.22955630410685
3300078359_125.fna,3300078359_125,4319_0,41.10154792
3300075646_15.fna,3300075646_15,4320_0,75.19650059834237
3300056834_92.fna,3300056834_92,4321_1,82.54861842435767
3300048764_25.fna,3300048764_25,4321_2,61.559000555703754
3300062853_23.fna,3300062853_23,4322_0,72.67886434185571
3300048759_20.fna,3300048759_20,4323_1,100.58056868265258
3300050017_61.fna,3300050017_61,4324_1,95.76846930912876
3300050191_30.fna,3300050191_30,4325_1,93.18888352
3300056834_73.fna,3300056834_73,4326_1,102.11572181515481
3300050117_12.fna,3300050117_12,4326_2,96.19143176172302
3300050192_3.fna,3300050192_3,4327_0,42.044236419220184
3300054963_73.fna,3300054963_73,4328_1,96.44747865134988
3300050138_56.fna,3300050138_56,4329_1,86.49204363937523
3300055049_48.fna,3300055049_48,4330_0,81.09310871797304
3300055023_82.fna,3300055023_82,4331_0,96.58961091
3300055023_42.fna,3300055023_42,4332_0,69.81917504610531
3300054985_75.fna,3300054985_75,4333_1,98.69096920169548
3300054961_55.fna,3300054961_55,4334_0,95.52572224807197
3300054964_6.fna,3300054964_6,4335_0,82.82939184443734
3300077817_49.fna,3300077817_49,4336_1,93.84991681
3300077818_57.fna,3300077818_57,4336_2,66.72757666993425
3300063905_18.fna,3300063905_18,4337_0,71.82201328863273
3300075765_24.fna,3300075765_24,4338_0,95.18340935
3300063905_11.fna,3300063905_11,4339_0,87.98520860596481
3300056798_262.fna,3300056798_262,4340_1,93.26607269216204
3300044682_10.fna,3300044682_10,4341_0,84.43063872228294
3300062560_34.fna,3300062560_34,4342_1,73.06700521145191
3300081486_25.fna,3300081486_25,4343_1,86.53303484574717
3300078732_25.fna,3300078732_25,4344_0,88.24019405
3300056815_12.fna,3300056815_12,4345_1,89.90172761687654
3300064044_89.fna,3300064044_89,4346_0,32.16863769822702
3300077907_76.fna,3300077907_76,4347_0,69.19076948563463
3300077817_61.fna,3300077817_61,4348_0,77.43921701099893
3300056834_30.fna,3300056834_30,4349_0,81.86153630708044
3300049580_18.fna,3300049580_18,4350_1,91.61997746352382
3300046471_7.fna,3300046471_7,4351_0,71.78986564804934
3300046660_52.fna,3300046660_52,4352_0,79.49556450036364
3300047320_8.fna,3300047320_8,4353_0,81.54651221690924
3300047472_2.fna,3300047472_2,4354_0,85.76696300329291
3300080032_106.fna,3300080032_106,4355_0,58.271105567160106
3300038451_46.fna,3300038451_46,4356_1,72.46017040731223
3300045781_7.fna,3300045781_7,4357_1,92.64094045848952
3300062562_48.fna,3300062562_48,4358_0,73.31432238844391
3300064109_77.fna,3300064109_77,4359_0,37.42957892386964
3300052304_95.fna,3300052304_95,4360_0,53.058630516232704
3300030507_3.fna,3300030507_3,4361_1,50.66308445904141
3300050013_15.fna,3300050013_15,4362_0,89.55093768846992
3300056791_55.fna,3300056791_55,4363_0,73.13936046175114
3300046701_38.fna,3300046701_38,4364_1,98.14390505850757
3300055024_84.fna,3300055024_84,4365_0,85.40476289833559
3300051238_140.fna,3300051238_140,4366_0,75.60072623954359
3300055278_51.fna,3300055278_51,4367_0,81.59424083327778
3300062565_22.fna,3300062565_22,4368_0,83.82714033639805
3300054682_61.fna,3300054682_61,4369_0,79.52918634313279
3300054963_42.fna,3300054963_42,4370_0,83.39036485
3300055023_31.fna,3300055023_31,4371_0,96.8998374
3300055023_72.fna,3300055023_72,4372_0,97.03699816973909
3300054964_50.fna,3300054964_50,4373_0,78.75831904868983
3300064043_21.fna,3300064043_21,4374_0,70.68767988
3300050034_39.fna,3300050034_39,4375_0,85.27740192053461
3300045821_9.fna,3300045821_9,4376_1,92.00170880351662
3300081831_106.fna,3300081831_106,4377_1,93.97163593538485
3300078359_50.fna,3300078359_50,4377_2,88.91820917918206
3300044682_6.fna,3300044682_6,4378_0,89.01971138407177
3300066614_79.fna,3300066614_79,4379_0,76.72684273435175
3300045003_29.fna,3300045003_29,4380_0,92.12061122661042
3300079560_26.fna,3300079560_26,4381_0,90.01246546
3300057000_71.fna,3300057000_71,4382_0,63.30072488670022
3300079560_42.fna,3300079560_42,4383_0,95.23599111761783
3300061624_52.fna,3300061624_52,4384_1,74.99874098602292
3300060645_78.fna,3300060645_78,4385_1,81.84152149965287
3300078369_27.fna,3300078369_27,4385_2,70.50356488382994
3300044822_28.fna,3300044822_28,4385_3,63.57834576328143
3300079481_38.fna,3300079481_38,4386_0,55.79873687940149
3300045821_2.fna,3300045821_2,4387_1,73.67646893488138
3300050347_7.fna,3300050347_7,4388_1,89.48224593292055
3300078732_6.fna,3300078732_6,4389_0,40.849422510873595
3300048814_37.fna,3300048814_37,4390_1,95.83768315779234
3300079526_5.fna,3300079526_5,4391_0,71.61039256748671
3300079559_11.fna,3300079559_11,4392_1,71.81430816558394
3300079560_159.fna,3300079560_159,4392_2,95.03349053175837
3300063031_65.fna,3300063031_65,4393_1,67.45915658
3300080028_53.fna,3300080028_53,4394_1,97.52526639656138
3300079549_69.fna,3300079549_69,4395_0,91.78883666
3300048809_37.fna,3300048809_37,4396_1,91.08315405820846
3300048778_6.fna,3300048778_6,4397_1,95.16819511273937
3300081534_7.fna,3300081534_7,4398_0,57.895880200728335
3300050018_41.fna,3300050018_41,4399_0,88.64610872
3300081832_91.fna,3300081832_91,4400_0,46.60980535965072
3300045771_13.fna,3300045771_13,4401_1,62.60217225471967
3300048774_36.fna,3300048774_36,4402_0,44.566116956454735
3300046701_5.fna,3300046701_5,4403_0,88.81907943445646
3300049727_4.fna,3300049727_4,4404_1,58.25637026373795
3300046487_36.fna,3300046487_36,4405_1,92.32625792783168
3300050020_56.fna,3300050020_56,4405_2,78.65041036832795
3300050021_69.fna,3300050021_69,4406_0,71.59819567030252
3300050132_28.fna,3300050132_28,4407_0,73.26028925741818
3300050139_38.fna,3300050139_38,4408_1,86.53760438253231
3300051094_67.fna,3300051094_67,4408_2,76.88138750464968
3300048777_1.fna,3300048777_1,4409_1,84.00286727792181
3300050035_12.fna,3300050035_12,4409_2,94.52080775380158
3300051166_1.fna,3300051166_1,4410_0,73.69131302758775
3300051094_25.fna,3300051094_25,4411_0,93.82180392150246
3300048776_22.fna,3300048776_22,4412_1,88.46521698779046
3300048780_36.fna,3300048780_36,4413_1,87.55353243141377
3300050027_13.fna,3300050027_13,4414_0,45.76452846637243
3300050035_1.fna,3300050035_1,4415_0,87.18205291343988
3300051166_2.fna,3300051166_2,4416_0,73.99379557
3300044823_25.fna,3300044823_25,4417_0,71.70906594172057
3300045775_2.fna,3300045775_2,4418_0,51.20543242164072
3300048827_19.fna,3300048827_19,4419_0,51.60904056655575
3300050023_12.fna,3300050023_12,4420_0,67.41036398142208
3300048772_17.fna,3300048772_17,4421_1,95.21917126304301
3300048825_51.fna,3300048825_51,4422_1,92.20282187725891
3300048769_26.fna,3300048769_26,4423_1,93.7018401
3300046654_12.fna,3300046654_12,4424_0,95.90148698401443
3300048820_27.fna,3300048820_27,4425_1,89.40734042060592
3300048827_45.fna,3300048827_45,4426_1,94.10516875091704
3300048826_24.fna,3300048826_24,4426_2,74.18837016683818
3300045772_8.fna,3300045772_8,4427_1,89.87060922
3300050028_12.fna,3300050028_12,4428_1,73.35288509303066
3300045803_24.fna,3300045803_24,4428_2,93.80240520888002
3300048825_26.fna,3300048825_26,4429_1,89.79329631
3300046697_15.fna,3300046697_15,4430_0,86.33235091548083
3300050024_54.fna,3300050024_54,4431_0,84.59502535807383
3300048762_33.fna,3300048762_33,4432_1,92.5213986
3300044766_27.fna,3300044766_27,4432_2,87.00344992828394
3300044823_13.fna,3300044823_13,4433_0,85.44089830012929
3300044470_39.fna,3300044470_39,4434_0,94.91735487639956
3300045797_16.fna,3300045797_16,4435_1,96.61772673299974
3300050026_10.fna,3300050026_10,4436_1,100.70978464724976
3300048821_57.fna,3300048821_57,4436_2,72.38071059039974
3300050019_38.fna,3300050019_38,4436_3,59.15305495999563
3300050026_28.fna,3300050026_28,4437_0,94.8775696
3300048826_38.fna,3300048826_38,4438_0,42.93531943681145
3300046480_20.fna,3300046480_20,4439_0,95.64585116331853
3300045778_17.fna,3300045778_17,4440_0,93.36893140785133
3300051166_4.fna,3300051166_4,4441_0,75.73828739589824
3300051094_91.fna,3300051094_91,4442_1,36.702116927346296
3300075935_45.fna,3300075935_45,4442_2,72.51474212
3300049727_41.fna,3300049727_41,4443_0,81.50222013983965
3300078358_22.fna,3300078358_22,4444_0,63.13085105241389
3300081826_2.fna,3300081826_2,4445_0,95.39969094370262
3300081826_47.fna,3300081826_47,4446_0,43.72581015350059
3300056587_52.fna,3300056587_52,4447_1,78.87255578771426
3300056791_54.fna,3300056791_54,4448_1,96.05675877999361
3300050026_15.fna,3300050026_15,4449_1,93.74276634737186
3300050021_24.fna,3300050021_24,4449_2,78.13600408633053
3300048778_24.fna,3300048778_24,4449_3,67.44792448805572
3300044819_31.fna,3300044819_31,4450_0,86.88124727078718
3300048785_16.fna,3300048785_16,4451_0,82.62555465245839
3300062790_39.fna,3300062790_39,4452_1,75.25993074091542
3300064066_60.fna,3300064066_60,4452_2,35.414341580518695
3300044710_11.fna,3300044710_11,4453_0,74.16140688106591
3300078418_13.fna,3300078418_13,4454_0,95.50878635944615
3300063173_18.fna,3300063173_18,4455_1,98.35919892
3300062790_67.fna,3300062790_67,4456_0,74.37608817223949
3300055049_51.fna,3300055049_51,4457_0,91.03485055
3300050240_101.fna,3300050240_101,4458_1,94.43857893
3300063056_14.fna,3300063056_14,4459_1,79.29883692462853
3300061641_163.fna,3300061641_163,4460_0,64.78550680341182
3300081966_158.fna,3300081966_158,4461_0,66.50999228127468
3300081966_75.fna,3300081966_75,4462_0,61.13278495477168
3300049743_17.fna,3300049743_17,4463_1,66.71001658286376
3300063052_19.fna,3300063052_19,4464_1,72.58532153853534
3300061211_74.fna,3300061211_74,4465_0,71.55737438036253
3300061211_7.fna,3300061211_7,4466_0,83.8649556
3300048611_14.fna,3300048611_14,4467_1,77.79315725445423
3300048615_17.fna,3300048615_17,4468_0,24.955085029904108
3300051201_66.fna,3300051201_66,4469_1,86.17506559513077
3300057003_49.fna,3300057003_49,4470_1,78.52186158388604
3300049144_3.fna,3300049144_3,4471_0,67.73552046580004
3300054964_1.fna,3300054964_1,4472_0,59.520183564328235
3300045975_79.fna,3300045975_79,4473_1,81.75574674655468
3300078431_1.fna,3300078431_1,4474_0,61.870357828453336
3300078432_8.fna,3300078432_8,4475_0,48.51624191250028
3300048610_11.fna,3300048610_11,4476_0,53.92621047802601
3300034155_4.fna,3300034155_4,4477_0,83.59025913026356
3300073873_13.fna,3300073873_13,4478_1,65.50569617435954
3300082073_128.fna,3300082073_128,4479_1,73.68331048117136
3300076631_15.fna,3300076631_15,4480_1,85.82386948494334
3300044492_3.fna,3300044492_3,4480_2,53.83888717499569
3300077670_19.fna,3300077670_19,4480_3,55.60277796614517
3300080063_18.fna,3300080063_18,4480_4,31.187588529907355
3300028705_1.fna,3300028705_1,4481_1,70.18565975632437
3300082216_19.fna,3300082216_19,4481_2,66.20805873806864
3300066506_45.fna,3300066506_45,4482_1,69.71279789
3300082025_41.fna,3300082025_41,4482_2,53.02048225
3300051520_5.fna,3300051520_5,4483_0,77.13359323091836
3300067093_27.fna,3300067093_27,4484_0,61.65422462136175
3300082268_17.fna,3300082268_17,4485_0,67.48796407844847
3300062820_94.fna,3300062820_94,4486_1,82.99631693179383
3300078280_24.fna,3300078280_24,4487_0,55.017763702156884
3300043497_5.fna,3300043497_5,4488_1,65.00705584
3300075593_50.fna,3300075593_50,4489_1,68.42762581451017
3300075582_19.fna,3300075582_19,4490_1,76.20561297504224
3300079535_5.fna,3300079535_5,4491_1,81.14467162207565
3300060916_104.fna,3300060916_104,4492_1,78.34848354215426
3300077110_83.fna,3300077110_83,4492_2,80.53042206323234
3300078141_16.fna,3300078141_16,4492_3,66.06873845975217
3300078709_13.fna,3300078709_13,4493_1,75.91785430622677
3300081721_45.fna,3300081721_45,4494_1,40.07930726542059
3300082030_46.fna,3300082030_46,4495_0,64.16631925530923
3300080692_50.fna,3300080692_50,4496_0,76.85780382585435
3300083098_16.fna,3300083098_16,4497_0,33.88417141547948
3300045996_312.fna,3300045996_312,4498_0,60.25501479308171
3300045977_26.fna,3300045977_26,4499_1,72.70976760528885
3300055072_120.fna,3300055072_120,4500_0,83.92340656
3300050011_37.fna,3300050011_37,4501_0,88.97687494333397
3300054704_139.fna,3300054704_139,4502_0,70.78812240087306
3300054986_74.fna,3300054986_74,4503_0,90.32531270729906
3300046703_60.fna,3300046703_60,4504_0,63.068770136921216
3300054984_12.fna,3300054984_12,4505_0,84.0292481
3300048804_10.fna,3300048804_10,4506_0,75.33873584252142
3300050121_26.fna,3300050121_26,4507_0,96.48211322
3300062796_20.fna,3300062796_20,4508_0,62.68961677340687
3300062833_64.fna,3300062833_64,4509_0,61.144609807729836
3300054704_9.fna,3300054704_9,4510_1,87.97433575542307
3300053707_6.fna,3300053707_6,4511_1,98.81944002471207
3300059325_123.fna,3300059325_123,4512_0,67.59673086463992
3300049571_165.fna,3300049571_165,4513_0,64.88946993094515
3300049823_12.fna,3300049823_12,4514_0,76.84654029
3300079119_44.fna,3300079119_44,4515_0,91.27971151097155
3300050117_38.fna,3300050117_38,4516_1,86.59174325012498
3300079169_48.fna,3300079169_48,4516_2,87.97888539982095
3300081826_100.fna,3300081826_100,4517_0,89.27654953952738
3300078714_14.fna,3300078714_14,4518_0,78.80392599
3300081829_89.fna,3300081829_89,4519_1,90.11613655669777
3300062562_45.fna,3300062562_45,4520_0,85.77934383172075
3300080028_167.fna,3300080028_167,4521_0,93.81657846343141
3300054967_37.fna,3300054967_37,4522_0,80.84498105569767
3300054967_83.fna,3300054967_83,4523_0,95.80226480204786
3300082211_141.fna,3300082211_141,4524_0,95.32863617681366
3300056674_293.fna,3300056674_293,4525_1,90.29672693087818
3300063172_150.fna,3300063172_150,4526_0,57.060847934069905
3300055072_95.fna,3300055072_95,4527_0,89.72407437048665
3300057056_115.fna,3300057056_115,4528_0,65.88290656329366
3300056834_95.fna,3300056834_95,4529_1,91.11586081
3300036790_15.fna,3300036790_15,4530_0,83.35054226
3300045769_6.fna,3300045769_6,4531_0,71.93330549334097
3300046478_8.fna,3300046478_8,4532_0,95.95058963388325
3300044808_15.fna,3300044808_15,4533_1,85.32988339379112
3300066008_133.fna,3300066008_133,4533_2,72.6177079
3300046478_17.fna,3300046478_17,4534_0,68.65864191
3300064040_56.fna,3300064040_56,4535_0,94.45847173944371
3300051099_159.fna,3300051099_159,4536_0,54.64382000978159
3300054963_51.fna,3300054963_51,4537_0,51.74671442088977
3300047471_48.fna,3300047471_48,4538_1,72.08151377728086
3300059325_121.fna,3300059325_121,4539_0,65.95763698
3300060883_53.fna,3300060883_53,4540_0,60.71947296624696
3300063180_162.fna,3300063180_162,4541_0,82.82624561999407
3300072687_61.fna,3300072687_61,4542_0,77.61556401817255
3300056977_189.fna,3300056977_189,4543_1,92.56541053751513
3300020156_17.fna,3300020156_17,4544_0,76.47642109711916
3300031565_30.fna,3300031565_30,4545_1,86.35971978608003
3300060656_45.fna,3300060656_45,4546_0,66.41798996
3300063085_16.fna,3300063085_16,4547_0,88.01917686886216
3300035016_5.fna,3300035016_5,4548_0,94.61169841441931
3300065455_28.fna,3300065455_28,4549_0,74.15581589531341
3300053709_23.fna,3300053709_23,4550_0,84.25423680694591
3300064042_4.fna,3300064042_4,4551_0,88.13843342663372
3300079549_77.fna,3300079549_77,4552_0,64.24389522
3300064042_113.fna,3300064042_113,4553_0,63.57928194161097
3300065455_21.fna,3300065455_21,4554_0,76.06881903205046
3300062863_53.fna,3300062863_53,4555_0,60.46677803361006
3300078218_63.fna,3300078218_63,4556_1,88.80739508119586
3300064039_16.fna,3300064039_16,4557_0,79.90230683583108
3300064042_159.fna,3300064042_159,4558_0,73.42699085195707
3300045977_85.fna,3300045977_85,4559_1,72.79342097706112
3300055273_86.fna,3300055273_86,4560_0,80.69778054816135
3300079100_74.fna,3300079100_74,4561_0,60.704888216402445
3300082538_9.fna,3300082538_9,4562_0,70.58302589526313
3300050017_58.fna,3300050017_58,4563_1,76.20383523433752
3300075492_76.fna,3300075492_76,4564_0,91.31136601258214
3300078425_77.fna,3300078425_77,4565_0,90.06047550218973
3300061179_49.fna,3300061179_49,4566_1,70.79983068513674
3300081829_65.fna,3300081829_65,4566_2,46.44209323064184
3300064066_30.fna,3300064066_30,4567_0,99.46680020467724
3300060670_50.fna,3300060670_50,4568_0,93.16572110821167
3300079394_15.fna,3300079394_15,4569_0,90.18062177439012
3300078546_19.fna,3300078546_19,4570_0,92.46223004378339
3300062851_22.fna,3300062851_22,4571_1,72.20649351131296
3300082252_41.fna,3300082252_41,4572_1,94.89252685713711
3300062129_14.fna,3300062129_14,4572_2,94.70043578560455
3300037852_8.fna,3300037852_8,4573_0,81.85892932543022
3300062845_15.fna,3300062845_15,4574_0,76.38006712478513
3300072977_38.fna,3300072977_38,4575_1,92.97184245045962
3300062820_57.fna,3300062820_57,4576_0,82.31842941
3300045933_23.fna,3300045933_23,4577_1,74.22255931289307
3300055072_38.fna,3300055072_38,4578_0,88.01727566425856
3300063032_11.fna,3300063032_11,4579_0,60.68619469420891
3300064042_176.fna,3300064042_176,4580_0,75.34884923963776
3300063066_53.fna,3300063066_53,4581_0,57.88853387902127
3300060654_16.fna,3300060654_16,4582_0,69.31302136050256
3300064045_130.fna,3300064045_130,4583_0,80.58822914262024
3300064040_34.fna,3300064040_34,4584_0,78.76465079
3300064040_95.fna,3300064040_95,4585_0,72.19857657492297
3300060355_110.fna,3300060355_110,4586_0,79.64862391812781
3300062799_72.fna,3300062799_72,4587_0,71.88933519260398
3300081965_193.fna,3300081965_193,4588_0,91.52342272
3300072636_61.fna,3300072636_61,4589_1,98.93969105506571
3300054704_60.fna,3300054704_60,4590_1,100.62610093883389
3300072779_57.fna,3300072779_57,4591_1,94.55522019
3300052995_33.fna,3300052995_33,4592_0,65.50499184746992
3300072971_7.fna,3300072971_7,4593_0,85.66011534569552
3300054705_96.fna,3300054705_96,4594_1,85.40850886
3300063261_76.fna,3300063261_76,4595_0,97.14740627632904
3300063430_91.fna,3300063430_91,4596_0,98.40184814160322
3300081830_70.fna,3300081830_70,4597_1,91.20331050649455
3300082525_7.fna,3300082525_7,4598_0,95.87726536173675
3300055491_42.fna,3300055491_42,4599_1,88.98986006220844
3300031251_8.fna,3300031251_8,4600_0,57.846950779157105
3300054703_75.fna,3300054703_75,4601_0,91.26872352307467
3300061213_28.fna,3300061213_28,4602_0,69.25846416
3300048615_15.fna,3300048615_15,4603_0,77.97533195973163
3300065082_136.fna,3300065082_136,4604_0,60.86369519234248
3300048615_1.fna,3300048615_1,4605_1,79.27433294230273
3300063262_17.fna,3300063262_17,4606_1,63.51676650469967
3300065082_91.fna,3300065082_91,4606_2,99.04701992745858
3300063057_58.fna,3300063057_58,4607_0,79.82938895733534
3300064040_49.fna,3300064040_49,4608_0,64.45332969108338
3300066540_21.fna,3300066540_21,4609_0,84.13824726961116
3300061536_65.fna,3300061536_65,4610_0,92.38702831915468
3300066322_93.fna,3300066322_93,4611_0,66.42799487846821
3300066485_53.fna,3300066485_53,4612_0,76.51202351580169
3300072654_47.fna,3300072654_47,4613_0,98.97883499703971
3300072783_75.fna,3300072783_75,4614_0,95.06577537
3300063066_87.fna,3300063066_87,4615_0,92.43139119755745
3300052998_7.fna,3300052998_7,4616_0,79.20144054560414
3300064040_42.fna,3300064040_42,4617_0,99.35866053
3300063263_14.fna,3300063263_14,4618_0,99.19723557
3300080737_33.fna,3300080737_33,4619_0,93.70499030295477
3300064042_66.fna,3300064042_66,4620_0,94.86979975277723
3300064095_12.fna,3300064095_12,4621_1,95.49850296812883
3300063045_27.fna,3300063045_27,4622_0,70.45527080977337
3300054960_53.fna,3300054960_53,4623_0,70.41025824246628
3300063015_101.fna,3300063015_101,4624_0,77.96334115550951
3300079102_74.fna,3300079102_74,4625_0,61.624593462575945
3300062802_62.fna,3300062802_62,4626_1,93.16961848847916
3300014881_2.fna,3300014881_2,4627_0,57.16034163898717
3300053709_19.fna,3300053709_19,4628_1,102.31269932981121
3300049586_76.fna,3300049586_76,4629_0,90.95692638002143
3300055047_75.fna,3300055047_75,4630_0,89.43051191
3300054704_28.fna,3300054704_28,4631_0,78.01105707373952
3300054988_48.fna,3300054988_48,4632_1,88.13519475352463
3300050118_36.fna,3300050118_36,4633_1,91.52005952875781
3300044697_63.fna,3300044697_63,4634_0,78.23610785
3300063019_66.fna,3300063019_66,4635_1,77.48903858
3300063017_19.fna,3300063017_19,4636_0,74.12482515111626
3300064095_196.fna,3300064095_196,4637_0,80.77659854315775
3300079533_61.fna,3300079533_61,4638_1,82.54727920409296
3300051238_153.fna,3300051238_153,4639_0,57.94013024927369
3300036806_6.fna,3300036806_6,4640_0,78.49135765501954
3300062799_74.fna,3300062799_74,4641_0,64.17855825538352
3300054986_47.fna,3300054986_47,4642_0,90.22997094403098
3300077727_103.fna,3300077727_103,4643_0,75.67845059319566
3300062793_56.fna,3300062793_56,4644_0,66.13481532884609
3300080032_117.fna,3300080032_117,4645_0,81.87531204422466
3300045966_30.fna,3300045966_30,4646_1,90.05128350676794
3300045978_59.fna,3300045978_59,4647_1,101.51573955679568
3300063017_13.fna,3300063017_13,4648_0,75.24834337780007
3300075574_70.fna,3300075574_70,4649_0,88.32380724928102
3300076763_151.fna,3300076763_151,4650_0,72.81278526386272
3300045977_76.fna,3300045977_76,4651_0,68.88911015208775
3300045978_5.fna,3300045978_5,4652_1,85.81185418750236
3300062799_24.fna,3300062799_24,4653_0,79.96537674946724
3300044824_2.fna,3300044824_2,4654_1,66.74128565002083
3300056906_12.fna,3300056906_12,4655_0,43.23763971816823
3300048803_13.fna,3300048803_13,4656_1,81.68117233053238
3300056886_21.fna,3300056886_21,4657_1,90.45295684447619
3300044796_123.fna,3300044796_123,4658_0,76.95892043082776
3300054704_87.fna,3300054704_87,4659_0,81.75118158715476
3300079526_43.fna,3300079526_43,4660_0,77.81395620087588
3300081723_34.fna,3300081723_34,4661_0,80.95075029423388
3300075936_45.fna,3300075936_45,4662_0,80.83252907558604
3300063018_40.fna,3300063018_40,4663_0,75.85171346750221
3300036855_5.fna,3300036855_5,4664_0,93.51267593671349
3300060655_13.fna,3300060655_13,4665_0,84.77851866761233
3300060730_1.fna,3300060730_1,4666_0,81.20711321469462
3300063052_68.fna,3300063052_68,4667_0,65.80342597391032
3300055072_25.fna,3300055072_25,4668_0,94.52732703
3300075937_30.fna,3300075937_30,4669_0,86.59290322906976
3300077727_22.fna,3300077727_22,4670_1,97.34662793145404
3300055024_95.fna,3300055024_95,4671_0,93.24048468837698
3300055072_116.fna,3300055072_116,4672_0,100.08872991327011
3300063045_54.fna,3300063045_54,4673_0,84.15426992533521
3300066613_17.fna,3300066613_17,4674_0,60.80858733801009
3300082215_78.fna,3300082215_78,4675_0,90.69020500357782
3300079101_129.fna,3300079101_129,4676_1,97.90146988
3300051238_203.fna,3300051238_203,4677_0,99.11000518845451
3300075937_4.fna,3300075937_4,4678_0,89.05959781
3300056903_80.fna,3300056903_80,4679_1,86.70189377888242
3300060291_103.fna,3300060291_103,4680_0,83.04513186
3300048820_31.fna,3300048820_31,4681_0,66.00693010067134
3300050027_33.fna,3300050027_33,4682_0,64.53594649385523
3300039326_8.fna,3300039326_8,4683_0,78.20346389247963
3300044470_17.fna,3300044470_17,4684_0,93.34478316991839
3300044824_54.fna,3300044824_54,4685_0,90.35790386381778
3300038423_9.fna,3300038423_9,4686_0,74.02474072934157
3300064746_87.fna,3300064746_87,4687_0,80.05308076171156
3300066486_44.fna,3300066486_44,4688_0,81.80403682725658
3300082034_27.fna,3300082034_27,4689_1,80.99167050756407
3300082261_63.fna,3300082261_63,4689_2,69.77502497258118
3300082033_44.fna,3300082033_44,4689_3,87.57932736862912
3300054703_44.fna,3300054703_44,4690_0,49.01145205889631
3300080028_203.fna,3300080028_203,4691_0,50.337158031342206
3300078307_66.fna,3300078307_66,4692_1,87.48527102863225
3300055023_49.fna,3300055023_49,4693_0,85.00058038701756
3300077907_22.fna,3300077907_22,4694_0,60.527876694518135
3300056977_64.fna,3300056977_64,4695_1,88.61930974450739
3300058668_5.fna,3300058668_5,4696_1,74.75473359051148
3300049003_9.fna,3300049003_9,4697_0,40.19209547032629
3300046511_44.fna,3300046511_44,4698_0,77.76596376711034
3300062799_51.fna,3300062799_51,4699_0,70.81838570616667
3300054704_93.fna,3300054704_93,4700_0,74.74764641268551
3300054967_90.fna,3300054967_90,4701_0,86.17856309454407
3300054704_55.fna,3300054704_55,4702_0,77.59512665257726
3300054986_55.fna,3300054986_55,4703_0,61.233288461823484
3300062833_108.fna,3300062833_108,4704_0,83.80226643056578
3300063022_82.fna,3300063022_82,4705_0,97.00647018316972
3300063018_15.fna,3300063018_15,4706_0,82.15494409977529
3300066484_5.fna,3300066484_5,4707_0,77.28430344519549
3300062798_23.fna,3300062798_23,4708_1,89.86801271723127
3300072960_13.fna,3300072960_13,4709_0,91.35460359816003
3300044808_46.fna,3300044808_46,4710_0,55.96036704270576
3300049571_99.fna,3300049571_99,4711_0,76.9816393
3300054966_59.fna,3300054966_59,4712_0,69.38677882001241
3300067033_25.fna,3300067033_25,4713_0,64.55806922670436
3300050240_46.fna,3300050240_46,4714_0,68.54851986996019
3300072976_47.fna,3300072976_47,4715_0,57.664770911008304
3300062721_19.fna,3300062721_19,4716_0,74.04895723560126
3300082033_23.fna,3300082033_23,4717_0,79.56516119853801
3300063066_51.fna,3300063066_51,4718_0,75.69351892246512
3300082226_78.fna,3300082226_78,4719_0,98.17390870003348
3300080028_135.fna,3300080028_135,4720_0,92.39133884032405
3300080028_99.fna,3300080028_99,4721_0,92.07717969842975
3300064066_31.fna,3300064066_31,4722_0,98.13821644689338
3300054680_64.fna,3300054680_64,4723_1,102.03030482519105
3300062863_51.fna,3300062863_51,4724_0,100.43448791656203
3300054988_80.fna,3300054988_80,4725_1,87.44748151632054
3300054705_8.fna,3300054705_8,4726_0,55.66069856216023
3300054730_48.fna,3300054730_48,4727_1,93.60783137935009
3300054961_68.fna,3300054961_68,4728_1,66.30492503182289
3300079534_12.fna,3300079534_12,4729_0,76.65730925
3300054985_34.fna,3300054985_34,4730_0,91.38091118837609
3300054987_38.fna,3300054987_38,4731_0,80.39768747758411
3300055023_30.fna,3300055023_30,4732_0,93.24094024687753
3300060322_111.fna,3300060322_111,4733_0,81.71788458962331
3300060332_8.fna,3300060332_8,4734_0,73.6718114
3300059595_11.fna,3300059595_11,4735_0,80.42763764636504
3300054962_95.fna,3300054962_95,4736_1,89.87975377888242
3300060015_69.fna,3300060015_69,4737_0,50.118984501475715
3300079482_45.fna,3300079482_45,4738_0,45.129198505975786
3300082212_12.fna,3300082212_12,4739_0,82.51603968846314
3300061213_119.fna,3300061213_119,4740_0,54.38681588841447
3300076621_6.fna,3300076621_6,4741_0,90.86146938501479
3300054966_1.fna,3300054966_1,4742_0,61.46019116
3300062791_9.fna,3300062791_9,4743_0,75.97661746053929
3300054988_57.fna,3300054988_57,4744_1,75.67591672583909
3300054985_18.fna,3300054985_18,4744_2,74.15441337
3300054961_64.fna,3300054961_64,4745_0,58.45459975
3300065456_1.fna,3300065456_1,4746_0,51.795378125959104
3300054680_86.fna,3300054680_86,4747_1,93.53551898
3300054966_45.fna,3300054966_45,4748_0,94.46128020458262
3300054966_12.fna,3300054966_12,4749_0,79.93122965551451
3300081964_39.fna,3300081964_39,4750_0,78.17203621495517
3300060322_93.fna,3300060322_93,4751_0,63.864279831054475
3300076030_7.fna,3300076030_7,4752_0,74.72958583
3300079548_110.fna,3300079548_110,4753_0,77.65946287641289
3300082204_50.fna,3300082204_50,4754_0,66.0219559
3300082202_58.fna,3300082202_58,4755_0,81.84476005041762
3300082212_9.fna,3300082212_9,4756_0,71.71154998
3300059325_37.fna,3300059325_37,4757_0,74.50840901093976
3300075322_117.fna,3300075322_117,4758_0,69.15053094539513
3300079482_11.fna,3300079482_11,4759_0,64.83131649719742
3300079559_25.fna,3300079559_25,4760_0,69.46206904
3300080028_70.fna,3300080028_70,4761_0,93.73694204292339
3300076008_24.fna,3300076008_24,4762_0,71.49853207737121
3300081487_116.fna,3300081487_116,4763_0,46.75933713668022
3300079548_5.fna,3300079548_5,4764_0,86.22121186400341
3300082035_85.fna,3300082035_85,4765_0,72.79909893355492
3300036884_7.fna,3300036884_7,4766_1,94.31981446308006
3300038425_16.fna,3300038425_16,4767_1,93.06584154743942
3300044904_16.fna,3300044904_16,4767_2,92.25796167503461
3300038424_16.fna,3300038424_16,4767_3,71.37028981078457
3300045978_34.fna,3300045978_34,4768_1,99.64286049883145
3300054986_101.fna,3300054986_101,4769_0,89.84208676002318
3300050126_26.fna,3300050126_26,4770_1,82.1467961
3300076649_5.fna,3300076649_5,4771_1,69.68633832931118
3300078418_2.fna,3300078418_2,4771_2,89.24848099210412
3300064109_130.fna,3300064109_130,4772_0,90.19070281972309
3300079532_6.fna,3300079532_6,4773_0,80.79811764055987
3300079393_14.fna,3300079393_14,4774_0,82.27339675117176
3300079560_72.fna,3300079560_72,4775_0,59.798403435911474
3300062625_26.fna,3300062625_26,4776_1,72.23967433100358
3300077820_56.fna,3300077820_56,4777_0,77.75412969537469
3300076637_15.fna,3300076637_15,4778_1,96.44155032097122
3300076031_37.fna,3300076031_37,4779_0,86.27445470243558
3300076031_36.fna,3300076031_36,4780_0,89.88319398
3300064042_158.fna,3300064042_158,4781_0,81.77462048429409
3300055099_48.fna,3300055099_48,4782_0,93.18829815771944
3300055099_63.fna,3300055099_63,4783_0,90.86622879309867
3300078359_138.fna,3300078359_138,4784_0,63.05203302595724
3300082194_40.fna,3300082194_40,4785_0,65.40285900898333
3300066018_1.fna,3300066018_1,4786_0,68.91108993
3300045884_19.fna,3300045884_19,4787_1,64.43005458
3300056673_101.fna,3300056673_101,4788_1,84.36631751742564
3300018057_21.fna,3300018057_21,4789_1,41.70281537051518
3300057049_154.fna,3300057049_154,4790_0,69.98023818569462
3300056750_48.fna,3300056750_48,4791_1,76.89804047953312
3300056798_270.fna,3300056798_270,4791_2,52.87268695707192
3300056977_35.fna,3300056977_35,4792_0,62.87645124707643
3300036520_8.fna,3300036520_8,4793_0,97.75437668321412
3300057032_79.fna,3300057032_79,4794_0,50.091557858549905
3300049576_34.fna,3300049576_34,4795_0,97.13461812725417
3300057016_73.fna,3300057016_73,4796_0,92.33205026065346
3300081702_4.fna,3300081702_4,4797_0,73.81300042881439
3300063066_23.fna,3300063066_23,4798_0,87.71763520247508
3300066489_37.fna,3300066489_37,4799_0,76.76718314916806
3300014501_17.fna,3300014501_17,4800_0,77.09919836209812
3300031525_23.fna,3300031525_23,4801_0,61.65969578085954
3300037207_8.fna,3300037207_8,4802_1,100.3902256142289
3300054963_40.fna,3300054963_40,4803_0,69.22007866
3300075533_55.fna,3300075533_55,4804_1,86.32547496048474
3300082166_12.fna,3300082166_12,4805_1,83.05833499940937
3300066614_66.fna,3300066614_66,4806_0,64.97352833268326
3300054985_87.fna,3300054985_87,4807_0,82.56507112615932
3300054966_36.fna,3300054966_36,4808_0,83.55460469597747
3300063017_111.fna,3300063017_111,4809_0,66.11704894278947
3300082268_24.fna,3300082268_24,4810_0,86.95148179591074
3300045996_38.fna,3300045996_38,4811_0,38.50933490051135
3300045996_436.fna,3300045996_436,4812_0,67.68830029410658
3300054704_64.fna,3300054704_64,4813_0,96.27110570219799
3300055047_31.fna,3300055047_31,4814_0,45.42752308803231
3300014655_8.fna,3300014655_8,4815_0,82.59863363045389
3300056865_33.fna,3300056865_33,4816_0,65.75588595375702
3300056880_38.fna,3300056880_38,4817_1,62.67467107247331
3300056878_28.fna,3300056878_28,4818_1,69.11086952
3300077309_71.fna,3300077309_71,4819_1,88.34700814342844
3300064109_51.fna,3300064109_51,4820_0,87.31220389699124
3300076031_8.fna,3300076031_8,4821_0,90.70393884728999
3300082195_30.fna,3300082195_30,4822_0,54.171823093242416
3300082197_41.fna,3300082197_41,4823_0,83.63362862935817
3300044720_37.fna,3300044720_37,4824_0,56.588726558517635
3300080031_10.fna,3300080031_10,4825_0,55.79778986125086
3300060291_248.fna,3300060291_248,4826_1,63.632723251872854
3300060291_202.fna,3300060291_202,4827_1,64.97098008935788
3300045051_91.fna,3300045051_91,4828_1,88.77056195
3300045051_39.fna,3300045051_39,4829_0,82.70275679549391
3300031235_7.fna,3300031235_7,4830_1,69.08689359985573
3300081534_88.fna,3300081534_88,4830_2,60.350014563668665
3300014655_7.fna,3300014655_7,4831_0,94.77788944
3300060291_254.fna,3300060291_254,4832_0,65.84094773683393
3300014839_21.fna,3300014839_21,4833_1,85.85808604612188
3300037185_7.fna,3300037185_7,4834_1,86.09524258836687
3300037993_20.fna,3300037993_20,4835_1,94.53113666662237
3300052918_37.fna,3300052918_37,4835_2,85.12292196414664
3300031673_14.fna,3300031673_14,4836_0,52.72546848312731
3300055024_12.fna,3300055024_12,4837_0,86.34001089792999
3300076632_71.fna,3300076632_71,4838_0,65.21380865016786
3300082222_51.fna,3300082222_51,4839_0,63.41805571583741
3300072659_107.fna,3300072659_107,4840_1,79.9892845
3300072177_13.fna,3300072177_13,4841_1,59.61290508951608
3300072969_14.fna,3300072969_14,4842_0,54.39761477817511
3300055072_93.fna,3300055072_93,4843_0,69.74875875
3300062794_68.fna,3300062794_68,4844_0,54.38486091107622
3300054682_51.fna,3300054682_51,4845_1,101.61909463729826
3300054703_1.fna,3300054703_1,4846_0,96.22652481866493
3300055072_58.fna,3300055072_58,4847_1,83.05479405814657
3300054704_151.fna,3300054704_151,4848_0,82.67191115446879
3300056896_69.fna,3300056896_69,4849_1,80.99974097293106
3300013097_2.fna,3300013097_2,4850_0,75.80119184221624
3300061856_74.fna,3300061856_74,4851_0,91.25762044353267
3300018056_7.fna,3300018056_7,4852_0,79.61131121387426
3300044816_26.fna,3300044816_26,4853_0,89.65351952265806
3300045952_17.fna,3300045952_17,4854_1,102.46707554852667
3300037463_10.fna,3300037463_10,4855_0,84.42917402477768
3300050226_10.fna,3300050226_10,4856_1,32.23238048038803
3300075665_6.fna,3300075665_6,4856_2,55.95361776877298
3300073847_15.fna,3300073847_15,4856_3,50.905498858155326
3300065082_167.fna,3300065082_167,4857_0,45.92473215489119
3300049250_8.fna,3300049250_8,4858_0,42.34151644350735
3300065475_73.fna,3300065475_73,4859_0,73.02844690473192
3300066485_96.fna,3300066485_96,4860_0,56.83507288794985
3300072967_30.fna,3300072967_30,4861_0,56.86620863941639
3300056896_74.fna,3300056896_74,4862_0,79.13516943
3300057034_160.fna,3300057034_160,4863_0,74.87600701707976
3300031565_36.fna,3300031565_36,4864_0,51.510248937613255
3300046740_41.fna,3300046740_41,4865_1,83.66296949501351
3300048797_64.fna,3300048797_64,4866_0,80.03612207202337
3300045996_399.fna,3300045996_399,4867_0,89.50574655109281
3300046505_49.fna,3300046505_49,4868_0,95.52302043
3300050241_82.fna,3300050241_82,4869_0,74.55351096278933
3300057034_24.fna,3300057034_24,4870_0,65.07382771
3300054704_138.fna,3300054704_138,4871_0,91.36215652104167
3300054704_62.fna,3300054704_62,4872_0,84.08020635059863
3300054704_52.fna,3300054704_52,4873_0,99.39181415590646
3300055048_36.fna,3300055048_36,4874_0,98.38487451
3300044712_162.fna,3300044712_162,4875_0,85.22077387375775
3300045051_58.fna,3300045051_58,4876_0,62.66310870784666
3300021090_10.fna,3300021090_10,4877_0,73.11325774369922
3300057024_1.fna,3300057024_1,4878_1,63.229345846211736
3300057049_133.fna,3300057049_133,4879_0,75.24549908483043
3300056673_205.fna,3300056673_205,4880_0,63.90149118529271
3300066006_73.fna,3300066006_73,4881_0,83.66630222
3300064183_23.fna,3300064183_23,4882_0,84.27703074538319
3300081832_18.fna,3300081832_18,4883_1,97.86746584379657
3300042923_77.fna,3300042923_77,4884_0,77.46770862290425
3300057016_55.fna,3300057016_55,4885_0,69.92618010198174
3300057016_79.fna,3300057016_79,4886_0,81.31477240043918
3300081794_8.fna,3300081794_8,4887_0,74.31219545731645
3300055048_33.fna,3300055048_33,4888_0,100.65787662412228
3300080033_13.fna,3300080033_13,4889_0,82.7124552
3300066815_4.fna,3300066815_4,4890_1,87.75089510098198
3300056674_304.fna,3300056674_304,4891_1,88.39931426352234
3300065443_24.fna,3300065443_24,4892_0,59.969143139294566
3300066601_20.fna,3300066601_20,4893_0,56.142907190083974
3300057053_56.fna,3300057053_56,4894_0,69.19614771430557
3300060291_109.fna,3300060291_109,4895_0,85.71727129565576
3300057034_49.fna,3300057034_49,4896_1,79.72204535522071
3300056888_188.fna,3300056888_188,4897_1,66.91498707
3300057049_87.fna,3300057049_87,4898_1,70.91915202651116
3300054984_84.fna,3300054984_84,4899_0,82.42938941364532
3300014501_19.fna,3300014501_19,4900_0,72.84307844
3300036827_10.fna,3300036827_10,4901_0,53.121808882595374
3300081830_54.fna,3300081830_54,4902_0,90.86243149158686
3300080028_101.fna,3300080028_101,4903_0,64.20792828
3300054988_52.fna,3300054988_52,4904_1,77.43595359
3300055072_46.fna,3300055072_46,4905_0,74.64862142895373
3300055239_178.fna,3300055239_178,4906_0,80.25581153877347
3300033481_11.fna,3300033481_11,4907_0,78.04986463316742
3300044798_88.fna,3300044798_88,4908_0,60.03326181276642
3300054704_95.fna,3300054704_95,4909_0,83.59104347995228
3300056807_50.fna,3300056807_50,4910_1,82.86710457314338
3300046483_5.fna,3300046483_5,4911_1,61.32290860034772
3300044470_4.fna,3300044470_4,4911_2,82.83988579528577
3300049717_8.fna,3300049717_8,4911_3,80.84510900504505
3300050025_36.fna,3300050025_36,4911_4,71.71303728
3300046700_3.fna,3300046700_3,4911_5,64.11495359860128
3300046505_40.fna,3300046505_40,4911_6,79.39976209721746
3300050025_12.fna,3300050025_12,4912_0,78.77239976220125
3300048768_25.fna,3300048768_25,4913_0,59.26559992005438
3300049725_18.fna,3300049725_18,4914_0,81.48894627382832
3300081534_36.fna,3300081534_36,4915_0,70.4262726
3300050009_5.fna,3300050009_5,4916_1,65.65586870512901
3300048806_4.fna,3300048806_4,4917_1,64.23505247557931
3300045800_13.fna,3300045800_13,4918_1,72.00973791450782
3300049722_11.fna,3300049722_11,4919_0,25.87682849844644
3300050352_37.fna,3300050352_37,4920_0,58.29570300043801
3300055024_113.fna,3300055024_113,4921_0,68.17400557444643
3300049717_10.fna,3300049717_10,4922_1,73.67272873010704
3300046480_19.fna,3300046480_19,4923_0,86.83081019
3300075573_6.fna,3300075573_6,4924_0,62.688840379924386
3300046685_27.fna,3300046685_27,4925_0,73.73418425
3300048780_6.fna,3300048780_6,4926_1,83.32176803121833
3300046481_7.fna,3300046481_7,4927_0,46.12621870866093
3300044712_313.fna,3300044712_313,4928_0,87.27948784
3300065475_81.fna,3300065475_81,4929_0,71.70205907157573
3300081487_39.fna,3300081487_39,4930_0,53.39309662496017
3300060647_7.fna,3300060647_7,4931_0,54.91099219703522
3300056876_51.fna,3300056876_51,4932_0,68.19579022858716
3300057031_104.fna,3300057031_104,4933_0,48.015936788310455
3300055024_97.fna,3300055024_97,4934_0,40.49505558
3300046490_12.fna,3300046490_12,4935_0,64.28832867
3300044712_339.fna,3300044712_339,4936_0,77.14489048
3300063019_74.fna,3300063019_74,4937_0,79.34241507470692
3300054967_36.fna,3300054967_36,4938_1,75.24291360591266
3300054680_101.fna,3300054680_101,4939_1,78.46251741851603
3300044822_73.fna,3300044822_73,4940_1,72.79683324
3300031539_14.fna,3300031539_14,4941_1,81.39561278151434
3300055048_39.fna,3300055048_39,4942_0,81.86147390508037
3300057010_12.fna,3300057010_12,4943_1,90.88486426658919
3300044712_20.fna,3300044712_20,4944_0,73.21671252837298
3300075646_14.fna,3300075646_14,4945_1,76.38216082638313
3300075573_94.fna,3300075573_94,4945_2,85.66547228402233
3300060913_73.fna,3300060913_73,4945_3,59.30389319215798
3300078387_48.fna,3300078387_48,4946_0,75.59839120585066
3300080064_122.fna,3300080064_122,4947_0,75.91103981319655
3300054681_21.fna,3300054681_21,4948_1,97.31634264833245
3300076604_18.fna,3300076604_18,4949_1,98.35733683848062
3300082263_73.fna,3300082263_73,4950_1,63.940523761983314
3300082210_34.fna,3300082210_34,4950_2,77.18799786
3300082023_54.fna,3300082023_54,4950_3,63.25893227788718
3300032770_19.fna,3300032770_19,4951_0,72.37248592732394
3300061211_10.fna,3300061211_10,4952_0,85.51840991439586
3300045781_4.fna,3300045781_4,4953_1,69.77773801
3300062799_91.fna,3300062799_91,4954_0,80.98404469309365
3300037852_55.fna,3300037852_55,4955_1,88.49899542225339
3300062812_7.fna,3300062812_7,4956_0,76.40913707334299
3300062826_17.fna,3300062826_17,4957_0,72.77445462963176
3300044819_17.fna,3300044819_17,4958_1,87.84272436653013
3300061638_16.fna,3300061638_16,4958_2,81.13903176349892
3300064045_25.fna,3300064045_25,4959_1,91.44628137438085
3300060644_42.fna,3300060644_42,4959_2,85.79279156239048
3300079119_65.fna,3300079119_65,4959_3,75.69692815
3300036772_8.fna,3300036772_8,4960_0,72.20521707796134
3300062719_4.fna,3300062719_4,4961_0,50.29647046889042
3300062720_58.fna,3300062720_58,4962_0,100.3478343916764
3300073672_12.fna,3300073672_12,4963_0,74.85258160975305
3300075518_34.fna,3300075518_34,4964_0,86.15687695
3300076622_55.fna,3300076622_55,4965_1,94.57982914101231
3300080032_172.fna,3300080032_172,4966_0,70.54271438
3300056834_59.fna,3300056834_59,4967_0,57.646741043570984
3300081828_43.fna,3300081828_43,4968_0,61.473840012121215
3300062846_45.fna,3300062846_45,4969_1,75.47012377493822
3300062725_46.fna,3300062725_46,4969_2,47.701073019912684
3300045767_2.fna,3300045767_2,4970_1,90.39205480718228
3300044977_52.fna,3300044977_52,4971_1,100.53233863463312
3300081829_50.fna,3300081829_50,4971_2,72.46363340915946
3300077117_26.fna,3300077117_26,4972_0,96.62208802759818
3300082197_84.fna,3300082197_84,4973_0,77.54481127579217
3300055049_15.fna,3300055049_15,4974_0,73.40285900898333
3300048822_25.fna,3300048822_25,4975_1,70.78237802682246
3300062720_49.fna,3300062720_49,4976_0,84.40016803796684
3300062130_49.fna,3300062130_49,4977_1,79.83930453479054
3300044697_40.fna,3300044697_40,4977_2,97.23838827500639
3300044977_15.fna,3300044977_15,4977_3,101.73184531015441
3300078367_33.fna,3300078367_33,4977_4,98.44238114113703
3300050345_45.fna,3300050345_45,4977_5,87.41700070398946
3300048799_33.fna,3300048799_33,4977_6,87.12595324448183
3300050118_18.fna,3300050118_18,4977_7,99.55708102304943
3300044679_52.fna,3300044679_52,4978_0,61.88863635125115
3300081829_102.fna,3300081829_102,4979_1,84.66525172136025
3300050116_64.fna,3300050116_64,4980_1,96.57214240158125
3300050349_39.fna,3300050349_39,4980_2,83.18952512
3300014200_6.fna,3300014200_6,4981_0,74.06278482912153
3300044679_35.fna,3300044679_35,4982_0,85.24355829734199
3300062124_31.fna,3300062124_31,4983_0,71.70643670344437
3300062127_8.fna,3300062127_8,4984_1,70.50725303322722
3300082209_13.fna,3300082209_13,4984_2,100.02079878149458
3300062725_81.fna,3300062725_81,4985_0,101.22305968541596
3300043783_40.fna,3300043783_40,4986_1,96.00795527424842
3300062811_55.fna,3300062811_55,4987_1,89.08050882494761
3300062790_65.fna,3300062790_65,4988_1,101.98629244204375
3300063084_13.fna,3300063084_13,4989_1,100.86831743684212
3300048792_16.fna,3300048792_16,4990_1,95.04090315828665
3300062843_54.fna,3300062843_54,4990_2,96.35061565802991
3300043762_8.fna,3300043762_8,4991_0,62.40120047624827
3300081826_9.fna,3300081826_9,4992_1,94.52739804
3300082270_27.fna,3300082270_27,4993_1,91.08910556017483
3300081826_48.fna,3300081826_48,4993_2,94.35418955955289
3300054703_47.fna,3300054703_47,4994_0,76.02646077277228
3300061537_51.fna,3300061537_51,4995_0,89.71386005
3300062836_40.fna,3300062836_40,4996_1,89.00716174023016
3300078436_44.fna,3300078436_44,4996_2,71.73066379205027
3300062129_61.fna,3300062129_61,4997_1,97.31489437393864
3300063084_32.fna,3300063084_32,4998_0,101.09711256865629
3300079482_9.fna,3300079482_9,4999_0,99.13424588010818
3300073837_43.fna,3300073837_43,5000_0,76.14508486056822
3300054988_8.fna,3300054988_8,5001_0,100.76827007404655
3300079534_80.fna,3300079534_80,5002_0,57.73068714770924
3300055023_47.fna,3300055023_47,5003_0,99.44159201497713
3300054961_90.fna,3300054961_90,5004_0,87.82372082729653
3300054964_18.fna,3300054964_18,5005_0,95.07826376850389
3300067512_44.fna,3300067512_44,5006_0,81.02975919
3300054730_44.fna,3300054730_44,5007_0,76.85102884
3300054985_23.fna,3300054985_23,5008_0,99.83407711725691
3300054961_17.fna,3300054961_17,5009_1,100.93783731615068
3300052304_57.fna,3300052304_57,5010_0,100.69862853134907
3300054963_30.fna,3300054963_30,5011_0,91.49538316191531
3300055023_24.fna,3300055023_24,5012_0,74.27248318741555
3300055023_99.fna,3300055023_99,5013_0,94.37121873970132
3300080032_143.fna,3300080032_143,5014_0,94.20342396065433
3300082193_40.fna,3300082193_40,5015_0,100.25837153269569
3300082212_46.fna,3300082212_46,5016_0,82.65794427049644
3300036792_10.fna,3300036792_10,5017_0,80.25119876
3300036800_15.fna,3300036800_15,5018_0,82.82537747244506
3300044741_25.fna,3300044741_25,5019_0,89.85710261347008
3300050016_66.fna,3300050016_66,5020_1,78.51926979400946
3300050131_11.fna,3300050131_11,5020_2,76.50130600006042
3300050130_49.fna,3300050130_49,5021_0,59.772171073823536
3300037222_8.fna,3300037222_8,5022_1,100.94786303136492
3300044736_38.fna,3300044736_38,5023_1,94.00116062479142
3300048793_18.fna,3300048793_18,5023_2,58.37830641409989
3300055049_19.fna,3300055049_19,5024_0,97.17451586450102
3300048797_56.fna,3300048797_56,5025_0,99.77731695879541
3300075574_36.fna,3300075574_36,5026_0,88.59581469574941
3300036886_17.fna,3300036886_17,5027_0,95.94887545543862
3300054703_90.fna,3300054703_90,5028_1,73.79618838
3300054966_40.fna,3300054966_40,5028_2,61.16526641488416
3300054985_63.fna,3300054985_63,5029_0,92.03061701108086
3300050350_29.fna,3300050350_29,5030_0,92.07578263637745
3300054703_31.fna,3300054703_31,5031_0,73.73285628094624
3300044736_46.fna,3300044736_46,5032_0,100.74760536974986
3300051521_25.fna,3300051521_25,5033_0,94.46458204596436
3300048798_12.fna,3300048798_12,5034_0,86.29851908344878
3300048798_18.fna,3300048798_18,5035_0,96.13005145572303
3300044822_58.fna,3300044822_58,5036_0,75.08472801056556
3300050125_9.fna,3300050125_9,5037_1,99.32730092935454
3300050347_22.fna,3300050347_22,5038_0,67.68087661
3300050125_18.fna,3300050125_18,5039_0,66.32794252256866
3300048798_11.fna,3300048798_11,5040_0,80.62105265964688
3300056751_306.fna,3300056751_306,5041_0,79.67561303784623
3300078425_50.fna,3300078425_50,5042_0,70.2849001
3300056799_281.fna,3300056799_281,5043_1,80.69383510059322
3300064041_16.fna,3300064041_16,5044_0,99.84216234
3300055049_27.fna,3300055049_27,5045_0,76.54547948
3300050132_55.fna,3300050132_55,5046_1,98.88315916867526
3300044822_57.fna,3300044822_57,5047_0,91.77534870236693
3300056811_199.fna,3300056811_199,5048_0,82.98635536
3300077820_78.fna,3300077820_78,5049_1,84.85253574262155
3300078359_47.fna,3300078359_47,5049_2,86.31212425
3300076649_137.fna,3300076649_137,5050_1,92.83184807538964
3300036887_6.fna,3300036887_6,5051_1,85.51379495051705
3300077820_57.fna,3300077820_57,5052_0,82.04065405
3300048764_51.fna,3300048764_51,5053_0,96.38577988882281
3300048813_17.fna,3300048813_17,5054_0,49.65865994842766
3300048773_9.fna,3300048773_9,5055_1,93.10413586099871
3300064041_105.fna,3300064041_105,5056_0,82.67537088295865
3300045766_15.fna,3300045766_15,5057_0,82.26602586
3300077992_92.fna,3300077992_92,5058_0,82.49653298103284
3300064003_9.fna,3300064003_9,5059_0,78.89051920621148
3300052304_85.fna,3300052304_85,5060_1,54.71690992292838
3300055278_33.fna,3300055278_33,5060_2,54.86471622
3300076604_75.fna,3300076604_75,5061_1,79.83805312205581
3300050351_15.fna,3300050351_15,5062_0,56.68412970749563
3300044680_59.fna,3300044680_59,5063_0,49.12061474370999
3300044797_36.fna,3300044797_36,5064_0,78.8649694
3300062721_32.fna,3300062721_32,5065_0,94.86822657246951
3300050019_58.fna,3300050019_58,5066_1,95.70545848734265
3300075574_56.fna,3300075574_56,5066_2,66.73264101028609
3300048793_11.fna,3300048793_11,5067_0,51.31040479819363
3300050138_65.fna,3300050138_65,5068_0,94.9303491
3300075494_30.fna,3300075494_30,5069_1,87.99442210715205
3300075573_91.fna,3300075573_91,5070_0,61.03567947685329
3300044682_37.fna,3300044682_37,5071_1,81.61172694886865
3300048817_34.fna,3300048817_34,5072_1,98.67189130766579
3300050191_40.fna,3300050191_40,5073_1,98.74880681897683
3300050126_15.fna,3300050126_15,5074_1,94.1293081
3300062846_39.fna,3300062846_39,5074_2,99.35781350143743
3300044679_25.fna,3300044679_25,5075_0,93.10742821702507
3300052304_12.fna,3300052304_12,5076_0,85.12270101
3300050130_19.fna,3300050130_19,5077_1,99.44262134557242
3300048792_31.fna,3300048792_31,5078_1,91.05962704979115
3300050349_65.fna,3300050349_65,5079_1,95.72114789488904
3300050011_26.fna,3300050011_26,5079_2,76.07472758283514
3300044697_64.fna,3300044697_64,5080_0,64.07491500965533
3300048793_39.fna,3300048793_39,5081_1,96.92103585207681
3300063339_36.fna,3300063339_36,5082_0,29.080347387226205
3300066457_57.fna,3300066457_57,5083_1,93.19239988188465
3300082206_5.fna,3300082206_5,5083_2,94.41080028342203
3300044831_17.fna,3300044831_17,5084_0,92.32396247912786
3300066540_6.fna,3300066540_6,5085_0,94.14271684994021
3300078171_27.fna,3300078171_27,5086_0,88.15978054373561
3300044830_24.fna,3300044830_24,5087_0,99.28112692100764
3300060666_23.fna,3300060666_23,5088_0,87.22277991
3300044841_3.fna,3300044841_3,5089_1,73.66478179
3300050016_13.fna,3300050016_13,5090_1,91.55323007478816
3300078387_97.fna,3300078387_97,5090_2,84.09533054914216
3300077906_41.fna,3300077906_41,5090_3,93.65364539322009
3300044718_13.fna,3300044718_13,5091_1,91.78138531
3300080033_48.fna,3300080033_48,5091_2,87.82391223599097
3300036816_6.fna,3300036816_6,5092_0,71.65648055950997
3300044833_17.fna,3300044833_17,5093_0,60.296202469788504
3300043158_13.fna,3300043158_13,5094_0,70.35689519
3300053685_16.fna,3300053685_16,5095_0,98.86792631217297
3300044686_5.fna,3300044686_5,5096_1,85.11879239519735
3300053229_70.fna,3300053229_70,5097_0,52.72075572
3300031578_17.fna,3300031578_17,5098_0,74.75886758966526
3300031673_16.fna,3300031673_16,5099_0,34.60888888477687
3300049717_18.fna,3300049717_18,5100_1,90.10761943700237
3300056897_97.fna,3300056897_97,5101_0,63.32319022927484
3300057040_120.fna,3300057040_120,5102_0,48.285632085499174
3300037212_7.fna,3300037212_7,5103_1,60.806031329899675
3300048768_18.fna,3300048768_18,5104_1,64.50634996489778
3300037087_14.fna,3300037087_14,5105_1,81.59679460524556
3300046488_30.fna,3300046488_30,5105_2,67.94636808
3300049726_18.fna,3300049726_18,5106_1,76.08206623
3300037109_8.fna,3300037109_8,5107_1,41.637968521241554
3300046493_21.fna,3300046493_21,5107_2,59.52735684437888
3300044802_28.fna,3300044802_28,5108_0,52.015023161228676
3300056807_53.fna,3300056807_53,5109_0,61.630697511386686
3300028654_6.fna,3300028654_6,5110_0,74.25625547
3300033158_14.fna,3300033158_14,5111_0,61.643866868498826
3300054979_28.fna,3300054979_28,5112_0,77.16301679833943
3300048768_15.fna,3300048768_15,5113_1,76.89907599060055
3300046701_14.fna,3300046701_14,5114_1,67.07194159555908
3300049724_27.fna,3300049724_27,5115_0,75.27771127
3300044799_47.fna,3300044799_47,5116_0,99.28006415
3300060291_71.fna,3300060291_71,5117_0,81.98480113242427
3300046509_20.fna,3300046509_20,5118_1,77.44183372326033
3300050023_6.fna,3300050023_6,5119_1,73.60796336258726
3300046700_15.fna,3300046700_15,5119_2,76.92694268
3300046508_22.fna,3300046508_22,5120_0,76.91791566870526
3300046653_6.fna,3300046653_6,5121_0,76.62713896015458
3300082282_57.fna,3300082282_57,5122_1,63.40672946580004
3300045920_15.fna,3300045920_15,5123_1,66.86075504392386
3300045952_15.fna,3300045952_15,5124_0,47.546292081957084
3300054986_76.fna,3300054986_76,5125_0,98.11091681028788
3300082223_59.fna,3300082223_59,5126_0,69.85484263445485
3300055024_13.fna,3300055024_13,5127_0,99.11490100475429
3300056905_84.fna,3300056905_84,5128_0,82.41298253915244
3300031565_63.fna,3300031565_63,5129_0,70.36913592080532
3300031566_48.fna,3300031566_48,5130_0,32.34408418557059
3300050035_55.fna,3300050035_55,5131_1,81.59651128103685
3300031524_30.fna,3300031524_30,5132_1,91.26395805
3300033983_11.fna,3300033983_11,5132_2,85.83278905415564
3300020583_10.fna,3300020583_10,5133_0,95.65547994056244
3300037165_10.fna,3300037165_10,5134_0,79.03061780931701
3300037231_17.fna,3300037231_17,5135_0,78.09940135169975
3300049928_7.fna,3300049928_7,5136_0,78.55086197
3300014838_20.fna,3300014838_20,5137_0,90.6515693
3300048772_5.fna,3300048772_5,5138_0,83.35256366552773
3300033402_24.fna,3300033402_24,5139_0,67.72658822484811
3300056887_32.fna,3300056887_32,5140_1,72.48206173610461
3300042922_33.fna,3300042922_33,5141_1,72.32705679183759
3300049793_28.fna,3300049793_28,5142_0,81.92243085449671
3300037225_13.fna,3300037225_13,5143_0,42.169155893667494
3300046488_35.fna,3300046488_35,5144_0,77.44658252127195
3300032770_20.fna,3300032770_20,5145_1,94.43233521337173
3300046710_34.fna,3300046710_34,5146_1,82.14384640301388
3300032897_18.fna,3300032897_18,5147_0,82.63434108926502
3300066487_3.fna,3300066487_3,5148_0,98.79331615347478
3300033402_31.fna,3300033402_31,5149_0,91.90291476003325
3300055048_57.fna,3300055048_57,5150_0,87.10386649262459
3300038424_23.fna,3300038424_23,5151_0,62.42979527613402
3300055024_20.fna,3300055024_20,5152_0,74.95902145
3300056752_224.fna,3300056752_224,5153_1,84.90343423
3300066377_41.fna,3300066377_41,5154_0,89.28467874
3300048618_11.fna,3300048618_11,5155_0,77.73179801664551
3300055072_84.fna,3300055072_84,5156_0,63.07858185522325
3300032783_22.fna,3300032783_22,5157_0,67.70847405609764
3300076027_28.fna,3300076027_28,5158_0,72.92768657639172
3300054704_66.fna,3300054704_66,5159_0,92.91293267161231
3300031251_34.fna,3300031251_34,5160_0,33.51056881937047
3300037132_8.fna,3300037132_8,5161_0,89.04972819929256
3300057032_23.fna,3300057032_23,5162_1,102.3650629601731
3300057024_121.fna,3300057024_121,5163_0,89.54112172051323
3300031949_27.fna,3300031949_27,5164_0,82.17608833905709
3300029981_9.fna,3300029981_9,5165_0,83.58015080200691
3300037076_8.fna,3300037076_8,5166_1,99.97595312852502
3300014168_10.fna,3300014168_10,5167_1,101.39221900013824
3300037166_9.fna,3300037166_9,5168_1,87.99263551695142
3300049718_17.fna,3300049718_17,5169_0,73.29054757828067
3300046697_43.fna,3300046697_43,5170_1,82.92930963529696
3300046790_5.fna,3300046790_5,5171_1,54.78774781570061
3300062796_29.fna,3300062796_29,5171_2,50.86445687001049
3300057050_94.fna,3300057050_94,5172_1,91.67355868
3300057055_110.fna,3300057055_110,5173_1,88.96442043
3300033433_20.fna,3300033433_20,5174_1,61.85004715689264
3300037225_18.fna,3300037225_18,5174_2,39.65891024099684
3300038424_26.fna,3300038424_26,5175_0,62.33595149802201
3300057024_85.fna,3300057024_85,5176_1,83.46413801901521
3300057050_13.fna,3300057050_13,5177_0,80.00313762120611
3300056887_135.fna,3300056887_135,5178_0,97.94537043347646
3300052918_61.fna,3300052918_61,5179_0,79.928136
3300057055_77.fna,3300057055_77,5180_0,73.39786469987045
3300031949_30.fna,3300031949_30,5181_1,87.04519385708288
3300044712_315.fna,3300044712_315,5182_0,100.6730996802375
3300063165_4.fna,3300063165_4,5183_0,91.54841175238343
3300056901_129.fna,3300056901_129,5184_1,79.22625818793937
3300057000_79.fna,3300057000_79,5185_0,40.66793725142884
3300057031_76.fna,3300057031_76,5186_0,67.85752422
3300045051_70.fna,3300045051_70,5187_0,66.67553436575001
3300054967_87.fna,3300054967_87,5188_0,83.69342795174147
3300056673_71.fna,3300056673_71,5189_0,88.90710746
3300056798_130.fna,3300056798_130,5190_0,70.48922840902664
3300013296_33.fna,3300013296_33,5191_0,79.53415973513171
3300031249_3.fna,3300031249_3,5192_0,84.92459739
3300044796_118.fna,3300044796_118,5193_0,69.04417270409245
3300056970_50.fna,3300056970_50,5194_0,43.34574753822412
3300048780_32.fna,3300048780_32,5195_0,82.00590827065155
3300057055_8.fna,3300057055_8,5196_1,81.14013188143714
3300057025_38.fna,3300057025_38,5197_0,86.00704357591377
3300048611_16.fna,3300048611_16,5198_0,52.59135118444432
3300048616_19.fna,3300048616_19,5199_0,26.149228844305224
3300054984_78.fna,3300054984_78,5200_1,82.17972096084804
3300057049_66.fna,3300057049_66,5201_0,53.92292491332116
3300057027_23.fna,3300057027_23,5202_1,83.46060023555395
3300057017_73.fna,3300057017_73,5203_0,63.48631297201089
3300082211_34.fna,3300082211_34,5204_0,66.53337617867001
3300072783_22.fna,3300072783_22,5205_0,84.53184406869421
3300031669_19.fna,3300031669_19,5206_1,89.62109160758504
3300056886_65.fna,3300056886_65,5207_0,67.42910970890637
3300057051_23.fna,3300057051_23,5208_1,75.38629388834926
3300037231_15.fna,3300037231_15,5209_0,88.12651045356444
3300057014_119.fna,3300057014_119,5210_1,81.30021952
3300056902_160.fna,3300056902_160,5211_0,67.28026917228038
3300056904_4.fna,3300056904_4,5212_0,79.71159904
3300031539_34.fna,3300031539_34,5213_1,81.23655418631093
3300044799_73.fna,3300044799_73,5214_0,89.61556734031109
3300045955_20.fna,3300045955_20,5215_1,94.35542913
3300044667_12.fna,3300044667_12,5216_0,75.17382078
3300056878_37.fna,3300056878_37,5217_1,68.07773276
3300054681_8.fna,3300054681_8,5218_0,76.93938632991274
3300044712_109.fna,3300044712_109,5219_1,97.63944404516343
3300042876_76.fna,3300042876_76,5220_0,54.763190229274855
3300077110_88.fna,3300077110_88,5221_0,78.63480705117229
3300046509_30.fna,3300046509_30,5222_1,80.05929288948086
3300056895_44.fna,3300056895_44,5223_0,83.80435148017574
3300062784_9.fna,3300062784_9,5224_1,91.67939685879865
3300056887_105.fna,3300056887_105,5225_0,67.89124123737558
3300056970_96.fna,3300056970_96,5226_0,51.83637665183566
3300081487_128.fna,3300081487_128,5227_0,57.218683641776764
3300057004_17.fna,3300057004_17,5228_1,76.33400779007845
3300057026_77.fna,3300057026_77,5229_1,83.54960171593825
3300064746_80.fna,3300064746_80,5230_0,74.98793763669573
3300057049_127.fna,3300057049_127,5231_0,76.48714397921735
3300057056_82.fna,3300057056_82,5232_0,63.03755979521228
3300057044_32.fna,3300057044_32,5233_1,78.25111199728158
3300056889_63.fna,3300056889_63,5234_1,67.32128775622009
3300057055_115.fna,3300057055_115,5234_2,59.516776715270844
3300050025_37.fna,3300050025_37,5235_1,83.84176699218344
3300050026_38.fna,3300050026_38,5236_1,72.26783575297301
3300050132_15.fna,3300050132_15,5236_2,64.61471984228359
3300075322_43.fna,3300075322_43,5237_0,80.83316670559776
3300056673_78.fna,3300056673_78,5238_1,97.48775624643399
3300075322_110.fna,3300075322_110,5239_0,43.97268183367705
3300050140_8.fna,3300050140_8,5240_1,94.17114385511269
3300044820_13.fna,3300044820_13,5241_0,65.92211379063005
3300038451_37.fna,3300038451_37,5242_1,84.32623365779016
3300056902_23.fna,3300056902_23,5243_1,67.44430048
3300057013_90.fna,3300057013_90,5244_0,67.25897840500348
3300056889_129.fna,3300056889_129,5245_1,88.25156244952746
3300056901_120.fna,3300056901_120,5246_1,68.24586592767064
3300056905_28.fna,3300056905_28,5247_0,91.78113281
3300057057_21.fna,3300057057_21,5248_0,59.864377286345345
3300046505_63.fna,3300046505_63,5249_1,90.55222549391745
3300046488_45.fna,3300046488_45,5250_0,69.18099658691177
3300044802_19.fna,3300044802_19,5251_1,78.18714380595654
3300037225_16.fna,3300037225_16,5251_2,56.62394299139492
3300051094_21.fna,3300051094_21,5252_1,86.63038066442166
3300044904_7.fna,3300044904_7,5253_0,74.81079502344467
3300044800_54.fna,3300044800_54,5254_1,74.76673539373134
3300038619_9.fna,3300038619_9,5255_0,73.44772739247061
3300044722_17.fna,3300044722_17,5256_1,86.70276626455002
3300082524_39.fna,3300082524_39,5257_0,73.77456811679836
3300049889_3.fna,3300049889_3,5258_1,86.32739387176879
3300082309_41.fna,3300082309_41,5259_1,52.57714926011503
3300076762_74.fna,3300076762_74,5260_1,79.42586670243978
3300080031_49.fna,3300080031_49,5260_2,55.16405642013418
3300061177_25.fna,3300061177_25,5261_1,81.49872553
3300082260_10.fna,3300082260_10,5262_0,75.61851097803019
3300061177_16.fna,3300061177_16,5263_0,59.068984501475725
3300050232_49.fna,3300050232_49,5264_0,80.28998884761852
3300062820_13.fna,3300062820_13,5265_0,74.98142846303055
3300056880_27.fna,3300056880_27,5266_0,62.53644908750901
3300056880_61.fna,3300056880_61,5267_0,81.19558448785763
3300056880_76.fna,3300056880_76,5268_0,32.07861202892158
3300072970_24.fna,3300072970_24,5269_1,89.99995946
3300072952_2.fna,3300072952_2,5270_0,81.74667581600778
3300078365_7.fna,3300078365_7,5271_0,84.85058360735674
3300044808_72.fna,3300044808_72,5272_0,101.17927620827481
3300066659_120.fna,3300066659_120,5273_0,77.27533287672686
3300063978_30.fna,3300063978_30,5274_0,87.46125012
3300050657_13.fna,3300050657_13,5275_0,94.12173620834791
3300081523_12.fna,3300081523_12,5276_0,60.27671442088977
3300078173_11.fna,3300078173_11,5277_0,99.31356357006904
3300082226_16.fna,3300082226_16,5278_0,100.34117959131314
3300082226_36.fna,3300082226_36,5279_0,96.40016444360359
3300061211_15.fna,3300061211_15,5280_0,61.56698626640897
3300061211_32.fna,3300061211_32,5281_0,78.56305495999564
3300078361_29.fna,3300078361_29,5282_0,86.26829141799907
3300078400_25.fna,3300078400_25,5283_0,72.16577254265307
3300059598_6.fna,3300059598_6,5284_1,101.58065840776521
3300044720_43.fna,3300044720_43,5285_0,100.42582433272118
3300050235_87.fna,3300050235_87,5286_0,91.24017225720488
3300075593_43.fna,3300075593_43,5287_0,59.688296873666545
3300050240_90.fna,3300050240_90,5288_1,94.59325179650291
3300050235_7.fna,3300050235_7,5289_0,73.95252775997591
3300048795_8.fna,3300048795_8,5290_1,87.29607888424533
3300079100_11.fna,3300079100_11,5291_0,57.00745453668387
3300066602_15.fna,3300066602_15,5292_1,88.57750959118488
3300062116_45.fna,3300062116_45,5293_0,63.340592941304436
3300078161_47.fna,3300078161_47,5294_0,62.03468136
3300055047_76.fna,3300055047_76,5295_0,91.83691988871337
3300080686_144.fna,3300080686_144,5296_0,75.86425485765744
3300054986_87.fna,3300054986_87,5297_1,96.23765478
3300054986_10.fna,3300054986_10,5298_0,98.97326083130558
3300072967_36.fna,3300072967_36,5299_0,89.62429114732224
3300082266_43.fna,3300082266_43,5300_1,93.68291191310604
3300056904_156.fna,3300056904_156,5301_0,74.45435315445243
3300057034_115.fna,3300057034_115,5302_0,71.76881790869474
3300082262_29.fna,3300082262_29,5303_0,74.3836421
3300082262_31.fna,3300082262_31,5304_0,77.93108408667588
3300044800_41.fna,3300044800_41,5305_0,87.14115648936699
3300049722_15.fna,3300049722_15,5306_0,78.98063763976467
3300059595_57.fna,3300059595_57,5307_1,80.11679764
3300060332_6.fna,3300060332_6,5308_0,41.176535870154616
3300056811_260.fna,3300056811_260,5309_1,95.29643503960477
3300056750_109.fna,3300056750_109,5310_1,99.30972840757182
3300056751_1.fna,3300056751_1,5311_0,81.37252450649447
3300056972_80.fna,3300056972_80,5312_0,31.471945583118444
3300057034_151.fna,3300057034_151,5313_0,57.82799786
3300062793_6.fna,3300062793_6,5314_0,54.97436692941386
3300077204_28.fna,3300077204_28,5315_1,89.10073383543627
3300076027_13.fna,3300076027_13,5316_0,92.94679752670386
3300050014_40.fna,3300050014_40,5317_1,89.32113159826899
3300050014_54.fna,3300050014_54,5318_0,48.55114990370681
3300056674_107.fna,3300056674_107,5319_0,78.14087409808597
3300050132_27.fna,3300050132_27,5320_0,79.31821876448637
3300056751_42.fna,3300056751_42,5321_0,52.9439592
3300050121_4.fna,3300050121_4,5322_1,89.78844621543013
3300050033_18.fna,3300050033_18,5323_0,94.06566399
3300075321_90.fna,3300075321_90,5324_0,68.08812236123222
3300046488_2.fna,3300046488_2,5325_0,77.58046075
3300075322_89.fna,3300075322_89,5326_0,90.81928993046235
3300046703_1.fna,3300046703_1,5327_0,80.48310703773562
3300050027_10.fna,3300050027_10,5328_0,73.54493214135468
3300056904_110.fna,3300056904_110,5329_0,66.02941741903413
3300056970_77.fna,3300056970_77,5330_0,79.65665155068629
3300078533_64.fna,3300078533_64,5331_0,85.67221652405118
3300017656_6.fna,3300017656_6,5332_0,66.57735684437888
3300080032_124.fna,3300080032_124,5333_0,87.25106801849435
3300063415_3.fna,3300063415_3,5334_1,78.86709415778415
3300045733_21.fna,3300045733_21,5335_0,70.10133281832263
3300046701_25.fna,3300046701_25,5336_0,85.00970818601479
3300034281_4.fna,3300034281_4,5337_0,71.73511364654215
3300054704_36.fna,3300054704_36,5338_0,80.81089355937277
3300054986_6.fna,3300054986_6,5339_0,81.22080747586448
3300054967_39.fna,3300054967_39,5340_0,83.35834206057024
3300045932_9.fna,3300045932_9,5341_1,79.36923836973168
3300020215_6.fna,3300020215_6,5342_0,71.34174467909634
3300082536_47.fna,3300082536_47,5343_1,75.31691633753796
3300054987_69.fna,3300054987_69,5344_0,64.63337561562103
3300076621_73.fna,3300076621_73,5345_0,66.46449816332415
3300054680_21.fna,3300054680_21,5346_0,77.63327802204951
3300060149_19.fna,3300060149_19,5347_1,62.30900586939875
3300061843_63.fna,3300061843_63,5347_2,61.15120624770564
3300037852_93.fna,3300037852_93,5347_3,43.94563519459755
3300062723_62.fna,3300062723_62,5348_1,79.39763546063922
3300076641_14.fna,3300076641_14,5348_2,78.77059762
3300079385_69.fna,3300079385_69,5349_0,71.84347949933677
3300054966_10.fna,3300054966_10,5350_0,76.31904139232108
3300081965_177.fna,3300081965_177,5351_1,81.58888409259781
3300057024_119.fna,3300057024_119,5352_0,74.40139359546285
3300082211_31.fna,3300082211_31,5353_1,80.31847331546442
3300082211_103.fna,3300082211_103,5354_0,75.28081670695504
3300054965_7.fna,3300054965_7,5355_0,90.08569093008282
3300054967_16.fna,3300054967_16,5356_0,78.97029457229164
3300078358_43.fna,3300078358_43,5357_1,75.21255157
3300082215_63.fna,3300082215_63,5357_2,46.34007913065913
3300080064_177.fna,3300080064_177,5358_0,85.42562638367527
3300054987_22.fna,3300054987_22,5359_1,84.52599345011265
3300081827_23.fna,3300081827_23,5360_1,88.95985602148924
3300052304_2.fna,3300052304_2,5361_0,56.148339805209595
3300061179_52.fna,3300061179_52,5362_0,76.57069315632252
3300043783_6.fna,3300043783_6,5363_1,57.75026344770199
3300062811_49.fna,3300062811_49,5364_1,76.87966007047953
3300062791_48.fna,3300062791_48,5364_2,73.17463073928946
3300064109_70.fna,3300064109_70,5364_3,58.67256879795443
3300064003_44.fna,3300064003_44,5365_0,82.79390964493858
3300081832_85.fna,3300081832_85,5366_0,77.69945722633166
3300062565_16.fna,3300062565_16,5367_1,66.68695497187703
3300081964_45.fna,3300081964_45,5367_2,72.32150922
3300050349_28.fna,3300050349_28,5368_1,40.22454480147746
3300051855_26.fna,3300051855_26,5368_2,49.10169267268582
3300066018_124.fna,3300066018_124,5369_0,74.43003674763358
3300049450_36.fna,3300049450_36,5370_1,68.32835575
3300075492_77.fna,3300075492_77,5371_1,95.84789041164164
3300050021_63.fna,3300050021_63,5371_2,96.01202216606642
3300044824_38.fna,3300044824_38,5371_3,94.26819491065876
3300078387_136.fna,3300078387_136,5371_4,87.57721080335642
3300048800_61.fna,3300048800_61,5372_1,90.03967458009573
3300078328_108.fna,3300078328_108,5373_0,77.10395267372547
3300063080_13.fna,3300063080_13,5374_1,79.70575681319461
3300079549_91.fna,3300079549_91,5375_0,52.933276846437096
3300054682_40.fna,3300054682_40,5376_1,79.75276201381014
3300054987_34.fna,3300054987_34,5377_0,64.46116960228177
3300054967_89.fna,3300054967_89,5378_0,84.56884991
3300073840_8.fna,3300073840_8,5379_0,61.85468040688812
3300081965_77.fna,3300081965_77,5380_0,61.81808421523767
3300054682_29.fna,3300054682_29,5381_0,50.57972673954742
3300062826_4.fna,3300062826_4,5382_1,78.68377944997734
3300062708_50.fna,3300062708_50,5383_1,87.10547205770885
3300037138_9.fna,3300037138_9,5384_1,81.85850546
3300054680_15.fna,3300054680_15,5385_1,89.56607693
3300064066_68.fna,3300064066_68,5386_1,88.56580057420373
3300054988_49.fna,3300054988_49,5387_1,92.17006104195188
3300054985_29.fna,3300054985_29,5387_2,94.28158974838111
3300054968_1.fna,3300054968_1,5388_1,73.03955847969138
3300054961_76.fna,3300054961_76,5389_0,76.93167562262342
3300054963_7.fna,3300054963_7,5390_0,81.31587676451477
3300054985_58.fna,3300054985_58,5391_0,89.70628000309303
3300054963_85.fna,3300054963_85,5392_1,91.47595718734058
3300054985_19.fna,3300054985_19,5393_1,82.24297099448184
3300061845_58.fna,3300061845_58,5394_1,84.70913640210762
3300082202_38.fna,3300082202_38,5394_2,63.071071091532474
3300082527_17.fna,3300082527_17,5395_0,59.44915874837337
3300079549_44.fna,3300079549_44,5396_0,64.40951241005739
3300075518_58.fna,3300075518_58,5397_0,68.35916616585448
3300056996_54.fna,3300056996_54,5398_0,68.97387937626048
3300082211_95.fna,3300082211_95,5399_0,33.78391284222123
3300054681_36.fna,3300054681_36,5400_0,57.92866793400751
3300075322_32.fna,3300075322_32,5401_0,77.48984464454291
3300056917_24.fna,3300056917_24,5402_1,92.32094695624505
3300081968_83.fna,3300081968_83,5403_0,89.23462328100878
3300082281_60.fna,3300082281_60,5404_0,95.43760010769739
3300056878_38.fna,3300056878_38,5405_1,66.96421106683852
3300055047_34.fna,3300055047_34,5406_1,66.47187308157623
3300055072_29.fna,3300055072_29,5406_2,64.09015992017865
3300055023_93.fna,3300055023_93,5407_0,60.59731164483122
3300077553_101.fna,3300077553_101,5408_0,72.43963504
3300056863_35.fna,3300056863_35,5409_0,65.16593930851313
3300080687_39.fna,3300080687_39,5410_0,84.58000642355395
3300045994_24.fna,3300045994_24,5411_0,71.79376648786705
3300046700_21.fna,3300046700_21,5412_0,87.93600151026922
3300035168_6.fna,3300035168_6,5413_0,79.84095232
3300057009_7.fna,3300057009_7,5414_0,78.28019266
3300054703_52.fna,3300054703_52,5415_0,79.80200816826037
3300054967_28.fna,3300054967_28,5416_0,68.99883526861838
3300055099_27.fna,3300055099_27,5417_1,96.07198681719635
3300054703_79.fna,3300054703_79,5418_0,83.92694188445547
3300072636_6.fna,3300072636_6,5419_1,83.44954961936783
3300056996_112.fna,3300056996_112,5420_0,77.58411998265593
3300075574_16.fna,3300075574_16,5421_1,77.21586323270466
3300062820_53.fna,3300062820_53,5422_0,75.13562808740609
3300046701_18.fna,3300046701_18,5423_1,91.96181015833243
3300056970_128.fna,3300056970_128,5424_0,71.13390991
3300054968_70.fna,3300054968_70,5425_0,91.82885943066812
3300061856_80.fna,3300061856_80,5426_0,84.74692704991591
3300044686_21.fna,3300044686_21,5427_0,63.00399297354971
3300066490_7.fna,3300066490_7,5428_0,77.21541888249634
3300044808_28.fna,3300044808_28,5429_0,84.41836288020468
3300056905_34.fna,3300056905_34,5430_0,70.53776213197465
3300057040_6.fna,3300057040_6,5431_0,71.28794000867204
3300057053_45.fna,3300057053_45,5432_0,89.90417675334497
3300061641_81.fna,3300061641_81,5433_0,55.36114840046883
3300059341_86.fna,3300059341_86,5434_0,74.85598936
3300075636_4.fna,3300075636_4,5435_0,28.418476976891572
3300056970_79.fna,3300056970_79,5436_0,58.612520353371096
3300067512_57.fna,3300067512_57,5437_0,75.07405031732134
3300051098_14.fna,3300051098_14,5438_1,90.90519405
3300050222_48.fna,3300050222_48,5439_0,91.89451282128583
3300054965_42.fna,3300054965_42,5440_0,65.58870174043672
3300061213_31.fna,3300061213_31,5441_0,74.69997836712058
3300044737_18.fna,3300044737_18,5442_0,85.74773708793043
3300049571_103.fna,3300049571_103,5443_0,81.97433407164294
3300054704_11.fna,3300054704_11,5444_0,89.85008172496849
3300033406_19.fna,3300033406_19,5445_0,89.33529346876031
3300079118_95.fna,3300079118_95,5446_0,74.87983686074053
3300049172_38.fna,3300049172_38,5447_0,99.70429305181227
3300049782_7.fna,3300049782_7,5448_0,100.34652355669776
3300062625_2.fna,3300062625_2,5449_1,84.89259109987051
3300060866_39.fna,3300060866_39,5450_0,71.70137607780653
3300048999_54.fna,3300048999_54,5451_0,67.51437710108833
3300054703_16.fna,3300054703_16,5452_0,67.92445670299733
3300054704_148.fna,3300054704_148,5453_0,93.33795016
3300072952_22.fna,3300072952_22,5454_0,96.05204699336532
3300035674_7.fna,3300035674_7,5455_0,83.65265137253033
3300035683_9.fna,3300035683_9,5456_0,78.86387624937007
3300057027_7.fna,3300057027_7,5457_1,81.79204404080151
3300043640_3.fna,3300043640_3,5458_0,44.01976503248772
3300080037_53.fna,3300080037_53,5459_0,59.419478589388646
3300056864_40.fna,3300056864_40,5460_0,59.89000945801445
3300057042_21.fna,3300057042_21,5461_0,39.96941333146664
3300056970_72.fna,3300056970_72,5462_0,46.115967274859464
3300057042_51.fna,3300057042_51,5463_0,45.152668388983955
3300044983_1.fna,3300044983_1,5464_0,47.11120751805323
3300048890_37.fna,3300048890_37,5465_0,54.54312719789488
3300051238_197.fna,3300051238_197,5466_0,80.76559158569763
3300064096_32.fna,3300064096_32,5467_1,86.29341235786673
3300057031_114.fna,3300057031_114,5468_1,79.02781941
3300057034_155.fna,3300057034_155,5469_0,65.10129672901303
3300056900_38.fna,3300056900_38,5470_1,92.78854117586664
3300045051_187.fna,3300045051_187,5471_0,94.81138309105037
3300081702_70.fna,3300081702_70,5472_0,40.763780520465005
3300056809_152.fna,3300056809_152,5473_1,74.16521780043917
3300081193_22.fna,3300081193_22,5474_1,91.07577295497362
3300056904_31.fna,3300056904_31,5475_1,78.78557630264588
3300057049_121.fna,3300057049_121,5476_0,71.48045280208201
3300031455_7.fna,3300031455_7,5477_0,65.55378155562737
3300062799_52.fna,3300062799_52,5478_0,67.62940880949117
3300063172_305.fna,3300063172_305,5479_1,73.42444801458795
3300064042_171.fna,3300064042_171,5480_0,70.92131251270223
3300057038_2.fna,3300057038_2,5481_1,69.42970818309156
3300054704_114.fna,3300054704_114,5482_0,75.92854764480633
3300082262_5.fna,3300082262_5,5483_0,65.24304479017898
3300028666_5.fna,3300028666_5,5484_1,78.75690667720093
3300045051_7.fna,3300045051_7,5485_0,67.08282613068238
3300031239_8.fna,3300031239_8,5486_1,76.39023192
3300072659_110.fna,3300072659_110,5487_1,91.88305527318735
3300050123_18.fna,3300050123_18,5488_1,76.65858361651978
3300031673_19.fna,3300031673_19,5489_0,52.58877479022589
3300033755_12.fna,3300033755_12,5490_0,74.89610562
3300078526_125.fna,3300078526_125,5491_0,90.21755739270206
3300075656_29.fna,3300075656_29,5492_1,87.21080502016235
3300082193_20.fna,3300082193_20,5493_1,85.19475973999728
3300075652_22.fna,3300075652_22,5494_0,78.31962681121504
3300077658_10.fna,3300077658_10,5495_0,88.89306859874152
3300078525_45.fna,3300078525_45,5496_1,93.45916734507112
3300042923_61.fna,3300042923_61,5497_0,72.19395682353802
3300077675_97.fna,3300077675_97,5498_0,81.69721833428487
3300020152_5.fna,3300020152_5,5499_0,70.88606061106586
3300020156_11.fna,3300020156_11,5500_0,73.12215632904278
3300057030_63.fna,3300057030_63,5501_1,85.76120545250917
3300056865_88.fna,3300056865_88,5502_0,40.94264796484903
3300056973_4.fna,3300056973_4,5503_0,68.04304254346258
3300082211_102.fna,3300082211_102,5504_0,81.79930105474484
3300082281_171.fna,3300082281_171,5505_0,69.91886559
3300054984_6.fna,3300054984_6,5506_0,81.00262019104962
3300057003_69.fna,3300057003_69,5507_1,82.85556824759247
3300057026_69.fna,3300057026_69,5508_0,62.45524787944192
3300057044_5.fna,3300057044_5,5509_0,87.93179759137726
3300044720_45.fna,3300044720_45,5510_1,86.37051061460433
3300044808_37.fna,3300044808_37,5510_2,86.45874015520663
3300044834_67.fna,3300044834_67,5511_0,60.71812445728457
3300050655_8.fna,3300050655_8,5512_1,84.96487351
3300060320_54.fna,3300060320_54,5513_1,77.98722418731255
3300045944_11.fna,3300045944_11,5514_1,78.36486586010332
3300045944_21.fna,3300045944_21,5515_0,74.25573158254193
3300054960_70.fna,3300054960_70,5516_0,77.09690402996033
3300045978_74.fna,3300045978_74,5517_1,79.40876165832219
3300081965_21.fna,3300081965_21,5518_0,41.21383677622722
3300075532_6.fna,3300075532_6,5519_0,78.67061898021392
3300075321_33.fna,3300075321_33,5520_1,50.148346778526154
3300050033_90.fna,3300050033_90,5521_0,87.6118657
3300075533_81.fna,3300075533_81,5522_0,57.32345449424478
3300048762_7.fna,3300048762_7,5523_0,51.776347799793456
3300050028_62.fna,3300050028_62,5524_0,56.67251287515286
3300082197_117.fna,3300082197_117,5525_0,70.07842210264236
3300046505_27.fna,3300046505_27,5526_0,51.247410439903696
3300057024_44.fna,3300057024_44,5527_0,46.12426931608597
3300048821_19.fna,3300048821_19,5528_1,72.63262388775847
3300048765_37.fna,3300048765_37,5529_0,46.10597543302969
3300045978_72.fna,3300045978_72,5530_0,74.21035638658431
3300046722_2.fna,3300046722_2,5531_1,65.62188721815458
3300054963_76.fna,3300054963_76,5532_0,74.39200253173661
3300079102_80.fna,3300079102_80,5533_0,78.08694204346114
3300082215_77.fna,3300082215_77,5534_0,56.61309662496017
3300077657_14.fna,3300077657_14,5535_1,79.69368137664894
3300076605_1.fna,3300076605_1,5536_1,89.58494041032434
3300076607_88.fna,3300076607_88,5537_1,78.28491439290572
3300055239_174.fna,3300055239_174,5538_0,72.24296683903222
3300031027_10.fna,3300031027_10,5539_0,49.90386477988583
3300061639_12.fna,3300061639_12,5540_0,92.51410977081099
3300072687_62.fna,3300072687_62,5541_1,87.46480623005037
3300072651_14.fna,3300072651_14,5541_2,58.51556799750579
3300066487_93.fna,3300066487_93,5542_0,64.85767186593627
3300044722_6.fna,3300044722_6,5543_0,67.93661398577991
3300077742_3.fna,3300077742_3,5544_1,78.73093051673477
3300044711_46.fna,3300044711_46,5545_0,73.45739544103814
3300044983_40.fna,3300044983_40,5546_0,51.25715376479828
3300044737_33.fna,3300044737_33,5547_0,88.24490735
3300054680_42.fna,3300054680_42,5548_0,88.30659347928939
3300059325_24.fna,3300059325_24,5549_0,63.753276349751346
3300044823_33.fna,3300044823_33,5550_1,76.91191634876013
3300081826_89.fna,3300081826_89,5551_1,87.31367868534831
3300079560_120.fna,3300079560_120,5552_1,91.91913749776693
3300036830_12.fna,3300036830_12,5553_0,64.15528898110914
3300052304_60.fna,3300052304_60,5554_0,77.54503850266214
3300048803_9.fna,3300048803_9,5555_0,66.03556799750578
3300054986_33.fna,3300054986_33,5556_0,66.33330473632434
3300046718_31.fna,3300046718_31,5557_1,94.52486494649985
3300046535_39.fna,3300046535_39,5558_0,32.91258160975305
3300046740_28.fna,3300046740_28,5559_0,76.28910705264042
3300077553_69.fna,3300077553_69,5560_0,79.37327601
3300076622_56.fna,3300076622_56,5561_0,87.29213346
3300081832_96.fna,3300081832_96,5562_0,57.89799479169284
3300080032_153.fna,3300080032_153,5563_0,82.46857542435605
3300081826_102.fna,3300081826_102,5564_0,52.28299794
3300036818_5.fna,3300036818_5,5565_1,82.81347576664588
3300054987_4.fna,3300054987_4,5566_0,79.27776891
3300035704_12.fna,3300035704_12,5567_0,69.82476253
3300054963_52.fna,3300054963_52,5568_0,71.74208603476195
3300043788_54.fna,3300043788_54,5569_0,90.74297622250951
3300050350_10.fna,3300050350_10,5570_0,53.081475229510495
3300051855_17.fna,3300051855_17,5571_0,72.17968043486064
3300048773_3.fna,3300048773_3,5572_1,91.62980708719051
3300062790_42.fna,3300062790_42,5573_1,87.47343333
3300031595_10.fna,3300031595_10,5574_0,54.48605923601455
3300054963_43.fna,3300054963_43,5575_0,79.24218238910115
3300046739_39.fna,3300046739_39,5576_1,78.56414832121361
3300079526_24.fna,3300079526_24,5576_2,69.32572006358893
3300051090_10.fna,3300051090_10,5577_0,79.51077340252262
3300056868_6.fna,3300056868_6,5578_0,51.67431270243796
3300049568_27.fna,3300049568_27,5579_1,83.02911985986299
3300063429_50.fna,3300063429_50,5580_1,89.19070081267894
3300063416_56.fna,3300063416_56,5581_0,85.71698404197407
3300042876_148.fna,3300042876_148,5582_0,62.19496950664226
3300044712_320.fna,3300044712_320,5583_0,81.86626722934456
3300050034_45.fna,3300050034_45,5584_1,60.81501485459934
3300050034_30.fna,3300050034_30,5585_1,79.79727443675034
3300050010_31.fna,3300050010_31,5586_1,91.36534849675479
3300050015_15.fna,3300050015_15,5586_2,77.49659013678266
3300037228_7.fna,3300037228_7,5587_0,69.21216560014433
3300063086_7.fna,3300063086_7,5588_0,91.35715391656402
3300044823_45.fna,3300044823_45,5589_1,84.16647368082623
3300048825_38.fna,3300048825_38,5590_1,54.664655752953955
3300050021_18.fna,3300050021_18,5590_2,78.53325000133609
3300018018_23.fna,3300018018_23,5591_0,56.28389395379653
3300081534_76.fna,3300081534_76,5592_0,63.76110138364906
3300033561_5.fna,3300033561_5,5593_1,66.11144517853718
3300044823_37.fna,3300044823_37,5594_1,78.3043583
3300050139_62.fna,3300050139_62,5594_2,70.34806855519284
3300050011_33.fna,3300050011_33,5594_3,68.55626200956651
3300050021_39.fna,3300050021_39,5594_4,67.59649074668536
3300044801_30.fna,3300044801_30,5594_5,37.44756354262609
3300046503_5.fna,3300046503_5,5594_6,72.65608179802543
3300050028_38.fna,3300050028_38,5595_1,73.82214063525831
3300050024_36.fna,3300050024_36,5596_1,74.54325031480643
3300056791_74.fna,3300056791_74,5596_2,76.37129944073149
3300036929_5.fna,3300036929_5,5596_3,74.13855053262255
3300081534_82.fna,3300081534_82,5596_4,61.13801486532826
3300037085_4.fna,3300037085_4,5597_0,69.14599161542598
3300075492_58.fna,3300075492_58,5598_0,69.29925345758414
3300075533_71.fna,3300075533_71,5599_0,49.26266995134766
3300044904_60.fna,3300044904_60,5600_0,65.36950399188414
3300075322_30.fna,3300075322_30,5601_0,72.78931388
3300044796_15.fna,3300044796_15,5602_0,71.47857176
3300048771_30.fna,3300048771_30,5603_1,84.36690822892353
3300048776_19.fna,3300048776_19,5603_2,62.87201889011786
3300056791_63.fna,3300056791_63,5604_1,62.45693007543635
3300044470_48.fna,3300044470_48,5605_0,73.33732884371499
3300048777_13.fna,3300048777_13,5606_1,80.11148487644826
3300048824_37.fna,3300048824_37,5607_1,75.44705261
3300077208_10.fna,3300077208_10,5608_0,87.68756504458081
3300024186_2.fna,3300024186_2,5609_1,72.56412197893056
3300050136_43.fna,3300050136_43,5610_1,87.56050384
3300079560_175.fna,3300079560_175,5611_0,64.17960885006879
3300080028_28.fna,3300080028_28,5612_0,88.04074963581617
3300079559_12.fna,3300079559_12,5613_0,81.63434336214205
3300082209_54.fna,3300082209_54,5614_0,77.01135823557378
3300056587_116.fna,3300056587_116,5615_1,70.94088408890855
3300048813_35.fna,3300048813_35,5616_0,81.03877733
3300051094_132.fna,3300051094_132,5617_0,79.51272584431256
3300056834_47.fna,3300056834_47,5618_1,72.86742252750686
3300056587_115.fna,3300056587_115,5619_1,65.35109321087788
3300079119_57.fna,3300079119_57,5620_0,86.94357105291652
3300079306_54.fna,3300079306_54,5621_0,60.61124621
3300037349_11.fna,3300037349_11,5622_1,90.68095346980768
3300037100_7.fna,3300037100_7,5623_0,77.56911118734058
3300060668_47.fna,3300060668_47,5624_1,68.45147921381856
3300048809_24.fna,3300048809_24,5625_0,60.45318429678514
3300031595_12.fna,3300031595_12,5626_1,76.43174792
3300044679_23.fna,3300044679_23,5626_2,74.20967744
3300044797_33.fna,3300044797_33,5627_0,66.39494082187325
3300048822_22.fna,3300048822_22,5628_0,73.71601366482639
3300036780_18.fna,3300036780_18,5629_0,81.70355337204956
3300062560_85.fna,3300062560_85,5630_0,89.91901550819757
3300062566_19.fna,3300062566_19,5631_0,95.80181165615417
3300075765_21.fna,3300075765_21,5632_0,55.96410105012937
3300078358_38.fna,3300078358_38,5633_0,70.56610656130168
3300056815_1.fna,3300056815_1,5634_0,29.821482843518034
3300064041_66.fna,3300064041_66,5635_0,91.56281529215732
3300021477_12.fna,3300021477_12,5636_0,64.98172855782421
3300060780_44.fna,3300060780_44,5637_0,84.44360598537105
3300062562_58.fna,3300062562_58,5638_0,71.81947808
3300046504_14.fna,3300046504_14,5639_1,56.89612995617699
3300048797_62.fna,3300048797_62,5640_1,77.22009855525182
3300050139_6.fna,3300050139_6,5640_2,77.93409285373481
3300035691_4.fna,3300035691_4,5641_1,90.03859360174017
3300045771_3.fna,3300045771_3,5642_0,77.94232650020763
3300049728_13.fna,3300049728_13,5643_0,75.01532070498541
3300050021_36.fna,3300050021_36,5644_1,64.23815823308948
3300051094_36.fna,3300051094_36,5645_0,90.06635168
3300055024_36.fna,3300055024_36,5646_0,52.49234190748801
3300045806_31.fna,3300045806_31,5647_0,29.62957662309213
3300050031_63.fna,3300050031_63,5648_0,64.56529355012333
3300044821_14.fna,3300044821_14,5649_0,54.57205211534875
3300044898_39.fna,3300044898_39,5650_0,68.15269078011599
3300050031_52.fna,3300050031_52,5651_1,59.98883187809654
3300051094_131.fna,3300051094_131,5651_2,77.00292980999683
3300037049_8.fna,3300037049_8,5652_0,65.52435559813934
3300050134_9.fna,3300050134_9,5653_1,74.86274114012161
3300051094_116.fna,3300051094_116,5654_0,54.77060315608926
3300062626_36.fna,3300062626_36,5655_1,55.32936297661094
3300048812_3.fna,3300048812_3,5656_0,55.985271529052206
3300076650_44.fna,3300076650_44,5657_0,58.99780525583715
3300050010_35.fna,3300050010_35,5658_1,63.593462626408325
3300044682_32.fna,3300044682_32,5659_0,74.53459659785976
3300055278_58.fna,3300055278_58,5660_0,69.30420749954833
3300036780_13.fna,3300036780_13,5661_0,62.08792504762696
3300050116_73.fna,3300050116_73,5662_0,70.22794427049645
3300050010_49.fna,3300050010_49,5663_1,73.31462473292055
3300046478_7.fna,3300046478_7,5664_0,41.80420877334569
3300044679_48.fna,3300044679_48,5665_1,65.89299991529161
3300050192_78.fna,3300050192_78,5666_0,60.76729224418924
3300044796_115.fna,3300044796_115,5667_0,80.67830734
3300081828_87.fna,3300081828_87,5668_0,72.03347404678807
3300050028_60.fna,3300050028_60,5669_1,59.23132726
3300044797_45.fna,3300044797_45,5670_0,61.60534435835659
3300062872_70.fna,3300062872_70,5671_1,82.12006044908632
3300031251_13.fna,3300031251_13,5672_0,56.19602718773983
3300062711_2.fna,3300062711_2,5673_0,69.46681238560963
3300049440_46.fna,3300049440_46,5674_1,81.96437393462213
3300060015_85.fna,3300060015_85,5675_0,60.37889247087682
3300050015_14.fna,3300050015_14,5676_1,71.29169712687599
3300064746_31.fna,3300064746_31,5677_0,72.21585120586961
3300065473_54.fna,3300065473_54,5678_0,76.77288909664597
3300045777_17.fna,3300045777_17,5679_0,55.656453409111656
3300045801_3.fna,3300045801_3,5680_0,62.99318429678513
3300066614_59.fna,3300066614_59,5681_0,64.13566498
3300044811_20.fna,3300044811_20,5682_0,53.03445549655467
3300077818_59.fna,3300077818_59,5683_0,64.06513632063313
3300051238_17.fna,3300051238_17,5684_0,42.981022119684766
3300060318_46.fna,3300060318_46,5685_0,40.002759281442245
3300081967_41.fna,3300081967_41,5686_0,46.76182691073128
3300062860_19.fna,3300062860_19,5687_0,62.32875164971461
3300077800_56.fna,3300077800_56,5688_1,63.280554551380774
3300078526_108.fna,3300078526_108,5689_0,25.506078267929748
3300044656_14.fna,3300044656_14,5690_0,57.68004909008738
3300045003_44.fna,3300045003_44,5691_0,52.00931828060923
3300062562_28.fna,3300062562_28,5692_0,44.13559152042808
3300079400_37.fna,3300079400_37,5693_0,55.40753613135305
3300046376_2.fna,3300046376_2,5694_0,44.11319560784774
3300077734_73.fna,3300077734_73,5695_0,41.97760073738944
3300064040_22.fna,3300064040_22,5696_0,64.64020226445707
3300078732_61.fna,3300078732_61,5697_0,29.02650292500787
3300077300_21.fna,3300077300_21,5698_1,44.03547765501677
3300076761_32.fna,3300076761_32,5699_0,67.74678424139485
3300079690_3.fna,3300079690_3,5700_0,72.70563894695208
3300082192_59.fna,3300082192_59,5701_0,80.41681598
3300061537_117.fna,3300061537_117,5702_0,76.57961858074849
3300082509_5.fna,3300082509_5,5703_0,80.08323513186465
3300082245_29.fna,3300082245_29,5704_0,63.28217525962137
3300056868_88.fna,3300056868_88,5705_1,84.11062963058984
3300081966_35.fna,3300081966_35,5706_0,58.87038428093057
3300081966_159.fna,3300081966_159,5707_0,52.263713228518135
3300036790_20.fna,3300036790_20,5708_1,95.09300662557622
3300081487_166.fna,3300081487_166,5709_1,64.19301520408997
3300051099_17.fna,3300051099_17,5710_0,76.99660480438574
3300078328_5.fna,3300078328_5,5711_0,67.89456397099462
3300056996_63.fna,3300056996_63,5712_1,74.17459284448707
3300062790_31.fna,3300062790_31,5713_0,88.83755531892707
3300048997_30.fna,3300048997_30,5714_0,42.44959852768995
3300066540_63.fna,3300066540_63,5715_0,72.50579187212087
3300062711_9.fna,3300062711_9,5716_0,41.972948454996256
3300037473_16.fna,3300037473_16,5717_0,58.934393956318736
3300051615_54.fna,3300051615_54,5718_0,72.18075868841176
3300049575_36.fna,3300049575_36,5719_1,92.58456154
3300062833_17.fna,3300062833_17,5720_0,74.09489652193061
3300033405_39.fna,3300033405_39,5721_0,90.89960440031905
3300045777_1.fna,3300045777_1,5722_0,85.39521887252309
3300032180_7.fna,3300032180_7,5723_0,78.98738737610923
3300066521_100.fna,3300066521_100,5724_1,97.04616808703588
3300063262_84.fna,3300063262_84,5725_1,96.47950023345624
3300062792_48.fna,3300062792_48,5726_0,74.69036734317656
3300029982_12.fna,3300029982_12,5727_1,65.67404645190116
3300062801_105.fna,3300062801_105,5728_0,90.04913642678572
3300056843_23.fna,3300056843_23,5729_1,102.93835714165395
3300056797_214.fna,3300056797_214,5730_1,84.93591481720249
3300053710_27.fna,3300053710_27,5731_0,91.39744019395859
3300077165_14.fna,3300077165_14,5732_1,99.39405113777703
3300044712_308.fna,3300044712_308,5733_0,100.49829133973707
3300044712_311.fna,3300044712_311,5734_0,100.53222603652596
3300051196_12.fna,3300051196_12,5735_0,88.96276812690816
3300051196_72.fna,3300051196_72,5736_0,51.47238743712822
3300045836_35.fna,3300045836_35,5737_0,84.92995770512898
3300077161_47.fna,3300077161_47,5738_0,85.68865418414491
3300018018_17.fna,3300018018_17,5739_0,74.07027897333505
3300044799_98.fna,3300044799_98,5740_0,66.61781326896049
3300060291_98.fna,3300060291_98,5741_1,80.01635051
3300056902_136.fna,3300056902_136,5742_1,68.86708547492543
3300062838_33.fna,3300062838_33,5743_0,36.53247839992874
3300064042_70.fna,3300064042_70,5744_0,71.57702990386251
3300044811_24.fna,3300044811_24,5745_0,49.65549997097807
3300064042_129.fna,3300064042_129,5746_0,89.26438138664501
3300043598_8.fna,3300043598_8,5747_0,84.12535374268725
3300044722_30.fna,3300044722_30,5748_0,74.86628651
3300044541_16.fna,3300044541_16,5749_0,68.60051593
3300062823_92.fna,3300062823_92,5750_0,80.91360426413678
3300064039_82.fna,3300064039_82,5751_0,81.66857317195452
3300051238_72.fna,3300051238_72,5752_1,85.18886219
3300064408_46.fna,3300064408_46,5753_0,64.93911582416351
3300044835_1.fna,3300044835_1,5754_1,90.72481944118725
3300078161_48.fna,3300078161_48,5754_2,84.33904512
3300044796_30.fna,3300044796_30,5755_0,96.83899489039234
3300036852_10.fna,3300036852_10,5756_0,56.615950540004775
3300046522_31.fna,3300046522_31,5757_0,78.55031190275174
3300072967_42.fna,3300072967_42,5758_0,63.42762764089201
3300044734_13.fna,3300044734_13,5759_0,73.17600854502372
3300073841_59.fna,3300073841_59,5760_0,63.64078759165041
3300079554_5.fna,3300079554_5,5761_0,55.873168830187275
3300079549_70.fna,3300079549_70,5762_1,76.30231384475624
3300082212_92.fna,3300082212_92,5763_0,69.84726855214925
3300062566_29.fna,3300062566_29,5764_0,34.119434681941165
3300062826_7.fna,3300062826_7,5765_0,33.13380199
3300045944_27.fna,3300045944_27,5766_1,81.26126696229386
3300045952_38.fna,3300045952_38,5767_0,62.25576313631554
3300047472_30.fna,3300047472_30,5768_0,98.49751184557687
3300063261_50.fna,3300063261_50,5769_0,92.82953048869524
3300057049_137.fna,3300057049_137,5770_0,74.05017544462626
3300082211_51.fna,3300082211_51,5771_0,72.02462048429409
3300082211_29.fna,3300082211_29,5772_0,34.71582704205664
3300057003_43.fna,3300057003_43,5773_1,84.49739297
3300057031_27.fna,3300057031_27,5774_0,66.36747054334649
3300082281_109.fna,3300082281_109,5775_0,66.84154540028085
3300081965_190.fna,3300081965_190,5776_0,71.53192500192341
3300044800_72.fna,3300044800_72,5777_1,58.56120908543881
3300044904_56.fna,3300044904_56,5777_2,55.197356643486806
3300050031_73.fna,3300050031_73,5778_0,50.32680097486458
3300044470_11.fna,3300044470_11,5779_1,86.78992352867917
3300044801_19.fna,3300044801_19,5779_2,84.77767008096927
3300048827_5.fna,3300048827_5,5780_0,66.57587784904412
3300057055_109.fna,3300057055_109,5781_1,99.62934142
3300056887_35.fna,3300056887_35,5781_2,78.14015086339695
3300044470_43.fna,3300044470_43,5782_1,74.06617146379116
3300060650_42.fna,3300060650_42,5782_2,48.57376610136492
3300046480_2.fna,3300046480_2,5783_0,70.32416248
3300046505_15.fna,3300046505_15,5784_0,71.91796393082751
3300044798_96.fna,3300044798_96,5785_1,63.007173128353045
3300044823_20.fna,3300044823_20,5785_2,68.25929816039655
3300044798_54.fna,3300044798_54,5786_0,35.868915945746444
3300044823_24.fna,3300044823_24,5787_0,77.08320750530268
3300082197_23.fna,3300082197_23,5788_0,71.32574621421274
3300050025_5.fna,3300050025_5,5789_1,74.00759086673364
3300046480_10.fna,3300046480_10,5790_0,38.10831947244923
3300050116_46.fna,3300050116_46,5791_0,77.01450639656301
3300044712_304.fna,3300044712_304,5792_0,94.82941288730868
3300072652_51.fna,3300072652_51,5793_0,83.52749995836612
3300063022_73.fna,3300063022_73,5794_1,92.65423227
3300049823_56.fna,3300049823_56,5795_0,75.72356860359575
3300055048_23.fna,3300055048_23,5796_0,78.87549241120409
3300045770_11.fna,3300045770_11,5797_0,59.38513418331622
3300062792_78.fna,3300062792_78,5798_0,71.49636620370161
3300062833_69.fna,3300062833_69,5799_0,70.28853872385272
3300047629_11.fna,3300047629_11,5800_0,67.51391433966506
3300072783_34.fna,3300072783_34,5801_0,64.34920071113504
3300067033_37.fna,3300067033_37,5802_0,76.90816168616153
3300042876_87.fna,3300042876_87,5803_0,87.80732102289127
3300062776_45.fna,3300062776_45,5804_0,84.45068142028168
3300049580_107.fna,3300049580_107,5805_1,85.52522157469184
3300056977_163.fna,3300056977_163,5806_1,87.71879598973561
3300056675_16.fna,3300056675_16,5807_1,89.95481249348859
3300044673_69.fna,3300044673_69,5808_1,69.64538411
3300045051_111.fna,3300045051_111,5808_2,64.29870356983079
3300062792_53.fna,3300062792_53,5809_1,94.81599980272132
3300065082_77.fna,3300065082_77,5810_0,85.37170507082685
3300056977_237.fna,3300056977_237,5811_1,84.12708903347959
3300044796_8.fna,3300044796_8,5812_0,94.09762701503271
3300063153_14.fna,3300063153_14,5813_1,97.09883923505689
3300063176_37.fna,3300063176_37,5814_0,80.93910498724378
3300044710_52.fna,3300044710_52,5815_1,71.90445798922693
3300044980_29.fna,3300044980_29,5815_2,68.02069784
3300044946_32.fna,3300044946_32,5816_0,81.94520686
3300065081_71.fna,3300065081_71,5817_0,62.721328590112776
3300044819_30.fna,3300044819_30,5818_0,52.82365951247982
3300079560_24.fna,3300079560_24,5819_0,80.77873676750738
3300055258_10.fna,3300055258_10,5820_1,51.71400617168209
3300081791_48.fna,3300081791_48,5820_2,32.77923852090667
3300062863_35.fna,3300062863_35,5821_0,64.87202519635098
3300060746_11.fna,3300060746_11,5822_0,74.76659374932059
3300078313_15.fna,3300078313_15,5823_0,50.20893385948175
3300079509_42.fna,3300079509_42,5824_1,75.93387398336704
3300043602_5.fna,3300043602_5,5825_0,66.18665890580805
3300066486_68.fna,3300066486_68,5826_0,79.99811620016101
3300046722_32.fna,3300046722_32,5827_1,75.29120377241759
3300051200_63.fna,3300051200_63,5828_1,75.38313085893931
3300055273_71.fna,3300055273_71,5828_2,66.25502139439502
3300063339_18.fna,3300063339_18,5829_0,70.64902780576561
3300050138_9.fna,3300050138_9,5830_0,80.62970056517878
3300066608_13.fna,3300066608_13,5831_0,47.09920539310317
3300082504_18.fna,3300082504_18,5832_0,75.59612984476551
3300044648_60.fna,3300044648_60,5833_1,83.56593456025739
3300045996_410.fna,3300045996_410,5834_0,65.48788097973875
3300044648_22.fna,3300044648_22,5835_0,50.080904736504415
3300045996_37.fna,3300045996_37,5836_0,68.67025017280737
3300048820_19.fna,3300048820_19,5837_1,68.70033696
3300050027_35.fna,3300050027_35,5838_0,50.98283750189344
3300044839_23.fna,3300044839_23,5839_0,47.61884605897085
3300059578_13.fna,3300059578_13,5840_0,44.85182220183175
3300045774_7.fna,3300045774_7,5841_1,63.06964751
3300048762_2.fna,3300048762_2,5842_1,52.50244304977221
3300048791_48.fna,3300048791_48,5843_1,82.95011059066874
3300076763_31.fna,3300076763_31,5844_0,77.67468655007578
3300060780_7.fna,3300060780_7,5845_0,70.56236902342717
3300048790_35.fna,3300048790_35,5846_1,79.18154844047523
3300056587_112.fna,3300056587_112,5847_1,73.65504329445443
3300075492_51.fna,3300075492_51,5847_2,63.92642659497355
3300050117_13.fna,3300050117_13,5848_1,50.45182042611002
3300048901_50.fna,3300048901_50,5849_1,63.389066536579044
3300060323_28.fna,3300060323_28,5850_0,53.98597885626711
3300065074_57.fna,3300065074_57,5851_0,55.118939188900605
3300046402_2.fna,3300046402_2,5852_0,42.07217696464609
3300082510_45.fna,3300082510_45,5853_0,61.37648858386681
3300078172_42.fna,3300078172_42,5854_0,43.921141294956215
3300050138_8.fna,3300050138_8,5855_1,74.98770052
3300060646_17.fna,3300060646_17,5856_0,43.31276541659405
3300078359_161.fna,3300078359_161,5857_0,50.66034568296874
3300080064_52.fna,3300080064_52,5858_0,61.91324843506948
3300066018_112.fna,3300066018_112,5859_0,35.61120648665628
3300063086_85.fna,3300063086_85,5860_1,68.33859727742603
3300052304_76.fna,3300052304_76,5861_1,40.87431799421632
3300066018_103.fna,3300066018_103,5861_2,78.38041834350965
3300081831_31.fna,3300081831_31,5861_3,73.50801343963401
3300044980_13.fna,3300044980_13,5861_4,66.48978301433037
3300052894_11.fna,3300052894_11,5862_0,62.69111261468039
3300078288_109.fna,3300078288_109,5863_1,83.49006381604453
3300061638_32.fna,3300061638_32,5864_1,69.27568527723595
3300052894_8.fna,3300052894_8,5864_2,71.87684259724062
3300050350_36.fna,3300050350_36,5865_0,54.11850711558901
3300081830_5.fna,3300081830_5,5866_0,65.33634278146876
3300062889_67.fna,3300062889_67,5867_1,60.902928612417135
3300045020_15.fna,3300045020_15,5868_1,58.41128285957816
3300061624_87.fna,3300061624_87,5868_2,58.69527964090537
3300077820_60.fna,3300077820_60,5868_3,67.54161008900412
3300060889_3.fna,3300060889_3,5868_4,33.11253351657525
3300066457_69.fna,3300066457_69,5869_1,72.44255307334296
3300063174_81.fna,3300063174_81,5870_0,54.366855690213775
3300060656_36.fna,3300060656_36,5871_1,78.20104396
3300050119_59.fna,3300050119_59,5872_0,60.94607664812297
3300044515_20.fna,3300044515_20,5873_1,82.57230127647071
3300082537_26.fna,3300082537_26,5873_2,64.21654799353936
3300044764_9.fna,3300044764_9,5873_3,53.31682831430773
3300064003_12.fna,3300064003_12,5874_1,59.67516263798772
3300048799_41.fna,3300048799_41,5874_2,68.67586049853539
3300079481_28.fna,3300079481_28,5874_3,47.32717244438381
3300060695_43.fna,3300060695_43,5875_1,46.849903866484716
3300064045_37.fna,3300064045_37,5875_2,68.86851597810802
3300043390_3.fna,3300043390_3,5875_3,58.259004116357694
3300052907_10.fna,3300052907_10,5876_1,71.64820126354927
3300064003_11.fna,3300064003_11,5876_2,59.433878025622015
3300082538_51.fna,3300082538_51,5877_1,64.25501336232803
3300077820_75.fna,3300077820_75,5877_2,58.81775523226221
3300078359_30.fna,3300078359_30,5877_3,77.12709977728385
3300050350_45.fna,3300050350_45,5878_0,65.04757489
3300062826_60.fna,3300062826_60,5879_0,47.71367343879281
3300062837_5.fna,3300062837_5,5880_1,58.805059639881385
3300051671_16.fna,3300051671_16,5881_1,63.70889855
3300044946_12.fna,3300044946_12,5881_2,58.10175816069805
3300075769_32.fna,3300075769_32,5881_3,67.13427153589234
3300062790_26.fna,3300062790_26,5882_0,57.33101492444114
3300079560_161.fna,3300079560_161,5883_0,74.29279940529116
3300078359_76.fna,3300078359_76,5884_1,57.54394695574513
3300050471_1.fna,3300050471_1,5885_1,72.41615106798592
3300050467_1.fna,3300050467_1,5885_2,50.30877035297326
3300079119_56.fna,3300079119_56,5886_0,60.13611167071388
3300079404_3.fna,3300079404_3,5887_0,70.22124166182974
3300048789_5.fna,3300048789_5,5888_1,74.29452840763155
3300045778_23.fna,3300045778_23,5889_0,54.91880239373023
3300048789_3.fna,3300048789_3,5890_0,62.54235715226519
3300060695_90.fna,3300060695_90,5891_1,60.72779454449991
3300079401_49.fna,3300079401_49,5891_2,53.30775911035421
3300062625_47.fna,3300062625_47,5892_1,72.05626911775768
3300045766_6.fna,3300045766_6,5893_1,55.44961491760614
3300062130_47.fna,3300062130_47,5894_1,65.21072421340088
3300062832_68.fna,3300062832_68,5895_0,70.91481628506325
3300078359_88.fna,3300078359_88,5896_1,56.17394106906252
3300044797_56.fna,3300044797_56,5897_1,58.91635872494534
3300048759_17.fna,3300048759_17,5897_2,61.34580218306979
3300052304_13.fna,3300052304_13,5898_1,66.22454082046116
3300050117_9.fna,3300050117_9,5899_1,73.35674739
3300063083_78.fna,3300063083_78,5900_0,37.831523292037744
3300064044_101.fna,3300064044_101,5901_0,53.265041316696184
3300079526_40.fna,3300079526_40,5902_0,48.298220844689425
3300050350_62.fna,3300050350_62,5903_1,80.92165759325084
3300066540_50.fna,3300066540_50,5904_0,73.62121691124462
3300048897_54.fna,3300048897_54,5905_0,64.52762764
3300082285_3.fna,3300082285_3,5906_0,59.266170804577385
3300062129_64.fna,3300062129_64,5907_1,72.80303744098228
3300062810_50.fna,3300062810_50,5908_0,63.33567702010704
3300033983_9.fna,3300033983_9,5909_0,54.932019890333976
3300076031_43.fna,3300076031_43,5910_0,71.27116165696484
3300056834_19.fna,3300056834_19,5911_1,72.90928986
3300079119_29.fna,3300079119_29,5912_0,69.09819427334368
3300048779_12.fna,3300048779_12,5913_0,63.723178777681696
3300057031_110.fna,3300057031_110,5914_1,55.06701655855606
3300046792_26.fna,3300046792_26,5915_0,74.04115515497713
3300079690_35.fna,3300079690_35,5916_0,72.72978170895064
3300048817_28.fna,3300048817_28,5917_1,79.81599366998284
3300046478_41.fna,3300046478_41,5917_2,66.67966861854319
3300044822_60.fna,3300044822_60,5918_0,77.76667917681219
3300062124_47.fna,3300062124_47,5919_0,71.51604008957013
3300077820_54.fna,3300077820_54,5920_0,62.33133725660309
3300049728_41.fna,3300049728_41,5921_1,63.968924477790075
3300075492_85.fna,3300075492_85,5922_0,57.66399390857951
3300065074_43.fna,3300065074_43,5923_0,78.50379909164289
3300050351_21.fna,3300050351_21,5924_1,70.69114167221056
3300048822_9.fna,3300048822_9,5925_1,60.050313243460906
3300060695_53.fna,3300060695_53,5925_2,54.47136700947413
3300044697_47.fna,3300044697_47,5926_1,73.67970927959382
3300061180_12.fna,3300061180_12,5926_2,47.64647548028521
3300050045_29.fna,3300050045_29,5927_1,57.79557362490724
3300050127_15.fna,3300050127_15,5927_2,73.06440447861809
3300050012_13.fna,3300050012_13,5927_3,72.19814468
3300078418_84.fna,3300078418_84,5927_4,67.35149582231125
3300063086_38.fna,3300063086_38,5928_0,72.17383558128476
3300046687_26.fna,3300046687_26,5929_1,44.78168113901056
3300064041_67.fna,3300064041_67,5929_2,70.46783560698067
3300064045_150.fna,3300064045_150,5930_0,53.76687868148275
3300077992_105.fna,3300077992_105,5931_1,65.49774766459205
3300079481_56.fna,3300079481_56,5931_2,46.19224302186695
3300061644_7.fna,3300061644_7,5931_3,26.65820325043557
3300046493_11.fna,3300046493_11,5932_0,54.25634779979345
3300048823_11.fna,3300048823_11,5933_1,54.902196511020364
3300056834_8.fna,3300056834_8,5934_0,69.27297246058927
3300062720_37.fna,3300062720_37,5935_1,67.10333307232193
3300061179_77.fna,3300061179_77,5936_0,63.076796754960256
3300081506_43.fna,3300081506_43,5937_0,60.26051381390207
3300050350_56.fna,3300050350_56,5938_1,78.98536510392135
3300078387_157.fna,3300078387_157,5938_2,80.37359450995422
3300077816_44.fna,3300077816_44,5939_1,63.41740949022373
3300077991_29.fna,3300077991_29,5939_2,66.00023559639884
3300076763_83.fna,3300076763_83,5940_0,64.56228947743831
3300050011_27.fna,3300050011_27,5941_0,66.57448213044808
3300043661_29.fna,3300043661_29,5942_0,61.95567106895195
3300063174_90.fna,3300063174_90,5943_0,68.62168782525471
3300048799_1.fna,3300048799_1,5944_1,64.55224515034566
3300050353_50.fna,3300050353_50,5945_1,86.91098942
3300050345_38.fna,3300050345_38,5946_1,67.88462735410371
3300048796_44.fna,3300048796_44,5946_2,77.70743490123117
3300045949_10.fna,3300045949_10,5946_3,46.36767303
3300044822_46.fna,3300044822_46,5947_0,76.38274368424261
3300046478_18.fna,3300046478_18,5948_0,50.354000113072594
3300048815_2.fna,3300048815_2,5949_0,64.00937233197445
3300050118_44.fna,3300050118_44,5950_0,72.91846075183352
3300062805_76.fna,3300062805_76,5951_1,63.75884177740969
3300062792_83.fna,3300062792_83,5952_0,59.0475126
3300062721_20.fna,3300062721_20,5953_0,68.81298720719815
3300065074_34.fna,3300065074_34,5954_0,52.392892233920264
3300080630_10.fna,3300080630_10,5955_0,53.907074923383966
3300050236_16.fna,3300050236_16,5956_1,87.94918219994045
3300049572_81.fna,3300049572_81,5957_0,46.16779413783313
3300066328_24.fna,3300066328_24,5958_0,33.04015195
3300062820_92.fna,3300062820_92,5959_1,49.031835475006375
3300051615_56.fna,3300051615_56,5960_1,50.97475276271328
3300062776_25.fna,3300062776_25,5960_2,50.628513939877884
3300063075_60.fna,3300063075_60,5961_0,49.011327737608966
3300081966_149.fna,3300081966_149,5962_0,66.95816942852468
3300072960_26.fna,3300072960_26,5963_0,63.33549072803116
3300056972_83.fna,3300056972_83,5964_0,71.96458651366085
3300057000_118.fna,3300057000_118,5965_0,75.10222869652338
3300056863_19.fna,3300056863_19,5966_0,40.509060787770544
3300056865_91.fna,3300056865_91,5967_0,42.46130259706327
3300055099_43.fna,3300055099_43,5968_0,72.64212284447841
3300062781_63.fna,3300062781_63,5969_0,55.409042443968275
3300060323_17.fna,3300060323_17,5970_1,68.20212380454332
3300064040_37.fna,3300064040_37,5971_0,54.399387454537845
3300066488_26.fna,3300066488_26,5972_0,57.065582486877595
3300081965_33.fna,3300081965_33,5973_0,62.14068490467155
3300044719_20.fna,3300044719_20,5974_1,60.669190858127905
3300060323_50.fna,3300060323_50,5975_0,62.882756912109265
3300075640_22.fna,3300075640_22,5976_0,70.66885775827974
3300066008_11.fna,3300066008_11,5977_0,63.220654047708095
3300062625_89.fna,3300062625_89,5978_1,60.13402855400944
3300063084_12.fna,3300063084_12,5979_1,78.07149550684406
3300062842_40.fna,3300062842_40,5980_1,72.57268017605092
3300063191_29.fna,3300063191_29,5980_2,72.65121823553619
3300063086_86.fna,3300063086_86,5981_0,71.28270399290459
3300063338_54.fna,3300063338_54,5982_0,73.66281658823382
3300075765_32.fna,3300075765_32,5983_0,47.19728127
3300081828_15.fna,3300081828_15,5984_0,67.49991981380798
3300081831_21.fna,3300081831_21,5985_0,78.89305625089828
3300046712_16.fna,3300046712_16,5986_0,55.134545114663766
3300078367_25.fna,3300078367_25,5987_0,68.50303299
3300082197_123.fna,3300082197_123,5988_0,65.4015718
3300082244_35.fna,3300082244_35,5989_0,52.235441476554826
3300080032_13.fna,3300080032_13,5990_0,41.39594649385525
3300081824_60.fna,3300081824_60,5991_1,64.98976808857088
3300064109_126.fna,3300064109_126,5992_0,62.524432651883174
3300063084_17.fna,3300063084_17,5993_0,49.44298036737086
3300045802_3.fna,3300045802_3,5994_1,72.27383082593501
3300044680_48.fna,3300044680_48,5995_0,71.3288726
3300054985_77.fna,3300054985_77,5996_1,79.58231233958871
3300054705_72.fna,3300054705_72,5997_1,47.361804017418805
3300054985_69.fna,3300054985_69,5997_2,75.90263287702416
3300054964_81.fna,3300054964_81,5998_0,60.26713657448658
3300077553_113.fna,3300077553_113,5999_1,62.99307756824311
3300055049_54.fna,3300055049_54,6000_0,65.58725483330015
3300055049_8.fna,3300055049_8,6001_0,69.25739166
3300076031_48.fna,3300076031_48,6002_0,86.82116181710802
3300081823_22.fna,3300081823_22,6003_1,68.41124382035792
3300081486_34.fna,3300081486_34,6003_2,63.55217402
3300079534_42.fna,3300079534_42,6004_0,66.28032009
3300080032_115.fna,3300080032_115,6005_0,71.34515474762935
3300055023_36.fna,3300055023_36,6006_0,62.18237865
3300079102_7.fna,3300079102_7,6007_1,68.06599853
3300054703_21.fna,3300054703_21,6008_0,66.30685235178608
3300048817_61.fna,3300048817_61,6009_1,87.36392376252971
3300050016_55.fna,3300050016_55,6010_1,90.62312593078248
3300063084_16.fna,3300063084_16,6011_0,49.650412419470484
3300051855_11.fna,3300051855_11,6012_1,75.62028602839592
3300062722_18.fna,3300062722_18,6013_0,68.47133788097686
3300048894_29.fna,3300048894_29,6014_1,60.55701836060774
3300050134_18.fna,3300050134_18,6015_0,75.63030663
3300062725_88.fna,3300062725_88,6016_0,46.92636007720891
3300075769_31.fna,3300075769_31,6017_0,60.14632355310916
3300062722_46.fna,3300062722_46,6018_1,78.7082451
3300079548_52.fna,3300079548_52,6018_2,47.828683904215765
3300075628_6.fna,3300075628_6,6018_3,71.97345832359247
3300062848_40.fna,3300062848_40,6019_1,88.34262306824131
3300046816_48.fna,3300046816_48,6020_0,63.17095231685808
3300062845_49.fna,3300062845_49,6021_1,70.41203451216316
3300079534_58.fna,3300079534_58,6022_0,70.41255249148568
3300060321_23.fna,3300060321_23,6023_1,64.52945990612238
3300076028_21.fna,3300076028_21,6023_2,48.63224115320113
3300049794_2.fna,3300049794_2,6024_1,72.53068014657994
3300063339_96.fna,3300063339_96,6024_2,75.58350390750847
3300078417_1.fna,3300078417_1,6024_3,56.016178238661894
3300081829_57.fna,3300081829_57,6025_1,74.78512335357513
3300078425_54.fna,3300078425_54,6026_0,79.79053914559636
3300062725_48.fna,3300062725_48,6027_1,47.38819178906177
3300062889_88.fna,3300062889_88,6028_1,75.16988019870627
3300062889_62.fna,3300062889_62,6028_2,66.32248803317141
3300082213_26.fna,3300082213_26,6029_0,73.14873872706943
3300063191_56.fna,3300063191_56,6030_1,76.73077793716313
3300050126_22.fna,3300050126_22,6031_1,82.77861092303566
3300041814_3.fna,3300041814_3,6032_1,55.69905185013777
3300050219_5.fna,3300050219_5,6033_1,68.18214273116983
3300082268_26.fna,3300082268_26,6033_2,78.87829990312578
3300077288_44.fna,3300077288_44,6034_0,58.11923852090667
3300079690_43.fna,3300079690_43,6035_0,71.88437909392457
3300075647_3.fna,3300075647_3,6036_0,33.89571297142399
3300079545_35.fna,3300079545_35,6037_0,75.01433407164293
3300057054_76.fna,3300057054_76,6038_1,68.61575767293488
3300056864_23.fna,3300056864_23,6039_1,63.57838295151902
3300057009_13.fna,3300057009_13,6040_0,54.52044799
3300045777_8.fna,3300045777_8,6041_1,66.69077666789792
3300045933_4.fna,3300045933_4,6042_0,66.29345224946782
3300063042_43.fna,3300063042_43,6043_1,73.62579736069388
3300063061_43.fna,3300063061_43,6044_0,60.37278495477168
3300079522_9.fna,3300079522_9,6045_0,67.53159458945383
3300062717_21.fna,3300062717_21,6046_1,71.90736812232298
3300082216_40.fna,3300082216_40,6047_1,57.82036962640832
3300082028_53.fna,3300082028_53,6047_2,64.95641438402029
3300082268_9.fna,3300082268_9,6048_0,80.79407762648397
3300066328_3.fna,3300066328_3,6049_0,50.556673632793114
3300078139_23.fna,3300078139_23,6050_1,64.97461228311424
3300062131_101.fna,3300062131_101,6051_0,60.077044933462396
3300080029_23.fna,3300080029_23,6052_0,60.88160586587237
3300046656_5.fna,3300046656_5,6053_1,66.53899614141989
3300045303_8.fna,3300045303_8,6054_0,60.76523215799781
3300046694_18.fna,3300046694_18,6055_0,51.895786467772936
3300051201_14.fna,3300051201_14,6056_0,69.49824766
3300062792_73.fna,3300062792_73,6057_0,73.90263458039817
3300063022_10.fna,3300063022_10,6058_0,42.13159903751599
3300075636_56.fna,3300075636_56,6059_1,79.1005699
3300044492_7.fna,3300044492_7,6060_1,73.89555009
3300078161_6.fna,3300078161_6,6061_0,62.10168066812765
3300045085_16.fna,3300045085_16,6062_0,64.71994023666082
3300062872_58.fna,3300062872_58,6063_0,70.25282364414842
3300050457_5.fna,3300050457_5,6064_0,86.50006236508428
3300080065_31.fna,3300080065_31,6065_0,52.30004966242539
3300046513_30.fna,3300046513_30,6066_0,71.38952366
3300066521_44.fna,3300066521_44,6067_0,81.09471438233885
3300066490_58.fna,3300066490_58,6068_0,61.86088161513789
3300072328_1.fna,3300072328_1,6069_1,74.43052772685544
3300064095_54.fna,3300064095_54,6070_1,85.97004891839063
3300043594_13.fna,3300043594_13,6071_0,77.72738201205544
3300043595_1.fna,3300043595_1,6072_0,90.23458357882224
3300045996_162.fna,3300045996_162,6073_1,75.12277260017727
3300062833_73.fna,3300062833_73,6074_1,84.1568571
3300063062_42.fna,3300063062_42,6075_0,79.63928088
3300063132_64.fna,3300063132_64,6076_0,60.671823093242416
3300063045_30.fna,3300063045_30,6077_1,91.71775248966351
3300063053_38.fna,3300063053_38,6078_0,79.47537622
3300065082_4.fna,3300065082_4,6079_1,85.69906902
3300065082_90.fna,3300065082_90,6079_2,80.40848553770492
3300063015_7.fna,3300063015_7,6080_0,83.57050363
3300066484_40.fna,3300066484_40,6081_0,66.98036294153741
3300082029_32.fna,3300082029_32,6082_1,68.07397630653868
3300064408_39.fna,3300064408_39,6083_1,65.05227026603073
3300065082_37.fna,3300065082_37,6083_2,56.23468405
3300049741_29.fna,3300049741_29,6084_1,67.53334551
3300066322_64.fna,3300066322_64,6085_0,71.04099985706493
3300062803_27.fna,3300062803_27,6086_0,50.31136675565676
3300064746_120.fna,3300064746_120,6087_1,80.70192506747009
3300066520_20.fna,3300066520_20,6088_0,64.32786792113883
3300062805_117.fna,3300062805_117,6089_0,79.99822914262022
3300063066_28.fna,3300063066_28,6090_0,92.31139774498054
3300066521_61.fna,3300066521_61,6091_1,81.57774657558546
3300082225_95.fna,3300082225_95,6092_0,58.70233072895776
3300054704_96.fna,3300054704_96,6093_0,85.22071794760521
3300055072_79.fna,3300055072_79,6094_0,92.26829304562169
3300044904_47.fna,3300044904_47,6095_0,78.95243888348169
3300054967_18.fna,3300054967_18,6096_0,70.80775427
3300050009_7.fna,3300050009_7,6097_0,74.47359555394169
3300082203_24.fna,3300082203_24,6098_0,71.89975142
3300082217_68.fna,3300082217_68,6099_0,35.65744837
3300081720_6.fna,3300081720_6,6100_1,84.73141680342292
3300044521_61.fna,3300044521_61,6101_0,72.22100786990886
3300059581_52.fna,3300059581_52,6102_0,76.05801214114034
3300079543_10.fna,3300079543_10,6103_1,72.19758296
3300051238_180.fna,3300051238_180,6104_0,86.41833919245882
3300076763_95.fna,3300076763_95,6105_0,59.48253724423937
3300060745_45.fna,3300060745_45,6106_0,29.736101076588263
3300048893_21.fna,3300048893_21,6107_1,84.52997067668885
3300079548_15.fna,3300079548_15,6108_0,93.56011420901613
3300046472_56.fna,3300046472_56,6109_0,57.70136553002429
3300081965_23.fna,3300081965_23,6110_0,80.33867300171693
3300054967_92.fna,3300054967_92,6111_0,69.48174467909634
3300051089_8.fna,3300051089_8,6112_1,91.18898334826058
3300051195_16.fna,3300051195_16,6113_1,78.08673195566558
3300063174_60.fna,3300063174_60,6114_0,74.43420648
3300079690_51.fna,3300079690_51,6115_0,68.15026388909939
3300082267_55.fna,3300082267_55,6116_0,66.57875670738835
3300050227_72.fna,3300050227_72,6117_1,93.03646122
3300051104_11.fna,3300051104_11,6118_0,66.03169441
3300051096_121.fna,3300051096_121,6119_1,96.97158794605963
3300060321_56.fna,3300060321_56,6119_2,86.46942888905303
3300049927_15.fna,3300049927_15,6119_3,73.58246577307457
3300060884_46.fna,3300060884_46,6120_0,68.3685793
3300078533_41.fna,3300078533_41,6121_0,63.816429737581174
3300050231_49.fna,3300050231_49,6122_1,74.14863533831007
3300075533_68.fna,3300075533_68,6123_1,89.88635063135251
3300046710_25.fna,3300046710_25,6123_2,92.88272923624135
3300046722_46.fna,3300046722_46,6124_1,83.18121572960058
3300082193_66.fna,3300082193_66,6125_0,85.93011232706114
3300062561_63.fna,3300062561_63,6126_0,86.79491471659325
3300045952_22.fna,3300045952_22,6127_0,76.24432406261788
3300062791_54.fna,3300062791_54,6128_0,51.30956950092989
3300063339_46.fna,3300063339_46,6129_1,61.322352015100925
3300044521_24.fna,3300044521_24,6130_0,62.99442571167339
3300062799_159.fna,3300062799_159,6131_0,68.87393732744886
3300055047_69.fna,3300055047_69,6132_0,76.94817498950162
3300051238_155.fna,3300051238_155,6133_1,89.42278065032684
3300048892_63.fna,3300048892_63,6134_0,92.50046173939712
3300044802_31.fna,3300044802_31,6135_0,73.78168113901057
3300055024_16.fna,3300055024_16,6136_0,91.02792644944749
3300046508_41.fna,3300046508_41,6137_1,41.90151593752694
3300046509_25.fna,3300046509_25,6137_2,68.74021961
3300075321_93.fna,3300075321_93,6138_1,86.67553670197418
3300075573_109.fna,3300075573_109,6138_2,79.05491374061533
3300050019_3.fna,3300050019_3,6139_1,68.68717290603051
3300046710_28.fna,3300046710_28,6139_2,92.89642268
3300078364_50.fna,3300078364_50,6140_0,63.76781358310494
3300057048_89.fna,3300057048_89,6141_1,84.29781793703191
3300075322_15.fna,3300075322_15,6142_1,80.51591624321901
3300046485_18.fna,3300046485_18,6143_0,79.68387860234527
3300051200_60.fna,3300051200_60,6144_0,61.22489652193062
3300051201_77.fna,3300051201_77,6145_0,51.06856668362454
3300050240_36.fna,3300050240_36,6146_0,57.561783864190936
3300057000_93.fna,3300057000_93,6147_1,67.06442037345737
3300081965_203.fna,3300081965_203,6147_2,56.96494318513933
3300079428_40.fna,3300079428_40,6148_0,57.71327580454332
3300082245_65.fna,3300082245_65,6149_1,59.85494993973586
3300061846_26.fna,3300061846_26,6150_1,67.48436394332619
3300079162_47.fna,3300079162_47,6150_2,63.74212783924007
3300079482_38.fna,3300079482_38,6150_3,68.04333368
3300082033_55.fna,3300082033_55,6150_4,62.92320394232553
3300082286_10.fna,3300082286_10,6151_0,29.93931008097485
3300076639_30.fna,3300076639_30,6152_1,50.84833838722621
3300049249_9.fna,3300049249_9,6153_1,78.67309851485284
3300063032_27.fna,3300063032_27,6154_1,79.17695122003609
3300063052_6.fna,3300063052_6,6155_0,62.96906425356413
3300056884_106.fna,3300056884_106,6156_1,71.61789287706696
3300056996_127.fna,3300056996_127,6157_1,50.098586104152744
3300082281_200.fna,3300082281_200,6158_0,53.83174969
3300054114_76.fna,3300054114_76,6159_1,77.56032385990135
3300045996_354.fna,3300045996_354,6160_0,44.285092763705585
3300053671_66.fna,3300053671_66,6161_0,68.98606155185644
3300051238_50.fna,3300051238_50,6162_0,52.610973227114705
3300063060_13.fna,3300063060_13,6163_1,80.00645857796736
3300045944_20.fna,3300045944_20,6164_1,77.28057194912006
3300045920_42.fna,3300045920_42,6165_1,69.6747354
3300046482_22.fna,3300046482_22,6166_1,53.56793247031077
3300048610_9.fna,3300048610_9,6167_0,66.07336125153807
3300075593_84.fna,3300075593_84,6168_0,63.583256959954554
3300082263_57.fna,3300082263_57,6169_0,69.89229058778878
3300050221_7.fna,3300050221_7,6170_1,82.09803923272985
3300051238_159.fna,3300051238_159,6170_2,74.01413381944413
3300050240_64.fna,3300050240_64,6171_0,79.26617810058491
3300051097_34.fna,3300051097_34,6172_1,66.37662333046114
3300056744_27.fna,3300056744_27,6173_0,49.06468405399441
3300051104_10.fna,3300051104_10,6174_0,50.7014821
3300082029_58.fna,3300082029_58,6175_1,52.26357113809611
3300082055_14.fna,3300082055_14,6175_2,70.93949368788394
3300051098_38.fna,3300051098_38,6176_0,59.42525067388326
3300072658_64.fna,3300072658_64,6177_1,74.80020956965443
3300063044_36.fna,3300063044_36,6178_0,75.78113908799835
3300080737_135.fna,3300080737_135,6179_0,79.74633814870036
3300078578_28.fna,3300078578_28,6180_1,76.62935387537428
3300064125_18.fna,3300064125_18,6181_1,82.92884895942245
3300054960_18.fna,3300054960_18,6182_0,81.27379703988065
3300018060_4.fna,3300018060_4,6183_0,45.04912625004887
3300082196_11.fna,3300082196_11,6184_0,67.61558718035344
3300051195_13.fna,3300051195_13,6185_1,74.81228172586317
3300051182_3.fna,3300051182_3,6186_0,28.53089864943718
3300056996_46.fna,3300056996_46,6187_0,54.326874904069896
3300050025_52.fna,3300050025_52,6188_1,82.16350528
3300044824_18.fna,3300044824_18,6189_0,89.05368293867174
3300051094_34.fna,3300051094_34,6190_1,90.10272872461834
3300055024_100.fna,3300055024_100,6190_2,74.35283722470517
3300082197_118.fna,3300082197_118,6191_0,72.12824644502717
3300048618_12.fna,3300048618_12,6192_1,76.85239127319167
3300082266_70.fna,3300082266_70,6193_1,81.52861615367262
3300057014_56.fna,3300057014_56,6194_0,72.93509868
3300056899_65.fna,3300056899_65,6195_1,89.33050045806924
3300057048_72.fna,3300057048_72,6196_0,64.50772844035579
3300082197_125.fna,3300082197_125,6197_0,73.62667581600778
3300051204_57.fna,3300051204_57,6198_1,89.76951864037913
3300050226_57.fna,3300050226_57,6199_0,83.73645600148505
3300066008_114.fna,3300066008_114,6200_0,88.78173611
3300072121_23.fna,3300072121_23,6201_0,78.87049526153497
3300062684_7.fna,3300062684_7,6202_0,87.99290135501361
3300064039_49.fna,3300064039_49,6203_0,79.43198366
3300064109_68.fna,3300064109_68,6204_0,81.85031207321457
3300063080_55.fna,3300063080_55,6205_1,83.26679224624434
3300044515_2.fna,3300044515_2,6206_0,88.78969374347409
3300044807_5.fna,3300044807_5,6207_1,88.65844452622792
3300045119_14.fna,3300045119_14,6208_0,75.87030587641691
3300043538_11.fna,3300043538_11,6209_1,85.39927889020078
3300064044_71.fna,3300064044_71,6209_2,76.53870940293918
3300037392_1.fna,3300037392_1,6210_0,56.59636941373633
3300066457_42.fna,3300066457_42,6211_0,60.51615400483106
3300043485_9.fna,3300043485_9,6212_1,85.04758185481904
3300066659_57.fna,3300066659_57,6212_2,87.50036653794625
3300044447_9.fna,3300044447_9,6212_3,85.49293386
3300044722_13.fna,3300044722_13,6213_0,80.13254606234912
3300062689_39.fna,3300062689_39,6214_1,89.39841253544841
3300049004_33.fna,3300049004_33,6215_1,72.44682184615453
3300062860_22.fna,3300062860_22,6215_2,44.46484092115883
3300044703_57.fna,3300044703_57,6216_1,89.12511414436914
3300044720_8.fna,3300044720_8,6216_2,62.83376984098239
3300013296_23.fna,3300013296_23,6216_3,88.23248683995745
3300044839_7.fna,3300044839_7,6216_4,60.96663956581329
3300050478_4.fna,3300050478_4,6217_1,80.15992508887481
3300066457_51.fna,3300066457_51,6217_2,87.68434235478414
3300053644_25.fna,3300053644_25,6217_3,83.44279474249264
3300044810_24.fna,3300044810_24,6218_0,84.70551632371141
3300066017_50.fna,3300066017_50,6219_1,82.72472239
3300064040_75.fna,3300064040_75,6220_0,82.68656316543345
3300043388_3.fna,3300043388_3,6221_1,79.9092915
3300051098_41.fna,3300051098_41,6221_2,78.13536067552022
3300023046_1.fna,3300023046_1,6221_3,88.41136183654594
3300044840_11.fna,3300044840_11,6222_1,85.77575459656387
3300044677_21.fna,3300044677_21,6222_2,80.36329239558474
3300044838_33.fna,3300044838_33,6222_3,67.60378632957105
3300078163_28.fna,3300078163_28,6223_0,73.57612207202338
3300048997_23.fna,3300048997_23,6224_0,82.18788165802748
3300076030_6.fna,3300076030_6,6225_0,61.952192335643936
3300078045_56.fna,3300078045_56,6226_0,59.679587027794234
3300028146_2.fna,3300028146_2,6227_1,81.06722982884608
3300049456_39.fna,3300049456_39,6227_2,83.16947400867859
3300062826_3.fna,3300062826_3,6227_3,75.41699003242412
3300044525_4.fna,3300044525_4,6228_1,63.53244504109986
3300045283_25.fna,3300045283_25,6228_2,84.38171794
3300045241_8.fna,3300045241_8,6228_3,83.48183886062353
3300013308_19.fna,3300013308_19,6228_4,83.94989289335086
3300044736_27.fna,3300044736_27,6229_0,87.38471199630708
3300062689_7.fna,3300062689_7,6230_1,93.42117833839939
3300082193_76.fna,3300082193_76,6231_0,77.47571139552633
3300082245_23.fna,3300082245_23,6232_1,75.85725657
3300044854_18.fna,3300044854_18,6233_0,61.768884283524955
3300045283_24.fna,3300045283_24,6234_0,74.30564684806743
3300082524_26.fna,3300082524_26,6235_0,72.01925805171153
3300050215_4.fna,3300050215_4,6236_1,83.58399654921568
3300044834_29.fna,3300044834_29,6237_0,71.23561195521623
3300080648_38.fna,3300080648_38,6238_0,33.305824471935274
3300051238_189.fna,3300051238_189,6239_1,80.63828097812915
3300045120_13.fna,3300045120_13,6240_0,83.5824879
3300061536_14.fna,3300061536_14,6241_0,75.11337893622505
3300081525_7.fna,3300081525_7,6242_0,78.40672337093551
3300044829_13.fna,3300044829_13,6243_1,83.73483574907723
3300044812_18.fna,3300044812_18,6243_2,88.37795903124864
3300044817_5.fna,3300044817_5,6243_3,62.93089864943718
3300059576_22.fna,3300059576_22,6244_0,88.44243910485743
3300062721_91.fna,3300062721_91,6245_0,74.08177742903378
3300044834_9.fna,3300044834_9,6246_0,84.39834851789091
3300050654_27.fna,3300050654_27,6247_0,72.53110788790056
3300082073_98.fna,3300082073_98,6248_0,87.64668047562208
3300044837_34.fna,3300044837_34,6249_0,65.87567889272103
3300060895_27.fna,3300060895_27,6250_0,86.58270622178546
3300060319_45.fna,3300060319_45,6251_0,60.04356447779621
3300062690_39.fna,3300062690_39,6252_1,93.30618119876729
3300049260_34.fna,3300049260_34,6253_1,92.63832705474243
3300044704_25.fna,3300044704_25,6253_2,93.36801449473482
3300064044_72.fna,3300064044_72,6254_0,78.17053358373387
3300044720_39.fna,3300044720_39,6255_0,88.47027653134964
3300062690_43.fna,3300062690_43,6256_1,48.45023818569463
3300062838_36.fna,3300062838_36,6256_2,85.68783443
3300064310_17.fna,3300064310_17,6257_0,67.34607513895068
3300075532_38.fna,3300075532_38,6258_0,67.55009264
3300079107_28.fna,3300079107_28,6259_0,90.51881601
3300045282_33.fna,3300045282_33,6260_0,75.90791422290347
3300059581_9.fna,3300059581_9,6261_1,77.60403278586338
3300062721_39.fna,3300062721_39,6262_1,81.10416165837289
3300075767_17.fna,3300075767_17,6262_2,87.89107755666771
3300048893_37.fna,3300048893_37,6262_3,86.00265107975065
3300060318_56.fna,3300060318_56,6263_0,46.25881573359525
3300051187_7.fna,3300051187_7,6264_0,81.97840444116551
3300049447_8.fna,3300049447_8,6265_0,64.95468405399441
3300046703_6.fna,3300046703_6,6266_1,75.36330742
3300049589_80.fna,3300049589_80,6267_0,70.85936936
3300050222_75.fna,3300050222_75,6268_0,83.36048399766662
3300050659_6.fna,3300050659_6,6269_0,76.11467451008384
3300059598_39.fna,3300059598_39,6270_0,74.53926374182541
3300050656_1.fna,3300050656_1,6271_1,87.76246136611492
3300082073_13.fna,3300082073_13,6271_2,76.39662770209253
3300053063_28.fna,3300053063_28,6271_3,84.40112658220694
3300061637_35.fna,3300061637_35,6271_4,79.99948909345521
3300056387_26.fna,3300056387_26,6271_5,40.33195178963636
3300077141_20.fna,3300077141_20,6271_6,53.641128075209735
3300065429_14.fna,3300065429_14,6272_0,87.54077716616669
3300046708_4.fna,3300046708_4,6273_0,73.52034964460935
3300064042_83.fna,3300064042_83,6274_1,86.08047248044562
3300082226_33.fna,3300082226_33,6275_0,63.67201269842522
3300062858_11.fna,3300062858_11,6276_0,61.46319446057641
3300047053_5.fna,3300047053_5,6277_1,93.69836106839199
3300066608_67.fna,3300066608_67,6278_1,70.12654781044793
3300066659_90.fna,3300066659_90,6278_2,87.97391547
3300061637_42.fna,3300061637_42,6279_0,70.76793490684777
3300064039_56.fna,3300064039_56,6280_0,74.67881852
3300066608_27.fna,3300066608_27,6281_1,56.052769362383636
3300078530_12.fna,3300078530_12,6281_2,79.91397014513207
3300066505_11.fna,3300066505_11,6282_0,81.13394621
3300080626_25.fna,3300080626_25,6283_0,63.51772984331053
3300050657_27.fna,3300050657_27,6284_1,77.50428092498494
3300050659_21.fna,3300050659_21,6284_2,62.95875275
3300081791_13.fna,3300081791_13,6285_0,68.82429699048834
3300046515_15.fna,3300046515_15,6286_0,65.93955441
3300062782_2.fna,3300062782_2,6287_0,85.47676629
3300062865_6.fna,3300062865_6,6288_0,57.21117687319436
3300081525_31.fna,3300081525_31,6289_0,66.79978302331897
3300044808_21.fna,3300044808_21,6290_0,77.05879710482391
3300044983_91.fna,3300044983_91,6291_0,77.50998517933736
3300046706_13.fna,3300046706_13,6292_0,79.13713720228282
3300060647_3.fna,3300060647_3,6293_0,84.18685966818079
3300066533_35.fna,3300066533_35,6294_0,48.640168911623775
3300061783_3.fna,3300061783_3,6295_0,69.21943249217382
3300081786_33.fna,3300081786_33,6296_0,82.59813109
3300081791_31.fna,3300081791_31,6297_0,78.48474493173363
3300020181_2.fna,3300020181_2,6298_0,60.59049821837859
3300076038_16.fna,3300076038_16,6299_0,83.52767583158871
3300034173_4.fna,3300034173_4,6300_1,75.66173329893424
3300079540_20.fna,3300079540_20,6301_0,77.39197020698045
3300051179_3.fna,3300051179_3,6302_0,82.78272102740085
3300044720_33.fna,3300044720_33,6303_0,64.60012310752886
3300046488_18.fna,3300046488_18,6304_0,71.86670856255468
3300050015_98.fna,3300050015_98,6305_0,86.33967454874865
3300048760_22.fna,3300048760_22,6306_0,81.48438152409862
3300081534_54.fna,3300081534_54,6307_0,67.32390967
3300057017_82.fna,3300057017_82,6308_1,83.79096163
3300056897_18.fna,3300056897_18,6309_1,95.35436004678168
3300057029_119.fna,3300057029_119,6310_0,96.75087332532523
3300075936_21.fna,3300075936_21,6311_1,71.79056010447896
3300060355_117.fna,3300060355_117,6312_1,60.52256365328401
3300064109_65.fna,3300064109_65,6312_2,44.80995882494762
3300066017_32.fna,3300066017_32,6313_1,62.00158478303119
3300078314_29.fna,3300078314_29,6313_2,54.90398448143934
3300077818_26.fna,3300077818_26,6313_3,64.24045989670007
3300076622_24.fna,3300076622_24,6314_1,75.83358598
3300061179_33.fna,3300061179_33,6314_2,66.82879586535596
3300078171_29.fna,3300078171_29,6314_3,66.55839426655385
3300044713_22.fna,3300044713_22,6315_1,59.86246393955527
3300061537_55.fna,3300061537_55,6315_2,51.122700241595226
3300081964_25.fna,3300081964_25,6316_0,52.68545116644688
3300073837_42.fna,3300073837_42,6317_0,49.38083023919419
3300078162_2.fna,3300078162_2,6318_1,68.58985587719204
3300062836_26.fna,3300062836_26,6319_1,46.85011417859893
3300076623_44.fna,3300076623_44,6319_2,67.11212402349523
3300077820_66.fna,3300077820_66,6319_3,57.615499148876594
3300062626_24.fna,3300062626_24,6320_1,78.66628886228847
3300077820_79.fna,3300077820_79,6321_1,72.34468900292102
3300082270_25.fna,3300082270_25,6321_2,73.13061311255956
3300081826_75.fna,3300081826_75,6322_1,72.66864433075105
3300079560_100.fna,3300079560_100,6322_2,80.86122262814098
3300079481_44.fna,3300079481_44,6323_1,68.65666675808833
3300075769_7.fna,3300075769_7,6323_2,71.48511271167139
3300079119_11.fna,3300079119_11,6323_3,49.73225596935197
3300060650_8.fna,3300060650_8,6323_4,73.30157675127434
3300062724_66.fna,3300062724_66,6324_0,50.73996057
3300080028_134.fna,3300080028_134,6325_0,70.64064283852369
3300080028_68.fna,3300080028_68,6326_0,61.363726670803835
3300062567_50.fna,3300062567_50,6327_1,65.79509179319652
3300082222_25.fna,3300082222_25,6328_0,47.14868998733363
3300080033_5.fna,3300080033_5,6329_0,37.33067212
3300080033_9.fna,3300080033_9,6330_0,39.99407437048664
3300077109_2.fna,3300077109_2,6331_1,63.45724922562178
3300078372_9.fna,3300078372_9,6331_2,52.492983446383924
3300060654_51.fna,3300060654_51,6332_1,46.46081858853031
3300060779_29.fna,3300060779_29,6333_1,62.433955821018415
3300063081_18.fna,3300063081_18,6333_2,33.86016268959987
3300061216_15.fna,3300061216_15,6334_0,43.42707118077251
3300082204_51.fna,3300082204_51,6335_0,44.629689414191475
3300061213_13.fna,3300061213_13,6336_0,50.58714067692486
3300066017_8.fna,3300066017_8,6337_0,67.75026291706466
3300054962_38.fna,3300054962_38,6338_1,77.86937990453936
3300081965_102.fna,3300081965_102,6339_0,75.82841940044995
3300056867_44.fna,3300056867_44,6340_1,93.53339112205225
3300057056_52.fna,3300057056_52,6341_1,82.17082038400633
3300082211_21.fna,3300082211_21,6342_0,74.01367152379997
3300082281_4.fna,3300082281_4,6343_0,67.91034032236254
3300081965_95.fna,3300081965_95,6344_0,89.88098513934055
3300082281_192.fna,3300082281_192,6345_0,79.05818853
3300054703_68.fna,3300054703_68,6346_0,77.98316759746413
3300051200_13.fna,3300051200_13,6347_1,83.81474151680682
3300078750_25.fna,3300078750_25,6348_0,59.760693527433666
3300054986_17.fna,3300054986_17,6349_0,77.96174489933163
3300076629_6.fna,3300076629_6,6350_0,70.75914513719586
3300054967_11.fna,3300054967_11,6351_1,83.90642218734465
3300079549_61.fna,3300079549_61,6352_1,78.87889325801724
3300063053_37.fna,3300063053_37,6353_1,85.04329081992866
3300063045_24.fna,3300063045_24,6353_2,72.91687648
3300063062_54.fna,3300063062_54,6354_0,42.29685395699024
3300080737_7.fna,3300080737_7,6355_0,58.72881950777341
3300063054_39.fna,3300063054_39,6356_0,33.772842854010875
3300061641_13.fna,3300061641_13,6357_0,71.54029520722675
3300057000_58.fna,3300057000_58,6358_1,71.24722849655467
3300079549_129.fna,3300079549_129,6359_0,71.54796852124156
3300066614_35.fna,3300066614_35,6360_0,80.96605923601456
3300082212_14.fna,3300082212_14,6361_0,70.83570519531287
3300054983_32.fna,3300054983_32,6362_0,30.524939261828397
3300072657_39.fna,3300072657_39,6363_0,61.72205890823145
3300079690_74.fna,3300079690_74,6364_0,63.944175249823985
3300054704_153.fna,3300054704_153,6365_1,69.73596366763597
3300054986_57.fna,3300054986_57,6365_2,73.47346259647334
3300055072_100.fna,3300055072_100,6366_0,72.90206917632752
3300079119_43.fna,3300079119_43,6367_0,62.39763793834353
3300079690_65.fna,3300079690_65,6368_0,35.093248394636596
3300081965_160.fna,3300081965_160,6369_0,70.22199062035212
3300054984_73.fna,3300054984_73,6370_0,76.58141005332224
3300057024_142.fna,3300057024_142,6371_1,84.11148632629119
3300057024_158.fna,3300057024_158,6372_0,53.123705680387296
3300057052_30.fna,3300057052_30,6373_1,74.90923620554817
3300080031_63.fna,3300080031_63,6374_0,62.078648561029745
3300050226_40.fna,3300050226_40,6375_0,85.65995527793784
3300081965_116.fna,3300081965_116,6376_0,89.63027735
3300057013_153.fna,3300057013_153,6377_0,36.69278100832799
3300072780_84.fna,3300072780_84,6378_0,67.05406950745412
3300031965_21.fna,3300031965_21,6379_0,77.06987758726672
3300065455_27.fna,3300065455_27,6380_0,69.30980284
3300044712_306.fna,3300044712_306,6381_0,73.78572886374528
3300062823_116.fna,3300062823_116,6382_0,76.11261614479226
3300049574_69.fna,3300049574_69,6383_1,77.85258584511078
3300049744_42.fna,3300049744_42,6384_1,88.10706119801219
3300049571_39.fna,3300049571_39,6385_0,75.31760203594946
3300076760_9.fna,3300076760_9,6386_1,87.78141104
3300078366_23.fna,3300078366_23,6386_2,89.14852482086765
3300043667_14.fna,3300043667_14,6387_0,86.96298085
3300077141_16.fna,3300077141_16,6388_0,88.41269728975023
3300044808_1.fna,3300044808_1,6389_0,66.43858850370289
3300044816_52.fna,3300044816_52,6390_1,91.38865812
3300044722_31.fna,3300044722_31,6390_2,93.80481970426679
3300043630_4.fna,3300043630_4,6391_0,90.54496506186766
3300043598_7.fna,3300043598_7,6392_1,78.26196086714019
3300044808_70.fna,3300044808_70,6392_2,72.79501165
3300054982_32.fna,3300054982_32,6393_0,73.32075038659916
3300044833_19.fna,3300044833_19,6394_0,63.54908274262155
3300050019_64.fna,3300050019_64,6395_1,89.45144064265155
3300044734_12.fna,3300044734_12,6396_0,64.39993364454044
3300050011_49.fna,3300050011_49,6397_1,82.53093936799095
3300066540_5.fna,3300066540_5,6397_2,79.93039943542485
3300044833_48.fna,3300044833_48,6398_1,94.51563661835344
3300060746_24.fna,3300060746_24,6399_0,68.21421894904326
3300043598_3.fna,3300043598_3,6400_0,66.43194111
3300082073_123.fna,3300082073_123,6401_0,85.83862807
3300066008_54.fna,3300066008_54,6402_0,70.64326858353681
3300044750_14.fna,3300044750_14,6403_1,52.41927726527513
3300078161_35.fna,3300078161_35,6403_2,88.73230198874356
3300044252_8.fna,3300044252_8,6404_0,81.88996725
3300044750_8.fna,3300044750_8,6405_0,83.98407105787282
3300078584_26.fna,3300078584_26,6406_0,90.48977749138925
3300075533_38.fna,3300075533_38,6407_1,67.75017069195069
3300048800_11.fna,3300048800_11,6407_2,80.91246002195624
3300076763_179.fna,3300076763_179,6407_3,57.80698006604335
3300075324_29.fna,3300075324_29,6408_0,69.63654506906252
3300044703_75.fna,3300044703_75,6409_0,53.279973528962614
3300078161_18.fna,3300078161_18,6410_0,90.45388586422902
3300050472_1.fna,3300050472_1,6411_0,89.49878529383929
3300043538_14.fna,3300043538_14,6412_0,86.23898145154693
3300044722_19.fna,3300044722_19,6413_0,93.14105010892827
3300044736_29.fna,3300044736_29,6414_1,54.83273805244247
3300049324_11.fna,3300049324_11,6414_2,55.70910961
3300082508_9.fna,3300082508_9,6415_0,62.280777914896646
3300079540_33.fna,3300079540_33,6416_0,83.17283232612513
3300082215_26.fna,3300082215_26,6417_1,84.35676910628888
3300082265_28.fna,3300082265_28,6417_2,77.41592341915687
3300045284_33.fna,3300045284_33,6418_0,69.59053199410994
3300078162_26.fna,3300078162_26,6419_1,85.66287634945148
3300078221_15.fna,3300078221_15,6420_0,81.58490048521193
3300064033_114.fna,3300064033_114,6421_1,84.00770717
3300044810_28.fna,3300044810_28,6421_2,90.59258801
3300044835_21.fna,3300044835_21,6421_3,68.84001820548764
3300066659_124.fna,3300066659_124,6421_4,72.00616927
3300043668_7.fna,3300043668_7,6422_0,81.76736749429514
3300061843_56.fna,3300061843_56,6423_0,64.38710261347008
3300045284_14.fna,3300045284_14,6424_0,94.50904196476071
3300062570_48.fna,3300062570_48,6425_0,69.16348394655553
3300044809_21.fna,3300044809_21,6426_0,60.60539221739642
3300044810_17.fna,3300044810_17,6427_1,71.46435429170671
3300082524_10.fna,3300082524_10,6427_2,68.10691387624362
3300044839_32.fna,3300044839_32,6428_1,92.87182129
3300053644_35.fna,3300053644_35,6428_2,73.52190366879638
3300045120_22.fna,3300045120_22,6429_0,93.16893244540775
3300061537_7.fna,3300061537_7,6430_0,86.80185664304881
3300044983_2.fna,3300044983_2,6431_0,81.64401558629645
3300032174_5.fna,3300032174_5,6432_0,53.19536323694097
3300061637_13.fna,3300061637_13,6433_1,82.87310838002011
3300078515_37.fna,3300078515_37,6433_2,82.76619590159062
3300060647_18.fna,3300060647_18,6434_0,79.37457245116059
3300066322_87.fna,3300066322_87,6435_1,66.75157177247529
3300078373_10.fna,3300078373_10,6436_1,91.86153403924786
3300078423_33.fna,3300078423_33,6437_0,91.48472409613403
3300078523_21.fna,3300078523_21,6438_0,81.89958455971278
3300062689_10.fna,3300062689_10,6439_0,81.68468479734577
3300034002_5.fna,3300034002_5,6440_0,75.5645554
3300066541_10.fna,3300066541_10,6441_0,82.88369184396444
3300057035_14.fna,3300057035_14,6442_1,74.3473721
3300057049_44.fna,3300057049_44,6442_2,80.79767441
3300081965_175.fna,3300081965_175,6443_0,92.25180211600035
3300081966_152.fna,3300081966_152,6444_0,71.42647266
3300056867_13.fna,3300056867_13,6445_0,67.65883684972455
3300079430_36.fna,3300079430_36,6446_0,57.75116098636479
3300056996_142.fna,3300056996_142,6447_0,59.60048225
3300043598_5.fna,3300043598_5,6448_1,57.756217138478675
3300051238_193.fna,3300051238_193,6448_2,84.68234689601536
3300045284_3.fna,3300045284_3,6448_3,41.86842632380066
3300082029_54.fna,3300082029_54,6449_0,63.06114779414487
3300047316_23.fna,3300047316_23,6450_0,63.40854156015793
3300061213_65.fna,3300061213_65,6451_0,33.20168796906978
3300055098_41.fna,3300055098_41,6452_0,74.49647651377317
3300051097_27.fna,3300051097_27,6453_1,47.197313382136095
3300078161_32.fna,3300078161_32,6453_2,80.39943835752638
3300078523_4.fna,3300078523_4,6454_0,73.82114246718886
3300050231_43.fna,3300050231_43,6455_1,85.74063839686039
3300043680_9.fna,3300043680_9,6456_1,64.87781996850208
3300044818_10.fna,3300044818_10,6456_2,47.47714675622135
3300063080_28.fna,3300063080_28,6457_0,41.84419536781496
3300082536_46.fna,3300082536_46,6458_1,84.92307297255529
3300082536_33.fna,3300082536_33,6459_0,88.95330662715237
3300082536_22.fna,3300082536_22,6460_0,48.12501344907555
3300063031_40.fna,3300063031_40,6461_0,49.12008312318155
3300055240_49.fna,3300055240_49,6462_0,44.15477594144322
3300075532_20.fna,3300075532_20,6463_0,29.309319019184837
3300043765_10.fna,3300043765_10,6464_0,88.38041804076548
3300066482_13.fna,3300066482_13,6465_0,41.05171487165074
3300075593_69.fna,3300075593_69,6466_0,66.54284469
3300082031_41.fna,3300082031_41,6467_0,57.15384040816572
3300078172_43.fna,3300078172_43,6468_1,82.07894910967605
3300044838_5.fna,3300044838_5,6469_0,84.93338132467407
3300060916_21.fna,3300060916_21,6470_1,71.38399064501424
3300054965_58.fna,3300054965_58,6471_0,77.49989036520182
3300060321_20.fna,3300060321_20,6472_0,44.94783991505135
3300036993_3.fna,3300036993_3,6473_0,54.15787801892205
3300043654_1.fna,3300043654_1,6474_0,76.44139768492862
3300051096_45.fna,3300051096_45,6475_1,88.48521319684055
3300076621_39.fna,3300076621_39,6476_0,76.51719672
3300078387_142.fna,3300078387_142,6477_0,85.13619932
3300061845_4.fna,3300061845_4,6478_0,84.76122239595912
3300079549_14.fna,3300079549_14,6479_0,87.15288091010491
3300054967_56.fna,3300054967_56,6480_0,76.67644311762818
3300062826_47.fna,3300062826_47,6481_1,76.08745865904578
3300076003_15.fna,3300076003_15,6481_2,45.486385434737436
3300043764_9.fna,3300043764_9,6482_0,69.64888428352496
3300048793_9.fna,3300048793_9,6483_1,84.74484026071366
3300044521_1.fna,3300044521_1,6484_0,91.16852887687517
3300060665_13.fna,3300060665_13,6485_0,81.81007551552567
3300080065_46.fna,3300080065_46,6486_0,86.06365996
3300050138_22.fna,3300050138_22,6487_1,99.19646388
3300063174_55.fna,3300063174_55,6487_2,65.03964674205264
3300060883_51.fna,3300060883_51,6488_0,85.047769
3300044841_38.fna,3300044841_38,6489_0,60.66200673289309
3300055240_21.fna,3300055240_21,6490_0,79.37317260600835
3300051192_16.fna,3300051192_16,6491_1,78.49308015931018
3300037852_17.fna,3300037852_17,6492_0,72.11320855849199
3300078162_20.fna,3300078162_20,6493_0,53.02312568098448
3300051099_158.fna,3300051099_158,6494_0,75.64902396399275
3300051238_161.fna,3300051238_161,6495_1,93.38011897313977
3300076621_75.fna,3300076621_75,6495_2,69.95103981319654
3300063080_54.fna,3300063080_54,6496_0,73.19911932842805
3300060654_49.fna,3300060654_49,6497_0,42.35034071968668
3300075638_3.fna,3300075638_3,6498_0,87.31957360360883
3300044807_22.fna,3300044807_22,6499_1,79.99195535
3300044834_2.fna,3300044834_2,6500_0,96.08082763
3300061640_35.fna,3300061640_35,6501_1,84.68740163135251
3300082214_27.fna,3300082214_27,6501_2,51.129228409026645
3300053644_32.fna,3300053644_32,6502_0,92.18375404938523
3300076763_45.fna,3300076763_45,6503_1,86.28223503
3300075573_65.fna,3300075573_65,6504_0,55.880663974076285
3300048793_28.fna,3300048793_28,6505_0,94.57812798521562
3300078372_18.fna,3300078372_18,6506_0,53.78228615781081
3300044827_4.fna,3300044827_4,6507_0,102.18394052212574
3300061213_26.fna,3300061213_26,6508_0,63.611382563277715
3300066614_61.fna,3300066614_61,6509_0,34.04521358635852
3300082513_31.fna,3300082513_31,6510_0,37.981282203261514
3300048768_11.fna,3300048768_11,6511_1,81.62505460278868
3300032897_36.fna,3300032897_36,6512_0,70.26419477092354
3300081965_63.fna,3300081965_63,6513_1,55.649918279459044
3300081968_133.fna,3300081968_133,6513_2,57.741261238857746
3300081965_158.fna,3300081965_158,6514_0,76.87372682470065
3300056904_9.fna,3300056904_9,6515_1,78.66043472583608
3300057056_104.fna,3300057056_104,6516_1,76.69620125566112
3300044798_58.fna,3300044798_58,6517_1,80.81253711
3300044800_58.fna,3300044800_58,6518_0,71.65765582490067
3300056922_3.fna,3300056922_3,6519_1,80.35020365463852
3300056867_78.fna,3300056867_78,6520_1,69.93740162079239
3300057054_12.fna,3300057054_12,6521_0,59.04379533850397
3300048802_20.fna,3300048802_20,6522_1,89.53440186
3300057056_116.fna,3300057056_116,6523_0,58.03055213520015
3300056884_96.fna,3300056884_96,6524_1,79.23398452202004
3300056901_138.fna,3300056901_138,6525_1,79.67728416734192
3300057014_5.fna,3300057014_5,6525_2,73.97680135
3300038424_19.fna,3300038424_19,6526_1,84.26498416654705
3300044801_32.fna,3300044801_32,6527_0,80.72049236561317
3300018090_15.fna,3300018090_15,6528_0,77.11718610620942
3300051196_51.fna,3300051196_51,6529_0,69.40929021298079
3300048609_32.fna,3300048609_32,6530_0,58.02512538615007
3300056797_121.fna,3300056797_121,6531_1,85.97976131
3300048618_2.fna,3300048618_2,6532_0,40.25183795127439
3300046479_68.fna,3300046479_68,6533_1,75.79868616377966
3300079169_33.fna,3300079169_33,6534_0,77.07984912734175
3300044697_56.fna,3300044697_56,6535_1,80.95508832056069
3300044697_21.fna,3300044697_21,6536_1,91.44724057792861
3300050116_66.fna,3300050116_66,6537_1,83.54844334826356
3300044680_31.fna,3300044680_31,6538_1,76.81690742694471
3300044797_1.fna,3300044797_1,6538_2,66.38646861299074
3300050125_19.fna,3300050125_19,6539_1,96.85300579422345
3300060646_19.fna,3300060646_19,6540_0,68.62101037588597
3300044801_36.fna,3300044801_36,6541_0,90.42340869537882
3300014655_10.fna,3300014655_10,6542_1,86.09881844
3300050118_11.fna,3300050118_11,6543_1,92.42446720429731
3300048763_15.fna,3300048763_15,6544_0,32.47827795535163
3300061624_35.fna,3300061624_35,6545_1,76.76001905958807
3300048822_19.fna,3300048822_19,6545_2,87.60741806201716
3300048790_27.fna,3300048790_27,6546_0,70.98429803823139
3300044697_23.fna,3300044697_23,6547_0,73.19798811112416
3300082172_5.fna,3300082172_5,6548_0,55.88910051124814
3300030041_10.fna,3300030041_10,6549_1,77.50624716098213
3300037349_9.fna,3300037349_9,6550_0,77.08142122927934
3300028666_7.fna,3300028666_7,6551_0,59.49161010732405
3300048819_27.fna,3300048819_27,6552_0,87.81454057985022
3300063086_37.fna,3300063086_37,6553_0,64.36579017
3300049728_4.fna,3300049728_4,6554_1,91.30455880295935
3300050013_21.fna,3300050013_21,6555_1,94.85648537247363
3300064041_108.fna,3300064041_108,6556_0,100.4197099086487
3300050031_60.fna,3300050031_60,6557_1,86.71812498980756
3300063084_44.fna,3300063084_44,6558_0,86.81667873574148
3300045051_184.fna,3300045051_184,6559_0,74.70467701553197
3300060319_21.fna,3300060319_21,6560_0,82.06902242130049
3300031548_18.fna,3300031548_18,6561_1,91.72449570877194
3300045996_326.fna,3300045996_326,6562_0,82.10219049824009
3300045996_376.fna,3300045996_376,6563_0,89.78202857675643
3300049569_67.fna,3300049569_67,6564_1,82.94193063655351
3300066520_38.fna,3300066520_38,6565_0,73.92718058
3300056896_88.fna,3300056896_88,6566_1,86.20803273991937
3300057003_132.fna,3300057003_132,6567_0,55.16745651115394
3300030519_13.fna,3300030519_13,6568_1,77.88137015825416
3300049727_44.fna,3300049727_44,6568_2,94.13294064692225
3300031832_4.fna,3300031832_4,6569_1,76.40446056130295
3300031821_7.fna,3300031821_7,6570_0,69.58787697103686
3300050014_75.fna,3300050014_75,6571_0,95.83434963827906
3300077309_34.fna,3300077309_34,6572_1,80.28544267955678
3300049570_71.fna,3300049570_71,6573_1,78.27454509827338
3300049581_22.fna,3300049581_22,6574_0,55.01718572692811
3300044800_50.fna,3300044800_50,6575_1,75.83022661
3300050023_35.fna,3300050023_35,6576_1,87.77968163074617
3300044766_9.fna,3300044766_9,6577_0,67.8854043
3300031712_7.fna,3300031712_7,6578_1,63.769623397579025
3300028800_18.fna,3300028800_18,6579_0,70.38503389827456
3300037104_11.fna,3300037104_11,6580_0,88.29039405408476
3300055024_63.fna,3300055024_63,6581_0,82.10626647421725
3300055024_10.fna,3300055024_10,6582_0,84.66978894167266
3300063056_8.fna,3300063056_8,6583_1,85.25040649397907
3300063065_31.fna,3300063065_31,6583_2,77.71626017067945
3300063075_100.fna,3300063075_100,6583_3,91.96472131739728
3300063262_85.fna,3300063262_85,6583_4,87.33136732249791
3300063045_38.fna,3300063045_38,6583_5,85.64146724415573
3300063023_5.fna,3300063023_5,6584_1,87.93054143497483
3300063060_27.fna,3300063060_27,6584_2,87.53182497254514
3300063261_84.fna,3300063261_84,6585_0,93.43814976502024
3300062833_55.fna,3300062833_55,6586_0,83.21519795
3300044816_19.fna,3300044816_19,6587_0,71.31169712405277
3300049569_37.fna,3300049569_37,6588_1,87.32638296827479
3300049570_17.fna,3300049570_17,6589_0,88.06657310044761
3300049574_101.fna,3300049574_101,6590_0,53.669925986633594
3300049573_29.fna,3300049573_29,6591_1,91.65927758128514
3300049822_39.fna,3300049822_39,6591_2,96.16929924475943
3300049579_75.fna,3300049579_75,6591_3,67.28786645624227
3300044719_14.fna,3300044719_14,6592_0,88.20645428971537
3300081530_28.fna,3300081530_28,6593_0,68.83999228127469
3300063065_13.fna,3300063065_13,6594_1,89.08803251275904
3300062801_35.fna,3300062801_35,6594_2,91.05797605982906
3300063042_63.fna,3300063042_63,6594_3,81.40175465323252
3300063019_25.fna,3300063019_25,6595_0,89.37750584
3300072699_48.fna,3300072699_48,6596_1,85.46944808465432
3300072660_60.fna,3300072660_60,6596_2,90.48460820428136
3300063019_18.fna,3300063019_18,6597_1,75.69931421
3300063065_80.fna,3300063065_80,6597_2,86.38876078428137
3300072654_1.fna,3300072654_1,6598_0,79.92620246978852
3300062785_27.fna,3300062785_27,6599_0,72.04540388006595
3300057054_57.fna,3300057054_57,6600_1,65.77221147607891
3300056883_14.fna,3300056883_14,6601_1,77.57125580732315
3300031539_44.fna,3300031539_44,6602_1,71.27764706128255
3300057026_76.fna,3300057026_76,6603_1,48.255555030917094
3300056897_115.fna,3300056897_115,6604_0,56.28783914972875
3300056906_87.fna,3300056906_87,6605_0,60.72349611541505
3300056883_29.fna,3300056883_29,6606_1,57.56237927728168
3300059599_16.fna,3300059599_16,6607_1,55.25430595039564
3300056896_76.fna,3300056896_76,6608_1,57.466893606966046
3300057034_45.fna,3300057034_45,6609_1,65.23173889
3300057013_70.fna,3300057013_70,6610_0,57.581867356520384
3300032009_7.fna,3300032009_7,6611_1,76.19647740079364
3300014655_17.fna,3300014655_17,6612_0,79.21847462424769
3300017988_26.fna,3300017988_26,6613_0,88.67104941316889
3300033402_38.fna,3300033402_38,6614_0,88.07549788649007
3300037474_3.fna,3300037474_3,6615_0,50.03301383768219
3300054681_57.fna,3300054681_57,6616_1,102.4092535
3300036873_3.fna,3300036873_3,6617_0,90.15540622451373
3300048784_13.fna,3300048784_13,6618_1,91.55020147778849
3300048790_11.fna,3300048790_11,6619_0,80.51323513186465
3300049930_9.fna,3300049930_9,6620_0,87.75342168170778
3300054705_89.fna,3300054705_89,6621_0,90.58681575842817
3300051668_20.fna,3300051668_20,6622_0,92.20382708790952
3300044823_15.fna,3300044823_15,6623_1,83.41766533524014
3300050031_30.fna,3300050031_30,6624_0,82.10044425807249
3300028654_8.fna,3300028654_8,6625_0,44.34226365667189
3300081832_54.fna,3300081832_54,6626_0,83.64838941591417
3300014200_10.fna,3300014200_10,6627_0,71.67378358136881
3300014839_37.fna,3300014839_37,6628_0,79.63395666202744
3300055047_55.fna,3300055047_55,6629_1,96.18083525527116
3300055072_45.fna,3300055072_45,6630_0,85.11174702086095
3300038451_39.fna,3300038451_39,6631_0,79.92401460830649
3300055024_42.fna,3300055024_42,6632_0,90.77051833
3300018079_10.fna,3300018079_10,6633_0,72.87371755732859
3300032897_32.fna,3300032897_32,6634_0,88.38916296737447
3300056883_64.fna,3300056883_64,6635_1,93.76401395625675
3300057040_82.fna,3300057040_82,6636_0,78.30911131918437
3300057029_139.fna,3300057029_139,6637_1,88.21236504307568
3300056903_157.fna,3300056903_157,6638_0,91.98819714
3300056906_2.fna,3300056906_2,6639_0,68.04309434047808
3300056887_81.fna,3300056887_81,6640_0,95.51609479631173
3300075935_10.fna,3300075935_10,6641_0,58.96326709137549
3300078523_53.fna,3300078523_53,6642_0,82.91246002195622
3300079549_105.fna,3300079549_105,6643_0,76.30648535615569
3300062721_12.fna,3300062721_12,6644_0,89.49993738464948
3300064043_71.fna,3300064043_71,6645_0,83.46497707401102
3300061537_3.fna,3300061537_3,6646_1,64.92238603641597
3300031670_23.fna,3300031670_23,6647_1,79.63504187641689
3300036800_14.fna,3300036800_14,6648_0,71.21945990612238
3300076673_36.fna,3300076673_36,6649_0,66.23720257334458
3300072654_24.fna,3300072654_24,6650_1,95.22499195375833
3300054704_61.fna,3300054704_61,6651_0,75.72753226707808
3300049728_45.fna,3300049728_45,6652_0,56.363695192342476
3300055047_22.fna,3300055047_22,6653_0,81.27351189275505
3300063017_127.fna,3300063017_127,6654_0,91.24946280696955
3300080688_11.fna,3300080688_11,6655_1,76.26373022
3300078434_24.fna,3300078434_24,6656_0,66.76046060009939
3300075582_35.fna,3300075582_35,6657_0,67.45925047153834
3300079118_131.fna,3300079118_131,6658_0,65.86414003927266
3300079692_46.fna,3300079692_46,6659_0,68.85514666565504
3300081720_48.fna,3300081720_48,6660_0,43.57727519245476
3300037156_12.fna,3300037156_12,6661_0,86.38762745026646
3300044796_54.fna,3300044796_54,6662_0,94.38085206259663
3300072958_8.fna,3300072958_8,6663_0,66.91535822424053
3300056749_126.fna,3300056749_126,6664_1,93.07224660124086
3300072656_20.fna,3300072656_20,6665_1,92.32828981579503
3300066520_94.fna,3300066520_94,6666_0,91.62703172334676
3300075320_15.fna,3300075320_15,6667_0,58.56021703873966
3300082212_26.fna,3300082212_26,6668_0,70.05028421740067
3300032782_7.fna,3300032782_7,6669_0,39.37220602956886
3300044673_55.fna,3300044673_55,6670_0,64.06388724869032
3300055072_8.fna,3300055072_8,6671_0,76.67946224143844
3300046472_50.fna,3300046472_50,6672_0,67.15107301991269
3300051201_76.fna,3300051201_76,6673_0,76.23647747
3300054986_78.fna,3300054986_78,6674_0,60.062709034351265
3300014968_13.fna,3300014968_13,6675_0,83.49455014
3300021090_11.fna,3300021090_11,6676_0,60.548683708758645
3300063056_80.fna,3300063056_80,6677_1,63.158278082918514
3300062799_69.fna,3300062799_69,6678_0,63.667607269748785
3300055047_87.fna,3300055047_87,6679_0,39.63862764491005
3300055072_114.fna,3300055072_114,6680_1,71.61511771864159
3300072777_78.fna,3300072777_78,6680_2,49.73304254346257
3300055072_126.fna,3300055072_126,6681_0,80.76394806
3300054704_42.fna,3300054704_42,6682_0,69.28307953
3300072658_37.fna,3300072658_37,6683_0,79.18468876861137
3300082211_39.fna,3300082211_39,6684_0,76.27200424326585
3300049578_46.fna,3300049578_46,6685_0,55.11499172915069
3300056753_66.fna,3300056753_66,6686_1,102.61823496773152
3300050116_29.fna,3300050116_29,6687_1,59.338626396804614
3300054730_79.fna,3300054730_79,6688_0,75.62937105
3300046747_39.fna,3300046747_39,6689_1,70.93884923963776
3300046780_53.fna,3300046780_53,6689_2,59.00745651115392
3300063180_284.fna,3300063180_284,6690_1,91.57272522
3300044712_240.fna,3300044712_240,6691_0,53.50060910984551
3300064033_118.fna,3300064033_118,6692_0,87.09701510125925
3300048998_33.fna,3300048998_33,6693_0,57.39531590013006
3300054988_53.fna,3300054988_53,6694_1,74.18415558739503
3300082281_28.fna,3300082281_28,6695_0,79.84780160670411
3300062721_51.fna,3300062721_51,6696_0,70.02917731236846
3300080028_130.fna,3300080028_130,6697_0,95.75327071777808
3300061211_12.fna,3300061211_12,6698_0,87.22651256258114
3300042922_121.fna,3300042922_121,6699_0,83.41698924130993
3300049719_9.fna,3300049719_9,6700_1,79.61484389242601
3300044801_26.fna,3300044801_26,6700_2,77.64998926045304
3300044904_45.fna,3300044904_45,6701_0,71.01964644902195
3300044824_31.fna,3300044824_31,6702_0,87.53070015949825
3300046487_7.fna,3300046487_7,6703_0,58.02290668733024
3300046712_28.fna,3300046712_28,6704_1,90.41780256934105
3300079169_28.fna,3300079169_28,6705_0,47.78863739870505
3300050192_64.fna,3300050192_64,6706_1,70.08257114937987
3300050138_25.fna,3300050138_25,6707_1,78.96785159
3300046704_11.fna,3300046704_11,6708_0,56.038107941338374
3300054704_88.fna,3300054704_88,6709_1,73.06714180629747
3300054984_86.fna,3300054984_86,6710_0,66.75863650041943
3300049795_37.fna,3300049795_37,6711_0,69.06779577520285
3300081965_29.fna,3300081965_29,6712_0,51.70952939453402
3300055072_41.fna,3300055072_41,6713_0,82.05249200948289
3300057009_33.fna,3300057009_33,6714_0,63.31935525266414
3300059599_37.fna,3300059599_37,6715_0,73.33332790693852
3300055047_23.fna,3300055047_23,6716_0,76.34478927345218
3300045051_116.fna,3300045051_116,6717_0,92.16886404288822
3300056868_5.fna,3300056868_5,6718_0,55.49693246
3300066538_7.fna,3300066538_7,6719_0,88.08210377560471
3300076038_27.fna,3300076038_27,6720_0,59.86641438345041
3300044712_63.fna,3300044712_63,6721_1,97.26632699404709
3300064042_138.fna,3300064042_138,6722_0,69.50817455874673
3300036911_5.fna,3300036911_5,6723_1,77.00420739598303
3300075606_49.fna,3300075606_49,6724_0,66.36232866661744
3300054968_18.fna,3300054968_18,6725_0,65.97546188574451
3300036407_5.fna,3300036407_5,6726_0,87.07106338528486
3300072952_12.fna,3300072952_12,6727_0,92.73968177034726
3300066457_53.fna,3300066457_53,6728_0,85.85486760767796
3300055048_77.fna,3300055048_77,6729_0,89.48179519389576
3300079305_16.fna,3300079305_16,6730_0,59.175517837384135
3300078387_112.fna,3300078387_112,6731_1,74.09020048647099
3300044812_15.fna,3300044812_15,6732_0,92.02926700728213
3300055099_40.fna,3300055099_40,6733_0,79.64337448
3300060653_4.fna,3300060653_4,6734_0,57.78224766977755
3300082211_150.fna,3300082211_150,6735_0,47.51335149
3300044898_7.fna,3300044898_7,6736_1,89.29768931232384
3300044736_30.fna,3300044736_30,6737_0,81.54539583038554
3300082211_132.fna,3300082211_132,6738_1,90.13625486121306
3300057049_152.fna,3300057049_152,6739_0,88.85656914620048
3300014160_13.fna,3300014160_13,6740_1,80.53986746389008
3300031712_13.fna,3300031712_13,6741_1,83.43468203809161
3300037076_21.fna,3300037076_21,6742_1,80.58623515689683
3300057013_58.fna,3300057013_58,6743_0,69.09980735784569
3300081965_2.fna,3300081965_2,6744_0,73.57046179394065
3300057011_20.fna,3300057011_20,6745_1,68.99221320240478
3300060291_164.fna,3300060291_164,6746_1,61.37014286982169
3300056887_106.fna,3300056887_106,6747_0,83.17409666117327
3300044712_74.fna,3300044712_74,6748_0,89.30935646528944
3300056868_63.fna,3300056868_63,6749_0,86.25666235
3300054967_88.fna,3300054967_88,6750_0,92.46791691
3300072976_57.fna,3300072976_57,6751_1,80.17967341967339
3300072117_16.fna,3300072117_16,6752_0,74.63021458778897
3300072977_17.fna,3300072977_17,6753_0,72.67024741086934
3300044738_9.fna,3300044738_9,6754_0,86.81799325404779
3300044834_73.fna,3300044834_73,6755_0,66.93904443931939
3300061537_67.fna,3300061537_67,6756_0,83.94511685376638
3300044739_37.fna,3300044739_37,6757_0,73.94331972051212
3300072779_15.fna,3300072779_15,6758_1,96.78740205378413
3300046706_12.fna,3300046706_12,6759_0,63.97602718240057
3300061537_89.fna,3300061537_89,6760_0,87.68643037716399
3300049585_13.fna,3300049585_13,6761_1,70.32382870738917
3300049570_41.fna,3300049570_41,6762_0,49.540270514431214
3300054114_82.fna,3300054114_82,6763_0,43.60402793704937
3300056883_9.fna,3300056883_9,6764_0,74.23134680908932
3300054680_88.fna,3300054680_88,6765_1,100.63826066177272
3300054965_53.fna,3300054965_53,6766_0,93.87299530488978
3300050230_14.fna,3300050230_14,6767_0,45.34475454929828
3300054986_120.fna,3300054986_120,6768_0,70.46476498
3300044798_49.fna,3300044798_49,6769_1,73.08692976085702
3300036886_10.fna,3300036886_10,6770_0,87.09345604197759
3300044798_73.fna,3300044798_73,6771_0,85.44995790330249
3300044712_256.fna,3300044712_256,6772_0,56.10520924046841
3300057055_151.fna,3300057055_151,6773_0,61.41105903207336
3300072783_81.fna,3300072783_81,6774_1,94.48355992
3300072128_16.fna,3300072128_16,6775_0,94.02287305169308
3300050230_24.fna,3300050230_24,6776_0,71.00606010440053
3300062799_112.fna,3300062799_112,6777_0,83.44044983643126
3300056902_152.fna,3300056902_152,6778_1,23.502673068705707
3300060291_156.fna,3300060291_156,6778_2,39.02162605008584
3300056899_4.fna,3300056899_4,6779_0,53.26638903503027
3300044820_23.fna,3300044820_23,6780_0,74.23241753
3300037356_11.fna,3300037356_11,6781_1,94.33313934143052
3300034281_5.fna,3300034281_5,6782_0,54.426895192345405
3300082197_67.fna,3300082197_67,6783_0,84.03549253585678
3300057049_104.fna,3300057049_104,6784_0,31.86635643338268
3300059576_29.fna,3300059576_29,6785_0,73.41674797980856
3300056676_124.fna,3300056676_124,6786_1,83.49429496878994
3300063045_23.fna,3300063045_23,6787_1,61.09268466603817
3300062797_70.fna,3300062797_70,6788_0,29.87644087269269
3300062722_9.fna,3300062722_9,6789_1,84.69857832803865
3300033402_27.fna,3300033402_27,6790_0,77.77802819827478
3300057053_109.fna,3300057053_109,6791_1,93.25871739279638
3300057050_82.fna,3300057050_82,6792_0,66.41796449246146
3300066659_89.fna,3300066659_89,6793_0,73.39120907448516
3300082262_21.fna,3300082262_21,6794_1,63.55424728304184
3300082262_106.fna,3300082262_106,6795_0,43.987728440355795
3300048765_3.fna,3300048765_3,6796_0,71.15666348074545
3300054704_38.fna,3300054704_38,6797_0,61.98538079547551
3300056970_53.fna,3300056970_53,6798_0,60.47654166708917
3300057027_71.fna,3300057027_71,6799_0,68.38571733
3300054986_21.fna,3300054986_21,6800_0,82.91756296939228
3300054986_48.fna,3300054986_48,6801_0,68.63157281855331
3300055048_30.fna,3300055048_30,6802_1,92.13800028780736
3300050136_6.fna,3300050136_6,6803_1,86.74607336
3300054704_54.fna,3300054704_54,6804_0,76.34352479744638
3300054986_106.fna,3300054986_106,6805_0,66.00516599672598
3300038416_21.fna,3300038416_21,6806_1,92.92860953195151
3300050014_70.fna,3300050014_70,6807_1,93.40390496
3300036906_8.fna,3300036906_8,6807_2,93.40206242264398
3300037196_14.fna,3300037196_14,6808_0,83.45512381651909
3300018018_20.fna,3300018018_20,6809_0,76.33346345282824
3300054704_7.fna,3300054704_7,6810_0,87.15092061958028
3300054986_68.fna,3300054986_68,6811_0,77.62453058412844
3300045910_26.fna,3300045910_26,6812_0,83.00485974071789
3300045978_84.fna,3300045978_84,6813_0,47.561078464233745
3300072778_36.fna,3300072778_36,6814_1,94.74888883439486
3300072779_47.fna,3300072779_47,6815_0,48.497675284454026
3300072652_26.fna,3300072652_26,6816_0,69.14837855910999
3300076031_45.fna,3300076031_45,6817_0,70.66205316163983
3300077658_51.fna,3300077658_51,6818_0,79.20915691
3300048997_26.fna,3300048997_26,6819_0,70.73735782
3300077502_77.fna,3300077502_77,6820_0,65.16444293367991
3300056675_266.fna,3300056675_266,6821_0,65.18102851030058
3300056749_111.fna,3300056749_111,6822_0,54.61958702779424
3300064482_34.fna,3300064482_34,6823_0,72.61211303855634
3300061539_27.fna,3300061539_27,6824_0,78.12773488174064
3300044470_29.fna,3300044470_29,6825_0,96.12153395607939
3300081534_132.fna,3300081534_132,6826_0,72.69784614
3300046484_13.fna,3300046484_13,6827_1,88.50279208126291
3300032892_16.fna,3300032892_16,6828_0,91.67191094
3300037109_5.fna,3300037109_5,6829_1,81.37784013089396
3300014153_11.fna,3300014153_11,6830_0,82.98942025921167
3300046504_34.fna,3300046504_34,6831_0,71.46894916282251
3300037089_15.fna,3300037089_15,6832_1,88.82797726719683
3300050015_65.fna,3300050015_65,6832_2,77.04681385
3300046504_15.fna,3300046504_15,6833_0,85.95886558982619
3300051196_41.fna,3300051196_41,6834_0,94.10599942445225
3300080028_204.fna,3300080028_204,6835_0,79.41042914095917
3300045927_18.fna,3300045927_18,6836_1,87.44500622505012
3300064040_123.fna,3300064040_123,6837_0,90.13769756376068
3300082277_16.fna,3300082277_16,6838_0,43.94545787725305
3300057035_94.fna,3300057035_94,6839_1,84.95221943586164
3300056901_131.fna,3300056901_131,6840_1,68.09131548065328
3300056899_118.fna,3300056899_118,6840_2,67.05653587015462
3300050009_36.fna,3300050009_36,6841_1,71.72021953217815
3300057025_156.fna,3300057025_156,6842_0,71.37943353793305
3300056879_109.fna,3300056879_109,6843_0,80.31368423545761
3300081965_142.fna,3300081965_142,6844_0,80.72434635127492
3300057024_94.fna,3300057024_94,6845_1,85.19386729008568
3300057031_108.fna,3300057031_108,6846_1,89.03658487204794
3300081965_54.fna,3300081965_54,6847_0,58.84879710482391
3300056876_36.fna,3300056876_36,6848_0,73.85875876648458
3300081965_204.fna,3300081965_204,6849_0,70.94918413984395
3300081487_169.fna,3300081487_169,6850_1,66.98677786649169
3300046822_31.fna,3300046822_31,6851_0,54.612490706963634
3300054967_42.fna,3300054967_42,6852_0,70.76898346774588
3300064482_99.fna,3300064482_99,6853_0,91.75968474952772
3300055240_119.fna,3300055240_119,6854_0,52.64248294355341
3300064040_26.fna,3300064040_26,6855_0,90.54992121377968
3300066486_40.fna,3300066486_40,6856_0,60.87662082
3300052907_9.fna,3300052907_9,6857_0,76.83882577892318
3300076036_42.fna,3300076036_42,6858_0,71.62414559442563
3300066187_29.fna,3300066187_29,6859_0,70.19469164622235
3300055047_2.fna,3300055047_2,6860_1,93.54065798587402
3300031949_36.fna,3300031949_36,6861_0,79.48380739341671
3300054704_51.fna,3300054704_51,6862_0,91.06226062988807
3300054984_96.fna,3300054984_96,6863_0,59.73797488976833
3300062720_60.fna,3300062720_60,6864_0,39.28501628528687
3300056884_9.fna,3300056884_9,6865_0,59.57427428
3300049589_62.fna,3300049589_62,6866_0,80.54004735750749
3300062799_66.fna,3300062799_66,6867_0,82.29891275089517
3300054984_53.fna,3300054984_53,6868_0,85.70167425888602
3300057003_67.fna,3300057003_67,6869_0,67.33727646851588
3300045051_145.fna,3300045051_145,6870_0,73.88073849431069
3300054960_23.fna,3300054960_23,6871_0,60.923145493442426
3300056896_152.fna,3300056896_152,6872_1,90.40021077278342
3300045977_10.fna,3300045977_10,6873_1,59.07298549
3300051192_20.fna,3300051192_20,6874_0,64.82359428276304
3300061641_89.fna,3300061641_89,6875_0,63.39062377563185
3300057003_142.fna,3300057003_142,6876_1,88.55713667323641
3300065474_56.fna,3300065474_56,6877_1,76.0920105
3300060898_12.fna,3300060898_12,6878_0,24.567250614693467
3300037108_7.fna,3300037108_7,6879_0,58.039531773373874
3300057042_2.fna,3300057042_2,6880_0,59.45305501992218
3300062833_80.fna,3300062833_80,6881_0,68.32252587
3300056901_91.fna,3300056901_91,6882_1,72.22056829847698
3300056973_22.fna,3300056973_22,6883_0,67.80223214467348
3300082317_33.fna,3300082317_33,6884_0,81.33433555
3300057026_75.fna,3300057026_75,6885_1,83.00280511615064
3300056903_109.fna,3300056903_109,6885_2,70.75993457164888
3300057034_114.fna,3300057034_114,6886_0,72.47210519321762
3300057003_79.fna,3300057003_79,6887_1,79.01154140119891
3300057048_61.fna,3300057048_61,6888_0,59.11828687313456
3300078520_41.fna,3300078520_41,6889_1,94.249026
3300065425_7.fna,3300065425_7,6890_0,81.87838055
3300054967_75.fna,3300054967_75,6891_1,60.913652386696384
3300031965_26.fna,3300031965_26,6892_0,63.02683248160158
3300081534_130.fna,3300081534_130,6893_0,73.49086924
3300065082_142.fna,3300065082_142,6894_1,98.51499303685915
3300063015_45.fna,3300063015_45,6895_0,97.42088321833889
3300063032_56.fna,3300063032_56,6896_0,94.78235329063335
3300064095_155.fna,3300064095_155,6897_0,65.69210934336961
3300037258_37.fna,3300037258_37,6898_0,70.61992057518758
3300066485_72.fna,3300066485_72,6899_1,86.99295339605166
3300066485_6.fna,3300066485_6,6900_0,75.89336789767545
3300044809_35.fna,3300044809_35,6901_0,58.612389340561755
3300045051_119.fna,3300045051_119,6902_0,91.73018168733745
3300057055_119.fna,3300057055_119,6903_0,74.06825325213293
3300057030_9.fna,3300057030_9,6904_1,78.02655003668153
3300082211_47.fna,3300082211_47,6905_0,84.25661797081987
3300056894_20.fna,3300056894_20,6906_0,84.97927285023137
3300057055_44.fna,3300057055_44,6907_0,82.28113746023725
3300050132_18.fna,3300050132_18,6908_0,78.37021590458806
3300075574_31.fna,3300075574_31,6909_0,53.94574610728478
3300072971_13.fna,3300072971_13,6910_1,92.60542617706884
3300072969_9.fna,3300072969_9,6911_1,96.21164583
3300045051_180.fna,3300045051_180,6912_1,96.27610240730559
3300057014_6.fna,3300057014_6,6913_1,74.58374040051825
3300063085_43.fna,3300063085_43,6914_1,95.49926016877467
3300081965_79.fna,3300081965_79,6915_0,88.00674370484859
3300056917_96.fna,3300056917_96,6916_0,71.18159927
3300066520_69.fna,3300066520_69,6917_1,70.29318189803533
3300056970_28.fna,3300056970_28,6918_0,47.79657307566413
3300062846_38.fna,3300062846_38,6919_0,95.23593400703822
3300081828_22.fna,3300081828_22,6920_0,43.78470861288908
3300054682_35.fna,3300054682_35,6921_1,92.64219101530499
3300055023_26.fna,3300055023_26,6922_0,86.28064321
3300054964_89.fna,3300054964_89,6923_0,91.6512416
3300057027_78.fna,3300057027_78,6924_1,76.48180260847666
3300056971_20.fna,3300056971_20,6925_1,77.09191627095002
3300032157_11.fna,3300032157_11,6926_0,74.28983276936484
3300057025_52.fna,3300057025_52,6927_1,64.73391433966508
3300057031_43.fna,3300057031_43,6927_2,74.02314213
3300057042_6.fna,3300057042_6,6928_1,88.37710323408186
3300056878_41.fna,3300056878_41,6929_1,90.12083222645718
3300056881_5.fna,3300056881_5,6929_2,62.08830029410659
3300057003_28.fna,3300057003_28,6930_1,87.51203797037714
3300056877_96.fna,3300056877_96,6930_2,77.36253414
3300081968_72.fna,3300081968_72,6930_3,79.21381348122247
3300046509_7.fna,3300046509_7,6931_1,82.95200465798335
3300056868_47.fna,3300056868_47,6932_0,75.17661770932615
3300082225_34.fna,3300082225_34,6933_0,74.68126806836106
3300059599_69.fna,3300059599_69,6934_1,73.51185121926561
3300044712_106.fna,3300044712_106,6935_0,54.97400613910766
3300066520_57.fna,3300066520_57,6936_0,77.07110964736695
3300044705_7.fna,3300044705_7,6937_1,45.23649227535535
3300082212_102.fna,3300082212_102,6937_2,34.46389997
3300031577_4.fna,3300031577_4,6938_1,101.56728606072963
3300031949_24.fna,3300031949_24,6939_0,95.61511475231738
3300057049_95.fna,3300057049_95,6940_0,93.92762418848092
3300056798_140.fna,3300056798_140,6941_1,92.31735488074892
3300054986_79.fna,3300054986_79,6942_0,95.72539310896141
3300045927_34.fna,3300045927_34,6943_0,65.90269587710769
3300076649_102.fna,3300076649_102,6944_1,94.7429204
3300031837_13.fna,3300031837_13,6945_0,67.53131083576159
3300061175_22.fna,3300061175_22,6946_0,70.76394366330523
3300082211_106.fna,3300082211_106,6947_0,65.95163267628327
3300054681_59.fna,3300054681_59,6948_0,83.68879935804706
3300056970_127.fna,3300056970_127,6949_0,90.76292192732835
3300036847_10.fna,3300036847_10,6950_1,69.08508300825537
3300055047_72.fna,3300055047_72,6951_0,63.54125581564246
3300057031_109.fna,3300057031_109,6952_0,77.89588567814546
3300059595_49.fna,3300059595_49,6953_0,55.57519398866264
3300060149_47.fna,3300060149_47,6954_0,45.73270967130152
3300061845_33.fna,3300061845_33,6955_0,64.70576523115358
3300062564_94.fna,3300062564_94,6956_0,68.94903176349892
3300062846_52.fna,3300062846_52,6957_0,83.71079661966367
3300075606_46.fna,3300075606_46,6958_0,40.889277889648895
3300063176_9.fna,3300063176_9,6959_1,79.41135153773563
3300045837_13.fna,3300045837_13,6960_1,65.13677049204023
3300044692_40.fna,3300044692_40,6961_0,45.58982573853691
3300061180_58.fna,3300061180_58,6962_0,69.47124837871687
3300066008_4.fna,3300066008_4,6963_0,69.55768510485818
3300063066_74.fna,3300063066_74,6964_1,92.71699552326045
3300072688_32.fna,3300072688_32,6965_0,79.71042812155919
3300072783_13.fna,3300072783_13,6966_0,96.2820638
3300054985_70.fna,3300054985_70,6967_0,61.90109041970683
3300082195_3.fna,3300082195_3,6968_0,50.95112432698903
3300063053_41.fna,3300063053_41,6969_1,87.38655170950305
3300046740_35.fna,3300046740_35,6970_1,92.97754482156873
3300050242_19.fna,3300050242_19,6971_1,84.38459877570061
3300079103_21.fna,3300079103_21,6971_2,72.63327684643711
3300048084_14.fna,3300048084_14,6972_1,88.65818483
3300065424_10.fna,3300065424_10,6972_2,81.3873489
3300047090_45.fna,3300047090_45,6973_1,84.88658269451815
3300049440_47.fna,3300049440_47,6974_0,86.70477643539404
3300050653_5.fna,3300050653_5,6975_0,55.485921503088235
3300043629_1.fna,3300043629_1,6976_0,87.38939225886172
3300051104_13.fna,3300051104_13,6977_0,70.02043839820165
3300060320_23.fna,3300060320_23,6978_0,65.14871447
3300045928_9.fna,3300045928_9,6979_1,92.81212132578734
3300045928_16.fna,3300045928_16,6980_1,83.55303152879453
3300046664_12.fna,3300046664_12,6981_1,67.04206045
3300046795_1.fna,3300046795_1,6981_2,71.37569033
3300049457_7.fna,3300049457_7,6982_0,99.22802503097964
3300064138_53.fna,3300064138_53,6983_1,83.06766614770923
3300045051_175.fna,3300045051_175,6984_0,77.02666846
3300075665_4.fna,3300075665_4,6985_0,73.67999027883916
3300045051_204.fna,3300045051_204,6986_0,40.12699053781824
3300063066_14.fna,3300063066_14,6987_0,65.76945834300743
3300050649_14.fna,3300050649_14,6988_1,102.40172643449763
3300051158_36.fna,3300051158_36,6989_0,71.21894087235694
3300039310_16.fna,3300039310_16,6990_1,94.53673723988527
3300052321_5.fna,3300052321_5,6991_1,91.69049052565545
3300054967_85.fna,3300054967_85,6992_0,85.22577709121343
3300080097_39.fna,3300080097_39,6993_0,43.62946054504567
3300077164_15.fna,3300077164_15,6994_1,96.61759580894416
3300013296_32.fna,3300013296_32,6995_0,43.91268203438344
3300020156_7.fna,3300020156_7,6996_0,98.64926496226322
3300057027_33.fna,3300057027_33,6997_1,79.69626503101198
3300056877_155.fna,3300056877_155,6998_1,74.50195693034652
3300056898_4.fna,3300056898_4,6998_2,75.18331111675921
3300057003_154.fna,3300057003_154,6999_1,58.398932277887184
3300057016_5.fna,3300057016_5,6999_2,42.368914252947896
3300057032_44.fna,3300057032_44,7000_0,89.31927198
3300057025_44.fna,3300057025_44,7001_1,79.76085099
3300057049_126.fna,3300057049_126,7002_1,80.38619523446773
3300057004_21.fna,3300057004_21,7003_1,80.48825140660627
3300057048_88.fna,3300057048_88,7004_0,72.55114129495622
3300056867_41.fna,3300056867_41,7005_1,72.90649140350948
3300056865_39.fna,3300056865_39,7006_0,57.11743590877002
3300057026_50.fna,3300057026_50,7007_0,58.741468644215004
3300031578_16.fna,3300031578_16,7008_0,57.57345405085272
3300044717_25.fna,3300044717_25,7009_1,101.36169223058248
3300064040_63.fna,3300064040_63,7010_0,83.72363100999515
3300044704_14.fna,3300044704_14,7011_0,101.05386452323059
3300048797_20.fna,3300048797_20,7012_0,92.54360171532115
3300064040_121.fna,3300064040_121,7013_0,98.01190954898676
3300045001_23.fna,3300045001_23,7014_0,82.82922541619317
3300059597_95.fna,3300059597_95,7015_0,68.60083812
3300048800_59.fna,3300048800_59,7016_1,98.62094074512423
3300075646_38.fna,3300075646_38,7016_2,92.0566239
3300062561_10.fna,3300062561_10,7017_0,100.04918861114669
3300077906_39.fna,3300077906_39,7018_0,88.92406657695304
3300046479_12.fna,3300046479_12,7019_1,96.62965103793779
3300062811_43.fna,3300062811_43,7019_2,49.87316883018727
3300056834_14.fna,3300056834_14,7020_1,100.51280047890228
3300050347_48.fna,3300050347_48,7021_0,73.76085635692324
3300048796_48.fna,3300048796_48,7022_1,98.71024865548351
3300043661_40.fna,3300043661_40,7023_1,52.966181376012926
3300080098_31.fna,3300080098_31,7023_2,67.27705666492116
3300063428_56.fna,3300063428_56,7024_0,88.21772836
3300050018_28.fna,3300050018_28,7025_0,73.85554005648176
3300050128_44.fna,3300050128_44,7026_0,87.07178940023128
3300063080_57.fna,3300063080_57,7027_1,91.18671576475941
3300050137_25.fna,3300050137_25,7028_1,91.74093910078598
3300048785_6.fna,3300048785_6,7029_0,96.98924924067971
3300048796_1.fna,3300048796_1,7030_1,97.33035226649221
3300063174_82.fna,3300063174_82,7031_1,42.902949967405185
3300050011_41.fna,3300050011_41,7032_0,92.48319604915866
3300075574_79.fna,3300075574_79,7033_0,61.40837482
3300064041_50.fna,3300064041_50,7034_0,93.18116648462137
3300050475_11.fna,3300050475_11,7035_0,69.46978660104782
3300075321_28.fna,3300075321_28,7036_1,96.66219218
3300050026_31.fna,3300050026_31,7037_1,95.84509381130643
3300048775_9.fna,3300048775_9,7038_1,95.31492569941551
3300054985_27.fna,3300054985_27,7039_1,73.29716333707478
3300054988_35.fna,3300054988_35,7039_2,95.27621954389438
3300037316_10.fna,3300037316_10,7040_1,83.67477226
3300050136_44.fna,3300050136_44,7041_1,92.19182489186753
3300081832_69.fna,3300081832_69,7042_1,96.69293203768349
3300062720_27.fna,3300062720_27,7043_0,93.35950961414633
3300050020_59.fna,3300050020_59,7044_1,79.58362193555678
3300050128_46.fna,3300050128_46,7045_1,59.12835852151813
3300050116_2.fna,3300050116_2,7046_0,98.73255028
3300054703_57.fna,3300054703_57,7047_0,65.03524528265312
3300045838_29.fna,3300045838_29,7048_0,53.96129072677722
3300082205_1.fna,3300082205_1,7049_0,87.08577044432498
3300064101_22.fna,3300064101_22,7050_1,70.34661068926124
3300044809_22.fna,3300044809_22,7051_0,77.42636510197707
3300064040_130.fna,3300064040_130,7052_0,90.71652487580191
3300044832_23.fna,3300044832_23,7053_1,87.36782623522743
3300064043_66.fna,3300064043_66,7053_2,69.10707155
3300078172_25.fna,3300078172_25,7054_0,56.3514154
3300082205_48.fna,3300082205_48,7055_0,58.199449097355384
3300060317_44.fna,3300060317_44,7056_0,62.36512863469726
3300080064_63.fna,3300080064_63,7057_1,83.52886829345933
3300044898_12.fna,3300044898_12,7058_0,98.72627936299055
3300066018_20.fna,3300066018_20,7059_0,83.90349228557271
3300050478_9.fna,3300050478_9,7060_0,71.88072400950875
3300050011_43.fna,3300050011_43,7061_1,100.1347499266255
3300075573_67.fna,3300075573_67,7061_2,65.30629884805101
3300050350_48.fna,3300050350_48,7061_3,72.46528612
3300082192_6.fna,3300082192_6,7061_4,75.60216155428414
3300048797_4.fna,3300048797_4,7062_0,60.59833428092265
3300050350_42.fna,3300050350_42,7063_0,80.76262823006172
3300075574_10.fna,3300075574_10,7064_0,95.89970818601479
3300052303_15.fna,3300052303_15,7065_0,81.90688484479965
3300077816_74.fna,3300077816_74,7066_0,81.88657776909899
3300044736_11.fna,3300044736_11,7067_0,67.93978213308792
3300044841_10.fna,3300044841_10,7068_0,71.63295188
3300046697_14.fna,3300046697_14,7069_1,96.18045528250026
3300050021_41.fna,3300050021_41,7070_1,94.19261133448335
3300048826_39.fna,3300048826_39,7070_2,88.72481624159522
3300049719_38.fna,3300049719_38,7070_3,92.46163625
3300050032_62.fna,3300050032_62,7070_4,85.22130203029326
3300050019_52.fna,3300050019_52,7070_5,89.61271091869752
3300044796_18.fna,3300044796_18,7070_6,101.09775997921798
3300037843_24.fna,3300037843_24,7071_0,82.27500667891508
3300054962_60.fna,3300054962_60,7072_1,86.86457207629806
3300054703_22.fna,3300054703_22,7073_0,83.02797411232201
3300055023_18.fna,3300055023_18,7074_0,85.44125829118279
3300077816_57.fna,3300077816_57,7075_0,98.97114273
3300056868_86.fna,3300056868_86,7076_0,75.23908467319515
3300082211_85.fna,3300082211_85,7077_0,63.33235409827216
3300073847_2.fna,3300073847_2,7078_0,83.23461755658619
3300075606_67.fna,3300075606_67,7079_0,55.095047790033796
3300063017_40.fna,3300063017_40,7080_1,52.31631122331282
3300063066_21.fna,3300063066_21,7081_1,73.37089721533114
3300079162_69.fna,3300079162_69,7082_1,74.31063321668856
3300078280_26.fna,3300078280_26,7083_0,83.23749192009096
3300050239_14.fna,3300050239_14,7084_1,100.97132081666498
3300063052_28.fna,3300063052_28,7085_1,86.39650905597856
3300054704_68.fna,3300054704_68,7086_0,83.76658267684195
3300080031_11.fna,3300080031_11,7087_0,85.73870727938109
3300065474_57.fna,3300065474_57,7088_0,72.76287037052504
3300049591_20.fna,3300049591_20,7089_1,62.344226629072836
3300050241_53.fna,3300050241_53,7090_1,95.59776343532198
3300043667_13.fna,3300043667_13,7091_0,81.56670018
3300065083_64.fna,3300065083_64,7092_0,59.328537548188024
3300077991_8.fna,3300077991_8,7093_0,86.16990302081945
3300061211_34.fna,3300061211_34,7094_1,87.85212270305908
3300082028_84.fna,3300082028_84,7095_1,80.51857884808929
3300049588_27.fna,3300049588_27,7096_0,78.22812270039502
3300057031_96.fna,3300057031_96,7097_0,76.60924491
3300081702_49.fna,3300081702_49,7098_0,72.60279704658001
3300045944_15.fna,3300045944_15,7099_0,78.79365262
3300060291_39.fna,3300060291_39,7100_1,90.13330206120489
3300056903_133.fna,3300056903_133,7101_1,71.8960508
3300057030_23.fna,3300057030_23,7101_2,71.60922173
3300056972_38.fna,3300056972_38,7102_0,81.75749793076457
3300057025_154.fna,3300057025_154,7103_1,88.92679511412982
3300060291_13.fna,3300060291_13,7104_0,74.00741838563958
3300056895_36.fna,3300056895_36,7105_0,63.986004687793496
3300075322_39.fna,3300075322_39,7106_0,81.38291440767871
3300075322_96.fna,3300075322_96,7107_0,43.85402183691322
3300050033_54.fna,3300050033_54,7108_0,84.36418352316552
3300050132_46.fna,3300050132_46,7109_0,70.03370317575184
3300075322_91.fna,3300075322_91,7110_0,73.13116280933392
3300076763_175.fna,3300076763_175,7111_0,75.82408576993218
3300054963_84.fna,3300054963_84,7112_1,94.68666200851274
3300049722_28.fna,3300049722_28,7113_1,80.96680663069407
3300046508_14.fna,3300046508_14,7114_1,69.24476055031555
3300052918_35.fna,3300052918_35,7114_2,89.13081266856136
3300075494_23.fna,3300075494_23,7114_3,75.75159927352149
3300046703_56.fna,3300046703_56,7115_0,93.82235312579897
3300045800_6.fna,3300045800_6,7116_0,93.84762782136912
3300050024_34.fna,3300050024_34,7117_0,71.46726855214925
3300049718_27.fna,3300049718_27,7118_0,91.67701566830449
3300056807_51.fna,3300056807_51,7119_0,86.25380839671944
3300044904_69.fna,3300044904_69,7120_1,88.03366057564833
3300044823_10.fna,3300044823_10,7120_2,84.37617024299614
3300044800_77.fna,3300044800_77,7121_0,90.63599157
3300049719_8.fna,3300049719_8,7122_0,93.21903012212863
3300082197_51.fna,3300082197_51,7123_0,83.64083543590436
3300048788_4.fna,3300048788_4,7124_1,90.93844552841323
3300044824_22.fna,3300044824_22,7125_1,93.55231050260873
3300052918_36.fna,3300052918_36,7126_0,88.28437182154562
3300046484_16.fna,3300046484_16,7127_0,64.82552363065274
3300051201_27.fna,3300051201_27,7128_0,56.91280568594873
3300059576_44.fna,3300059576_44,7129_0,51.92990501008509
3300054966_54.fna,3300054966_54,7130_0,67.72145120298732
3300054988_62.fna,3300054988_62,7131_0,63.922630254759724
3300055024_5.fna,3300055024_5,7132_0,81.71224763627212
3300080930_62.fna,3300080930_62,7133_0,57.200198952563646
3300082287_19.fna,3300082287_19,7134_0,72.39463736911513
3300055361_72.fna,3300055361_72,7135_0,69.38409455849569
3300066659_92.fna,3300066659_92,7136_0,61.75104526275592
3300061211_8.fna,3300061211_8,7137_0,82.87246301689498
3300078361_37.fna,3300078361_37,7138_0,88.10571654090968
3300044808_61.fna,3300044808_61,7139_0,91.77178365252826
3300044738_10.fna,3300044738_10,7140_0,76.11971043172105
3300066008_71.fna,3300066008_71,7141_0,60.368047264910054
3300044529_17.fna,3300044529_17,7142_0,71.47241610986929
3300044703_65.fna,3300044703_65,7143_0,60.55638111730791
3300046710_7.fna,3300046710_7,7144_1,88.95246165
3300057031_12.fna,3300057031_12,7145_1,70.17328886982169
3300072620_30.fna,3300072620_30,7146_1,90.15930661487981
3300051200_33.fna,3300051200_33,7147_1,92.50737984
3300055099_62.fna,3300055099_62,7148_0,78.71919278
3300080031_57.fna,3300080031_57,7149_0,80.67592631569781
3300082281_89.fna,3300082281_89,7150_1,88.28240778953695
3300057048_91.fna,3300057048_91,7151_1,57.99084462232299
3300078387_151.fna,3300078387_151,7152_1,91.84090416
3300078387_10.fna,3300078387_10,7153_0,46.573617768772976
3300075646_12.fna,3300075646_12,7154_0,91.79286888
3300053671_34.fna,3300053671_34,7155_0,64.84425974396132
3300066538_58.fna,3300066538_58,7156_1,81.25977849365371
3300079560_22.fna,3300079560_22,7157_0,38.35365192441699
3300050029_33.fna,3300050029_33,7158_0,60.11728183790764
3300075573_35.fna,3300075573_35,7159_0,65.91824536239716
3300044819_29.fna,3300044819_29,7160_0,40.061924061017145
3300063172_179.fna,3300063172_179,7161_1,82.17258768716192
3300044904_54.fna,3300044904_54,7162_0,58.33961409177112
3300081965_180.fna,3300081965_180,7163_1,84.28214612
3300082225_94.fna,3300082225_94,7163_2,40.70244437
3300056865_67.fna,3300056865_67,7164_0,35.982349531899175
3300077110_9.fna,3300077110_9,7165_0,77.88024478191775
3300063020_3.fna,3300063020_3,7166_1,62.065833680766936
3300063085_57.fna,3300063085_57,7167_1,84.11440031768596
3300082025_57.fna,3300082025_57,7168_1,76.19845091
3300082053_57.fna,3300082053_57,7169_0,70.03541857557023
3300066487_75.fna,3300066487_75,7170_0,54.317678046472786
3300077821_45.fna,3300077821_45,7171_0,71.61543930884258
3300081966_61.fna,3300081966_61,7172_0,78.77493781685608
3300045282_21.fna,3300045282_21,7173_0,63.48904966
3300082027_26.fna,3300082027_26,7174_1,73.07580951915199
3300082511_43.fna,3300082511_43,7175_0,61.285730622162085
3300057009_44.fna,3300057009_44,7176_0,89.27328002787809
3300066613_3.fna,3300066613_3,7177_0,53.55575728
3300051097_42.fna,3300051097_42,7178_1,93.31129489255586
3300051098_5.fna,3300051098_5,7179_1,88.40263613333298
3300078213_44.fna,3300078213_44,7180_1,78.56673148678728
3300051099_114.fna,3300051099_114,7181_0,84.22959379
3300079162_64.fna,3300079162_64,7182_0,58.29292051715986
3300051238_108.fna,3300051238_108,7183_0,81.71799972195798
3300051238_170.fna,3300051238_170,7184_0,80.87395519679052
3300043667_3.fna,3300043667_3,7185_0,86.50302937470516
3300045000_12.fna,3300045000_12,7186_0,76.80009264
3300055098_24.fna,3300055098_24,7187_0,75.37461933134405
3300048797_19.fna,3300048797_19,7188_0,83.47568327589289
3300054704_58.fna,3300054704_58,7189_0,82.41502569557119
3300075593_67.fna,3300075593_67,7190_0,74.80214261034438
3300055048_58.fna,3300055048_58,7191_1,92.61746019521831
3300057031_24.fna,3300057031_24,7192_0,43.488676067172165
3300050239_52.fna,3300050239_52,7193_1,94.06311091
3300081966_39.fna,3300081966_39,7194_0,40.59369235084236
3300081965_59.fna,3300081965_59,7195_0,79.94232005041314
3300045120_31.fna,3300045120_31,7196_0,92.96815055594277
3300061846_32.fna,3300061846_32,7197_0,80.00919506515902
3300082512_16.fna,3300082512_16,7198_0,70.27949235870608
3300050655_25.fna,3300050655_25,7199_1,93.52256106859777
3300082309_10.fna,3300082309_10,7200_1,95.09271682
3300082524_40.fna,3300082524_40,7201_0,90.96796020147778
3300045284_41.fna,3300045284_41,7202_0,85.84714643577422
3300050654_13.fna,3300050654_13,7203_0,38.85606191336147
3300067513_61.fna,3300067513_61,7204_0,87.28623407
3300082536_32.fna,3300082536_32,7205_0,84.09794258394885
3300079107_40.fna,3300079107_40,7206_0,87.64863551679485
3300082060_15.fna,3300082060_15,7207_0,65.04471729109545
3300053062_3.fna,3300053062_3,7208_0,93.05502644779222
3300063065_70.fna,3300063065_70,7209_0,62.73383648234375
3300078530_10.fna,3300078530_10,7210_0,86.43726540211166
3300078327_21.fna,3300078327_21,7211_0,61.963009954426745
3300082281_102.fna,3300082281_102,7212_0,70.45259175402639
3300063075_80.fna,3300063075_80,7213_0,86.92758033215827
3300082054_72.fna,3300082054_72,7214_0,38.329325322722624
3300057025_20.fna,3300057025_20,7215_1,62.95763477
3300056896_44.fna,3300056896_44,7216_1,58.59783154136825
3300056906_101.fna,3300056906_101,7217_0,56.45340940146303
3300056973_54.fna,3300056973_54,7218_0,61.12658076462277
3300042995_10.fna,3300042995_10,7219_0,75.8013204
3300072176_28.fna,3300072176_28,7220_0,73.72489473541592
3300056977_38.fna,3300056977_38,7221_1,92.58750660239554
3300039308_7.fna,3300039308_7,7222_0,68.82257732299345
3300049170_11.fna,3300049170_11,7223_0,87.69971752493815
3300072123_19.fna,3300072123_19,7224_1,93.37176197709346
3300034173_1.fna,3300034173_1,7225_0,85.62233742033447
3300072963_32.fna,3300072963_32,7226_0,101.09895169772038
3300082535_21.fna,3300082535_21,7227_1,63.36018731095392
3300082282_9.fna,3300082282_9,7228_0,74.23896763235972
3300076630_4.fna,3300076630_4,7229_0,69.83002448378943
3300053671_100.fna,3300053671_100,7230_0,76.27700389176685
3300045001_13.fna,3300045001_13,7231_0,75.32257763069603
3300045932_22.fna,3300045932_22,7232_0,61.255595878967355
3300044734_35.fna,3300044734_35,7233_0,77.82958105751055
3300082281_92.fna,3300082281_92,7234_0,79.86700848390639
3300064746_111.fna,3300064746_111,7235_1,58.581129760256346
3300059597_41.fna,3300059597_41,7236_0,51.03703479199082
3300044965_17.fna,3300044965_17,7237_0,61.42678827180981
3300051099_25.fna,3300051099_25,7238_0,73.90991072
3300051238_44.fna,3300051238_44,7239_0,54.55382231933558
3300076031_40.fna,3300076031_40,7240_0,44.10156496236735
3300079522_56.fna,3300079522_56,7241_0,62.606081033985404
3300079549_63.fna,3300079549_63,7242_0,69.11090492711054
3300082035_60.fna,3300082035_60,7243_0,60.90420417582085
3300050240_130.fna,3300050240_130,7244_0,51.962385880747654
3300077739_143.fna,3300077739_143,7245_1,64.13178564
3300060318_30.fna,3300060318_30,7246_0,58.68745659063754
3300036393_5.fna,3300036393_5,7247_0,91.02956527064369
3300066008_115.fna,3300066008_115,7248_1,90.28061657091213
3300044703_62.fna,3300044703_62,7249_0,61.27309660758503
3300082225_50.fna,3300082225_50,7250_0,62.96025165909669
3300072118_18.fna,3300072118_18,7251_1,85.35542335818762
3300060914_44.fna,3300060914_44,7252_1,52.66350106525925
3300062131_13.fna,3300062131_13,7252_2,60.82807961528982
3300044735_26.fna,3300044735_26,7253_1,61.01554243103286
3300054986_61.fna,3300054986_61,7254_0,72.23367574111172
3300045996_391.fna,3300045996_391,7255_0,56.93071886756942
3300045996_392.fna,3300045996_392,7256_0,62.22330501194962
3300072963_19.fna,3300072963_19,7257_0,65.50475717975534
3300081965_28.fna,3300081965_28,7258_0,62.596933877524656
3300045996_28.fna,3300045996_28,7259_0,70.84215339115195
3300045996_314.fna,3300045996_314,7260_0,63.203356028471475
3300062822_83.fna,3300062822_83,7261_1,72.59442964132386
3300072962_11.fna,3300072962_11,7262_0,69.45468405
3300072965_13.fna,3300072965_13,7263_1,95.69588540467556
3300072963_21.fna,3300072963_21,7264_0,82.48004351
3300035685_7.fna,3300035685_7,7265_0,58.071765121521594
3300054680_76.fna,3300054680_76,7266_1,94.96762473153593
3300082202_24.fna,3300082202_24,7267_0,68.71765141138084
3300054987_64.fna,3300054987_64,7268_1,91.59597321278717
3300080032_126.fna,3300080032_126,7268_2,69.76299514
3300079385_51.fna,3300079385_51,7269_0,79.95920843886175
3300054730_47.fna,3300054730_47,7270_1,77.19706780642639
3300054988_55.fna,3300054988_55,7271_0,55.88376751403443
3300055072_104.fna,3300055072_104,7272_0,78.68971335993011
3300054680_63.fna,3300054680_63,7273_0,93.93694195906822
3300076621_22.fna,3300076621_22,7274_0,66.56842024507962
3300054681_11.fna,3300054681_11,7275_0,79.95527750791751
3300054681_31.fna,3300054681_31,7276_0,63.90205567597033
3300054680_58.fna,3300054680_58,7277_1,75.71958089179479
3300018079_15.fna,3300018079_15,7278_0,61.83147612027374
3300049004_43.fna,3300049004_43,7279_1,60.51390276613531
3300059597_26.fna,3300059597_26,7279_2,53.73453056204238
3300049259_59.fna,3300049259_59,7280_0,44.42590889386844
3300059325_83.fna,3300059325_83,7281_0,91.96783735698502
3300054961_48.fna,3300054961_48,7282_1,94.69061741857065
3300054703_77.fna,3300054703_77,7282_2,78.92094427485293
3300055023_16.fna,3300055023_16,7283_0,85.00195314904437
3300054986_83.fna,3300054986_83,7284_0,91.20357150954288
3300045051_24.fna,3300045051_24,7285_0,68.37049822
3300048514_7.fna,3300048514_7,7286_0,63.47095231685809
3300054730_39.fna,3300054730_39,7287_0,85.73492651
3300054988_30.fna,3300054988_30,7288_0,66.60182144137607
3300043734_2.fna,3300043734_2,7289_0,46.96562720320821
3300054986_1.fna,3300054986_1,7290_0,69.98808004241282
3300054964_42.fna,3300054964_42,7291_1,89.30918312266698
3300054962_15.fna,3300054962_15,7292_0,85.16960348807774
3300056876_58.fna,3300056876_58,7293_1,72.31000006717217
3300057031_14.fna,3300057031_14,7294_0,59.56243888
3300044834_65.fna,3300044834_65,7295_0,87.54935335176448
3300082260_34.fna,3300082260_34,7296_0,74.43798585319965
3300082531_25.fna,3300082531_25,7297_1,82.95007047242409
3300061224_26.fna,3300061224_26,7298_0,68.99095281961182
3300082260_29.fna,3300082260_29,7299_0,69.51397735
3300078280_41.fna,3300078280_41,7300_0,75.71732127680144
3300051200_75.fna,3300051200_75,7301_1,89.63264214339047
3300079552_2.fna,3300079552_2,7302_1,72.68126026981221
3300078164_12.fna,3300078164_12,7303_0,61.30970759634194
3300082216_9.fna,3300082216_9,7304_0,45.620092276413224
3300051200_55.fna,3300051200_55,7305_1,98.50980220699094
3300050236_17.fna,3300050236_17,7306_1,95.30016987881527
3300050236_30.fna,3300050236_30,7307_1,64.79402003
3300051201_58.fna,3300051201_58,7307_2,98.43146446337985
3300050240_100.fna,3300050240_100,7307_3,87.34505032464288
3300082023_57.fna,3300082023_57,7308_1,72.73113507194445
3300082282_55.fna,3300082282_55,7309_0,61.92019780865996
3300075593_77.fna,3300075593_77,7310_0,94.61711783605939
3300077110_28.fna,3300077110_28,7311_0,72.88045596888843
3300046740_31.fna,3300046740_31,7312_1,95.75468982
3300056905_85.fna,3300056905_85,7313_0,71.29770175231718
3300082212_105.fna,3300082212_105,7314_0,96.57887887420691
3300082524_13.fna,3300082524_13,7315_0,54.94372463124958
3300078327_4.fna,3300078327_4,7316_0,96.08279105070065
3300082261_34.fna,3300082261_34,7317_0,74.23313847271703
3300082505_9.fna,3300082505_9,7318_1,95.56970725471948
3300044812_13.fna,3300044812_13,7319_0,67.58385156663503
3300044834_57.fna,3300044834_57,7320_0,71.21576407692876
3300051099_104.fna,3300051099_104,7321_0,94.11870896063304
3300051099_82.fna,3300051099_82,7322_0,81.12140555021215
3300078361_52.fna,3300078361_52,7323_0,78.72545655597798
3300078417_7.fna,3300078417_7,7324_0,95.53701950040231
3300065083_84.fna,3300065083_84,7325_1,84.77790199951082
3300066602_14.fna,3300066602_14,7326_0,64.01644087
3300060322_14.fna,3300060322_14,7327_0,54.251476120273736
3300082284_4.fna,3300082284_4,7328_0,61.720796058607036
3300051201_16.fna,3300051201_16,7329_1,65.76154127914539
3300075495_11.fna,3300075495_11,7330_0,49.85574005800999
3300061643_10.fna,3300061643_10,7331_1,66.38585603352837
3300083162_8.fna,3300083162_8,7331_2,78.47890964220863
3300062116_25.fna,3300062116_25,7332_0,75.14562720320819
3300050240_88.fna,3300050240_88,7333_1,80.59440407983921
3300044648_4.fna,3300044648_4,7334_1,89.92289507354194
3300078280_5.fna,3300078280_5,7334_2,69.20053573
3300076803_32.fna,3300076803_32,7335_0,67.17635023548027
3300078530_19.fna,3300078530_19,7336_0,90.97977162903865
3300055047_10.fna,3300055047_10,7337_0,64.93045280208202
3300055072_14.fna,3300055072_14,7338_0,29.32111361567505
3300050239_53.fna,3300050239_53,7339_1,96.62010470628488
3300050240_85.fna,3300050240_85,7339_2,96.00453082
3300054967_5.fna,3300054967_5,7340_0,72.83261171242907
3300082035_95.fna,3300082035_95,7341_1,81.14524681676507
3300078501_18.fna,3300078501_18,7342_1,70.81957155338293
3300051469_12.fna,3300051469_12,7342_2,63.93652348258006
3300082261_6.fna,3300082261_6,7343_0,46.09634697096248
3300051099_128.fna,3300051099_128,7344_1,87.02766889
3300051238_150.fna,3300051238_150,7345_1,64.51412140057644
3300082284_10.fna,3300082284_10,7346_0,65.28237670121266
3300079550_26.fna,3300079550_26,7347_1,70.84689544
3300082028_26.fna,3300082028_26,7347_2,47.06099658691176
3300078521_18.fna,3300078521_18,7348_1,76.69631716734607
3300082970_31.fna,3300082970_31,7349_0,40.72162913997523
3300080031_68.fna,3300080031_68,7350_1,50.65517699
3300082025_28.fna,3300082025_28,7350_2,66.23129899035996
3300055240_67.fna,3300055240_67,7351_1,64.08142105636955
3300079547_25.fna,3300079547_25,7351_2,74.04714538085055
3300063085_115.fna,3300063085_115,7352_1,74.46602680321273
3300081505_135.fna,3300081505_135,7352_2,48.696718431611025
3300067093_61.fna,3300067093_61,7353_1,77.79746930844763
3300060663_33.fna,3300060663_33,7354_1,70.55908399
3300078280_39.fna,3300078280_39,7354_2,49.98742590148283
3300081969_27.fna,3300081969_27,7355_1,66.02686631035006
3300081720_75.fna,3300081720_75,7356_0,48.11480182904123
3300082035_77.fna,3300082035_77,7357_0,31.78804254271164
3300066322_39.fna,3300066322_39,7358_1,92.44841618774917
3300081965_192.fna,3300081965_192,7359_0,80.16700488516516
3300046689_28.fna,3300046689_28,7360_1,79.65755597993797
3300062776_119.fna,3300062776_119,7361_0,74.04181539005607
3300051099_123.fna,3300051099_123,7362_1,84.27666614754537
3300077663_42.fna,3300077663_42,7363_1,74.66566019237607
3300065083_16.fna,3300065083_16,7363_2,65.26091294725552
3300076631_54.fna,3300076631_54,7363_3,52.727241107505044
3300080929_21.fna,3300080929_21,7364_0,69.17648156437774
3300081966_57.fna,3300081966_57,7365_0,61.711255696753796
3300081968_82.fna,3300081968_82,7366_0,46.09181011013516
3300057005_39.fna,3300057005_39,7367_1,96.67897484420142
3300056867_51.fna,3300056867_51,7368_0,77.17505589
3300057031_28.fna,3300057031_28,7369_0,71.22109037
3300081966_99.fna,3300081966_99,7370_0,74.65057865894029
3300082211_79.fna,3300082211_79,7371_0,90.00121315043037
3300057038_32.fna,3300057038_32,7372_0,66.14481162575763
3300061641_85.fna,3300061641_85,7373_0,63.72797488976833
3300075606_18.fna,3300075606_18,7374_0,69.03129665701073
3300055048_16.fna,3300055048_16,7375_1,91.14196133707478
3300063016_77.fna,3300063016_77,7376_1,82.90827859011277
3300062776_107.fna,3300062776_107,7376_2,69.45318429678512
3300049586_14.fna,3300049586_14,7377_0,72.42005304722838
3300081528_28.fna,3300081528_28,7378_0,56.70326181276642
3300082225_39.fna,3300082225_39,7379_0,74.90980177591813
3300078750_56.fna,3300078750_56,7380_0,60.19504276335815
3300079510_42.fna,3300079510_42,7381_0,29.38470387469111
3300057013_132.fna,3300057013_132,7382_0,78.91083024
3300051201_33.fna,3300051201_33,7383_1,89.48258449717788
3300054961_77.fna,3300054961_77,7384_0,72.70847147283645
3300078432_52.fna,3300078432_52,7385_0,77.76821463281333
3300054985_43.fna,3300054985_43,7386_0,79.85872919282251
3300054988_79.fna,3300054988_79,7387_0,66.80717382922342
3300060884_26.fna,3300060884_26,7388_0,87.72947766
3300076762_70.fna,3300076762_70,7389_0,93.38053648498632
3300065083_110.fna,3300065083_110,7390_0,63.490198952563645
3300020202_7.fna,3300020202_7,7391_0,71.80037461555177
3300034123_2.fna,3300034123_2,7392_0,81.45015000113607
3300050226_38.fna,3300050226_38,7393_0,78.35765093217371
3300054986_18.fna,3300054986_18,7394_0,85.01151314928684
3300057030_123.fna,3300057030_123,7395_0,66.59075928016112
3300061224_23.fna,3300061224_23,7396_0,61.64972210523261
3300055072_71.fna,3300055072_71,7397_1,88.60551982515942
3300054962_63.fna,3300054962_63,7398_0,89.67363990822153
3300066487_28.fna,3300066487_28,7399_0,86.80059412849113
3300065441_2.fna,3300065441_2,7400_1,87.08815884834495
3300056877_109.fna,3300056877_109,7401_1,77.25399927485947
3300056917_18.fna,3300056917_18,7402_1,65.23748259728971
3300044808_33.fna,3300044808_33,7403_0,100.34692105326138
3300061537_82.fna,3300061537_82,7404_0,72.70956193240531
3300072958_36.fna,3300072958_36,7405_0,76.33306198199593
3300044813_1.fna,3300044813_1,7406_1,98.03585506105192
3300036666_1.fna,3300036666_1,7407_0,73.23599161542599
3300079690_44.fna,3300079690_44,7408_0,46.35814233924208
3300082226_75.fna,3300082226_75,7409_0,41.186959882475726
3300057025_107.fna,3300057025_107,7410_1,72.26572118298719
3300056917_59.fna,3300056917_59,7411_1,62.98210606056069
3300057030_117.fna,3300057030_117,7412_1,78.90836398320594
3300056903_185.fna,3300056903_185,7413_1,63.05905569604351
3300056884_144.fna,3300056884_144,7414_1,49.62905037939847
3300056887_136.fna,3300056887_136,7415_0,66.18640030961939
3300081968_28.fna,3300081968_28,7416_1,71.30002520217964
3300082211_136.fna,3300082211_136,7417_0,44.08773320793319
3300082211_87.fna,3300082211_87,7418_1,71.14481964699922
3300081968_80.fna,3300081968_80,7419_0,68.77090758429071
3300055278_40.fna,3300055278_40,7420_1,72.96133080664366
3300081832_90.fna,3300081832_90,7421_0,57.03625466753388
3300050045_31.fna,3300050045_31,7422_1,87.59983595914356
3300080028_71.fna,3300080028_71,7423_0,88.45568188207949
3300037108_10.fna,3300037108_10,7424_1,81.03100541739259
3300048809_45.fna,3300048809_45,7424_2,58.04676525233104
3300079534_1.fna,3300079534_1,7425_0,79.03453866212635
3300080032_39.fna,3300080032_39,7426_0,58.39182019440018
3300082201_18.fna,3300082201_18,7427_0,57.10954455718369
3300081485_63.fna,3300081485_63,7428_1,89.44235509985118
3300048815_15.fna,3300048815_15,7429_1,80.01479547194091
3300050129_41.fna,3300050129_41,7429_2,95.39159032105086
3300046478_62.fna,3300046478_62,7429_3,78.25612803567823
3300054961_91.fna,3300054961_91,7430_1,70.77969351906532
3300054988_84.fna,3300054988_84,7431_0,63.643327906938524
3300079101_18.fna,3300079101_18,7432_1,77.75565876052138
3300062799_125.fna,3300062799_125,7433_1,71.15744559910038
3300061641_135.fna,3300061641_135,7434_0,56.83055686351855
3300066608_57.fna,3300066608_57,7435_0,66.27327356169555
3300078161_27.fna,3300078161_27,7436_0,46.28017899840765
3300061213_9.fna,3300061213_9,7437_0,89.62527031619766
3300079560_89.fna,3300079560_89,7438_0,69.25514756
3300050029_1.fna,3300050029_1,7439_1,84.05921543842679
3300048793_4.fna,3300048793_4,7440_0,40.649027859025175
3300060653_34.fna,3300060653_34,7441_0,69.99030105
3300066540_31.fna,3300066540_31,7442_0,74.94753616
3300048785_15.fna,3300048785_15,7443_0,63.329829368104086
3300044528_2.fna,3300044528_2,7444_0,59.495987927175875
3300044737_22.fna,3300044737_22,7445_0,92.83900411
3300044738_4.fna,3300044738_4,7446_0,79.38306302162123
3300044813_30.fna,3300044813_30,7447_0,66.30225554052919
3300054681_28.fna,3300054681_28,7448_0,77.55614817236975
3300054704_90.fna,3300054704_90,7449_0,79.67107846423374
3300050350_60.fna,3300050350_60,7450_1,77.47996854929829
3300076763_33.fna,3300076763_33,7450_2,69.76408418086356
3300050016_49.fna,3300050016_49,7451_1,95.33386622623433
3300050011_71.fna,3300050011_71,7452_0,90.88142630578518
3300082281_74.fna,3300082281_74,7453_0,72.06883942447682
3300055072_2.fna,3300055072_2,7454_0,73.66665113928381
3300077816_40.fna,3300077816_40,7455_0,62.36329652696702
3300044834_68.fna,3300044834_68,7456_0,51.718352591833245
3300061211_43.fna,3300061211_43,7457_0,93.61765774123263
3300044521_46.fna,3300044521_46,7458_0,61.806193999553734
3300082191_9.fna,3300082191_9,7459_0,55.09439302345401
3300082282_84.fna,3300082282_84,7460_1,79.58922033691177
3300059325_132.fna,3300059325_132,7461_0,32.999676164447706
3300060695_76.fna,3300060695_76,7462_0,51.17842483936258
3300081965_96.fna,3300081965_96,7463_0,71.79520924
3300049581_102.fna,3300049581_102,7464_1,51.23365411787404
3300079560_71.fna,3300079560_71,7465_0,90.98015617
3300050663_17.fna,3300050663_17,7466_1,57.351564188399564
3300075937_6.fna,3300075937_6,7466_2,74.91159881503447
3300051238_58.fna,3300051238_58,7467_0,51.27857801497028
3300046516_39.fna,3300046516_39,7468_0,40.71911816771476
3300082225_5.fna,3300082225_5,7469_0,76.13208430369556
3300078518_10.fna,3300078518_10,7470_1,71.24955039922706
3300079387_26.fna,3300079387_26,7471_1,58.732551781698795
3300082023_28.fna,3300082023_28,7472_1,68.02102094323199
3300082035_138.fna,3300082035_138,7472_2,67.15698249909755
3300078279_11.fna,3300078279_11,7473_0,46.66617085816287
3300082195_45.fna,3300082195_45,7474_0,64.90338272622598
3300082024_67.fna,3300082024_67,7475_1,59.38589071638419
3300049306_7.fna,3300049306_7,7476_0,56.412114290650806
3300066008_101.fna,3300066008_101,7477_0,82.08728715710082
3300081965_155.fna,3300081965_155,7478_0,95.04158361311882
3300044737_26.fna,3300044737_26,7479_1,91.36606740294619
3300044703_33.fna,3300044703_33,7480_1,90.12951606699384
3300066659_95.fna,3300066659_95,7480_2,44.518318215264784
3300044816_40.fna,3300044816_40,7481_0,50.78040150099697
3300046689_47.fna,3300046689_47,7482_1,73.01764420124168
3300055099_31.fna,3300055099_31,7483_0,63.21182309324243
3300037852_39.fna,3300037852_39,7484_0,48.51907809237607
3300044703_12.fna,3300044703_12,7485_0,84.57710215014917
3300056867_63.fna,3300056867_63,7486_0,48.060527377523435
3300050011_70.fna,3300050011_70,7487_0,79.29580218
3300050029_42.fna,3300050029_42,7488_0,50.839655629844984
3300051099_76.fna,3300051099_76,7489_0,71.82578204113173
3300053685_12.fna,3300053685_12,7490_0,43.12542259615431
3300079526_39.fna,3300079526_39,7491_0,78.32688018
3300081966_93.fna,3300081966_93,7492_0,59.95413310994015
3300082035_62.fna,3300082035_62,7493_0,83.84452493302378
3300056674_221.fna,3300056674_221,7494_1,92.96962045343581
3300062823_51.fna,3300062823_51,7495_0,101.01163446830434
3300063172_50.fna,3300063172_50,7496_0,82.84736501
3300045781_26.fna,3300045781_26,7497_1,82.37006039602896
3300045820_16.fna,3300045820_16,7498_1,91.17594113303748
3300082281_130.fna,3300082281_130,7499_0,87.85353560295326
3300082266_24.fna,3300082266_24,7500_1,69.13483207672303
3300042876_122.fna,3300042876_122,7501_1,85.70801811073828
3300044673_48.fna,3300044673_48,7502_0,85.48111679445101
3300050232_3.fna,3300050232_3,7503_1,88.26437033954252
3300065424_52.fna,3300065424_52,7504_0,34.39780522400317
3300056674_191.fna,3300056674_191,7505_1,72.84326282
3300059325_131.fna,3300059325_131,7506_0,61.50874349469243
3300044839_16.fna,3300044839_16,7507_1,72.16539067940343
3300066608_21.fna,3300066608_21,7508_0,54.78936481037585
3300065083_10.fna,3300065083_10,7509_0,67.17937337
3300082073_28.fna,3300082073_28,7510_0,74.41484770555923
3300078045_21.fna,3300078045_21,7511_0,58.20787698
3300082024_87.fna,3300082024_87,7512_1,69.65431908405462
3300060731_40.fna,3300060731_40,7513_0,35.23817432613773
3300057000_33.fna,3300057000_33,7514_0,43.59304452
3300050240_98.fna,3300050240_98,7515_1,95.39838253476422
3300082027_6.fna,3300082027_6,7516_1,63.13242150747071
3300062131_138.fna,3300062131_138,7517_0,48.69308668182202
3300061211_30.fna,3300061211_30,7518_0,74.69610552905434
3300062131_108.fna,3300062131_108,7519_0,67.37450639656302
3300062822_76.fna,3300062822_76,7520_0,61.85617899183391
3300062823_98.fna,3300062823_98,7521_0,67.96136700947415
3300050235_110.fna,3300050235_110,7522_1,93.43106261795545
3300050235_122.fna,3300050235_122,7523_1,85.51519050940651
3300063177_65.fna,3300063177_65,7524_1,83.97094674872561
3300063059_70.fna,3300063059_70,7525_0,85.08260824237448
3300056787_26.fna,3300056787_26,7526_1,81.06211621187258
3300064095_168.fna,3300064095_168,7527_0,87.70065546143081
3300042876_112.fna,3300042876_112,7528_1,82.39418200962297
3300062795_102.fna,3300062795_102,7529_0,51.61978483282486
3300065480_43.fna,3300065480_43,7530_0,66.50413499758481
3300064042_122.fna,3300064042_122,7531_0,87.68705552694942
3300050241_40.fna,3300050241_40,7532_1,83.83735290878067
3300063058_31.fna,3300063058_31,7533_1,77.43585214904436
3300063176_65.fna,3300063176_65,7534_0,83.42702478701503
3300082245_58.fna,3300082245_58,7535_1,90.11445459476502
3300063132_93.fna,3300063132_93,7536_1,58.03454342063571
3300055273_44.fna,3300055273_44,7537_0,59.122363022054984
3300061536_32.fna,3300061536_32,7538_1,76.87536980469001
3300079103_63.fna,3300079103_63,7539_0,69.28970705958807
3300054986_99.fna,3300054986_99,7540_0,83.13469421579059
3300078422_52.fna,3300078422_52,7541_1,76.67263025475971
3300082210_74.fna,3300082210_74,7541_2,51.136193999553726
3300060320_38.fna,3300060320_38,7542_0,60.04042724575177
3300054703_70.fna,3300054703_70,7543_1,73.54340900962296
3300054963_3.fna,3300054963_3,7544_0,90.77416904738666
3300082197_48.fna,3300082197_48,7545_0,73.80066008662956
3300072978_29.fna,3300072978_29,7546_1,75.57496610605726
3300063017_79.fna,3300063017_79,7547_0,85.81464671684452
3300062555_8.fna,3300062555_8,7548_0,26.883157834904065
3300081525_42.fna,3300081525_42,7549_0,82.41879501933532
3300044703_23.fna,3300044703_23,7550_0,80.53414945420197
3300044808_36.fna,3300044808_36,7551_0,65.90945025582968
3300078371_5.fna,3300078371_5,7552_0,46.12251822061068
3300072952_8.fna,3300072952_8,7553_1,66.50325269
3300049005_21.fna,3300049005_21,7554_1,78.56909779734266
3300072977_34.fna,3300072977_34,7555_1,84.28689685179154
3300063017_90.fna,3300063017_90,7556_1,88.81276626365809
3300072660_74.fna,3300072660_74,7557_1,80.91541739398706
3300063058_63.fna,3300063058_63,7558_0,51.17109664621232
3300054680_53.fna,3300054680_53,7559_1,86.48886404577831
3300054966_38.fna,3300054966_38,7560_0,88.56150161656483
3300054962_7.fna,3300054962_7,7561_0,92.63117168057434
3300054962_72.fna,3300054962_72,7562_1,74.43900732
3300054962_1.fna,3300054962_1,7563_0,74.66188348748028
3300076604_77.fna,3300076604_77,7564_1,82.20183240413978
3300075654_53.fna,3300075654_53,7565_1,77.06989940214322
3300055049_7.fna,3300055049_7,7566_0,64.13826669019596
3300044838_31.fna,3300044838_31,7567_0,75.04005893337386
3300062690_22.fna,3300062690_22,7568_0,84.44679481171362
3300064040_128.fna,3300064040_128,7569_0,76.62724090884973
3300060355_114.fna,3300060355_114,7570_0,43.730780560118035
3300045744_11.fna,3300045744_11,7571_1,69.60633193148931
3300072659_89.fna,3300072659_89,7572_0,74.3277855
3300072780_99.fna,3300072780_99,7573_0,52.021988304998295
3300044704_29.fna,3300044704_29,7574_1,93.58081321106818
3300064042_130.fna,3300064042_130,7574_2,95.43281885075018
3300062782_20.fna,3300062782_20,7575_0,84.64675490070351
3300072117_42.fna,3300072117_42,7576_0,87.22329927783919
3300044739_21.fna,3300044739_21,7577_1,84.63338365236899
3300066008_1.fna,3300066008_1,7578_0,52.57511729311513
3300044808_34.fna,3300044808_34,7579_0,94.36058780215524
3300053671_73.fna,3300053671_73,7580_0,92.26373331
3300044734_5.fna,3300044734_5,7581_1,88.02244588
3300064040_134.fna,3300064040_134,7581_2,89.66240704869061
3300044704_32.fna,3300044704_32,7582_0,70.38928487811053
3300044808_6.fna,3300044808_6,7583_0,80.09154667254806
3300082226_42.fna,3300082226_42,7584_0,90.53462427842702
3300044703_2.fna,3300044703_2,7585_0,71.63243452
3300044703_73.fna,3300044703_73,7586_0,91.79820624598949
3300047320_58.fna,3300047320_58,7587_0,83.56712195684445
3300082028_78.fna,3300082028_78,7588_0,46.70420648288929
3300062797_13.fna,3300062797_13,7589_0,32.05069815
3300063085_1.fna,3300063085_1,7590_0,75.59197570913163
3300066487_48.fna,3300066487_48,7591_0,70.09983909
3300054962_24.fna,3300054962_24,7592_0,73.58911504522456
3300072688_16.fna,3300072688_16,7593_0,83.77086970027176
3300060015_66.fna,3300060015_66,7594_0,70.11887133208074
3300056798_65.fna,3300056798_65,7595_1,92.83794743826395
3300056798_74.fna,3300056798_74,7596_0,67.64851886805664
3300056970_5.fna,3300056970_5,7597_0,71.67854162832532
3300062803_53.fna,3300062803_53,7598_1,96.47077201185195
3300063032_68.fna,3300063032_68,7599_0,75.07536548466892
3300065425_78.fna,3300065425_78,7600_0,66.78406836988154
3300049570_94.fna,3300049570_94,7601_1,77.39405350667451
3300049259_57.fna,3300049259_57,7602_0,38.29678352446303
3300062792_26.fna,3300062792_26,7603_1,96.61237049726243
3300062794_95.fna,3300062794_95,7603_2,89.87944986
3300063044_2.fna,3300063044_2,7604_0,58.646878968274784
3300062806_44.fna,3300062806_44,7605_0,79.02590411755877
3300062794_96.fna,3300062794_96,7606_0,99.51032988120784
3300063020_118.fna,3300063020_118,7607_0,75.82832149567774
3300048999_55.fna,3300048999_55,7608_0,68.25526641488416
3300064047_46.fna,3300064047_46,7609_1,80.37856110703426
3300056751_50.fna,3300056751_50,7610_0,76.17945485252295
3300056787_35.fna,3300056787_35,7611_1,86.01125287
3300049823_77.fna,3300049823_77,7612_1,62.395676162449256
3300056752_4.fna,3300056752_4,7613_1,59.860595673909195
3300049571_85.fna,3300049571_85,7614_0,36.95890909721606
3300049571_86.fna,3300049571_86,7615_0,80.22978879569945
3300082970_9.fna,3300082970_9,7616_1,66.54244899714905
3300082024_90.fna,3300082024_90,7617_1,65.64575099831798
3300076603_13.fna,3300076603_13,7617_2,43.093442679492995
3300075593_38.fna,3300075593_38,7618_1,56.67205768100584
3300079552_3.fna,3300079552_3,7618_2,38.04668652536335
3300082028_17.fna,3300082028_17,7619_1,79.73265730294268
3300083162_19.fna,3300083162_19,7619_2,74.80688709698528
3300079387_45.fna,3300079387_45,7620_1,75.13664236194529
3300060664_19.fna,3300060664_19,7621_0,62.688667934007505
3300065083_97.fna,3300065083_97,7622_0,66.14358890588058
3300078432_66.fna,3300078432_66,7623_0,75.77274063285029
3300082207_44.fna,3300082207_44,7624_1,65.88805919
3300082228_4.fna,3300082228_4,7625_0,38.90768673
3300062131_99.fna,3300062131_99,7626_1,72.68190241
3300082054_99.fna,3300082054_99,7627_1,63.60793192426177
3300081038_37.fna,3300081038_37,7628_0,48.554713549560866
3300049007_6.fna,3300049007_6,7629_1,93.43231693
3300078545_22.fna,3300078545_22,7630_0,59.117153916564014
3300044764_5.fna,3300044764_5,7631_0,89.54293519622468
3300060916_122.fna,3300060916_122,7632_0,58.24443154094915
3300061211_61.fna,3300061211_61,7633_0,54.393296551048145
3300045000_32.fna,3300045000_32,7634_0,80.51989209830178
3300051238_57.fna,3300051238_57,7635_0,84.64853694718299
3300049744_3.fna,3300049744_3,7636_1,76.05691452091492
3300049571_158.fna,3300049571_158,7637_1,82.69777348746356
3300064033_107.fna,3300064033_107,7638_0,55.12682746754331
3300066601_39.fna,3300066601_39,7639_0,40.237905262333705
3300050236_21.fna,3300050236_21,7640_0,67.11563716445237
3300044703_16.fna,3300044703_16,7641_0,66.44305109838338
3300062721_64.fna,3300062721_64,7642_0,61.45570062996237
3300049586_47.fna,3300049586_47,7643_1,95.55648155712274
3300046675_35.fna,3300046675_35,7644_1,83.97427461045717
3300046463_38.fna,3300046463_38,7645_0,22.20562917906656
3300050240_6.fna,3300050240_6,7646_0,95.11653601469459
3300066008_59.fna,3300066008_59,7647_0,91.16504808965023
3300066008_7.fna,3300066008_7,7648_0,67.63295191944938
3300066322_86.fna,3300066322_86,7649_0,77.36742590148282
3300060745_44.fna,3300060745_44,7650_0,59.206637174168726
3300054680_41.fna,3300054680_41,7651_1,90.17675652
3300054988_6.fna,3300054988_6,7652_1,61.895068240996856
3300080032_150.fna,3300080032_150,7653_0,81.20990278
3300054703_14.fna,3300054703_14,7654_0,76.67642053346715
3300048780_21.fna,3300048780_21,7655_1,93.52219474732479
3300044801_23.fna,3300044801_23,7656_0,93.32102402085498
3300044824_32.fna,3300044824_32,7657_0,85.14289508115125
3300054966_33.fna,3300054966_33,7658_0,89.37219638088385
3300046652_9.fna,3300046652_9,7659_0,65.98404881669015
3300078419_41.fna,3300078419_41,7660_0,83.93577515251366
3300065074_18.fna,3300065074_18,7661_0,77.39375425
3300037155_10.fna,3300037155_10,7662_1,96.11613974033448
3300050018_1.fna,3300050018_1,7663_0,93.42608289837916
3300064109_75.fna,3300064109_75,7664_0,66.76336348
3300062725_101.fna,3300062725_101,7665_1,77.62845500650403
3300082166_70.fna,3300082166_70,7665_2,66.01712294051153
3300048810_50.fna,3300048810_50,7665_3,54.63020500357782
3300048764_60.fna,3300048764_60,7666_1,91.80103066135186
3300046479_63.fna,3300046479_63,7667_0,77.13311945853799
3300050119_18.fna,3300050119_18,7668_0,64.16185793
3300064045_103.fna,3300064045_103,7669_0,94.74789298181193
3300080032_136.fna,3300080032_136,7670_0,51.92716371771181
3300037316_8.fna,3300037316_8,7671_0,47.143762170437505
3300054987_21.fna,3300054987_21,7672_0,67.82694028
3300056756_13.fna,3300056756_13,7673_1,87.77555379895034
3300056753_246.fna,3300056753_246,7674_1,96.12087185497786
3300055516_3.fna,3300055516_3,7675_1,95.99753649226638
3300056811_19.fna,3300056811_19,7676_1,82.58962634454295
3300055468_33.fna,3300055468_33,7677_1,82.8854155
3300045779_15.fna,3300045779_15,7678_1,92.33561213012567
3300050027_44.fna,3300050027_44,7679_0,85.98118991584262
3300048759_21.fna,3300048759_21,7680_0,77.72061559852233
3300014167_7.fna,3300014167_7,7681_0,45.60892005136749
3300044796_113.fna,3300044796_113,7682_0,84.59259631531867
3300081828_79.fna,3300081828_79,7683_0,88.1279549
3300060656_61.fna,3300060656_61,7684_0,72.67832022183516
3300046485_1.fna,3300046485_1,7685_0,55.84034100962295
3300080028_103.fna,3300080028_103,7686_0,92.51349002
3300044680_2.fna,3300044680_2,7687_0,90.37019448970072
3300062837_18.fna,3300062837_18,7688_0,87.39899881820399
3300048816_23.fna,3300048816_23,7689_1,92.79429952
3300048827_22.fna,3300048827_22,7690_0,86.48562833692294
3300078418_34.fna,3300078418_34,7691_0,89.97121238786501
3300034163_6.fna,3300034163_6,7692_0,64.71024108953401
3300048790_4.fna,3300048790_4,7693_0,62.13545214033434
3300044822_72.fna,3300044822_72,7694_0,32.935545106568554
3300048813_21.fna,3300048813_21,7695_1,81.34992078353046
3300050345_42.fna,3300050345_42,7696_1,93.99196380748258
3300048792_5.fna,3300048792_5,7697_0,94.56149244
3300078358_15.fna,3300078358_15,7698_0,85.31389243818107
3300060646_16.fna,3300060646_16,7699_0,76.79122607569249
3300046493_3.fna,3300046493_3,7700_1,81.28325131156124
3300050027_21.fna,3300050027_21,7700_2,87.86737921
3300048827_6.fna,3300048827_6,7701_1,94.22445956600866
3300076622_16.fna,3300076622_16,7702_0,71.81900412
3300050119_64.fna,3300050119_64,7703_1,71.75907604028156
3300064045_149.fna,3300064045_149,7703_2,72.56211379063005
3300064043_63.fna,3300064043_63,7704_0,81.15835623710493
3300075494_6.fna,3300075494_6,7705_1,86.97473593193845
3300050020_8.fna,3300050020_8,7705_2,91.61412565
3300050029_30.fna,3300050029_30,7705_3,67.84783491732584
3300075322_94.fna,3300075322_94,7706_0,72.71483219600029
3300054988_81.fna,3300054988_81,7707_0,73.86342255698031
3300062843_21.fna,3300062843_21,7708_1,89.40479409047475
3300063031_50.fna,3300063031_50,7708_2,83.67735354877313
3300079482_54.fna,3300079482_54,7709_0,91.03811730909857
3300082202_62.fna,3300082202_62,7710_0,68.71246591369781
3300061644_31.fna,3300061644_31,7711_0,58.158558255383525
3300062564_16.fna,3300062564_16,7712_0,27.000178099709625
3300062625_36.fna,3300062625_36,7713_0,60.539931126777766
3300048763_23.fna,3300048763_23,7714_0,65.61757444494468
3300048779_27.fna,3300048779_27,7715_0,78.10443548303232
3300048813_20.fna,3300048813_20,7716_1,87.62108137932364
3300079305_8.fna,3300079305_8,7717_0,85.10244378562896
3300043778_2.fna,3300043778_2,7718_0,65.08929867249735
3300043673_22.fna,3300043673_22,7719_1,56.032420630361244
3300061639_48.fna,3300061639_48,7719_2,83.69447096692643
3300050130_30.fna,3300050130_30,7720_0,67.30457666595385
3300048790_39.fna,3300048790_39,7721_0,65.00103585968999
3300076623_65.fna,3300076623_65,7722_1,91.35839933081566
3300050128_49.fna,3300050128_49,7723_1,90.95309122162652
3300044822_47.fna,3300044822_47,7724_0,80.27840724
3300083121_74.fna,3300083121_74,7725_1,65.60230499
3300064045_6.fna,3300064045_6,7726_0,81.03818027683667
3300077817_47.fna,3300077817_47,7727_0,89.27994929832423
3300048812_18.fna,3300048812_18,7728_1,92.05292799287948
3300048827_61.fna,3300048827_61,7729_1,83.86492532108235
3300050017_26.fna,3300050017_26,7729_2,65.66941253348114
3300060650_56.fna,3300060650_56,7730_0,71.57259025625189
3300044797_22.fna,3300044797_22,7731_1,75.06155576334508
3300044697_17.fna,3300044697_17,7732_0,78.55882451645923
3300044796_76.fna,3300044796_76,7733_0,86.40374038658683
3300050139_34.fna,3300050139_34,7734_0,85.19806061346898
3300044796_79.fna,3300044796_79,7735_0,89.83092999586391
3300044796_86.fna,3300044796_86,7736_0,94.20146550016197
3300054968_68.fna,3300054968_68,7737_1,93.70204453351703
3300054985_59.fna,3300054985_59,7737_2,76.67509374378771
3300044824_37.fna,3300044824_37,7738_0,90.22994560226739
3300048794_2.fna,3300048794_2,7739_0,56.65079414053675
3300060650_84.fna,3300060650_84,7740_0,88.08681529008223
3300050138_2.fna,3300050138_2,7741_1,87.91293559
3300050350_33.fna,3300050350_33,7742_0,93.73695800084073
3300060355_116.fna,3300060355_116,7743_0,69.23291948
3300080032_167.fna,3300080032_167,7744_0,53.61754978982281
3300044796_35.fna,3300044796_35,7745_0,86.23825387941493
3300045781_5.fna,3300045781_5,7746_0,85.99179759137726
3300050019_12.fna,3300050019_12,7747_1,91.01573666649057
3300037852_45.fna,3300037852_45,7748_0,90.73269618581283
3300080028_192.fna,3300080028_192,7749_0,70.84030804
3300062562_47.fna,3300062562_47,7750_0,93.14249378661751
3300081511_42.fna,3300081511_42,7751_1,94.38612796
3300044680_34.fna,3300044680_34,7751_2,81.48056385013852
3300082166_22.fna,3300082166_22,7751_3,94.34183370989867
3300062846_16.fna,3300062846_16,7751_4,66.35844675818821
3300054985_12.fna,3300054985_12,7752_1,88.35685885685861
3300079548_90.fna,3300079548_90,7753_0,92.01731711438394
3300054988_74.fna,3300054988_74,7754_1,83.37152463839327
3300054703_11.fna,3300054703_11,7755_1,55.74451071104761
3300055023_4.fna,3300055023_4,7755_2,47.68006366110831
3300054966_63.fna,3300054966_63,7756_1,92.92908898
3300054705_39.fna,3300054705_39,7757_0,73.37119257792861
3300054985_14.fna,3300054985_14,7758_1,85.21683718123579
3300079534_25.fna,3300079534_25,7759_0,79.0372346
3300054988_44.fna,3300054988_44,7760_0,64.67411783663528
3300055023_92.fna,3300055023_92,7761_0,89.22218683881174
3300079534_79.fna,3300079534_79,7762_0,73.38116452030835
3300055098_5.fna,3300055098_5,7763_0,76.97299508
3300066018_4.fna,3300066018_4,7764_0,72.27670338
3300062768_61.fna,3300062768_61,7765_0,70.17019266
3300080028_106.fna,3300080028_106,7766_0,78.14709280753671
3300082213_11.fna,3300082213_11,7767_0,67.85755499484307
3300045000_10.fna,3300045000_10,7768_0,59.78335813705823
3300079509_153.fna,3300079509_153,7769_0,60.226250781706895
3300054988_68.fna,3300054988_68,7770_1,87.37420045
3300061179_44.fna,3300061179_44,7771_0,75.15930792
3300082197_127.fna,3300082197_127,7772_0,76.03569693756783
3300061845_30.fna,3300061845_30,7773_0,53.123874683672796
3300054962_62.fna,3300054962_62,7774_1,86.00709797136943
3300054962_102.fna,3300054962_102,7775_1,71.58936024974786
3300054705_91.fna,3300054705_91,7776_0,80.49466199350002
3300055023_51.fna,3300055023_51,7777_0,88.37851794408606
3300048997_82.fna,3300048997_82,7778_0,80.79293090544348
3300054705_95.fna,3300054705_95,7779_0,64.15010877779987
3300055049_56.fna,3300055049_56,7780_0,50.68335895906189
3300054966_19.fna,3300054966_19,7781_0,85.29325945877046
3300061846_8.fna,3300061846_8,7782_0,84.40467886844446
3300077202_78.fna,3300077202_78,7783_1,76.45736212405276
3300045001_34.fna,3300045001_34,7784_0,62.15598560051038
3300077435_8.fna,3300077435_8,7785_1,90.96189703221165
3300055023_10.fna,3300055023_10,7786_0,85.33951202330003
3300043757_11.fna,3300043757_11,7787_0,62.058428386368604
3300050019_45.fna,3300050019_45,7788_0,87.80594712
3300054681_27.fna,3300054681_27,7789_1,82.91427155
3300054985_9.fna,3300054985_9,7790_1,89.50087730106404
3300082211_176.fna,3300082211_176,7791_0,76.61751213166231
3300056811_22.fna,3300056811_22,7792_1,84.78291975631544
3300056809_98.fna,3300056809_98,7793_0,57.39924491110211
3300048818_64.fna,3300048818_64,7794_1,87.52526250645553
3300062626_44.fna,3300062626_44,7795_0,42.25475276271329
3300054682_30.fna,3300054682_30,7796_1,54.98958801589673
3300054705_5.fna,3300054705_5,7796_2,62.92404446814579
3300054988_13.fna,3300054988_13,7797_0,81.51004096
3300055240_15.fna,3300055240_15,7798_0,66.90037822
3300050034_60.fna,3300050034_60,7799_1,81.98537783921894
3300044680_32.fna,3300044680_32,7800_1,83.33356491448552
3300056587_57.fna,3300056587_57,7801_1,86.75112293000967
3300050026_24.fna,3300050026_24,7802_1,90.42150206746301
3300050191_32.fna,3300050191_32,7803_1,85.46432133959681
3300048825_47.fna,3300048825_47,7804_1,82.21577525381042
3300044801_60.fna,3300044801_60,7805_1,70.18632967216257
3300050028_54.fna,3300050028_54,7806_1,77.80032646637243
3300050010_5.fna,3300050010_5,7807_1,86.14937638794018
3300050013_12.fna,3300050013_12,7808_0,28.53222564
3300075492_39.fna,3300075492_39,7809_0,61.08869332629119
3300044801_25.fna,3300044801_25,7810_1,97.07786858661183
3300044823_7.fna,3300044823_7,7811_1,93.67604397
3300044904_17.fna,3300044904_17,7811_2,84.95980472877494
3300054962_88.fna,3300054962_88,7812_0,86.46093262624655
3300062853_18.fna,3300062853_18,7813_1,67.67847369021378
3300045949_5.fna,3300045949_5,7814_1,75.43641044736349
3300048795_29.fna,3300048795_29,7815_0,78.74864404077701
3300050116_39.fna,3300050116_39,7816_0,58.70050902302297
3300050118_42.fna,3300050118_42,7817_1,75.26568894021487
3300050118_58.fna,3300050118_58,7818_1,76.69261207186385
3300050129_48.fna,3300050129_48,7819_1,82.11110715185643
3300075492_62.fna,3300075492_62,7820_0,57.173065478355404
3300062626_67.fna,3300062626_67,7821_0,74.66346688094029
3300054730_66.fna,3300054730_66,7822_1,77.42966353549707
3300064066_87.fna,3300064066_87,7823_1,86.54249479195938
3300076623_4.fna,3300076623_4,7824_1,69.57456734187399
3300081823_56.fna,3300081823_56,7825_0,67.69823173700236
3300079393_34.fna,3300079393_34,7826_1,82.89034180933031
3300050191_10.fna,3300050191_10,7827_0,66.49863975801897
3300082173_63.fna,3300082173_63,7828_0,45.306286928204074
3300082173_20.fna,3300082173_20,7829_1,94.59032318179518
3300061644_75.fna,3300061644_75,7830_0,77.34532114298622
3300064043_34.fna,3300064043_34,7831_0,90.36319639367034
3300066008_16.fna,3300066008_16,7832_0,95.54467765353701
3300080928_23.fna,3300080928_23,7833_0,88.54767089234134
3300047468_4.fna,3300047468_4,7834_0,55.60143295986081
3300047472_53.fna,3300047472_53,7835_0,88.62091023057071
3300046461_16.fna,3300046461_16,7836_1,84.23398698087068
3300046725_3.fna,3300046725_3,7837_1,88.68615775617157
3300063053_2.fna,3300063053_2,7838_0,85.81927394384067
3300049793_8.fna,3300049793_8,7839_0,90.01084867105406
3300060332_60.fna,3300060332_60,7840_0,34.11302546200463
3300067512_9.fna,3300067512_9,7841_0,66.30242490040331
3300051521_49.fna,3300051521_49,7842_0,84.27725545242443
3300078368_3.fna,3300078368_3,7843_0,61.22238901101118
3300081969_76.fna,3300081969_76,7844_1,86.81680355339505
3300082264_15.fna,3300082264_15,7845_0,57.512883193811376
3300044688_12.fna,3300044688_12,7846_0,65.54762075
3300079526_48.fna,3300079526_48,7847_0,83.49988206
3300062805_52.fna,3300062805_52,7848_1,76.45389658731237
3300076628_1.fna,3300076628_1,7849_1,78.99898058
3300045243_1.fna,3300045243_1,7850_1,94.04120270965804
3300053061_30.fna,3300053061_30,7851_0,66.18292027440734
3300063261_89.fna,3300063261_89,7852_1,75.18740448
3300056877_153.fna,3300056877_153,7853_1,72.39690185990838
3300061537_41.fna,3300061537_41,7854_0,78.88185379
3300082211_123.fna,3300082211_123,7855_1,82.84672843121467
3300064039_54.fna,3300064039_54,7856_0,84.85297647248025
3300050477_5.fna,3300050477_5,7857_0,94.06782502504768
3300055099_24.fna,3300055099_24,7858_0,66.68125115459272
3300066487_106.fna,3300066487_106,7859_0,100.72768222318665
3300055072_37.fna,3300055072_37,7860_0,82.88635983067475
3300078280_30.fna,3300078280_30,7861_0,81.98952472329877
3300045000_40.fna,3300045000_40,7862_1,79.15528363152617
3300044809_59.fna,3300044809_59,7863_0,52.94481015619169
3300079510_4.fna,3300079510_4,7864_0,53.35641406476967
3300082027_12.fna,3300082027_12,7865_1,78.8904986
3300080035_30.fna,3300080035_30,7866_0,76.35634524087791
3300067513_50.fna,3300067513_50,7867_0,86.53861907106992
3300060885_43.fna,3300060885_43,7868_0,51.352697515943355
3300045996_420.fna,3300045996_420,7869_1,92.17930526987158
3300082028_83.fna,3300082028_83,7870_0,58.810254062013044
3300051201_17.fna,3300051201_17,7871_1,84.38588211850318
3300067513_18.fna,3300067513_18,7871_2,77.25657286237143
3300077727_89.fna,3300077727_89,7872_0,64.89486091107622
3300082208_59.fna,3300082208_59,7873_0,61.35268183367705
3300064033_55.fna,3300064033_55,7874_1,76.11197140682462
3300066540_4.fna,3300066540_4,7874_2,81.03350550578612
3300066540_84.fna,3300066540_84,7874_3,67.57171236714835
3300043485_10.fna,3300043485_10,7874_4,92.95080135801412
3300062832_20.fna,3300062832_20,7874_5,90.58276084752555
3300063175_5.fna,3300063175_5,7875_0,71.57885152077442
3300078162_19.fna,3300078162_19,7876_1,82.2258351
3300081827_21.fna,3300081827_21,7876_2,80.54614437
3300062845_3.fna,3300062845_3,7877_1,80.48090473650441
3300064041_110.fna,3300064041_110,7877_2,94.20131153733067
3300078359_151.fna,3300078359_151,7877_3,81.96250961502136
3300052303_12.fna,3300052303_12,7877_4,85.39919386260463
3300082514_22.fna,3300082514_22,7878_0,60.559287051689964
3300082525_11.fna,3300082525_11,7879_0,77.42534649151229
3300073835_22.fna,3300073835_22,7880_1,72.26741768576207
3300082172_53.fna,3300082172_53,7880_2,84.62038566531102
3300066659_147.fna,3300066659_147,7881_1,85.97664602183512
3300066538_81.fna,3300066538_81,7881_2,86.37976402128564
3300050458_2.fna,3300050458_2,7881_3,80.59308839288599
3300050471_10.fna,3300050471_10,7881_4,79.93465825254512
3300082172_9.fna,3300082172_9,7881_5,63.206698421150094
3300082822_71.fna,3300082822_71,7881_6,70.96725495044267
3300078732_57.fna,3300078732_57,7881_7,58.351243081093045
3300073846_19.fna,3300073846_19,7881_8,43.26523121464078
3300048999_66.fna,3300048999_66,7882_0,73.91226841415063
3300049822_74.fna,3300049822_74,7883_1,93.82053531570658
3300062866_3.fna,3300062866_3,7884_1,82.09202158
3300073834_33.fna,3300073834_33,7885_1,85.35586559802992
3300073859_10.fna,3300073859_10,7885_2,71.34697792388096
3300044692_30.fna,3300044692_30,7886_0,87.00888734931831
3300082506_28.fna,3300082506_28,7887_0,88.95422284825604
3300082526_7.fna,3300082526_7,7888_0,91.76153370284973
3300052998_23.fna,3300052998_23,7889_1,82.52085445
3300066480_20.fna,3300066480_20,7889_2,59.81104914873057
3300082267_17.fna,3300082267_17,7890_0,67.17065075719135
3300078279_57.fna,3300078279_57,7891_0,76.29314689534664
3300081527_41.fna,3300081527_41,7892_0,94.02524347
3300046517_34.fna,3300046517_34,7893_0,64.11656863283999
3300078531_9.fna,3300078531_9,7894_0,80.98115888
3300082215_5.fna,3300082215_5,7895_0,48.51274399244545
3300064039_38.fna,3300064039_38,7896_0,93.94688116365376
3300044705_15.fna,3300044705_15,7897_0,85.75679871837367
3300048892_41.fna,3300048892_41,7898_0,78.26826582563945
3300044836_8.fna,3300044836_8,7899_0,63.79289250812411
3300077807_42.fna,3300077807_42,7900_1,93.50442464
3300060320_14.fna,3300060320_14,7900_2,83.75987712455726
3300044808_32.fna,3300044808_32,7901_1,90.66508220745375
3300062683_21.fna,3300062683_21,7902_0,89.45772628005615
3300044703_38.fna,3300044703_38,7903_1,98.40477275891607
3300048687_5.fna,3300048687_5,7903_2,82.65362896419335
3300046716_2.fna,3300046716_2,7903_3,86.39787916448793
3300060648_4.fna,3300060648_4,7903_4,81.11269025745335
3300080030_12.fna,3300080030_12,7903_5,93.73474592152385
3300077581_2.fna,3300077581_2,7904_0,93.62481830886522
3300043617_2.fna,3300043617_2,7905_0,83.65989242683663
3300081791_27.fna,3300081791_27,7906_0,96.93524049722092
3300050575_11.fna,3300050575_11,7907_0,94.43899560355217
3300061637_41.fna,3300061637_41,7908_0,99.53385272905624
3300062806_66.fna,3300062806_66,7909_0,74.27774755184389
3300046660_51.fna,3300046660_51,7910_0,93.76620897611032
3300046499_19.fna,3300046499_19,7911_1,90.93969335552435
3300044837_32.fna,3300044837_32,7911_2,92.62700231491583
3300043496_9.fna,3300043496_9,7911_3,94.15633147217228
3300078515_11.fna,3300078515_11,7911_4,88.45314451464783
3300052903_5.fna,3300052903_5,7912_0,66.63327580454333
3300066608_82.fna,3300066608_82,7913_0,99.17985577458717
3300045303_26.fna,3300045303_26,7914_0,90.02158792751757
3300078313_14.fna,3300078313_14,7915_0,81.69349996875503
3300077115_1.fna,3300077115_1,7916_0,82.23956988
3300012900_3.fna,3300012900_3,7917_1,76.52918637
3300082207_40.fna,3300082207_40,7917_2,94.66135726261507
3300043473_4.fna,3300043473_4,7918_1,87.15747961424309
3300046709_10.fna,3300046709_10,7918_2,90.31543755
3300046723_27.fna,3300046723_27,7919_1,97.42014078498765
3300081272_20.fna,3300081272_20,7919_2,93.66776352
3300053075_7.fna,3300053075_7,7920_1,94.72743841253047
3300066538_24.fna,3300066538_24,7920_2,88.64497177662328
3300043652_12.fna,3300043652_12,7921_0,77.13352081
3300061843_83.fna,3300061843_83,7922_0,65.32851866761234
3300048888_58.fna,3300048888_58,7923_1,93.33626573180405
3300045042_3.fna,3300045042_3,7923_2,63.80080545404563
3300078313_10.fna,3300078313_10,7923_3,77.64770072
3300043363_2.fna,3300043363_2,7924_1,44.07554727842083
3300044837_31.fna,3300044837_31,7924_2,94.01429623755115
3300043481_3.fna,3300043481_3,7925_0,72.69248520481244
3300066377_27.fna,3300066377_27,7926_0,89.97609723460025
3300077745_37.fna,3300077745_37,7927_0,63.36188349
3300043596_7.fna,3300043596_7,7928_0,93.57682623698673
3300078761_78.fna,3300078761_78,7929_0,81.88763186932398
3300059598_45.fna,3300059598_45,7930_1,88.86261316694942
3300078530_18.fna,3300078530_18,7930_2,89.08425038
3300060647_13.fna,3300060647_13,7931_0,77.27181402
3300050648_17.fna,3300050648_17,7932_0,83.22960981792741
3300049324_5.fna,3300049324_5,7933_1,90.63660319425234
3300044677_16.fna,3300044677_16,7933_2,87.5900942
3300061637_19.fna,3300061637_19,7934_0,89.59565563
3300044251_7.fna,3300044251_7,7935_0,81.76309853224302
3300060323_130.fna,3300060323_130,7936_1,73.82485764726032
3300064040_100.fna,3300064040_100,7936_2,65.98084556515379
3300060354_38.fna,3300060354_38,7936_3,85.98404992394887
3300078515_34.fna,3300078515_34,7936_4,89.34910132259087
3300050664_22.fna,3300050664_22,7937_1,87.47813356319776
3300081788_16.fna,3300081788_16,7937_2,70.24612984476552
3300078161_60.fna,3300078161_60,7938_0,83.42931836204684
3300050485_12.fna,3300050485_12,7939_1,73.62367574111171
3300055048_66.fna,3300055048_66,7939_2,93.91218286232682
3300066608_74.fna,3300066608_74,7939_3,57.84883942447683
3300048890_29.fna,3300048890_29,7940_1,94.98883513
3300065121_13.fna,3300065121_13,7940_2,84.94473567605127
3300055277_17.fna,3300055277_17,7940_3,89.20590919080584
3300079102_22.fna,3300079102_22,7940_4,90.85383816212055
3300064040_131.fna,3300064040_131,7940_5,88.89871276244621
3300066521_19.fna,3300066521_19,7941_1,93.58189686825061
3300078727_26.fna,3300078727_26,7941_2,78.03189459414398
3300060780_4.fna,3300060780_4,7942_1,91.05613202474814
3300066540_72.fna,3300066540_72,7942_2,76.37171519031708
3300048902_24.fna,3300048902_24,7943_1,91.91517874048485
3300077662_20.fna,3300077662_20,7943_2,94.68032423602122
3300077581_4.fna,3300077581_4,7944_0,89.22060828178363
3300076003_36.fna,3300076003_36,7945_0,92.51062448522624
3300075532_24.fna,3300075532_24,7946_0,90.16517069324584
3300078394_34.fna,3300078394_34,7947_0,85.42798028
3300043637_4.fna,3300043637_4,7948_0,78.08713411977358
3300078533_67.fna,3300078533_67,7949_0,94.48576499339639
3300080035_8.fna,3300080035_8,7950_0,96.64733671
3300056876_32.fna,3300056876_32,7951_1,99.70235375844551
3300082267_25.fna,3300082267_25,7951_2,91.82005993
3300081505_128.fna,3300081505_128,7952_1,48.54232628542344
3300081524_14.fna,3300081524_14,7952_2,82.45684149488379
3300077141_8.fna,3300077141_8,7953_0,91.03314525415999
3300076760_17.fna,3300076760_17,7954_1,64.08414073976132
3300080621_4.fna,3300080621_4,7954_2,55.02851615817347
3300063263_57.fna,3300063263_57,7955_0,87.66587131724309
3300061535_64.fna,3300061535_64,7956_0,78.68475637355131
3300081792_24.fna,3300081792_24,7957_0,74.64194346086255
3300034132_3.fna,3300034132_3,7958_1,78.47713655696568
3300077141_22.fna,3300077141_22,7958_2,79.03478859661583
3300022899_3.fna,3300022899_3,7959_1,64.62017809970962
3300049311_11.fna,3300049311_11,7959_2,98.28602976709394
3300076613_20.fna,3300076613_20,7960_1,88.89700079307822
3300078750_16.fna,3300078750_16,7960_2,84.24788670461366
3300076639_23.fna,3300076639_23,7960_3,96.24178529649335
3300066489_30.fna,3300066489_30,7960_4,93.40539007633522
3300062833_10.fna,3300062833_10,7960_5,93.56369135334936
3300041973_3.fna,3300041973_3,7961_1,92.71972177025775
3300063177_19.fna,3300063177_19,7961_2,91.77103292129429
3300054960_14.fna,3300054960_14,7962_0,94.57553632346571
3300041823_5.fna,3300041823_5,7963_1,96.97144596
3300061216_51.fna,3300061216_51,7963_2,80.54548223317376
3300082240_36.fna,3300082240_36,7964_0,92.78925348635984
3300059598_21.fna,3300059598_21,7965_1,91.20067716171093
3300077271_13.fna,3300077271_13,7965_2,80.79844445349188
3300050653_9.fna,3300050653_9,7965_3,97.80222354916867
3300049250_9.fna,3300049250_9,7965_4,94.31821927787053
3300063085_61.fna,3300063085_61,7965_5,96.36560544265163
3300082204_9.fna,3300082204_9,7965_6,92.72631951871453
3300050651_22.fna,3300050651_22,7965_7,84.96258549572539
3300080737_126.fna,3300080737_126,7966_0,93.07015020299903
3300043648_3.fna,3300043648_3,7967_1,61.95276541659405
3300062688_16.fna,3300062688_16,7967_2,78.7053059
3300066015_55.fna,3300066015_55,7968_1,92.00578143020934
3300044727_10.fna,3300044727_10,7968_2,79.25969798925675
3300078141_19.fna,3300078141_19,7968_3,93.26449051417158
3300046517_54.fna,3300046517_54,7969_1,84.42144118281857
3300046690_12.fna,3300046690_12,7969_2,66.26994733041799
3300075657_50.fna,3300075657_50,7969_3,96.33479437742854
3300043770_2.fna,3300043770_2,7969_4,96.24137864206293
3300066482_27.fna,3300066482_27,7969_5,93.20248805
3300044252_3.fna,3300044252_3,7969_6,90.11757839691786
3300053070_25.fna,3300053070_25,7969_7,95.18280188094066
3300053061_6.fna,3300053061_6,7969_8,72.00165524289704
3300043602_4.fna,3300043602_4,7969_9,75.51425750381573
3300045284_16.fna,3300045284_16,7969_10,91.94692321342613
3300073875_3.fna,3300073875_3,7969_11,89.30756452947963
3300046740_22.fna,3300046740_22,7969_12,85.83602158567352
3300046507_19.fna,3300046507_19,7969_13,93.44379642874743
3300046717_11.fna,3300046717_11,7969_14,92.99043329913167
3300064310_6.fna,3300064310_6,7969_15,94.55452327
3300066602_19.fna,3300066602_19,7969_16,84.18288299391803
3300043484_1.fna,3300043484_1,7969_17,71.90549885815531
3300046674_3.fna,3300046674_3,7969_18,95.81751185872935
3300066014_16.fna,3300066014_16,7969_19,83.65281499
3300012961_8.fna,3300012961_8,7969_20,70.13487930561068
3300044738_31.fna,3300044738_31,7969_21,96.50854677070608
3300046736_15.fna,3300046736_15,7969_22,76.87855671615188
3300066187_52.fna,3300066187_52,7969_23,72.20316188852539
3300062688_15.fna,3300062688_15,7969_24,87.83379504662673
3300078423_20.fna,3300078423_20,7970_1,81.39775495982036
3300082060_19.fna,3300082060_19,7970_2,93.64615461210839
3300066480_12.fna,3300066480_12,7970_3,90.43558293135895
3300063015_18.fna,3300063015_18,7970_4,90.81020820006364
3300078578_35.fna,3300078578_35,7970_5,94.39455752
3300075532_5.fna,3300075532_5,7970_6,74.3832475
3300012893_3.fna,3300012893_3,7970_7,87.83711321469461
3300050650_12.fna,3300050650_12,7970_8,61.81660786023707
3300075656_25.fna,3300075656_25,7971_1,89.92940385771415
3300043349_5.fna,3300043349_5,7971_2,84.95338946401618
3300044725_1.fna,3300044725_1,7971_3,74.68720978692615
3300051520_19.fna,3300051520_19,7971_4,77.64992828692989
3300064310_20.fna,3300064310_20,7971_5,75.71493934139521
3300050659_25.fna,3300050659_25,7972_1,97.59071102220118
3300050661_3.fna,3300050661_3,7972_2,67.36756671713322
3300044468_3.fna,3300044468_3,7972_3,89.31038544482088
3300082258_8.fna,3300082258_8,7972_4,86.02328002787809
3300052998_10.fna,3300052998_10,7972_5,98.81249863987898
3300080928_8.fna,3300080928_8,7972_6,51.24567807523397
3300052319_9.fna,3300052319_9,7972_7,93.73953359665805
3300046365_2.fna,3300046365_2,7973_0,71.78923171973098
3300066322_25.fna,3300066322_25,7974_1,95.77858857652494
3300066506_59.fna,3300066506_59,7974_2,92.69109301925093
3300066602_30.fna,3300066602_30,7974_3,87.19738002405877
3300066457_61.fna,3300066457_61,7975_0,82.86489228417733
3300082353_20.fna,3300082353_20,7976_0,91.84838791660012
3300042984_3.fna,3300042984_3,7977_1,90.02493943
3300066541_6.fna,3300066541_6,7977_2,74.76694640497828
3300043578_8.fna,3300043578_8,7977_3,85.54334112851437
3300064311_4.fna,3300064311_4,7977_4,88.44792231505754
3300077209_10.fna,3300077209_10,7977_5,85.75560378099655
3300054999_50.fna,3300054999_50,7977_6,79.18439225014339
3300013105_42.fna,3300013105_42,7977_7,92.08964852
3300077307_6.fna,3300077307_6,7977_8,96.55552808049542
3300048931_15.fna,3300048931_15,7977_9,67.96774542608574
3300076619_4.fna,3300076619_4,7977_10,88.80386723403613
3300043497_1.fna,3300043497_1,7977_11,89.72952299
3300044842_12.fna,3300044842_12,7978_1,62.154510711047614
3300078761_79.fna,3300078761_79,7978_2,76.89368795433727
3300044830_15.fna,3300044830_15,7978_3,89.50765085585894
3300077658_55.fna,3300077658_55,7978_4,88.19409293087308
3300066015_8.fna,3300066015_8,7978_5,53.47766828075619
3300043620_13.fna,3300043620_13,7978_6,84.52961962118682
3300052902_3.fna,3300052902_3,7978_7,89.77526195
3300046683_41.fna,3300046683_41,7978_8,64.20216652751668
3300046838_7.fna,3300046838_7,7978_9,79.77239878398026
3300045258_6.fna,3300045258_6,7978_10,92.75896522030455
3300046782_26.fna,3300046782_26,7979_1,91.56800861117492
3300048088_37.fna,3300048088_37,7980_1,86.25296299943417
3300046689_27.fna,3300046689_27,7980_2,90.25657726842266
3300047317_5.fna,3300047317_5,7980_3,83.22602617758989
3300054979_53.fna,3300054979_53,7980_4,90.78747774
3300051158_31.fna,3300051158_31,7980_5,89.57889172678763
3300046813_8.fna,3300046813_8,7980_6,90.90612057681982
3300067093_5.fna,3300067093_5,7981_1,86.48082370115014
3300077673_2.fna,3300077673_2,7982_0,90.91966608
3300066377_40.fna,3300066377_40,7983_0,92.65605219987938
3300078515_22.fna,3300078515_22,7984_0,77.85029713091991
3300077658_22.fna,3300077658_22,7985_1,72.30268862662491
3300082208_18.fna,3300082208_18,7985_2,90.47302111376972
3300077743_43.fna,3300077743_43,7986_1,82.67091977989516
3300045837_31.fna,3300045837_31,7987_0,67.27953487496171
3300044705_27.fna,3300044705_27,7988_0,95.13397939473037
3300045976_9.fna,3300045976_9,7989_0,94.27426294621563
3300046724_36.fna,3300046724_36,7990_1,93.09666511066226
3300082073_81.fna,3300082073_81,7990_2,90.02475919306319
3300048898_42.fna,3300048898_42,7991_1,89.39559674809784
3300050659_2.fna,3300050659_2,7991_2,70.74731847975922
3300053062_10.fna,3300053062_10,7991_3,59.16809874038945
3300078383_11.fna,3300078383_11,7991_4,92.13246878029102
3300044667_3.fna,3300044667_3,7991_5,93.85327052420443
3300045013_19.fna,3300045013_19,7992_0,62.23441035309875
3300075532_27.fna,3300075532_27,7993_0,78.26633197754089
3300076631_49.fna,3300076631_49,7994_0,74.96623840150511
3300060914_9.fna,3300060914_9,7995_0,95.71258482
3300050664_9.fna,3300050664_9,7996_0,98.44274218308134
3300082258_6.fna,3300082258_6,7997_0,90.13060021304025
3300078279_44.fna,3300078279_44,7998_0,82.64784539985462
3300077556_25.fna,3300077556_25,7999_0,83.59195847174907
3300078381_6.fna,3300078381_6,8000_0,65.01807481487292
3300046817_25.fna,3300046817_25,8001_1,92.47390142380807
3300043740_2.fna,3300043740_2,8002_0,88.30883481367832
3300036989_4.fna,3300036989_4,8003_0,55.62668562445948
3300042984_9.fna,3300042984_9,8004_1,91.15139057080565
3300081487_42.fna,3300081487_42,8004_2,90.16764523457066
3300062872_38.fna,3300062872_38,8005_0,95.77213425602879
3300082073_24.fna,3300082073_24,8006_0,77.47416247056472
3300064041_107.fna,3300064041_107,8007_0,78.58325093341975
3300046720_1.fna,3300046720_1,8008_0,76.93869319219864
3300046559_28.fna,3300046559_28,8009_1,96.14817038535917
3300048901_39.fna,3300048901_39,8010_1,74.77689604622438
3300028556_9.fna,3300028556_9,8010_2,71.89364406
3300046455_9.fna,3300046455_9,8011_0,91.73143135
3300055273_70.fna,3300055273_70,8012_1,95.63072997112468
3300081487_186.fna,3300081487_186,8012_2,93.68920083364468
3300046642_26.fna,3300046642_26,8013_0,89.22555534094873
3300076027_1.fna,3300076027_1,8014_0,93.37596064479693
3300046688_3.fna,3300046688_3,8015_1,51.94144134506518
3300046796_32.fna,3300046796_32,8015_2,91.53646157373268
3300060885_90.fna,3300060885_90,8015_3,55.83465592693021
3300060885_89.fna,3300060885_89,8016_0,79.81486725380138
3300081965_201.fna,3300081965_201,8017_0,52.849317391562224
3300046529_53.fna,3300046529_53,8018_0,67.05219133860099
3300046790_7.fna,3300046790_7,8019_0,94.72898546420775
3300078164_31.fna,3300078164_31,8020_0,74.58105668344179
3300052317_4.fna,3300052317_4,8021_0,91.41298347109223
3300057035_47.fna,3300057035_47,8022_1,70.96089365948586
3300057049_128.fna,3300057049_128,8022_2,79.84979821201914
3300082211_19.fna,3300082211_19,8023_1,90.73755467856617
3300060671_46.fna,3300060671_46,8024_0,86.43244085732773
3300082281_12.fna,3300082281_12,8025_0,78.35182296
3300079509_190.fna,3300079509_190,8026_1,93.12053909523254
3300050659_24.fna,3300050659_24,8027_0,94.02713575888626
3300080744_19.fna,3300080744_19,8028_0,71.62663321
3300046511_35.fna,3300046511_35,8029_1,88.72438341479577
3300079526_35.fna,3300079526_35,8029_2,95.11895281118531
3300047314_41.fna,3300047314_41,8030_1,95.29914729680857
3300046454_34.fna,3300046454_34,8031_1,66.38357644970645
3300046689_29.fna,3300046689_29,8031_2,95.59791092151215
3300046739_28.fna,3300046739_28,8031_3,87.25528561567813
3300050662_11.fna,3300050662_11,8031_4,89.84998086
3300046740_23.fna,3300046740_23,8031_5,67.03637665183565
3300046663_33.fna,3300046663_33,8031_6,99.60681233591205
3300046476_7.fna,3300046476_7,8031_7,88.71242453585188
3300081723_32.fna,3300081723_32,8031_8,75.79808842911656
3300046792_19.fna,3300046792_19,8032_0,85.44741984916845
3300049447_22.fna,3300049447_22,8033_0,88.54786522750356
3300081638_12.fna,3300081638_12,8034_0,90.01731653612725
3300047317_9.fna,3300047317_9,8035_1,72.77181806137948
3300082033_58.fna,3300082033_58,8035_2,91.03977312522618
3300082034_35.fna,3300082034_35,8035_3,60.51237352141806
3300045284_9.fna,3300045284_9,8035_4,68.36396811705175
3300046523_19.fna,3300046523_19,8036_1,83.84396007
3300049591_8.fna,3300049591_8,8036_2,35.24956841558518
3300047093_2.fna,3300047093_2,8037_1,94.31614077
3300050665_12.fna,3300050665_12,8037_2,94.28125972918417
3300048893_70.fna,3300048893_70,8038_1,65.29821284888769
3300053070_8.fna,3300053070_8,8038_2,87.76686356619862
3300044652_29.fna,3300044652_29,8039_1,95.73558417194646
3300073847_12.fna,3300073847_12,8039_2,84.79056739501227
3300050223_18.fna,3300050223_18,8040_1,93.26437083425076
3300081724_23.fna,3300081724_23,8040_2,95.45364748368742
3300081964_47.fna,3300081964_47,8040_3,79.86732884371499
3300046707_33.fna,3300046707_33,8041_1,96.62657030514906
3300076644_9.fna,3300076644_9,8041_2,88.08274456920836
3300082268_15.fna,3300082268_15,8041_3,92.46685660575721
3300047439_4.fna,3300047439_4,8042_0,76.61448213044807
3300079100_37.fna,3300079100_37,8043_0,67.29280313679917
3300043344_1.fna,3300043344_1,8044_0,87.83410822875037
3300054960_22.fna,3300054960_22,8045_0,98.74598085680948
3300077167_61.fna,3300077167_61,8046_1,91.09609494385857
3300046737_24.fna,3300046737_24,8047_1,75.86331850564176
3300079542_4.fna,3300079542_4,8047_2,91.55812626324615
3300077110_27.fna,3300077110_27,8048_0,92.05782463645372
3300052908_3.fna,3300052908_3,8049_1,98.16822234335193
3300066608_103.fna,3300066608_103,8049_2,93.87891568154174
3300043499_9.fna,3300043499_9,8050_0,88.61439683616176
3300061175_29.fna,3300061175_29,8051_0,94.32793184511537
3300043382_1.fna,3300043382_1,8052_0,68.78580026011502
3300046535_21.fna,3300046535_21,8053_0,78.91369901967381
3300046740_3.fna,3300046740_3,8054_1,81.18080412553171
3300060318_7.fna,3300060318_7,8054_2,88.89525280484116
3300046690_42.fna,3300046690_42,8054_3,85.60131486977673
3300012915_4.fna,3300012915_4,8055_0,52.49986029
3300044815_32.fna,3300044815_32,8056_1,87.26466501
3300064111_10.fna,3300064111_10,8056_2,83.75967556968406
3300046681_10.fna,3300046681_10,8056_3,93.34231288417278
3300081823_43.fna,3300081823_43,8057_0,50.16129665701072
3300066018_12.fna,3300066018_12,8058_0,95.80408090704584
3300044737_2.fna,3300044737_2,8059_1,95.11770636857268
3300044739_32.fna,3300044739_32,8059_2,95.03905499329575
3300043502_2.fna,3300043502_2,8060_1,82.61154472174971
3300062712_2.fna,3300062712_2,8060_2,82.79125336
3300079162_65.fna,3300079162_65,8061_0,93.71540656757035
3300043621_4.fna,3300043621_4,8062_1,81.42200569773074
3300046657_20.fna,3300046657_20,8062_2,97.28776947743827
3300052318_13.fna,3300052318_13,8062_3,90.29483577430894
3300060746_23.fna,3300060746_23,8063_1,93.75331979067941
3300061637_3.fna,3300061637_3,8063_2,75.83536520289634
3300077659_32.fna,3300077659_32,8064_1,87.98452300822295
3300078732_16.fna,3300078732_16,8064_2,89.70815795658898
3300079560_155.fna,3300079560_155,8064_3,89.57492196191882
3300054979_47.fna,3300054979_47,8064_4,94.68261995527781
3300061205_33.fna,3300061205_33,8064_5,89.57234002213181
3300064039_61.fna,3300064039_61,8064_6,84.10451029
3300082538_28.fna,3300082538_28,8064_7,93.91085835201095
3300043625_1.fna,3300043625_1,8064_8,84.35334004686732
3300078368_16.fna,3300078368_16,8064_9,81.86396583664174
3300076028_10.fna,3300076028_10,8064_10,87.58254980368703
3300046694_25.fna,3300046694_25,8064_11,73.81265461842425
3300048896_18.fna,3300048896_18,8064_12,93.95361854777464
3300046813_3.fna,3300046813_3,8064_13,85.73997235430936
3300053075_8.fna,3300053075_8,8064_14,88.82866185268463
3300046461_13.fna,3300046461_13,8064_15,94.88034727
3300081723_29.fna,3300081723_29,8064_16,50.64954327858462
3300066540_18.fna,3300066540_18,8065_0,93.93201556616232
3300045582_21.fna,3300045582_21,8066_0,72.10005662006232
3300055049_25.fna,3300055049_25,8067_1,59.04765284514497
3300082353_15.fna,3300082353_15,8067_2,63.23399993620242
3300049004_26.fna,3300049004_26,8068_1,61.66677565
3300079540_13.fna,3300079540_13,8068_2,85.00728222504755
3300066505_38.fna,3300066505_38,8069_0,62.78859275380771
3300048889_71.fna,3300048889_71,8070_1,98.84538048598188
3300046684_10.fna,3300046684_10,8070_2,92.40444467880742
3300066377_20.fna,3300066377_20,8070_3,94.27472248434673
3300046515_25.fna,3300046515_25,8071_0,92.66381929570025
3300044694_26.fna,3300044694_26,8072_0,90.17094629415868
3300046835_7.fna,3300046835_7,8073_0,36.70298817535878
3300012913_2.fna,3300012913_2,8074_1,77.00313439418252
3300081786_46.fna,3300081786_46,8074_2,91.82728062
3300051103_41.fna,3300051103_41,8075_0,72.17059185
3300082267_29.fna,3300082267_29,8076_0,87.19402294151278
3300075593_39.fna,3300075593_39,8077_0,67.99578501607054
3300077141_5.fna,3300077141_5,8078_0,92.97304177375682
3300076762_30.fna,3300076762_30,8079_0,100.09368797561459
3300082030_9.fna,3300082030_9,8080_0,75.19535871173464
3300080029_19.fna,3300080029_19,8081_1,92.05641977825327
3300044494_4.fna,3300044494_4,8081_2,79.19212532246985
3300060747_32.fna,3300060747_32,8082_0,81.62048475044783
3300082264_18.fna,3300082264_18,8083_0,63.612432513183066
3300081524_15.fna,3300081524_15,8084_0,95.02029462442985
3300056867_135.fna,3300056867_135,8085_1,92.64417087057733
3300081965_166.fna,3300081965_166,8085_2,84.46054683010877
3300056877_7.fna,3300056877_7,8086_0,76.38648658950297
3300080031_39.fna,3300080031_39,8087_0,79.46024931161601
3300081527_35.fna,3300081527_35,8088_0,90.10219502
3300080737_71.fna,3300080737_71,8089_0,98.60005752594786
3300082532_18.fna,3300082532_18,8090_0,82.22284625
3300046834_7.fna,3300046834_7,8091_0,66.97035091936584
3300056387_8.fna,3300056387_8,8092_0,95.18887591103305
3300046615_16.fna,3300046615_16,8093_0,84.11972431874682
3300037432_2.fna,3300037432_2,8094_0,56.85861962971545
3300048899_42.fna,3300048899_42,8095_0,94.01837793161883
3300078430_13.fna,3300078430_13,8096_0,80.53627907476077
3300081527_30.fna,3300081527_30,8097_0,62.58745493956594
3300078533_52.fna,3300078533_52,8098_0,86.30261496580114
3300080057_44.fna,3300080057_44,8099_0,93.01943443682948
3300078212_8.fna,3300078212_8,8100_0,82.74026484
3300012958_12.fna,3300012958_12,8101_0,78.98052052899305
3300048895_44.fna,3300048895_44,8102_1,94.04889553551375
3300045108_3.fna,3300045108_3,8103_1,93.47566708186628
3300061625_2.fna,3300061625_2,8103_2,88.99405759411721
3300078162_41.fna,3300078162_41,8103_3,85.99427216070373
3300078715_1.fna,3300078715_1,8103_4,67.67363384040543
3300049442_7.fna,3300049442_7,8103_5,92.10159662182868
3300043598_17.fna,3300043598_17,8104_0,94.29833492183549
3300045085_8.fna,3300045085_8,8105_0,95.16427172246291
3300043598_9.fna,3300043598_9,8106_0,89.42172814826236
3300045119_28.fna,3300045119_28,8107_0,80.23953133961882
3300049930_13.fna,3300049930_13,8108_0,44.67099318952542
3300060323_12.fna,3300060323_12,8109_1,83.54862161366881
3300081723_28.fna,3300081723_28,8109_2,94.76195447258883
3300045282_2.fna,3300045282_2,8110_0,67.68024309
3300082054_11.fna,3300082054_11,8111_0,80.66964258040386
3300046796_18.fna,3300046796_18,8112_1,96.05166803430957
3300064111_44.fna,3300064111_44,8113_0,91.35283158212731
3300078213_45.fna,3300078213_45,8114_0,94.18949166525648
3300045282_16.fna,3300045282_16,8115_0,79.59055464051832
3300051238_32.fna,3300051238_32,8116_0,70.26287781
3300057000_133.fna,3300057000_133,8117_1,91.87387547986354
3300056896_118.fna,3300056896_118,8117_2,67.83588321652628
3300079526_60.fna,3300079526_60,8118_0,77.83965228616917
3300045110_6.fna,3300045110_6,8119_1,90.80121961179943
3300075937_42.fna,3300075937_42,8119_2,88.23205561
3300045119_12.fna,3300045119_12,8119_3,89.03431873683556
3300055024_11.fna,3300055024_11,8120_1,92.91086997427351
3300078518_60.fna,3300078518_60,8120_2,90.84488205159543
3300045257_15.fna,3300045257_15,8120_3,94.29909290887146
3300045120_15.fna,3300045120_15,8121_0,75.33558206640147
3300080062_39.fna,3300080062_39,8122_0,89.85943430049224
3300056868_80.fna,3300056868_80,8123_1,96.04582181580419
3300065083_33.fna,3300065083_33,8124_0,84.20327573717381
3300081702_84.fna,3300081702_84,8125_0,94.32962794519392
3300078489_7.fna,3300078489_7,8126_0,73.46262193993164
3300082031_32.fna,3300082031_32,8127_0,79.03505042798379
3300060885_22.fna,3300060885_22,8128_0,84.21691897682679
3300077670_14.fna,3300077670_14,8129_1,91.17857589445177
3300082286_11.fna,3300082286_11,8129_2,82.88360792455317
3300082025_7.fna,3300082025_7,8129_3,86.95404387264935
3300050651_18.fna,3300050651_18,8130_1,95.61616340493839
3300078212_20.fna,3300078212_20,8130_2,83.92698940084587
3300060897_27.fna,3300060897_27,8130_3,95.19809747114174
3300049444_6.fna,3300049444_6,8131_1,86.91307665685616
3300052998_13.fna,3300052998_13,8131_2,88.02744310808717
3300050666_12.fna,3300050666_12,8131_3,90.64563734544237
3300081638_18.fna,3300081638_18,8131_4,89.82276419
3300055273_7.fna,3300055273_7,8132_1,97.61393773650902
3300078424_20.fna,3300078424_20,8132_2,89.28214140627897
3300075575_50.fna,3300075575_50,8133_0,92.46434450579984
3300082283_5.fna,3300082283_5,8134_0,84.96759102432813
3300080687_47.fna,3300080687_47,8135_0,81.05058648237609
3300080744_44.fna,3300080744_44,8136_0,54.545199010695384
3300081506_94.fna,3300081506_94,8137_0,66.96436304259939
3300077670_15.fna,3300077670_15,8138_0,76.69479164
3300044737_17.fna,3300044737_17,8139_0,94.12743215931792
3300044834_76.fna,3300044834_76,8140_0,98.07180507
3300066008_120.fna,3300066008_120,8141_0,92.26324839817775
3300075495_1.fna,3300075495_1,8142_0,43.66895945132389
3300060745_21.fna,3300060745_21,8143_0,60.26802117
3300082282_14.fna,3300082282_14,8144_1,82.95156447779007
3300079552_16.fna,3300079552_16,8145_0,78.57302391053823
3300081969_68.fna,3300081969_68,8146_1,77.18229651568194
3300054983_31.fna,3300054983_31,8147_0,85.99537678905226
3300078731_23.fna,3300078731_23,8148_0,77.17269881100847
3300048931_22.fna,3300048931_22,8149_0,60.11652000432137
3300078361_38.fna,3300078361_38,8150_1,78.49442550017048
3300078400_11.fna,3300078400_11,8151_0,55.00768595301409
3300060915_12.fna,3300060915_12,8152_0,25.89303743510769
3300061211_51.fna,3300061211_51,8153_0,83.97836984935562
3300045996_400.fna,3300045996_400,8154_1,90.51841037286579
3300082505_10.fna,3300082505_10,8155_1,72.28363188852538
3300063064_42.fna,3300063064_42,8156_1,98.29405192371466
3300078141_36.fna,3300078141_36,8157_1,79.35129606536576
3300061640_8.fna,3300061640_8,8158_0,71.54136420906212
3300064111_27.fna,3300064111_27,8159_0,47.45586738193987
3300060854_6.fna,3300060854_6,8160_0,30.814556083092285
3300061640_42.fna,3300061640_42,8161_0,52.04017534652301
3300080057_25.fna,3300080057_25,8162_0,26.182547337536285
3300082267_66.fna,3300082267_66,8163_0,64.93930401465755
3300082267_21.fna,3300082267_21,8164_0,87.62871406
3300050013_34.fna,3300050013_34,8165_1,88.78879577704136
3300044736_62.fna,3300044736_62,8166_0,27.96349675684106
3300064039_73.fna,3300064039_73,8167_0,61.493164747581936
3300079162_23.fna,3300079162_23,8168_0,99.24348905
3300078430_5.fna,3300078430_5,8169_0,66.76929867249736
3300082220_40.fna,3300082220_40,8170_0,72.22476005041761
3300076616_15.fna,3300076616_15,8171_1,64.46970267184278
3300044703_46.fna,3300044703_46,8172_0,87.77182296
3300066659_111.fna,3300066659_111,8173_0,89.43674886106668
3300050235_39.fna,3300050235_39,8174_0,84.70670862
3300080744_67.fna,3300080744_67,8175_0,77.62329134153207
3300076038_4.fna,3300076038_4,8176_0,54.139162465822025
3300065082_6.fna,3300065082_6,8177_1,66.65137815340415
3300075770_37.fna,3300075770_37,8177_2,42.099508599344524
3300044834_54.fna,3300044834_54,8178_0,69.72588020072834
3300066489_9.fna,3300066489_9,8179_0,85.68397377371099
3300044739_33.fna,3300044739_33,8180_0,78.42493274287901
3300050648_10.fna,3300050648_10,8181_0,87.21773747787645
3300079540_31.fna,3300079540_31,8182_0,77.69844891344898
3300075606_53.fna,3300075606_53,8183_0,75.51738310891949
3300044812_40.fna,3300044812_40,8184_0,78.29552438822634
3300081138_3.fna,3300081138_3,8185_0,69.29293330093769
3300066608_56.fna,3300066608_56,8186_1,91.03973262591289
3300063261_87.fna,3300063261_87,8187_1,95.96784080782882
3300064124_33.fna,3300064124_33,8188_1,97.99332333915271
3300063177_14.fna,3300063177_14,8189_0,91.14194264691376
3300079162_46.fna,3300079162_46,8190_0,90.82430147969436
3300043502_5.fna,3300043502_5,8191_0,60.381015490633494
3300063430_77.fna,3300063430_77,8192_0,82.35471651
3300043486_4.fna,3300043486_4,8193_0,91.64655468629512
3300062792_79.fna,3300062792_79,8194_0,86.32514527354859
3300052993_4.fna,3300052993_4,8195_0,91.83222496055072
3300064482_98.fna,3300064482_98,8196_0,92.57432621521137
3300082191_27.fna,3300082191_27,8197_0,86.99196802046296
3300044736_8.fna,3300044736_8,8198_1,30.301214778052998
3300060895_11.fna,3300060895_11,8198_2,86.39204435
3300068877_6.fna,3300068877_6,8199_0,94.43705456476023
3300044737_43.fna,3300044737_43,8200_0,71.14600052875615
3300078761_35.fna,3300078761_35,8201_1,54.00634973
3300061205_40.fna,3300061205_40,8202_0,64.93062158
3300081966_161.fna,3300081966_161,8203_0,84.49107109153248
3300051521_68.fna,3300051521_68,8204_0,63.34964814897167
3300034003_1.fna,3300034003_1,8205_0,92.92118940381916
3300044808_50.fna,3300044808_50,8206_0,95.44281903562334
3300081966_108.fna,3300081966_108,8207_0,58.013783623859716
3300044830_26.fna,3300044830_26,8208_1,95.13478551062498
3300062889_28.fna,3300062889_28,8209_0,85.73527004740797
3300064041_64.fna,3300064041_64,8210_0,99.06900625138788
3300048790_20.fna,3300048790_20,8211_0,78.95249947464981
3300082526_6.fna,3300082526_6,8212_0,83.66853754818803
3300066540_54.fna,3300066540_54,8213_0,75.17244892923068
3300044667_15.fna,3300044667_15,8214_0,83.83140855720477
3300062862_20.fna,3300062862_20,8215_0,83.77486530757758
3300061536_8.fna,3300061536_8,8216_1,87.45120631408906
3300082536_37.fna,3300082536_37,8216_2,88.75278114
3300082192_14.fna,3300082192_14,8217_0,82.82041727040864
3300078580_12.fna,3300078580_12,8218_0,86.31335636
3300081791_44.fna,3300081791_44,8219_1,60.04634847662983
3300082504_19.fna,3300082504_19,8219_2,90.04520839153663
3300044745_2.fna,3300044745_2,8220_0,58.82675499465042
3300046376_12.fna,3300046376_12,8221_0,83.68400110058627
3300045257_11.fna,3300045257_11,8222_0,67.12563118292289
3300077666_66.fna,3300077666_66,8223_0,63.934353159952536
3300060729_1.fna,3300060729_1,8224_0,27.286318313798347
3300047467_2.fna,3300047467_2,8225_0,75.58138256
3300053070_15.fna,3300053070_15,8226_0,92.43909776087746
3300051095_3.fna,3300051095_3,8227_0,82.17975028789965
3300062801_34.fna,3300062801_34,8228_0,65.06004279958873
3300081638_8.fna,3300081638_8,8229_0,68.67326133420815
3300082216_48.fna,3300082216_48,8230_0,77.62887545543863
3300079560_29.fna,3300079560_29,8231_0,97.57466348
3300062690_29.fna,3300062690_29,8232_0,72.33476818668807
3300061537_69.fna,3300061537_69,8233_0,99.25839407694538
3300079509_34.fna,3300079509_34,8234_0,63.04478927345219
3300044834_72.fna,3300044834_72,8235_1,95.50299788446738
3300044737_7.fna,3300044737_7,8236_0,94.71529624896301
3300082511_60.fna,3300082511_60,8237_0,54.052062076592904
3300066014_32.fna,3300066014_32,8238_1,55.94796425196467
3300044736_42.fna,3300044736_42,8239_0,51.50669606872451
3300044807_8.fna,3300044807_8,8240_1,73.11579902568931
3300078731_13.fna,3300078731_13,8241_0,85.08684181
3300080626_40.fna,3300080626_40,8242_0,73.74310327692139
3300072119_6.fna,3300072119_6,8243_1,80.53582131254387
3300061846_9.fna,3300061846_9,8244_1,71.41628269011238
3300083158_6.fna,3300083158_6,8244_2,68.71356107926101
3300064042_6.fna,3300064042_6,8245_0,98.74570208506005
3300064039_69.fna,3300064039_69,8246_1,88.17780879501356
3300082514_50.fna,3300082514_50,8246_2,88.84913094209973
3300066540_60.fna,3300066540_60,8247_0,86.35070714
3300044836_4.fna,3300044836_4,8248_0,86.39544181975351
3300067093_50.fna,3300067093_50,8249_0,74.58602564
3300066608_90.fna,3300066608_90,8250_0,86.12279162932037
3300067093_2.fna,3300067093_2,8251_0,48.95264301664683
3300076803_12.fna,3300076803_12,8252_0,85.17342639888194
3300055048_40.fna,3300055048_40,8253_0,92.11940316975898
3300082538_1.fna,3300082538_1,8254_0,44.53090463851116
3300055098_6.fna,3300055098_6,8255_0,75.94482708
3300064042_79.fna,3300064042_79,8256_0,56.78873316982175
3300050222_37.fna,3300050222_37,8257_0,89.54232672467701
3300050240_107.fna,3300050240_107,8258_0,66.50577033145771
3300072121_39.fna,3300072121_39,8259_0,60.41818694437619
3300081525_5.fna,3300081525_5,8260_0,79.38127995340116
3300054999_29.fna,3300054999_29,8261_0,45.46613761
3300060318_19.fna,3300060318_19,8262_0,30.717823109728332
3300063163_3.fna,3300063163_3,8263_0,78.96889217654834
3300066322_21.fna,3300066322_21,8264_1,71.77711701952305
3300065082_166.fna,3300065082_166,8265_0,71.41036950995519
3300044807_54.fna,3300044807_54,8266_0,66.80769954331963
3300079543_88.fna,3300079543_88,8267_0,67.30586298771229
3300080036_87.fna,3300080036_87,8268_0,67.17451938249303
3300044816_6.fna,3300044816_6,8269_1,95.22451708821829
3300049000_35.fna,3300049000_35,8270_0,99.18179037405076
3300066660_19.fna,3300066660_19,8271_0,52.30162252740657
3300082222_49.fna,3300082222_49,8272_0,71.08742649794063
3300082217_66.fna,3300082217_66,8273_0,46.81553134736487
3300061640_10.fna,3300061640_10,8274_1,82.02806557633482
3300044526_3.fna,3300044526_3,8275_0,69.13178038226312
3300050216_68.fna,3300050216_68,8276_1,81.60865532
3300078330_33.fna,3300078330_33,8277_0,48.866510727179865
3300079101_13.fna,3300079101_13,8278_0,39.72963997506545
3300060695_70.fna,3300060695_70,8279_0,47.42978853045835
3300049982_40.fna,3300049982_40,8280_1,92.30857444044332
3300059325_41.fna,3300059325_41,8281_1,91.39033114504183
3300066006_46.fna,3300066006_46,8282_0,55.97167655437411
3300050455_1.fna,3300050455_1,8283_1,60.077547475579316
3300064033_80.fna,3300064033_80,8283_2,84.47430068536984
3300052934_9.fna,3300052934_9,8284_1,84.38343024276118
3300061175_30.fna,3300061175_30,8284_2,96.77264656
3300050479_1.fna,3300050479_1,8284_3,93.76329600887603
3300043642_8.fna,3300043642_8,8284_4,39.515289730276336
3300066608_102.fna,3300066608_102,8284_5,91.61110264869603
3300047578_9.fna,3300047578_9,8284_6,57.75423962908158
3300078161_61.fna,3300078161_61,8284_7,84.00687632
3300060665_17.fna,3300060665_17,8284_8,89.89405963241468
3300049002_10.fna,3300049002_10,8284_9,94.45768929978003
3300050457_6.fna,3300050457_6,8284_10,66.75512538615007
3300064044_29.fna,3300064044_29,8284_11,93.88986499270369
3300049259_51.fna,3300049259_51,8285_1,84.52163358921328
3300060648_15.fna,3300060648_15,8285_2,88.02347198597674
3300044745_1.fna,3300044745_1,8286_0,76.90263584155339
3300046471_49.fna,3300046471_49,8287_0,97.52189816670494
3300044901_10.fna,3300044901_10,8288_1,67.82150821007207
3300082512_25.fna,3300082512_25,8288_2,96.2597345
3300049571_63.fna,3300049571_63,8289_0,60.255934800364884
3300051525_8.fna,3300051525_8,8290_0,88.15779454449992
3300062862_17.fna,3300062862_17,8291_0,78.70669704032221
3300082524_28.fna,3300082524_28,8292_1,67.14239031
3300044811_30.fna,3300044811_30,8293_0,45.37548900608738
3300075583_7.fna,3300075583_7,8294_0,27.33410133407143
3300044739_49.fna,3300044739_49,8295_0,39.82858572077363
3300063023_43.fna,3300063023_43,8296_1,66.15651490690733
3300079100_17.fna,3300079100_17,8297_0,52.97463589582084
3300081721_63.fna,3300081721_63,8298_0,57.67837330780371
3300061211_42.fna,3300061211_42,8299_0,51.03963223216952
3300044689_1.fna,3300044689_1,8300_0,71.11672377213242
3300063015_6.fna,3300063015_6,8301_0,78.55855671615187
3300050235_115.fna,3300050235_115,8302_1,77.84220201600455
3300044831_27.fna,3300044831_27,8303_0,51.09588144424058
3300066008_81.fna,3300066008_81,8304_0,75.57673974501095
3300051200_53.fna,3300051200_53,8305_1,92.68468617258884
3300064040_20.fna,3300064040_20,8306_0,46.29678982
3300064033_109.fna,3300064033_109,8307_0,85.44646290583289
3300048784_4.fna,3300048784_4,8308_0,71.92935990739119
3300082213_23.fna,3300082213_23,8309_0,77.7664714
3300079548_121.fna,3300079548_121,8310_0,74.19774141038738
3300048790_31.fna,3300048790_31,8311_1,91.60059927315841
3300050012_32.fna,3300050012_32,8312_1,96.68722539
3300048794_45.fna,3300048794_45,8313_1,85.43446361831722
3300050126_1.fna,3300050126_1,8313_2,91.50283481657881
3300078367_68.fna,3300078367_68,8314_1,50.37973466542177
3300081506_92.fna,3300081506_92,8314_2,72.32033527647896
3300050191_48.fna,3300050191_48,8315_1,91.71185317069654
3300044679_31.fna,3300044679_31,8316_0,63.81353112174651
3300048813_12.fna,3300048813_12,8317_1,98.67179195
3300048814_25.fna,3300048814_25,8318_1,78.44028593506745
3300050118_59.fna,3300050118_59,8319_1,98.26231834175671
3300045819_8.fna,3300045819_8,8319_2,93.91216330511531
3300045803_14.fna,3300045803_14,8320_0,71.18688119239367
3300048800_12.fna,3300048800_12,8321_0,68.82317256432522
3300050119_43.fna,3300050119_43,8322_0,67.06654108
3300048771_3.fna,3300048771_3,8323_1,98.72113984912909
3300056587_100.fna,3300056587_100,8324_1,100.30130666220198
3300018088_20.fna,3300018088_20,8325_0,67.86519162945311
3300018014_13.fna,3300018014_13,8326_0,72.24604936
3300062128_2.fna,3300062128_2,8327_0,86.34142323998707
3300081511_12.fna,3300081511_12,8328_0,90.34759677514855
3300060670_23.fna,3300060670_23,8329_0,73.01459792675976
3300060913_29.fna,3300060913_29,8330_0,75.25555631452818
3300061537_24.fna,3300061537_24,8331_0,50.04838690120605
3300062563_43.fna,3300062563_43,8332_1,90.32764053724048
3300043161_22.fna,3300043161_22,8333_0,82.01665039342843
3300055023_48.fna,3300055023_48,8334_1,36.50819791830593
3300082197_94.fna,3300082197_94,8334_2,93.63122992732892
3300062719_28.fna,3300062719_28,8335_1,95.49114764546191
3300065081_39.fna,3300065081_39,8335_2,94.04421324827763
3300044710_12.fna,3300044710_12,8336_1,74.84123305424725
3300062129_27.fna,3300062129_27,8336_2,85.90218105267284
3300063337_29.fna,3300063337_29,8336_3,93.39053818760598
3300076642_19.fna,3300076642_19,8337_0,76.31995656620828
3300082201_14.fna,3300082201_14,8338_0,88.67234451706842
3300036790_17.fna,3300036790_17,8339_0,81.05238805285768
3300063337_22.fna,3300063337_22,8340_1,69.50831002865688
3300062724_35.fna,3300062724_35,8341_0,85.72035427584427
3300064045_106.fna,3300064045_106,8342_0,82.22906043681279
3300062843_34.fna,3300062843_34,8343_0,85.07330711911955
3300082822_22.fna,3300082822_22,8344_0,88.91799083765811
3300077210_12.fna,3300077210_12,8345_0,91.91548772
3300062724_40.fna,3300062724_40,8346_0,91.72041607141034
3300081829_66.fna,3300081829_66,8347_0,77.53953925750879
3300061843_23.fna,3300061843_23,8348_0,64.37377186566368
3300082172_27.fna,3300082172_27,8349_0,81.67296920203671
3300062843_25.fna,3300062843_25,8350_1,82.66686900727909
3300062564_116.fna,3300062564_116,8351_1,80.71855566593416
3300063086_67.fna,3300063086_67,8351_2,82.56167061583395
3300062627_51.fna,3300062627_51,8352_1,89.91247632384939
3300060655_23.fna,3300060655_23,8352_2,69.79790457508456
3300062842_13.fna,3300062842_13,8353_0,82.05388501043662
3300062723_57.fna,3300062723_57,8354_0,87.05296154474375
3300081511_43.fna,3300081511_43,8355_0,96.24663183
3300063338_11.fna,3300063338_11,8356_0,53.81755831137359
3300044977_6.fna,3300044977_6,8357_1,75.86606220308664
3300064038_49.fna,3300064038_49,8357_2,87.26930452410008
3300062560_30.fna,3300062560_30,8358_1,82.26576159375229
3300062845_2.fna,3300062845_2,8358_2,78.11158446143773
3300075518_11.fna,3300075518_11,8359_0,83.15702220344812
3300062845_27.fna,3300062845_27,8360_1,81.63931545873369
3300064066_84.fna,3300064066_84,8360_2,77.01209471274356
3300081824_55.fna,3300081824_55,8360_3,75.93695993743047
3300062125_23.fna,3300062125_23,8361_0,86.12959227484801
3300062129_78.fna,3300062129_78,8362_0,71.34317958
3300082270_33.fna,3300082270_33,8363_0,91.70918229615022
3300062723_73.fna,3300062723_73,8364_1,75.75945937986458
3300062847_11.fna,3300062847_11,8365_0,54.13208265531086
3300078732_29.fna,3300078732_29,8366_0,88.03923918
3300062889_61.fna,3300062889_61,8367_0,78.03211118230848
3300065081_50.fna,3300065081_50,8368_0,87.70708702184893
3300081830_22.fna,3300081830_22,8369_0,79.60332881
3300081832_79.fna,3300081832_79,8370_0,78.45265032820622
3300052994_1.fna,3300052994_1,8371_0,67.31034738722619
3300079548_85.fna,3300079548_85,8372_0,91.99671131138918
3300076030_16.fna,3300076030_16,8373_0,81.71303950432646
3300079526_49.fna,3300079526_49,8374_0,80.91201731790747
3300063086_1.fna,3300063086_1,8375_1,81.54877398702726
3300044977_48.fna,3300044977_48,8376_0,70.39928730907364
3300062889_66.fna,3300062889_66,8377_0,83.16516347710885
3300043158_11.fna,3300043158_11,8378_1,50.22878585948175
3300061843_15.fna,3300061843_15,8379_0,88.66985429
3300062768_60.fna,3300062768_60,8380_0,82.74469744316538
3300082209_81.fna,3300082209_81,8381_0,86.12124868075635
3300062834_3.fna,3300062834_3,8382_0,62.180893559372755
3300078372_26.fna,3300078372_26,8383_0,80.66791232944755
3300066538_38.fna,3300066538_38,8384_0,74.81673737924515
3300046543_48.fna,3300046543_48,8385_0,84.89891845581316
3300060917_9.fna,3300060917_9,8386_0,47.14075676420238
3300082193_9.fna,3300082193_9,8387_0,83.14307467
3300061179_51.fna,3300061179_51,8388_1,74.21000264247952
3300062129_51.fna,3300062129_51,8388_2,79.89722173
3300080028_126.fna,3300080028_126,8389_0,87.15323579905812
3300082209_15.fna,3300082209_15,8390_0,82.99445687
3300062564_90.fna,3300062564_90,8391_0,85.87472572707588
3300062723_31.fna,3300062723_31,8392_0,51.13573089356216
3300077553_20.fna,3300077553_20,8393_0,79.67120406009789
3300080028_46.fna,3300080028_46,8394_0,80.33341194
3300045958_27.fna,3300045958_27,8395_0,90.98645395
3300076641_48.fna,3300076641_48,8396_0,77.64075624143871
3300045744_21.fna,3300045744_21,8397_0,82.74070574162829
3300048892_70.fna,3300048892_70,8398_0,85.42723247
3300080032_121.fna,3300080032_121,8399_0,94.23440888
3300077559_33.fna,3300077559_33,8400_1,90.06356842345026
3300048890_68.fna,3300048890_68,8401_1,80.00922594358754
3300046718_67.fna,3300046718_67,8402_0,96.18623351823257
3300083121_53.fna,3300083121_53,8403_1,85.71021897168328
3300077734_56.fna,3300077734_56,8404_1,94.72996374744972
3300046723_19.fna,3300046723_19,8404_2,73.48892346578978
3300046477_11.fna,3300046477_11,8405_0,98.54921808882196
3300036845_8.fna,3300036845_8,8406_0,79.47246329919608
3300080033_15.fna,3300080033_15,8407_0,92.26736675754653
3300045285_12.fna,3300045285_12,8408_0,81.98762044353268
3300075660_25.fna,3300075660_25,8409_0,90.25372182589784
3300075654_52.fna,3300075654_52,8410_1,92.03029455537099
3300046724_41.fna,3300046724_41,8410_2,90.81809006
3300076761_22.fna,3300076761_22,8410_3,77.72360598537107
3300046822_49.fna,3300046822_49,8411_0,56.905008503396054
3300061213_96.fna,3300061213_96,8412_0,90.75324563115012
3300048897_50.fna,3300048897_50,8413_1,90.29927013
3300047310_41.fna,3300047310_41,8414_1,51.86904816327499
3300050573_17.fna,3300050573_17,8414_2,82.11393668299422
3300043761_2.fna,3300043761_2,8415_0,73.63718314916807
3300063428_8.fna,3300063428_8,8416_0,61.191640457148296
3300062842_54.fna,3300062842_54,8417_0,62.79521491589994
3300059581_51.fna,3300059581_51,8418_0,93.54392950017048
3300060744_5.fna,3300060744_5,8419_0,83.39177786431235
3300078314_28.fna,3300078314_28,8420_0,87.38804392089247
3300043649_11.fna,3300043649_11,8421_0,87.56246791089133
3300078162_11.fna,3300078162_11,8422_0,42.145780724072495
3300050020_27.fna,3300050020_27,8423_1,91.65773223
3300075646_27.fna,3300075646_27,8423_2,73.35978670305232
3300077821_58.fna,3300077821_58,8423_3,82.51116905
3300048800_60.fna,3300048800_60,8423_4,89.72188211187158
3300076027_14.fna,3300076027_14,8424_0,87.88574219481023
3300079509_189.fna,3300079509_189,8425_0,88.80337631240948
3300062562_26.fna,3300062562_26,8426_0,90.76788514135198
3300079101_47.fna,3300079101_47,8427_1,91.15339337584696
3300082195_29.fna,3300082195_29,8428_0,82.97487202158005
3300076030_14.fna,3300076030_14,8429_0,94.08084136368565
3300078716_14.fna,3300078716_14,8430_0,73.42360965
3300044946_19.fna,3300044946_19,8431_0,66.52503741313376
3300062719_24.fna,3300062719_24,8432_0,93.16552763947341
3300078162_33.fna,3300078162_33,8433_0,93.10917973807544
3300064045_32.fna,3300064045_32,8434_0,92.04214003322605
3300075651_70.fna,3300075651_70,8435_1,92.28107543395282
3300062128_30.fna,3300062128_30,8436_0,81.87816864394478
3300062708_8.fna,3300062708_8,8437_0,93.46552235829185
3300061179_23.fna,3300061179_23,8438_0,90.22945620466233
3300081827_18.fna,3300081827_18,8439_0,87.16842691
3300073304_2.fna,3300073304_2,8440_0,72.84470454
3300062129_77.fna,3300062129_77,8441_1,95.18512966572993
3300063428_41.fna,3300063428_41,8442_1,93.82040627171844
3300079481_42.fna,3300079481_42,8442_2,94.11981956916186
3300081486_38.fna,3300081486_38,8443_0,93.51591835954358
3300063191_23.fna,3300063191_23,8444_0,63.48824644502717
3300079169_8.fna,3300079169_8,8445_0,90.66830311180513
3300063338_53.fna,3300063338_53,8446_0,94.95055908572499
3300060780_52.fna,3300060780_52,8447_0,74.35357001775418
3300044710_42.fna,3300044710_42,8448_0,58.02994254040864
3300062562_17.fna,3300062562_17,8449_0,94.42254733327584
3300081827_9.fna,3300081827_9,8450_0,83.18271646901384
3300081826_46.fna,3300081826_46,8451_1,94.40266198063573
3300082166_76.fna,3300082166_76,8451_2,60.75214767411526
3300062560_88.fna,3300062560_88,8452_1,84.20863608678202
3300062560_96.fna,3300062560_96,8452_2,73.61766319653466
3300055278_32.fna,3300055278_32,8453_0,91.74253613
3300064038_52.fna,3300064038_52,8454_0,92.97127365
3300063086_14.fna,3300063086_14,8455_0,77.10598484503886
3300062127_36.fna,3300062127_36,8456_0,91.76685551020978
3300062563_71.fna,3300062563_71,8457_0,59.81778472
3300044736_28.fna,3300044736_28,8458_0,89.43383326916411
3300082197_36.fna,3300082197_36,8459_0,95.78742733
3300060666_22.fna,3300060666_22,8460_0,57.91791600511622
3300066018_78.fna,3300066018_78,8461_0,91.31830566
3300077819_13.fna,3300077819_13,8462_0,91.18867877552746
3300060322_53.fna,3300060322_53,8463_1,73.75730104687031
3300078214_6.fna,3300078214_6,8464_0,66.87755531892708
3300061537_28.fna,3300061537_28,8465_0,92.20362286474676
3300061537_81.fna,3300061537_81,8466_0,80.55126113985601
3300061537_70.fna,3300061537_70,8467_0,99.62197009490158
3300059579_43.fna,3300059579_43,8468_0,92.86545167230581
3300045837_46.fna,3300045837_46,8469_0,63.538121665232666
3300065083_106.fna,3300065083_106,8470_0,79.86898506387924
3300043756_11.fna,3300043756_11,8471_0,89.47100691691288
3300082225_47.fna,3300082225_47,8472_0,79.90513085769747
3300020580_7.fna,3300020580_7,8473_0,86.27982364
3300075492_72.fna,3300075492_72,8474_0,63.01240381451307
3300060015_78.fna,3300060015_78,8475_0,72.92459447346019
3300066538_46.fna,3300066538_46,8476_0,60.84500720480213
3300050138_23.fna,3300050138_23,8477_0,89.46265032820621
3300062125_31.fna,3300062125_31,8478_1,88.04291251417159
3300062841_31.fna,3300062841_31,8479_0,58.30213793480039
3300050137_14.fna,3300050137_14,8480_0,93.59237939365752
3300063083_72.fna,3300063083_72,8481_0,63.12026042
3300044713_33.fna,3300044713_33,8482_1,91.42308797035064
3300081828_16.fna,3300081828_16,8482_2,71.70450540736499
3300061624_18.fna,3300061624_18,8482_3,57.93835189954486
3300065081_43.fna,3300065081_43,8482_4,79.11151562910983
3300062124_48.fna,3300062124_48,8483_1,82.63231585347215
3300077820_25.fna,3300077820_25,8484_1,78.76628396115433
3300078367_50.fna,3300078367_50,8485_0,88.32592429777893
3300082173_50.fna,3300082173_50,8486_0,83.63326533351494
3300064041_15.fna,3300064041_15,8487_1,83.58294216512108
3300064046_32.fna,3300064046_32,8487_2,93.26310358777059
3300060666_11.fna,3300060666_11,8488_0,90.32631882595963
3300064043_75.fna,3300064043_75,8489_0,89.14362290882111
3300082510_44.fna,3300082510_44,8490_0,87.19284997512857
3300048814_32.fna,3300048814_32,8491_1,94.94248518842483
3300064041_55.fna,3300064041_55,8492_0,92.21155413959737
3300075322_76.fna,3300075322_76,8493_0,67.14083220967862
3300061179_67.fna,3300061179_67,8494_1,92.63614880106864
3300077659_19.fna,3300077659_19,8494_2,86.91837420427646
3300064033_13.fna,3300064033_13,8495_1,90.90900221638228
3300065121_5.fna,3300065121_5,8495_2,68.59791581246917
3300066540_47.fna,3300066540_47,8496_1,95.25080199299866
3300064041_46.fna,3300064041_46,8496_2,89.99911300986271
3300078416_2.fna,3300078416_2,8496_3,72.30523845448008
3300060883_22.fna,3300060883_22,8497_0,95.24602830897305
3300043675_2.fna,3300043675_2,8498_0,88.95525553484079
3300082510_64.fna,3300082510_64,8499_0,90.51308728236864
3300043673_36.fna,3300043673_36,8500_0,95.75358801953301
3300064044_86.fna,3300064044_86,8501_0,80.67849821784317
3300081826_92.fna,3300081826_92,8502_0,89.74361044
3300054966_41.fna,3300054966_41,8503_0,83.75554878275413
3300062129_67.fna,3300062129_67,8504_0,88.89677853168892
3300048795_33.fna,3300048795_33,8505_0,87.13971331329351
3300065074_15.fna,3300065074_15,8506_0,92.45300019
3300050350_12.fna,3300050350_12,8507_1,83.48304117299041
3300060015_8.fna,3300060015_8,8508_0,85.35759973
3300044814_24.fna,3300044814_24,8509_1,98.53871056210869
3300059325_88.fna,3300059325_88,8509_2,73.13392472528655
3300044898_24.fna,3300044898_24,8510_0,87.15977414601663
3300061213_55.fna,3300061213_55,8511_0,83.41187866671804
3300044736_1.fna,3300044736_1,8512_0,65.07446853853534
3300045284_38.fna,3300045284_38,8513_0,91.41213039
3300078373_16.fna,3300078373_16,8514_0,90.15635536
3300077992_66.fna,3300077992_66,8515_0,93.12440329970283
3300055239_171.fna,3300055239_171,8516_0,94.14668717828972
3300073846_34.fna,3300073846_34,8517_0,86.79435080873179
3300075651_10.fna,3300075651_10,8518_1,92.75453861668696
3300061842_6.fna,3300061842_6,8518_2,53.87959136452125
3300077728_106.fna,3300077728_106,8518_3,55.40811365701471
3300044814_37.fna,3300044814_37,8518_4,80.10086004118531
3300061213_102.fna,3300061213_102,8518_5,84.59042120732335
3300076618_67.fna,3300076618_67,8519_0,76.81298403852303
3300059577_31.fna,3300059577_31,8520_1,87.21713055239229
3300044744_11.fna,3300044744_11,8520_2,93.07764938
3300060671_15.fna,3300060671_15,8521_0,72.59428482000645
3300066659_122.fna,3300066659_122,8522_1,90.49750167
3300082206_3.fna,3300082206_3,8522_2,80.87276266760955
3300060671_28.fna,3300060671_28,8523_1,90.93350556687362
3300048785_19.fna,3300048785_19,8524_0,89.20536946048485
3300078045_41.fna,3300078045_41,8525_0,80.81481676950483
3300077906_30.fna,3300077906_30,8526_0,51.596325516938656
3300077653_82.fna,3300077653_82,8527_1,90.27952034259594
3300075651_75.fna,3300075651_75,8527_2,95.90348073272675
3300060655_19.fna,3300060655_19,8528_0,91.80830797844246
3300061638_33.fna,3300061638_33,8529_0,95.02025162502306
3300082525_8.fna,3300082525_8,8530_0,86.29479705370227
3300064040_83.fna,3300064040_83,8531_0,91.37754689027996
3300077907_49.fna,3300077907_49,8532_0,68.16841114229796
3300083121_73.fna,3300083121_73,8533_0,64.02314549344243
3300062844_9.fna,3300062844_9,8534_0,85.16582907577697
3300066018_7.fna,3300066018_7,8535_1,91.75152363521823
3300077117_15.fna,3300077117_15,8535_2,95.25279650404262
3300061638_63.fna,3300061638_63,8536_1,89.75124538457752
3300064046_70.fna,3300064046_70,8536_2,90.03549886459986
3300064043_38.fna,3300064043_38,8536_3,90.12006204426842
3300060883_56.fna,3300060883_56,8536_4,94.31332177839523
3300078171_31.fna,3300078171_31,8536_5,81.02681598
3300064041_82.fna,3300064041_82,8537_1,91.98574167914532
3300044840_21.fna,3300044840_21,8537_2,91.13611295104263
3300066017_46.fna,3300066017_46,8537_3,80.66357266426193
3300078359_142.fna,3300078359_142,8537_4,89.85985856111732
3300066538_65.fna,3300066538_65,8537_5,91.73516023580036
3300062687_37.fna,3300062687_37,8537_6,90.80154931436002
3300082514_6.fna,3300082514_6,8537_7,74.75513995412712
3300043247_6.fna,3300043247_6,8538_1,92.50187972739795
3300076030_41.fna,3300076030_41,8539_0,84.66261556920132
3300064045_108.fna,3300064045_108,8540_1,75.13170643206908
3300082166_47.fna,3300082166_47,8540_2,95.64628319452738
3300077992_89.fna,3300077992_89,8540_3,73.70368708603654
3300064045_104.fna,3300064045_104,8540_4,94.71642685385976
3300079120_17.fna,3300079120_17,8540_5,73.96159927352149
3300062889_81.fna,3300062889_81,8541_0,93.90506502068911
3300062780_26.fna,3300062780_26,8542_0,60.693608165295636
3300078580_15.fna,3300078580_15,8543_1,92.44412358392313
3300077210_15.fna,3300077210_15,8543_2,70.51133548895534
3300060652_14.fna,3300060652_14,8543_3,93.69836436131163
3300044515_1.fna,3300044515_1,8543_4,86.53654546601729
3300044718_28.fna,3300044718_28,8543_5,73.92475276271328
3300079394_39.fna,3300079394_39,8543_6,67.24502629084677
3300078161_9.fna,3300078161_9,8543_7,89.38828736690725
3300075653_108.fna,3300075653_108,8543_8,91.97736908045876
3300076296_77.fna,3300076296_77,8543_9,79.63153569040611
3300054963_35.fna,3300054963_35,8543_10,91.4989634
3300044899_22.fna,3300044899_22,8543_11,89.13690000545206
3300078313_39.fna,3300078313_39,8543_12,89.47091799358212
3300082513_34.fna,3300082513_34,8543_13,69.70992660994219
3300036778_6.fna,3300036778_6,8544_0,46.216289262522324
3300079107_26.fna,3300079107_26,8545_0,83.89216144937292
3300060644_13.fna,3300060644_13,8546_0,90.04220255257788
3300052934_5.fna,3300052934_5,8547_0,71.19472490883334
3300045837_22.fna,3300045837_22,8548_0,94.92128042172541
3300081829_13.fna,3300081829_13,8549_0,88.60805078001098
3300043661_5.fna,3300043661_5,8550_0,82.71332972770709
3300063084_35.fna,3300063084_35,8551_0,86.87701307520047
3300060895_45.fna,3300060895_45,8552_0,94.07122826038761
3300062791_41.fna,3300062791_41,8553_0,63.04283552154057
3300044824_9.fna,3300044824_9,8554_1,93.28909258
3300060650_23.fna,3300060650_23,8554_2,75.07719173439223
3300075321_103.fna,3300075321_103,8555_0,73.98644017923249
3300066017_19.fna,3300066017_19,8556_1,60.79909909393912
3300078417_22.fna,3300078417_22,8556_2,86.49378273035387
3300075322_100.fna,3300075322_100,8557_1,88.64388412040623
3300048800_34.fna,3300048800_34,8557_2,90.86020836135386
3300060650_79.fna,3300060650_79,8558_1,85.09121179728798
3300076763_159.fna,3300076763_159,8558_2,92.31955428330663
3300075533_30.fna,3300075533_30,8559_1,85.74896636485816
3300075646_1.fna,3300075646_1,8560_0,70.10709578839821
3300060654_7.fna,3300060654_7,8561_1,83.67521743406593
3300049456_30.fna,3300049456_30,8562_0,89.38738449648318
3300037239_6.fna,3300037239_6,8563_0,67.88381487369217
3300076618_30.fna,3300076618_30,8564_0,87.04581725843259
3300082267_52.fna,3300082267_52,8565_0,90.41188571318264
3300076763_142.fna,3300076763_142,8566_0,89.92640359418453
3300079401_42.fna,3300079401_42,8567_0,89.35098071
3300066540_13.fna,3300066540_13,8568_0,82.34516916895771
3300080066_28.fna,3300080066_28,8569_0,88.73572606454647
3300060668_14.fna,3300060668_14,8570_0,86.52577075
3300078580_1.fna,3300078580_1,8571_0,77.71607949819563
3300044713_50.fna,3300044713_50,8572_0,92.27004861303924
3300082172_6.fna,3300082172_6,8573_0,88.40836914963118
3300055023_73.fna,3300055023_73,8574_0,89.82942740205887
3300063338_30.fna,3300063338_30,8575_1,76.43813117095173
3300082525_36.fna,3300082525_36,8575_2,93.14973233
3300048819_14.fna,3300048819_14,8576_1,83.21817386091317
3300062127_49.fna,3300062127_49,8577_0,81.94560976943058
3300075492_13.fna,3300075492_13,8578_0,89.93034164016808
3300081485_61.fna,3300081485_61,8579_0,89.82405271991307
3300037200_7.fna,3300037200_7,8580_1,94.95366075556993
3300078419_43.fna,3300078419_43,8581_0,62.0341648
3300081832_65.fna,3300081832_65,8582_1,92.36722992711078
3300048794_10.fna,3300048794_10,8583_0,88.48396839
3300062708_48.fna,3300062708_48,8584_1,89.92669862479528
3300063324_1.fna,3300063324_1,8585_1,91.75297112637826
3300077117_14.fna,3300077117_14,8585_2,78.84733963777255
3300048815_23.fna,3300048815_23,8586_0,96.95285519246141
3300081832_55.fna,3300081832_55,8587_0,67.37531590013005
3300080097_50.fna,3300080097_50,8588_0,92.25659412942406
3300062128_31.fna,3300062128_31,8589_1,90.60523560696605
3300062847_46.fna,3300062847_46,8590_0,71.34163832520383
3300067512_31.fna,3300067512_31,8591_0,80.21975987256128
3300063905_8.fna,3300063905_8,8592_1,90.90186325
3300077820_9.fna,3300077820_9,8593_1,92.31813070791442
3300079305_31.fna,3300079305_31,8593_2,90.46830777377858
3300050044_30.fna,3300050044_30,8593_3,47.14098533695628
3300062779_46.fna,3300062779_46,8594_1,74.64676881397217
3300078367_22.fna,3300078367_22,8594_2,60.61848397609895
3300078418_19.fna,3300078418_19,8595_0,74.12797873973331
3300063083_69.fna,3300063083_69,8596_1,88.17812240155119
3300063083_56.fna,3300063083_56,8596_2,79.99727893709255
3300018040_17.fna,3300018040_17,8597_1,78.26888882692843
3300062124_49.fna,3300062124_49,8598_1,86.22255324
3300062719_44.fna,3300062719_44,8598_2,36.23784387515674
3300062130_43.fna,3300062130_43,8599_0,83.35750791935169
3300063984_3.fna,3300063984_3,8600_1,87.33428359987404
3300065081_80.fna,3300065081_80,8600_2,79.37934893
3300082822_75.fna,3300082822_75,8600_3,88.37902424932888
3300082166_64.fna,3300082166_64,8600_4,64.37667778349143
3300044682_25.fna,3300044682_25,8601_1,79.48931583769662
3300061179_34.fna,3300061179_34,8601_2,79.16298216992766
3300081832_31.fna,3300081832_31,8602_0,56.871675270055995
3300081823_30.fna,3300081823_30,8603_1,90.31807914579271
3300082510_61.fna,3300082510_61,8603_2,90.25086923787026
3300064066_48.fna,3300064066_48,8603_3,88.82221028
3300062125_32.fna,3300062125_32,8603_4,63.82774766459205
3300062126_37.fna,3300062126_37,8604_1,92.40593118
3300082166_63.fna,3300082166_63,8604_2,92.33507747262921
3300062845_47.fna,3300062845_47,8605_1,78.9481561
3300075765_29.fna,3300075765_29,8606_1,85.72600278633624
3300063086_3.fna,3300063086_3,8606_2,90.60460635176081
3300014158_9.fna,3300014158_9,8606_3,75.70390014287594
3300063423_4.fna,3300063423_4,8607_0,83.32864746888906
3300052304_93.fna,3300052304_93,8608_0,60.03333180094955
3300076623_37.fna,3300076623_37,8609_0,81.78165873
3300081485_45.fna,3300081485_45,8610_0,68.69598567264053
3300082528_38.fna,3300082528_38,8611_0,82.46954327858462
3300045012_32.fna,3300045012_32,8612_0,67.18338596152779
3300075574_2.fna,3300075574_2,8613_0,55.709359907391196
3300082193_23.fna,3300082193_23,8614_0,83.50395213505102
3300075574_18.fna,3300075574_18,8615_0,85.66894457593615
3300050350_21.fna,3300050350_21,8616_0,73.77624945441525
3300078387_78.fna,3300078387_78,8617_0,78.38064648
3300050011_55.fna,3300050011_55,8618_0,84.92097678807175
3300080064_207.fna,3300080064_207,8619_0,35.75748684
3300081829_30.fna,3300081829_30,8620_1,91.21501467808929
3300079533_63.fna,3300079533_63,8621_0,86.07618137601293
3300079548_72.fna,3300079548_72,8622_0,93.39667833770113
3300082211_22.fna,3300082211_22,8623_1,89.26296529893423
3300082281_75.fna,3300082281_75,8623_2,68.1714821
3300064003_13.fna,3300064003_13,8624_1,94.49886070066474
3300066538_17.fna,3300066538_17,8624_2,91.22298071318203
3300052303_9.fna,3300052303_9,8624_3,94.76476018624274
3300062843_39.fna,3300062843_39,8625_0,77.88329940660627
3300062564_114.fna,3300062564_114,8626_0,82.92593366832217
3300052905_8.fna,3300052905_8,8627_0,87.68902893770988
3300050033_60.fna,3300050033_60,8628_0,70.96459250515672
3300062723_55.fna,3300062723_55,8629_0,88.39823041484347
3300082510_4.fna,3300082510_4,8630_1,89.27038203179809
3300046816_53.fna,3300046816_53,8631_1,72.12825774690921
3300066613_9.fna,3300066613_9,8631_2,90.15547005862413
3300046739_44.fna,3300046739_44,8632_1,95.02146317
3300046675_20.fna,3300046675_20,8633_1,91.12985754533642
3300079102_9.fna,3300079102_9,8634_1,92.4798761
3300046543_6.fna,3300046543_6,8635_1,90.06472184008707
3300076027_43.fna,3300076027_43,8635_2,94.78651987920779
3300045141_3.fna,3300045141_3,8636_1,84.57214692762449
3300062768_41.fna,3300062768_41,8636_2,74.03180242809623
3300045935_9.fna,3300045935_9,8637_0,94.4267189
3300082193_26.fna,3300082193_26,8638_0,86.06358269850362
3300062560_47.fna,3300062560_47,8639_0,90.02481891582943
3300043777_16.fna,3300043777_16,8640_0,38.47760243371329
3300052996_14.fna,3300052996_14,8641_0,92.63206233
3300073839_16.fna,3300073839_16,8642_0,87.60323810671123
3300073837_30.fna,3300073837_30,8643_0,74.79521277081554
3300078359_129.fna,3300078359_129,8644_1,81.86215427630782
3300079400_53.fna,3300079400_53,8644_2,59.348947109862266
3300043661_46.fna,3300043661_46,8645_0,74.80036780172466
3300050117_55.fna,3300050117_55,8646_0,89.21478058302542
3300050117_50.fna,3300050117_50,8647_1,94.34571832829315
3300081832_66.fna,3300081832_66,8648_0,80.83183588264477
3300050126_13.fna,3300050126_13,8649_1,91.29197750193941
3300037110_7.fna,3300037110_7,8650_0,88.91063721
3300047314_57.fna,3300047314_57,8651_1,49.37317240745917
3300046514_16.fna,3300046514_16,8652_0,90.93195996919292
3300054704_124.fna,3300054704_124,8653_0,97.4030429
3300054985_24.fna,3300054985_24,8654_0,82.42925947600457
3300054985_47.fna,3300054985_47,8655_0,92.59282493184953
3300054962_29.fna,3300054962_29,8656_1,77.84264385986549
3300054968_54.fna,3300054968_54,8657_0,84.86185081471238
3300054705_59.fna,3300054705_59,8658_0,51.28139268515822
3300062126_10.fna,3300062126_10,8659_1,64.93829882030688
3300064045_105.fna,3300064045_105,8660_0,83.82516332702632
3300056868_106.fna,3300056868_106,8661_1,74.14158626252232
3300056996_126.fna,3300056996_126,8662_0,67.75073203657165
3300044654_20.fna,3300044654_20,8663_0,53.02085814657994
3300045001_1.fna,3300045001_1,8664_0,76.54629884805102
3300055023_87.fna,3300055023_87,8665_0,37.26305528690066
3300061843_62.fna,3300061843_62,8666_0,61.43028846337742
3300076623_31.fna,3300076623_31,8667_1,61.348198555563066
3300062626_75.fna,3300062626_75,8668_1,76.71376788505819
3300078367_76.fna,3300078367_76,8669_0,56.000966583238714
3300082201_29.fna,3300082201_29,8670_0,57.98110535830062
3300045002_7.fna,3300045002_7,8671_0,49.54386386348167
3300063338_10.fna,3300063338_10,8672_1,76.55954064491006
3300082270_38.fna,3300082270_38,8673_0,72.01877301
3300062627_14.fna,3300062627_14,8674_1,80.20055313851117
3300080028_48.fna,3300080028_48,8675_0,90.35664718173189
3300082244_23.fna,3300082244_23,8676_0,62.40483817881493
3300064030_29.fna,3300064030_29,8677_0,68.93151833
3300064030_3.fna,3300064030_3,8678_0,39.31904656922279
3300079540_32.fna,3300079540_32,8679_0,81.55989163821911
3300082514_25.fna,3300082514_25,8680_0,87.74240891150477
3300077209_4.fna,3300077209_4,8681_0,39.53376565806361
3300044690_13.fna,3300044690_13,8682_1,89.99738042230321
3300082192_68.fna,3300082192_68,8683_1,79.66273119273558
3300061843_58.fna,3300061843_58,8684_0,89.72110413735723
3300082192_21.fna,3300082192_21,8685_0,75.44847462
3300055023_81.fna,3300055023_81,8686_0,45.12019752300838
3300078418_5.fna,3300078418_5,8687_0,81.65886076111343
3300066017_17.fna,3300066017_17,8688_0,91.12152968710829
3300078360_25.fna,3300078360_25,8689_0,78.06429611942379
3300055023_91.fna,3300055023_91,8690_0,55.71851615817348
3300082525_5.fna,3300082525_5,8691_0,66.50566808727156
3300054966_68.fna,3300054966_68,8692_0,69.43044249013293
3300055023_35.fna,3300055023_35,8693_0,90.17188034787195
3300054680_25.fna,3300054680_25,8694_0,96.81910970890638
3300060355_86.fna,3300060355_86,8695_0,75.19124117856946
3300062563_77.fna,3300062563_77,8696_1,92.45127302575148
3300050118_23.fna,3300050118_23,8697_1,87.31194795769281
3300061843_72.fna,3300061843_72,8697_2,67.90056408791938
3300079532_20.fna,3300079532_20,8698_1,88.81824094299598
3300075937_29.fna,3300075937_29,8699_0,80.16687884262463
3300079391_25.fna,3300079391_25,8700_1,98.70056603164927
3300060670_11.fna,3300060670_11,8700_2,58.16042571
3300082514_37.fna,3300082514_37,8701_0,69.02928222913046
3300061180_31.fna,3300061180_31,8702_0,74.93647150405278
3300075573_97.fna,3300075573_97,8703_0,89.43048960830183
3300066538_20.fna,3300066538_20,8704_0,47.98835737910561
3300080064_152.fna,3300080064_152,8705_0,88.83241507470693
3300060913_30.fna,3300060913_30,8706_0,67.38526639596387
3300050137_54.fna,3300050137_54,8707_0,86.39884723010269
3300055278_60.fna,3300055278_60,8708_0,32.202793678094835
3300078367_60.fna,3300078367_60,8709_0,88.63431471915784
3300082244_36.fna,3300082244_36,8710_1,81.86204383287448
3300082201_60.fna,3300082201_60,8710_2,87.78519865042837
3300078419_5.fna,3300078419_5,8711_1,79.28949324184231
3300082514_8.fna,3300082514_8,8711_2,90.83329383240026
3300079560_14.fna,3300079560_14,8712_0,55.01870785736133
3300064045_100.fna,3300064045_100,8713_0,64.89206207659291
3300077501_11.fna,3300077501_11,8714_1,83.81978641346377
3300055049_30.fna,3300055049_30,8715_0,89.42189534
3300077553_35.fna,3300077553_35,8716_0,53.07578646777294
3300082513_43.fna,3300082513_43,8717_1,87.26509623010269
3300066018_90.fna,3300066018_90,8717_2,57.26499164740994
3300063084_80.fna,3300063084_80,8718_0,36.98455535507764
3300061536_61.fna,3300061536_61,8719_0,77.43085098475036
3300082209_74.fna,3300082209_74,8720_0,61.29645667832143
3300076031_69.fna,3300076031_69,8721_0,84.19068116785589
3300064046_98.fna,3300064046_98,8722_1,73.46983840858279
3300064045_60.fna,3300064045_60,8722_2,71.58666235
3300064041_115.fna,3300064041_115,8723_0,65.35003504203203
3300050012_27.fna,3300050012_27,8724_1,90.75152494633511
3300050347_55.fna,3300050347_55,8725_1,72.16491980901941
3300050125_7.fna,3300050125_7,8726_0,77.17895820461865
3300044835_27.fna,3300044835_27,8727_1,74.78780109735538
3300044833_24.fna,3300044833_24,8728_1,100.88788338258588
3300055098_19.fna,3300055098_19,8729_0,78.02786837606791
3300076031_15.fna,3300076031_15,8730_0,98.11639984935739
3300080097_23.fna,3300080097_23,8731_0,77.3867534
3300082524_31.fna,3300082524_31,8732_0,97.90548233666031
3300080064_32.fna,3300080064_32,8733_1,74.76613840157644
3300080064_188.fna,3300080064_188,8734_1,80.52785830836567
3300075322_38.fna,3300075322_38,8735_1,95.53154403833143
3300044736_43.fna,3300044736_43,8736_0,47.42164795356203
3300075321_75.fna,3300075321_75,8737_0,90.64225609985843
3300076763_32.fna,3300076763_32,8738_0,55.79910961095381
3300048764_40.fna,3300048764_40,8739_0,71.34787444223959
3300060650_47.fna,3300060650_47,8740_0,51.804095474019384
3300075573_26.fna,3300075573_26,8741_0,82.19991889553556
3300078713_16.fna,3300078713_16,8742_0,62.23666030090769
3300079391_16.fna,3300079391_16,8743_1,86.80943266673296
3300075573_80.fna,3300075573_80,8744_0,72.60975417
3300082239_4.fna,3300082239_4,8745_0,56.86575398997266
3300064111_28.fna,3300064111_28,8746_0,47.59716633062115
3300081965_123.fna,3300081965_123,8747_0,78.56129099211407
3300078213_48.fna,3300078213_48,8748_0,64.59186050322002
3300075651_21.fna,3300075651_21,8749_1,78.21453604048943
3300082193_51.fna,3300082193_51,8749_2,51.94863608678202
3300060695_12.fna,3300060695_12,8750_0,73.86666655250117
3300073874_13.fna,3300073874_13,8751_1,71.11225296155558
3300045002_19.fna,3300045002_19,8752_0,69.21391045402278
3300077442_56.fna,3300077442_56,8753_0,25.18737696662647
3300079102_15.fna,3300079102_15,8754_0,68.03363340915945
3300055049_18.fna,3300055049_18,8755_0,65.11816640921283
3300082221_36.fna,3300082221_36,8756_0,71.33218218555388
3300055273_26.fna,3300055273_26,8757_1,69.32499472682447
3300077657_22.fna,3300077657_22,8758_1,77.12328089345037
3300044722_16.fna,3300044722_16,8759_1,54.65859925763589
3300066659_21.fna,3300066659_21,8759_2,87.52649666432454
3300044827_23.fna,3300044827_23,8759_3,49.93157217312633
3300075575_21.fna,3300075575_21,8760_1,82.10108647467281
3300079101_71.fna,3300079101_71,8761_1,66.67846816
3300046792_27.fna,3300046792_27,8761_2,80.40528149
3300075563_29.fna,3300075563_29,8761_3,78.47758467571589
3300066506_10.fna,3300066506_10,8761_4,82.25087560021569
3300048896_27.fna,3300048896_27,8761_5,76.57531715306611
3300066613_44.fna,3300066613_44,8761_6,44.896589800532816
3300045119_32.fna,3300045119_32,8761_7,75.84070542008294
3300081964_54.fna,3300081964_54,8761_8,63.294611460844706
3300075651_136.fna,3300075651_136,8762_0,62.967919412987335
3300044834_13.fna,3300044834_13,8763_0,62.934471911475256
3300062131_150.fna,3300062131_150,8764_1,75.33710121565414
3300060695_22.fna,3300060695_22,8765_0,68.40017353926496
3300081966_162.fna,3300081966_162,8766_0,40.779455946198986
3300044739_60.fna,3300044739_60,8767_0,73.13299514461688
3300056996_19.fna,3300056996_19,8768_0,72.55850159841627
3300064041_75.fna,3300064041_75,8769_0,73.50500551200356
3300060745_51.fna,3300060745_51,8770_0,59.44332226
3300056899_87.fna,3300056899_87,8771_1,91.68052370730666
3300060291_19.fna,3300060291_19,8772_1,91.6659302
3300051196_58.fna,3300051196_58,8773_0,66.23973466542176
3300018018_22.fna,3300018018_22,8774_0,91.18031989387813
3300050190_17.fna,3300050190_17,8775_0,71.53117687319434
3300056674_240.fna,3300056674_240,8776_1,80.14381103180962
3300056811_280.fna,3300056811_280,8777_1,93.16413798480613
3300078387_135.fna,3300078387_135,8778_1,88.61183170928378
3300050124_21.fna,3300050124_21,8779_0,85.30203801950078
3300050015_97.fna,3300050015_97,8780_0,81.67523060513824
3300050139_24.fna,3300050139_24,8781_1,93.94669826391583
3300050025_31.fna,3300050025_31,8782_1,79.49573187
3300075321_65.fna,3300075321_65,8782_2,80.77025065
3300075321_30.fna,3300075321_30,8783_0,63.849876347104654
3300050015_57.fna,3300050015_57,8784_0,67.65465158865304
3300067513_56.fna,3300067513_56,8785_1,24.76235777263934
3300079510_29.fna,3300079510_29,8785_2,64.95354437253715
3300079100_34.fna,3300079100_34,8786_1,53.97206575602021
3300062776_127.fna,3300062776_127,8787_1,93.60552089131781
3300043601_4.fna,3300043601_4,8787_2,59.032185406880295
3300067093_1.fna,3300067093_1,8788_0,49.665219797383344
3300077179_19.fna,3300077179_19,8789_0,32.23431005871707
3300056867_90.fna,3300056867_90,8790_0,70.42332994893059
3300049317_2.fna,3300049317_2,8791_1,90.56577105255131
3300076761_28.fna,3300076761_28,8791_2,60.109910715015104
3300082073_19.fna,3300082073_19,8792_0,31.15731422831266
3300049824_19.fna,3300049824_19,8793_1,87.82628795465519
3300049591_37.fna,3300049591_37,8793_2,81.64412984633664
3300078711_1.fna,3300078711_1,8794_0,56.91149229
3300050239_72.fna,3300050239_72,8795_1,88.35267177530672
3300050239_39.fna,3300050239_39,8796_1,89.86839727
3300050240_80.fna,3300050240_80,8797_1,83.54733107
3300050240_26.fna,3300050240_26,8798_1,94.27675496272401
3300075593_21.fna,3300075593_21,8799_0,76.33152199165659
3300054680_37.fna,3300054680_37,8800_0,91.72514048717485
3300082211_99.fna,3300082211_99,8801_0,64.01651722862518
3300078545_38.fna,3300078545_38,8802_0,66.35679918882605
3300064109_71.fna,3300064109_71,8803_1,62.310500189512645
3300061843_70.fna,3300061843_70,8803_2,61.82320855849199
3300077906_11.fna,3300077906_11,8804_0,40.67095335202044
3300082281_168.fna,3300082281_168,8805_0,67.57157509984165
3300054965_29.fna,3300054965_29,8806_0,85.85891491350606
3300082281_170.fna,3300082281_170,8807_0,71.91205768100582
3300054986_23.fna,3300054986_23,8808_0,83.14268862662492
3300059325_35.fna,3300059325_35,8809_0,63.11715988499573
3300066659_155.fna,3300066659_155,8810_0,87.30733509
3300064040_16.fna,3300064040_16,8811_0,93.78853695
3300048797_11.fna,3300048797_11,8812_0,81.97356286405086
3300060015_35.fna,3300060015_35,8813_0,69.17338623175654
3300050016_39.fna,3300050016_39,8814_0,69.90138867
3300055049_4.fna,3300055049_4,8815_0,94.22508481378871
3300017998_18.fna,3300017998_18,8816_1,81.77825761421425
3300044904_76.fna,3300044904_76,8817_1,84.60235114018239
3300050130_44.fna,3300050130_44,8818_0,79.5401101
3300044680_18.fna,3300044680_18,8819_0,71.08289495
3300054965_39.fna,3300054965_39,8820_0,78.04693322
3300082204_44.fna,3300082204_44,8821_1,97.46124503168596
3300049742_82.fna,3300049742_82,8822_0,66.17226643056578
3300055049_41.fna,3300055049_41,8823_0,71.66330919834682
3300054963_33.fna,3300054963_33,8824_0,74.82954695518917
3300054965_6.fna,3300054965_6,8825_0,55.72745554204094
3300054680_73.fna,3300054680_73,8826_0,77.97618010198174
3300044667_14.fna,3300044667_14,8827_0,91.86923552607315
3300044736_15.fna,3300044736_15,8828_0,93.34565897139359
3300080028_56.fna,3300080028_56,8829_0,82.45821941251064
3300056895_43.fna,3300056895_43,8830_1,82.15611427588125
3300079390_28.fna,3300079390_28,8831_0,53.92800372956277
3300043764_10.fna,3300043764_10,8832_0,58.65307035492713
3300049444_13.fna,3300049444_13,8833_0,33.624868157784526
3300045141_11.fna,3300045141_11,8834_1,83.84447552116337
3300079482_19.fna,3300079482_19,8835_0,80.59441666088821
3300046536_17.fna,3300046536_17,8836_1,91.88847052
3300075651_24.fna,3300075651_24,8837_0,83.03652651171392
3300077658_53.fna,3300077658_53,8838_0,73.23492918451743
3300046526_28.fna,3300046526_28,8839_1,82.76456071992386
3300044654_10.fna,3300044654_10,8840_0,63.629964707054285
3300044735_9.fna,3300044735_9,8841_0,68.61794000867202
3300082267_64.fna,3300082267_64,8842_0,76.46944908476712
3300045285_10.fna,3300045285_10,8843_0,76.86723333174513
3300077556_23.fna,3300077556_23,8844_0,58.92858428619052
3300045141_26.fna,3300045141_26,8845_0,64.80171039256496
3300079559_66.fna,3300079559_66,8846_0,82.20395759325085
3300057056_20.fna,3300057056_20,8847_0,67.63734425593617
3300057056_74.fna,3300057056_74,8848_0,64.10290668733025
3300082026_7.fna,3300082026_7,8849_1,73.56259448069626
3300078431_2.fna,3300078431_2,8850_1,68.52152319
3300075593_61.fna,3300075593_61,8851_1,76.30489326726017
3300078709_12.fna,3300078709_12,8851_2,58.583264153170326
3300082282_71.fna,3300082282_71,8852_1,70.53423346915784
3300075664_55.fna,3300075664_55,8853_1,41.848260013717216
3300065083_105.fna,3300065083_105,8854_0,71.05781129751081
3300060664_24.fna,3300060664_24,8855_0,46.56992926024049
3300078330_40.fna,3300078330_40,8856_1,81.30683145276018
3300079549_112.fna,3300079549_112,8857_0,67.70503816625859
3300075650_14.fna,3300075650_14,8858_0,67.90833544
3300082288_16.fna,3300082288_16,8859_0,62.03788595008246
3300061538_7.fna,3300061538_7,8860_0,80.63674947
3300075936_46.fna,3300075936_46,8861_0,51.95772416326906
3300060015_58.fna,3300060015_58,8862_0,59.114986819201995
3300079107_56.fna,3300079107_56,8863_0,51.27596533932013
3300056996_178.fna,3300056996_178,8864_1,78.25623775566113
3300012912_3.fna,3300012912_3,8865_0,58.45330501194961
3300050217_15.fna,3300050217_15,8866_0,37.231515937526936
3300082214_2.fna,3300082214_2,8867_1,63.714858359974045
3300082523_43.fna,3300082523_43,8867_2,76.47366580469001
3300055098_23.fna,3300055098_23,8868_0,76.70052057960682
3300079509_166.fna,3300079509_166,8869_1,69.49364401570219
3300060732_21.fna,3300060732_21,8869_2,75.20828381522247
3300079387_31.fna,3300079387_31,8870_1,76.93389787231119
3300079099_23.fna,3300079099_23,8871_1,90.47732861900522
3300051520_8.fna,3300051520_8,8872_0,67.35440743601308
3300078330_24.fna,3300078330_24,8873_0,76.84985665269537
3300082028_59.fna,3300082028_59,8874_0,37.172726036415966
3300062787_43.fna,3300062787_43,8875_1,84.07927179
3300044248_1.fna,3300044248_1,8876_0,49.39904139232109
3300048896_58.fna,3300048896_58,8877_0,72.12871052874158
3300046455_5.fna,3300046455_5,8878_1,79.19128801
3300045303_13.fna,3300045303_13,8879_0,87.82193288047728
3300060732_16.fna,3300060732_16,8880_0,34.83477784211043
3300082284_28.fna,3300082284_28,8881_0,56.05691414220055
3300063054_14.fna,3300063054_14,8882_0,89.45699791155693
3300078361_26.fna,3300078361_26,8883_0,72.51351998672754
3300055048_32.fna,3300055048_32,8884_0,58.346069781619875
3300066008_30.fna,3300066008_30,8885_0,59.84338885980379
3300072117_35.fna,3300072117_35,8886_1,80.66039553399389
3300072947_2.fna,3300072947_2,8886_2,33.55639243434027
3300072117_29.fna,3300072117_29,8887_1,79.38505328977641
3300044816_66.fna,3300044816_66,8888_0,86.22039512960504
3300044834_75.fna,3300044834_75,8889_0,94.58315060298759
3300065480_49.fna,3300065480_49,8890_0,81.6499161
3300044809_12.fna,3300044809_12,8891_0,84.82113922
3300079102_71.fna,3300079102_71,8892_0,80.40541395450302
3300079551_51.fna,3300079551_51,8893_0,72.06242436661407
3300047315_18.fna,3300047315_18,8894_1,82.18275826029733
3300044802_34.fna,3300044802_34,8895_0,73.97884743484653
3300075321_56.fna,3300075321_56,8896_0,62.76885733414245
3300062863_41.fna,3300062863_41,8897_1,76.22652870299837
3300043472_5.fna,3300043472_5,8898_1,82.54947477829873
3300064044_32.fna,3300064044_32,8899_0,85.01608826255455
3300066540_57.fna,3300066540_57,8900_0,70.39856623800449
3300075574_52.fna,3300075574_52,8901_0,75.87002171363842
3300044736_65.fna,3300044736_65,8902_0,30.973409401463027
3300066602_10.fna,3300066602_10,8903_0,87.64509589695979
3300062838_25.fna,3300062838_25,8904_0,69.29836138727414
3300082033_33.fna,3300082033_33,8905_0,88.36664099473182
3300082225_80.fna,3300082225_80,8906_0,78.85388722758199
3300044736_60.fna,3300044736_60,8907_0,83.03244931
3300044679_67.fna,3300044679_67,8908_1,66.99244360053216
3300044697_2.fna,3300044697_2,8908_2,59.670429277020936
3300066487_117.fna,3300066487_117,8909_0,48.06796407844847
3300079559_14.fna,3300079559_14,8910_0,88.73223674758769
3300079560_8.fna,3300079560_8,8911_0,91.35883113130495
3300044654_32.fna,3300044654_32,8912_1,72.46984606643328
3300078213_7.fna,3300078213_7,8913_1,69.08832047283056
3300082033_9.fna,3300082033_9,8913_2,76.49851393987788
3300062864_19.fna,3300062864_19,8914_0,65.75304254346258
3300082261_3.fna,3300082261_3,8915_0,63.04129593616372
3300045303_24.fna,3300045303_24,8916_1,74.43718317
3300048890_70.fna,3300048890_70,8916_2,47.27443310574739
3300060351_20.fna,3300060351_20,8917_1,55.00747159090662
3300044839_35.fna,3300044839_35,8918_0,41.77956923
3300045253_11.fna,3300045253_11,8919_1,99.02325605967668
3300060884_27.fna,3300060884_27,8920_0,74.15369235084236
3300078214_41.fna,3300078214_41,8921_0,67.47620134
3300044521_16.fna,3300044521_16,8922_0,80.09474988293694
3300061205_38.fna,3300061205_38,8923_0,58.72411148967322
3300082216_6.fna,3300082216_6,8924_0,81.29791354135162
3300078330_79.fna,3300078330_79,8925_0,84.22718127509366
3300051238_191.fna,3300051238_191,8926_0,87.93128381879109
3300055099_86.fna,3300055099_86,8927_0,58.62822008397807
3300055099_6.fna,3300055099_6,8928_0,47.82448904794633
3300073873_6.fna,3300073873_6,8929_0,65.74256365328401
3300082195_14.fna,3300082195_14,8930_0,84.58678699
3300055048_35.fna,3300055048_35,8931_0,81.71297622
3300061856_77.fna,3300061856_77,8932_1,90.51906637331282
3300065083_28.fna,3300065083_28,8932_2,62.37825351
3300050239_30.fna,3300050239_30,8933_1,95.72131155716464
3300069934_3.fna,3300069934_3,8934_0,76.03693846
3300082267_51.fna,3300082267_51,8935_0,92.33409363299788
3300051238_89.fna,3300051238_89,8936_1,88.9879414
3300062823_61.fna,3300062823_61,8937_1,63.60053734519572
3300081790_5.fna,3300081790_5,8938_0,79.02338632152721
3300079526_36.fna,3300079526_36,8939_0,86.33919835955139
3300082073_111.fna,3300082073_111,8940_0,56.46033256998835
3300050240_27.fna,3300050240_27,8941_1,90.71023248461525
3300080031_58.fna,3300080031_58,8942_0,47.15905886
3300050236_46.fna,3300050236_46,8943_0,47.40495793151189
3300057038_18.fna,3300057038_18,8944_1,82.21871618596677
3300054704_92.fna,3300054704_92,8945_0,55.59800176783495
3300054986_117.fna,3300054986_117,8946_0,92.19319419674048
3300050222_66.fna,3300050222_66,8947_0,64.81273603096236
3300045996_205.fna,3300045996_205,8948_0,56.07797147311615
3300057031_118.fna,3300057031_118,8949_0,65.25369598898924
3300082282_83.fna,3300082282_83,8950_0,37.327552870443505
3300067033_3.fna,3300067033_3,8951_0,77.50616556061512
3300073304_7.fna,3300073304_7,8952_0,85.70999403
3300082215_81.fna,3300082215_81,8953_0,70.25120834672288
3300013104_37.fna,3300013104_37,8954_0,77.53553134736487
3300042934_110.fna,3300042934_110,8955_0,60.44994916
3300080622_9.fna,3300080622_9,8956_0,65.92400213574864
3300049571_5.fna,3300049571_5,8957_1,99.43317279007228
3300072659_59.fna,3300072659_59,8958_1,102.24718749540158
3300064095_200.fna,3300064095_200,8959_0,78.38709557869326
3300063155_60.fna,3300063155_60,8960_0,57.85600845
3300062686_34.fna,3300062686_34,8961_0,71.82300772816188
3300063017_21.fna,3300063017_21,8962_0,77.22537328897643
3300042002_11.fna,3300042002_11,8963_0,90.71401527713306
3300049569_53.fna,3300049569_53,8964_0,62.91870023397762
3300064183_12.fna,3300064183_12,8965_1,74.68668481583794
3300064042_29.fna,3300064042_29,8966_0,66.74747054
3300046559_30.fna,3300046559_30,8967_1,77.92970263543064
3300057020_91.fna,3300057020_91,8968_0,82.35397960529359
3300073287_4.fna,3300073287_4,8969_0,76.63217282858109
3300049173_11.fna,3300049173_11,8970_0,54.98421960407075
3300023059_8.fna,3300023059_8,8971_0,65.41656239519477
3300056673_37.fna,3300056673_37,8972_1,80.81707860123927
3300056675_5.fna,3300056675_5,8972_2,86.20893753836037
3300072980_1.fna,3300072980_1,8973_1,88.18659617516876
3300072652_46.fna,3300072652_46,8974_0,63.03192406101715
3300072780_37.fna,3300072780_37,8975_1,89.02718829105034
3300072952_20.fna,3300072952_20,8976_0,45.52225596935196
3300066006_115.fna,3300066006_115,8977_0,49.33496322183395
3300077907_83.fna,3300077907_83,8978_0,71.58844135364272
3300066006_60.fna,3300066006_60,8979_0,77.89241219399487
3300081529_20.fna,3300081529_20,8980_0,82.82625661320813
3300049581_81.fna,3300049581_81,8981_1,66.51096979786597
3300044682_51.fna,3300044682_51,8982_0,76.01729971910903
3300051670_5.fna,3300051670_5,8983_1,80.26777132989969
3300064066_91.fna,3300064066_91,8983_2,76.11313757888345
3300043250_11.fna,3300043250_11,8983_3,73.29096108787283
3300079545_8.fna,3300079545_8,8983_4,71.73681162884904
3300082528_49.fna,3300082528_49,8984_0,72.29763181289209
3300060650_58.fna,3300060650_58,8985_1,89.41993200402341
3300075492_7.fna,3300075492_7,8985_2,72.50493926182838
3300078369_9.fna,3300078369_9,8986_1,78.17286666956583
3300078732_5.fna,3300078732_5,8986_2,80.05412857693979
3300082194_26.fna,3300082194_26,8986_3,65.01355680596687
3300082524_17.fna,3300082524_17,8986_4,63.277395847026995
3300061644_42.fna,3300061644_42,8987_0,81.22832047283056
3300075647_11.fna,3300075647_11,8988_0,78.50770083685146
3300076031_35.fna,3300076031_35,8989_0,92.52847394346446
3300045003_57.fna,3300045003_57,8990_1,81.94925369
3300075651_74.fna,3300075651_74,8990_2,45.88004503395245
3300066538_64.fna,3300066538_64,8991_1,56.780724886700234
3300078359_141.fna,3300078359_141,8991_2,96.25184129161516
3300062846_32.fna,3300062846_32,8991_3,70.27875871970737
3300044833_28.fna,3300044833_28,8991_4,40.156327736519756
3300079401_14.fna,3300079401_14,8991_5,35.54290719008398
3300054962_70.fna,3300054962_70,8992_0,82.36369519234248
3300049580_91.fna,3300049580_91,8993_1,86.42833733970598
3300044964_14.fna,3300044964_14,8994_0,64.71721774316424
3300082504_7.fna,3300082504_7,8995_0,33.43617790207674
3300062836_55.fna,3300062836_55,8996_1,95.64395721776215
3300048820_39.fna,3300048820_39,8997_1,87.44105359375325
3300077992_85.fna,3300077992_85,8997_2,93.63369411618217
3300060656_59.fna,3300060656_59,8998_0,68.38036049
3300056868_49.fna,3300056868_49,8999_1,84.32797080774772
3300082527_40.fna,3300082527_40,9000_0,42.06729008137188
3300082225_143.fna,3300082225_143,9001_0,58.463893721555316
3300046493_17.fna,3300046493_17,9002_0,77.72945529
3300081827_73.fna,3300081827_73,9003_0,88.34986893950096
3300067512_23.fna,3300067512_23,9004_1,53.96083081648778
3300077116_16.fna,3300077116_16,9005_0,58.448575751343746
3300061638_9.fna,3300061638_9,9006_1,48.55272102740085
3300082514_27.fna,3300082514_27,9006_2,71.09347163534892
3300064043_70.fna,3300064043_70,9006_3,72.01572434507163
3300075492_41.fna,3300075492_41,9007_0,71.36452316842659
3300082527_37.fna,3300082527_37,9008_1,82.36542736925092
3300044740_4.fna,3300044740_4,9009_1,70.72805441075649
3300045002_13.fna,3300045002_13,9010_0,50.763386321527214
3300054961_62.fna,3300054961_62,9011_0,91.29256848435665
3300076625_24.fna,3300076625_24,9012_0,66.94470970689845
3300082192_77.fna,3300082192_77,9013_0,67.32997779256138
3300073834_45.fna,3300073834_45,9014_1,59.15963479316936
3300082206_4.fna,3300082206_4,9014_2,91.42605078
3300043716_1.fna,3300043716_1,9014_3,93.60819488
3300061213_6.fna,3300061213_6,9015_0,88.72978828767023
3300073837_9.fna,3300073837_9,9016_0,74.47784203
3300045886_17.fna,3300045886_17,9017_1,93.00865486711362
3300082216_37.fna,3300082216_37,9018_0,81.04702012878084
3300081505_65.fna,3300081505_65,9019_1,85.88875700452118
3300082535_43.fna,3300082535_43,9020_1,66.78998716053778
3300045996_353.fna,3300045996_353,9021_0,61.26431799421632
3300081788_17.fna,3300081788_17,9022_0,64.06661543555678
3300066521_59.fna,3300066521_59,9023_0,79.74246067
3300049003_33.fna,3300049003_33,9024_1,67.33856465466225
3300059582_32.fna,3300059582_32,9025_1,61.793233738370134
3300059595_42.fna,3300059595_42,9025_2,36.12718291786502
3300077991_36.fna,3300077991_36,9026_0,80.52680458
3300060885_96.fna,3300060885_96,9027_0,65.94619469420891
3300065456_31.fna,3300065456_31,9028_0,94.24475111277539
3300082505_3.fna,3300082505_3,9029_1,80.14982460251572
3300045242_3.fna,3300045242_3,9030_1,55.57327047721026
3300044833_25.fna,3300044833_25,9031_1,89.91768701713211
3300077820_8.fna,3300077820_8,9032_1,81.33667367632094
3300044833_44.fna,3300044833_44,9032_2,87.51365127
3300044807_38.fna,3300044807_38,9033_0,68.18738623703653
3300050230_12.fna,3300050230_12,9034_1,65.40101277320719
3300044834_78.fna,3300044834_78,9035_0,83.43351998672753
3300055098_25.fna,3300055098_25,9036_0,66.47909701
3300055099_5.fna,3300055099_5,9037_0,96.55277880094366
3300061213_52.fna,3300061213_52,9038_0,78.34459766193832
3300063178_5.fna,3300063178_5,9039_1,76.53061300006088
3300066480_7.fna,3300066480_7,9040_0,64.85115287644794
3300050648_13.fna,3300050648_13,9041_1,66.22374936726702
3300082513_55.fna,3300082513_55,9042_1,71.76727165075148
3300061856_23.fna,3300061856_23,9043_0,65.01019074
3300082024_70.fna,3300082024_70,9044_0,70.25694503016422
3300050240_125.fna,3300050240_125,9045_1,83.13256113113255
3300082031_12.fna,3300082031_12,9045_2,76.56017661149792
3300076803_11.fna,3300076803_11,9046_1,72.40655018548424
3300077110_70.fna,3300077110_70,9046_2,66.55561449836253
3300080031_75.fna,3300080031_75,9046_3,67.00360816529563
3300082035_24.fna,3300082035_24,9047_0,68.45616694525751
3300080630_56.fna,3300080630_56,9048_0,62.168183077488756
3300079397_61.fna,3300079397_61,9049_1,67.99462769821152
3300066322_73.fna,3300066322_73,9050_1,81.89546506098299
3300044739_8.fna,3300044739_8,9051_1,88.54773021046476
3300062826_65.fna,3300062826_65,9052_1,86.83897939048832
3300077818_51.fna,3300077818_51,9052_2,70.39380724928101
3300062768_42.fna,3300062768_42,9052_3,59.20863598999647
3300082287_20.fna,3300082287_20,9053_1,79.9199967
3300081534_123.fna,3300081534_123,9054_0,65.61561484693354
3300064033_31.fna,3300064033_31,9055_0,41.861951763345076
3300049579_69.fna,3300049579_69,9056_1,86.90701992359512
3300060652_22.fna,3300060652_22,9057_0,83.49532961
3300078359_124.fna,3300078359_124,9058_1,92.90069178782907
3300077115_2.fna,3300077115_2,9059_0,90.38991465470976
3300081506_106.fna,3300081506_106,9060_0,71.84000877126579
3300044735_13.fna,3300044735_13,9061_0,58.16474618846866
3300081529_33.fna,3300081529_33,9062_0,85.89435148017574
3300049297_4.fna,3300049297_4,9063_0,83.18553134736486
3300061216_13.fna,3300061216_13,9064_0,68.05071054703322
3300060294_38.fna,3300060294_38,9065_1,99.62807854
3300049164_4.fna,3300049164_4,9066_1,92.55783227935599
3300044840_16.fna,3300044840_16,9067_1,62.888119812635715
3300044737_44.fna,3300044737_44,9068_0,49.33059289006857
3300047472_73.fna,3300047472_73,9069_0,79.72070167527767
3300077817_48.fna,3300077817_48,9070_1,77.60550897
3300077817_4.fna,3300077817_4,9071_0,89.98821491543812
3300047320_14.fna,3300047320_14,9072_1,87.07423981143556
3300060895_22.fna,3300060895_22,9073_1,41.50951893669415
3300064039_25.fna,3300064039_25,9073_2,43.223791515595664
3300060644_26.fna,3300060644_26,9074_1,77.83272016990739
3300064033_2.fna,3300064033_2,9074_2,67.39448885260438
3300077817_76.fna,3300077817_76,9074_3,59.13915874837338
3300044829_3.fna,3300044829_3,9075_0,50.02382211695155
3300046460_54.fna,3300046460_54,9076_0,72.76658715231717
3300081041_13.fna,3300081041_13,9077_0,65.79693633939753
3300056868_121.fna,3300056868_121,9078_0,70.19536193269589
3300057035_165.fna,3300057035_165,9079_0,32.48720436603656
3300057048_98.fna,3300057048_98,9080_0,61.21261566159995
3300056877_49.fna,3300056877_49,9081_1,63.25305428
3300081966_5.fna,3300081966_5,9082_0,49.13624029386068
3300081968_117.fna,3300081968_117,9083_0,56.82704234451411
3300056749_188.fna,3300056749_188,9084_1,69.51697272940496
3300051238_102.fna,3300051238_102,9085_1,83.43785489541403
3300044703_66.fna,3300044703_66,9086_1,95.96979635776893
3300044667_53.fna,3300044667_53,9087_0,47.08243938520896
3300075650_27.fna,3300075650_27,9088_0,83.84896497332346
3300079560_34.fna,3300079560_34,9089_0,93.23099047
3300082223_41.fna,3300082223_41,9090_0,79.44785535451757
3300082263_68.fna,3300082263_68,9091_0,74.04245108973043
3300056847_2.fna,3300056847_2,9092_0,81.82870879073856
3300064746_20.fna,3300064746_20,9093_1,82.4414109
3300065473_18.fna,3300065473_18,9094_0,66.17883649350973
3300076676_37.fna,3300076676_37,9095_1,65.60128479141231
3300064033_123.fna,3300064033_123,9096_0,72.35135036585217
3300082212_57.fna,3300082212_57,9097_0,65.98012892921889
3300079160_35.fna,3300079160_35,9098_0,81.50695664236248
3300079482_36.fna,3300079482_36,9099_1,64.62384964
3300061640_41.fna,3300061640_41,9099_2,95.41794841338255
3300043766_12.fna,3300043766_12,9100_0,56.991916071692216
3300061538_10.fna,3300061538_10,9101_1,44.01647818
3300078141_21.fna,3300078141_21,9101_2,69.48098997353745
3300049002_20.fna,3300049002_20,9102_0,69.67009227641321
3300078533_69.fna,3300078533_69,9103_0,81.44289057562749
3300082222_123.fna,3300082222_123,9104_1,85.29802849658479
3300082261_7.fna,3300082261_7,9104_2,90.32285527088987
3300050226_36.fna,3300050226_36,9105_0,54.556439728911904
3300061213_123.fna,3300061213_123,9106_0,60.63495884
3300049824_1.fna,3300049824_1,9107_0,46.69198448243774
3300076762_56.fna,3300076762_56,9108_0,63.745063806537985
3300050231_44.fna,3300050231_44,9109_0,93.58275001765843
3300077110_80.fna,3300077110_80,9110_1,91.21120249326798
3300076031_58.fna,3300076031_58,9110_2,61.626689368204566
3300078330_110.fna,3300078330_110,9111_1,64.15867614801536
3300060915_37.fna,3300060915_37,9112_0,34.69105707373953
3300077110_82.fna,3300077110_82,9113_1,81.75597835971509
3300078212_4.fna,3300078212_4,9114_1,67.86001961774366
3300082511_33.fna,3300082511_33,9114_2,74.59215818225586
3300076037_44.fna,3300076037_44,9115_1,53.11324843506949
3300082222_79.fna,3300082222_79,9115_2,83.75041853012736
3300060884_13.fna,3300060884_13,9116_0,46.77309660758503
3300061856_107.fna,3300061856_107,9117_0,44.56273715141457
3300081969_6.fna,3300081969_6,9118_0,31.542379947331998
3300082054_42.fna,3300082054_42,9119_0,54.32898090226599
3300082214_11.fna,3300082214_11,9120_0,75.00225028118533
3300060914_39.fna,3300060914_39,9121_0,81.01510018
3300082035_26.fna,3300082035_26,9122_0,43.17386477988582
3300056675_116.fna,3300056675_116,9123_1,71.76162609009843
3300056811_92.fna,3300056811_92,9124_1,87.96950119719061
3300056811_342.fna,3300056811_342,9125_0,44.066243933176494
3300056749_252.fna,3300056749_252,9126_0,81.33219233564394
3300053671_91.fna,3300053671_91,9127_0,62.96527978
3300054703_17.fna,3300054703_17,9128_0,89.51843775191709
3300045003_30.fna,3300045003_30,9129_0,72.93402794
3300049171_33.fna,3300049171_33,9130_1,96.92538967033792
3300049136_17.fna,3300049136_17,9131_0,93.94882693152407
3300049167_14.fna,3300049167_14,9132_0,82.38318807
3300049144_13.fna,3300049144_13,9133_0,82.87970355400945
3300062802_91.fna,3300062802_91,9134_1,99.96804662186875
3300063085_15.fna,3300063085_15,9134_2,44.24389910766241
3300063075_12.fna,3300063075_12,9135_0,79.03513684578587
3300066659_38.fna,3300066659_38,9136_0,86.68626657401708
3300083098_34.fna,3300083098_34,9137_0,71.68693340594812
3300051096_134.fna,3300051096_134,9138_1,83.20863946237732
3300050226_53.fna,3300050226_53,9139_1,81.29887165916298
3300050216_50.fna,3300050216_50,9140_0,36.95886758966524
3300051099_166.fna,3300051099_166,9141_0,77.32585743923252
3300051099_107.fna,3300051099_107,9142_1,94.044702
3300060884_54.fna,3300060884_54,9142_2,72.87149770059322
3300051238_99.fna,3300051238_99,9143_0,78.99136863288066
3300082222_119.fna,3300082222_119,9144_1,87.21519716680498
3300079482_4.fna,3300079482_4,9145_0,68.69976100656444
3300079547_43.fna,3300079547_43,9146_1,68.99070195618265
3300082267_44.fna,3300082267_44,9146_2,56.04676992178233
3300043757_8.fna,3300043757_8,9147_0,55.46055802208068
3300056809_265.fna,3300056809_265,9148_1,89.93085501039378
3300055098_2.fna,3300055098_2,9149_0,85.00023796517178
3300082277_51.fna,3300082277_51,9150_0,45.47540021231209
3300077581_16.fna,3300077581_16,9151_0,90.44579831040502
3300044652_17.fna,3300044652_17,9152_1,87.67559839434969
3300082240_8.fna,3300082240_8,9152_2,91.04352238072559
3300081138_8.fna,3300081138_8,9153_0,90.84932305
3300045303_17.fna,3300045303_17,9154_1,91.6820797
3300050471_3.fna,3300050471_3,9154_2,44.521944228944236
3300066457_76.fna,3300066457_76,9155_0,36.05625294967297
3300044813_26.fna,3300044813_26,9156_1,91.81618307068746
3300034136_3.fna,3300034136_3,9157_0,86.12207251071784
3300066540_90.fna,3300066540_90,9158_0,94.55411437607792
3300066659_128.fna,3300066659_128,9159_0,96.08638093868534
3300062838_30.fna,3300062838_30,9160_1,88.29088302982665
3300050459_2.fna,3300050459_2,9161_0,82.13501063291419
3300049582_3.fna,3300049582_3,9162_1,93.25105146720207
3300075321_113.fna,3300075321_113,9163_0,75.25239862854465
3300082277_12.fna,3300082277_12,9164_0,61.37435014844723
3300044736_56.fna,3300044736_56,9165_0,97.30951784639898
3300048997_19.fna,3300048997_19,9166_0,80.78287426209093
3300051099_101.fna,3300051099_101,9167_1,90.76874763907624
3300044809_33.fna,3300044809_33,9168_0,65.80051108662403
3300044704_22.fna,3300044704_22,9169_0,58.36437759008413
3300060695_7.fna,3300060695_7,9170_0,52.67838126163373
3300077727_101.fna,3300077727_101,9171_0,72.43878362857635
3300079509_145.fna,3300079509_145,9172_1,85.33567130817154
3300077301_67.fna,3300077301_67,9173_1,80.18254596123829
3300061536_76.fna,3300061536_76,9174_0,88.85356655136658
3300044667_26.fna,3300044667_26,9175_0,53.972920274407336
3300082216_35.fna,3300082216_35,9176_1,66.43814136726489
3300078435_9.fna,3300078435_9,9176_2,72.09222940472479
3300045241_6.fna,3300045241_6,9176_3,53.89621731668778
3300075665_14.fna,3300075665_14,9177_0,45.68001961774365
3300082523_24.fna,3300082523_24,9178_1,63.55646027070271
3300082214_67.fna,3300082214_67,9179_0,35.04066379205027
3300044899_37.fna,3300044899_37,9180_0,80.69348598
3300078330_71.fna,3300078330_71,9181_0,64.59805892144823
3300082054_93.fna,3300082054_93,9182_0,35.71451036024183
3300081724_18.fna,3300081724_18,9183_0,67.73340985773328
3300079550_9.fna,3300079550_9,9184_1,65.48098847217229
3300082203_28.fna,3300082203_28,9185_1,81.77433966478822
3300082511_63.fna,3300082511_63,9186_0,37.566000490050655
3300078481_54.fna,3300078481_54,9187_0,66.30121100167884
3300082263_56.fna,3300082263_56,9188_1,81.15453369822643
3300075582_6.fna,3300075582_6,9188_2,57.25046060009939
3300082264_67.fna,3300082264_67,9189_0,64.12859393628544
3300079121_61.fna,3300079121_61,9190_0,64.31483149
3300082026_75.fna,3300082026_75,9191_1,63.50940267943892
3300078281_28.fna,3300078281_28,9192_1,61.22068773639945
3300080035_21.fna,3300080035_21,9192_2,60.80935204116871
3300082035_96.fna,3300082035_96,9192_3,77.42167117176575
3300044720_48.fna,3300044720_48,9193_0,95.65269616366393
3300044816_43.fna,3300044816_43,9194_0,85.10306197906071
3300066008_118.fna,3300066008_118,9195_0,89.42180035994762
3300049582_46.fna,3300049582_46,9196_1,88.32103290038106
3300066008_127.fna,3300066008_127,9197_1,86.9602856
3300082211_54.fna,3300082211_54,9198_1,76.75131312185279
3300020156_9.fna,3300020156_9,9199_0,76.78726013953086
3300065455_10.fna,3300065455_10,9200_0,77.20918637
3300050139_73.fna,3300050139_73,9201_0,84.85518560121724
3300073834_46.fna,3300073834_46,9202_0,72.45399482113376
3300073843_7.fna,3300073843_7,9203_0,85.74884923963775
3300049574_62.fna,3300049574_62,9204_1,77.61362657795551
3300073847_6.fna,3300073847_6,9205_0,64.06093019703263
3300041935_1.fna,3300041935_1,9206_0,82.84517343811503
3300056977_360.fna,3300056977_360,9207_1,76.70260868870075
3300056811_100.fna,3300056811_100,9207_2,97.21760828183652
3300056797_83.fna,3300056797_83,9207_3,63.32448885260439
3300056751_151.fna,3300056751_151,9208_0,81.06092506896906
3300048995_39.fna,3300048995_39,9209_0,45.12590805976243
3300053229_11.fna,3300053229_11,9210_0,62.27684910588808
3300046715_15.fna,3300046715_15,9211_0,32.41938810786467
3300049006_30.fna,3300049006_30,9212_0,55.05994916
3300078425_46.fna,3300078425_46,9213_0,88.93843761056577
3300079526_42.fna,3300079526_42,9214_0,61.17641000761518
3300055048_6.fna,3300055048_6,9215_0,74.83632093
3300044809_37.fna,3300044809_37,9216_0,78.77813632908257
3300045240_6.fna,3300045240_6,9217_0,77.48944636
3300046715_11.fna,3300046715_11,9218_0,56.99794982620461
3300046825_4.fna,3300046825_4,9219_0,46.370797949241094
3300046715_17.fna,3300046715_17,9220_0,67.12287815726721
3300049298_1.fna,3300049298_1,9221_0,81.58491507048527
3300054967_46.fna,3300054967_46,9222_0,74.06569717465717
3300049581_125.fna,3300049581_125,9223_0,59.60081475423757
3300081257_18.fna,3300081257_18,9224_0,61.42878268
3300057020_7.fna,3300057020_7,9225_1,77.99811811991654
3300081965_104.fna,3300081965_104,9226_0,75.70484823910898
3300076593_24.fna,3300076593_24,9227_1,81.40974529519484
3300077110_13.fna,3300077110_13,9227_2,67.30596964760521
3300075770_7.fna,3300075770_7,9228_1,76.84005638685244
3300078583_2.fna,3300078583_2,9229_0,83.36388580393641
3300055099_84.fna,3300055099_84,9230_0,85.55873342495008
3300061213_83.fna,3300061213_83,9231_1,81.14592212313455
3300078518_38.fna,3300078518_38,9232_1,90.21877940498969
3300049794_6.fna,3300049794_6,9233_0,66.65076058069278
3300043757_3.fna,3300043757_3,9234_0,79.58811959552132
3300079118_22.fna,3300079118_22,9235_0,70.13798023449459
3300051238_179.fna,3300051238_179,9236_1,87.57099997931022
3300061843_69.fna,3300061843_69,9237_1,74.64748978727783
3300082214_19.fna,3300082214_19,9238_0,58.147728750725925
3300076621_25.fna,3300076621_25,9239_0,78.31682618734465
3300076621_64.fna,3300076621_64,9240_0,72.73637786179853
3300054705_93.fna,3300054705_93,9241_0,83.54582019191893
3300080032_51.fna,3300080032_51,9242_0,67.45392979029923
3300044822_70.fna,3300044822_70,9243_0,70.96946023936117
3300062846_36.fna,3300062846_36,9244_0,81.96546805430454
3300060649_47.fna,3300060649_47,9245_1,76.58036571671164
3300054705_6.fna,3300054705_6,9246_0,41.83374136827846
3300061537_93.fna,3300061537_93,9247_0,64.67837817
3300054705_78.fna,3300054705_78,9248_1,72.66105452274012
3300054705_23.fna,3300054705_23,9249_0,91.85351547673471
3300054988_42.fna,3300054988_42,9250_0,81.48857081896914
3300075652_7.fna,3300075652_7,9251_1,84.58272136474238
3300064040_13.fna,3300064040_13,9252_1,85.16009401
3300076604_5.fna,3300076604_5,9253_1,88.74454077495594
3300064044_34.fna,3300064044_34,9254_0,48.62351747624171
3300064045_66.fna,3300064045_66,9255_0,66.80949255959817
3300077818_36.fna,3300077818_36,9256_1,73.04487159315228
3300066659_29.fna,3300066659_29,9257_1,57.08160216580571
3300044814_10.fna,3300044814_10,9258_0,61.16226965
3300054963_21.fna,3300054963_21,9259_0,42.79439437409247
3300060355_85.fna,3300060355_85,9260_0,39.760758005724476
3300054966_55.fna,3300054966_55,9261_0,67.46776212
3300076031_5.fna,3300076031_5,9262_0,57.808357861963025
3300060780_13.fna,3300060780_13,9263_0,42.747763702156895
3300064003_2.fna,3300064003_2,9264_0,60.940765206750626
3300050117_17.fna,3300050117_17,9265_0,67.74996032535645
3300061624_42.fna,3300061624_42,9266_0,64.13651087181306
3300078418_63.fna,3300078418_63,9267_0,72.88725091141364
3300054682_14.fna,3300054682_14,9268_0,90.06071249748136
3300054730_56.fna,3300054730_56,9269_0,70.37550222016537
3300078546_26.fna,3300078546_26,9270_1,65.09282081536924
3300054987_20.fna,3300054987_20,9270_2,59.685567458938486
3300062564_117.fna,3300062564_117,9271_1,51.21218203
3300054987_50.fna,3300054987_50,9272_0,47.838587894346446
3300077557_16.fna,3300077557_16,9273_0,50.07841972473696
3300050345_53.fna,3300050345_53,9274_1,77.94744059202817
3300079401_34.fna,3300079401_34,9275_1,72.62724144
3300050136_26.fna,3300050136_26,9275_2,42.51116465292915
3300063892_7.fna,3300063892_7,9275_3,65.60529624
3300045949_12.fna,3300045949_12,9275_4,50.756600564320806
3300045769_4.fna,3300045769_4,9275_5,47.12718869391663
3300045795_15.fna,3300045795_15,9275_6,47.943479598933564
3300050118_40.fna,3300050118_40,9276_1,72.91505411196559
3300048764_59.fna,3300048764_59,9277_1,80.28142485813267
3300066018_5.fna,3300066018_5,9278_0,59.981380888699476
3300060670_2.fna,3300060670_2,9279_0,39.61669607
3300079481_57.fna,3300079481_57,9280_0,60.34665155068628
3300064038_43.fna,3300064038_43,9281_0,49.05954542621086
3300078546_38.fna,3300078546_38,9282_0,46.84334549051082
3300077675_111.fna,3300077675_111,9283_1,54.775818631866244
3300055239_207.fna,3300055239_207,9284_1,46.12415490605351
3300057049_27.fna,3300057049_27,9284_2,68.40938587798024
3300061213_51.fna,3300061213_51,9285_0,59.243278022049516
3300061843_28.fna,3300061843_28,9286_0,55.855168817868865
3300046531_44.fna,3300046531_44,9287_1,63.52316822925134
3300045258_9.fna,3300045258_9,9287_2,41.43242381648778
3300081487_43.fna,3300081487_43,9287_3,39.30552542
3300061205_5.fna,3300061205_5,9288_1,35.54208356357349
3300082261_37.fna,3300082261_37,9288_2,66.05105935771594
3300061537_60.fna,3300061537_60,9288_3,63.228243606434305
3300056868_19.fna,3300056868_19,9289_0,64.95257846063853
3300054964_85.fna,3300054964_85,9290_1,92.29938816787755
3300043201_6.fna,3300043201_6,9291_0,61.53940110200661
3300080032_52.fna,3300080032_52,9292_0,76.56755327647723
3300062564_40.fna,3300062564_40,9293_1,30.251462233296547
3300079482_34.fna,3300079482_34,9293_2,33.90908816978651
3300050135_13.fna,3300050135_13,9294_0,59.10262339540143
3300054705_42.fna,3300054705_42,9295_0,65.56522470473044
3300054987_63.fna,3300054987_63,9296_0,66.72857718386472
3300060886_21.fna,3300060886_21,9297_0,55.52799649676723
3300061179_61.fna,3300061179_61,9298_1,75.76253911307258
3300049004_46.fna,3300049004_46,9299_1,76.14814852534869
3300054962_33.fna,3300054962_33,9299_2,72.68824484114253
3300082513_36.fna,3300082513_36,9299_3,59.94513907680338
3300073844_34.fna,3300073844_34,9299_4,76.10212860085271
3300076031_34.fna,3300076031_34,9300_0,61.435823441032156
3300045786_9.fna,3300045786_9,9301_1,81.07248218054859
3300045814_9.fna,3300045814_9,9301_2,69.56470970689846
3300050031_27.fna,3300050031_27,9302_1,82.90139259617436
3300056868_142.fna,3300056868_142,9303_0,61.39414592267826
3300060654_38.fna,3300060654_38,9304_0,32.53036661730591
3300082204_20.fna,3300082204_20,9305_1,70.43827385648015
3300082192_5.fna,3300082192_5,9306_0,62.83851615817346
3300048997_44.fna,3300048997_44,9307_0,65.83250051908904
3300054680_50.fna,3300054680_50,9308_0,95.26587109200702
3300076031_56.fna,3300076031_56,9309_0,83.11820095084607
3300018014_9.fna,3300018014_9,9310_1,82.19495077384595
3300061843_60.fna,3300061843_60,9311_0,72.30498987733485
3300062842_5.fna,3300062842_5,9312_0,55.59957843734515
3300046668_2.fna,3300046668_2,9313_0,49.290895242829095
3300082281_50.fna,3300082281_50,9314_0,52.26799405269205
3300060650_16.fna,3300060650_16,9315_1,80.1897525
3300055278_44.fna,3300055278_44,9316_1,86.60412391515784
3300082173_30.fna,3300082173_30,9317_1,72.24212852
3300081485_93.fna,3300081485_93,9317_2,80.37811984842915
3300062123_41.fna,3300062123_41,9318_0,34.44345832359246
3300076650_35.fna,3300076650_35,9319_0,39.188858375632066
3300073841_14.fna,3300073841_14,9320_0,44.720260420468094
3300079482_43.fna,3300079482_43,9321_0,65.55782175241204
3300077107_18.fna,3300077107_18,9322_0,62.94097749
3300075573_81.fna,3300075573_81,9323_1,83.80983851656651
3300060650_25.fna,3300060650_25,9324_1,78.96703086903257
3300054730_20.fna,3300054730_20,9325_0,96.17569066
3300054681_40.fna,3300054681_40,9326_0,90.87936628202031
3300082281_93.fna,3300082281_93,9327_0,66.43940274333795
3300054968_51.fna,3300054968_51,9328_1,91.06446297795847
3300054967_50.fna,3300054967_50,9329_1,70.99996013674041
3300082208_54.fna,3300082208_54,9329_2,71.36769125
3300044667_25.fna,3300044667_25,9330_1,68.13531943794224
3300047089_50.fna,3300047089_50,9331_1,69.65876899419938
3300055023_37.fna,3300055023_37,9332_0,61.140359874348796
3300054967_53.fna,3300054967_53,9333_0,62.310151591490786
3300048798_34.fna,3300048798_34,9334_1,80.88208019622618
3300037157_4.fna,3300037157_4,9335_0,41.065524017410084
3300050231_30.fna,3300050231_30,9336_1,71.14453937469109
3300051238_199.fna,3300051238_199,9336_2,73.04379793029325
3300051099_164.fna,3300051099_164,9337_1,69.66972431874683
3300081965_124.fna,3300081965_124,9337_2,70.70727734925882
3300044521_8.fna,3300044521_8,9337_3,70.60083478155386
3300043586_12.fna,3300043586_12,9338_0,68.61558572786427
3300079547_16.fna,3300079547_16,9339_1,71.75422785
3300082035_104.fna,3300082035_104,9339_2,57.615321720521074
3300046782_52.fna,3300046782_52,9340_1,84.12930040389077
3300080028_131.fna,3300080028_131,9341_1,83.25196141001351
3300080028_90.fna,3300080028_90,9341_2,47.52842169225186
3300078434_15.fna,3300078434_15,9342_1,63.779320761723035
3300064058_24.fna,3300064058_24,9342_2,63.60754544846721
3300079526_32.fna,3300079526_32,9342_3,42.248559212172324
3300082225_130.fna,3300082225_130,9342_4,58.524247551214906
3300048086_23.fna,3300048086_23,9342_5,60.29073838977235
3300082197_116.fna,3300082197_116,9343_0,90.60241206762603
3300082197_105.fna,3300082197_105,9344_0,51.078794607482536
3300066533_19.fna,3300066533_19,9345_1,90.83857913
3300048898_6.fna,3300048898_6,9346_1,68.95479730162779
3300082208_28.fna,3300082208_28,9346_2,70.08926713525594
3300077094_91.fna,3300077094_91,9347_1,65.55374082849629
3300077907_80.fna,3300077907_80,9348_0,46.70246608
3300077658_94.fna,3300077658_94,9349_0,76.29544110533202
3300055049_28.fna,3300055049_28,9350_0,71.2120536
3300078416_8.fna,3300078416_8,9351_1,80.26158340043918
3300078367_45.fna,3300078367_45,9351_2,66.54582750536238
3300044744_15.fna,3300044744_15,9351_3,62.31510738512199
3300044832_7.fna,3300044832_7,9352_0,65.14311412368981
3300078716_28.fna,3300078716_28,9353_0,55.7054226
3300076008_6.fna,3300076008_6,9354_1,75.85775957783389
3300079542_7.fna,3300079542_7,9354_2,66.18869640546046
3300048895_15.fna,3300048895_15,9355_1,62.87893127374028
3300061205_26.fna,3300061205_26,9356_1,70.66966299337642
3300081758_26.fna,3300081758_26,9356_2,58.54001456366868
3300082221_19.fna,3300082221_19,9357_0,40.848054335369945
3300055049_47.fna,3300055049_47,9358_1,83.4065801
3300061205_36.fna,3300061205_36,9358_2,68.27516881786887
3300082209_73.fna,3300082209_73,9359_0,51.30977346554543
3300075573_96.fna,3300075573_96,9360_0,64.34004715689265
3300082197_141.fna,3300082197_141,9361_0,59.39744375542305
3300064045_98.fna,3300064045_98,9362_0,62.06803616849759
3300076763_207.fna,3300076763_207,9363_0,69.56744012235937
3300076763_102.fna,3300076763_102,9364_0,57.11503661535626
3300078314_15.fna,3300078314_15,9365_0,59.436879417793605
3300082281_52.fna,3300082281_52,9366_1,82.69358453151636
3300061536_33.fna,3300061536_33,9367_1,74.91081721
3300061536_66.fna,3300061536_66,9368_0,51.92370674874407
3300056868_13.fna,3300056868_13,9369_0,70.58816196
3300046747_33.fna,3300046747_33,9370_0,84.82730062145316
3300063174_71.fna,3300063174_71,9371_0,48.83676220158353
3300078393_45.fna,3300078393_45,9372_0,44.79203333216739
3300075518_29.fna,3300075518_29,9373_0,64.23559587896735
3300050347_36.fna,3300050347_36,9374_1,68.22484450999568
3300080032_88.fna,3300080032_88,9375_0,64.31376002168595
3300082528_47.fna,3300082528_47,9376_0,44.14374586664767
3300043100_19.fna,3300043100_19,9377_1,57.64287020140003
3300054682_16.fna,3300054682_16,9378_1,91.26237436384457
3300054680_77.fna,3300054680_77,9379_1,85.95805040190623
3300054961_6.fna,3300054961_6,9380_1,65.20944534083942
3300062823_151.fna,3300062823_151,9381_1,91.86598652429656
3300049172_14.fna,3300049172_14,9382_1,80.13482182762078
3300049164_20.fna,3300049164_20,9383_1,74.89061129893423
3300049166_15.fna,3300049166_15,9383_2,94.86335785184286
3300062803_36.fna,3300062803_36,9384_0,26.182615492264077
3300049167_41.fna,3300049167_41,9385_1,82.57009276897745
3300049166_4.fna,3300049166_4,9386_1,58.346232330597985
3300049170_10.fna,3300049170_10,9386_2,85.77985728437056
3300049136_28.fna,3300049136_28,9387_0,94.37471517718348
3300056675_134.fna,3300056675_134,9388_0,47.92408974695917
3300060913_38.fna,3300060913_38,9389_0,69.85707299441476
3300066659_78.fna,3300066659_78,9390_0,75.44291101
3300066008_106.fna,3300066008_106,9391_0,90.20394901583927
3300066521_13.fna,3300066521_13,9392_0,84.32980535965072
3300063046_41.fna,3300063046_41,9393_0,84.92844422732504
3300066008_112.fna,3300066008_112,9394_0,73.56232954169701
3300057055_179.fna,3300057055_179,9395_1,83.40721439148335
3300056884_77.fna,3300056884_77,9396_0,66.45067902309705
3300043384_5.fna,3300043384_5,9397_0,70.05472452349063
3300055024_14.fna,3300055024_14,9398_0,73.82525751818605
3300054963_61.fna,3300054963_61,9399_0,71.23749814
3300057005_7.fna,3300057005_7,9400_1,79.21187575802723
3300056884_53.fna,3300056884_53,9401_1,81.10240837
3300063084_11.fna,3300063084_11,9402_1,73.62039855
3300063428_58.fna,3300063428_58,9402_2,85.47418067919229
3300081826_57.fna,3300081826_57,9403_0,64.63916107818777
3300036393_3.fna,3300036393_3,9404_0,78.86571439215811
3300044816_48.fna,3300044816_48,9405_0,76.92204244
3300073835_19.fna,3300073835_19,9406_1,77.96101514612202
3300062862_61.fna,3300062862_61,9407_1,33.079355832691164
3300064044_125.fna,3300064044_125,9407_2,28.074716216808806
3300064046_64.fna,3300064046_64,9408_0,77.12137974770306
3300064030_4.fna,3300064030_4,9409_0,65.88961751896163
3300044692_20.fna,3300044692_20,9410_0,71.44546303693454
3300061537_13.fna,3300061537_13,9411_0,64.95671069984053
3300049006_23.fna,3300049006_23,9412_0,67.74604263992177
3300049581_95.fna,3300049581_95,9413_0,95.94768375826636
3300066008_100.fna,3300066008_100,9414_0,58.945441499428796
3300066540_93.fna,3300066540_93,9415_1,79.43182085
3300049005_3.fna,3300049005_3,9415_2,63.559629208733654
3300080673_6.fna,3300080673_6,9416_0,62.637464548230284
3300081966_155.fna,3300081966_155,9417_0,67.62521067323698
3300055258_11.fna,3300055258_11,9418_0,49.618963591556664
3300044807_48.fna,3300044807_48,9419_1,76.11971500309295
3300062857_12.fna,3300062857_12,9419_2,66.24120453781823
3300059598_53.fna,3300059598_53,9420_1,78.67095117334568
3300062862_53.fna,3300062862_53,9421_0,83.80121315043037
3300054999_48.fna,3300054999_48,9422_0,60.406893222490595
3300066540_98.fna,3300066540_98,9423_0,60.68994979393297
3300061211_11.fna,3300061211_11,9424_0,73.92524731452495
3300076630_25.fna,3300076630_25,9425_0,44.52408418557059
3300049142_16.fna,3300049142_16,9426_0,72.19034071968669
3300082228_48.fna,3300082228_48,9427_0,52.899550391353564
3300035001_5.fna,3300035001_5,9428_1,92.40928181987186
3300036520_5.fna,3300036520_5,9428_2,89.75724986471286
3300059374_12.fna,3300059374_12,9429_0,81.45365627891572
3300062855_14.fna,3300062855_14,9430_0,73.58750167680003
3300081505_34.fna,3300081505_34,9431_0,49.65749630186651
3300044667_30.fna,3300044667_30,9432_0,65.36384417522665
3300044692_33.fna,3300044692_33,9433_0,83.06486349913774
3300049005_31.fna,3300049005_31,9434_1,82.78003886
3300062685_19.fna,3300062685_19,9434_2,66.0753116
3300060883_29.fna,3300060883_29,9435_0,54.580736156760736
3300062860_14.fna,3300062860_14,9436_0,68.23713422860483
3300044840_34.fna,3300044840_34,9437_1,86.07559677364735
3300062689_35.fna,3300062689_35,9437_2,84.26359758852065
3300048997_40.fna,3300048997_40,9438_0,80.53068467784114
3300044999_16.fna,3300044999_16,9439_0,66.63335407
3300054703_67.fna,3300054703_67,9440_0,81.42799614566742
3300054962_61.fna,3300054962_61,9441_0,77.94004736
3300060653_1.fna,3300060653_1,9442_0,85.26048600936699
3300048997_51.fna,3300048997_51,9443_0,36.31659173958731
3300062872_26.fna,3300062872_26,9444_0,56.03119365130351
3300049006_2.fna,3300049006_2,9445_1,56.48640287
3300062688_4.fna,3300062688_4,9445_2,68.29382400005191
3300066015_49.fna,3300066015_49,9446_0,89.53959230881567
3300044658_32.fna,3300044658_32,9447_0,76.22468457679574
3300059595_27.fna,3300059595_27,9448_1,56.84456466263066
3300044739_31.fna,3300044739_31,9449_0,72.38378250721317
3300053229_62.fna,3300053229_62,9450_0,65.50568814815897
3300044691_14.fna,3300044691_14,9451_0,81.95618037739925
3300049982_22.fna,3300049982_22,9452_1,87.09835677868566
3300049259_20.fna,3300049259_20,9453_0,86.71412831
3300044654_35.fna,3300044654_35,9454_1,76.65061891745633
3300060709_9.fna,3300060709_9,9455_0,63.72174725795304
3300048996_17.fna,3300048996_17,9456_0,87.12550502330453
3300066488_68.fna,3300066488_68,9457_0,76.98052404583531
3300062781_59.fna,3300062781_59,9458_0,88.59848607932827
3300050236_26.fna,3300050236_26,9459_0,56.32719536119609
3300078583_39.fna,3300078583_39,9460_0,79.61051920621148
3300066506_51.fna,3300066506_51,9461_1,69.29899153987294
3300062712_9.fna,3300062712_9,9462_0,66.55067735654072
3300079547_29.fna,3300079547_29,9463_0,93.41954359691114
3300061212_3.fna,3300061212_3,9464_0,88.87272462035848
3300080037_55.fna,3300080037_55,9465_0,54.01225608
3300047090_25.fna,3300047090_25,9466_0,86.52057352101221
3300053229_63.fna,3300053229_63,9467_0,54.89233602075812
3300065457_12.fna,3300065457_12,9468_1,80.98617119679429
3300065475_28.fna,3300065475_28,9469_0,91.50032330858389
3300078521_28.fna,3300078521_28,9470_0,90.69223785409388
3300044739_7.fna,3300044739_7,9471_0,34.20720062229147
3300064032_64.fna,3300064032_64,9472_0,73.42522206602273
3300062683_27.fna,3300062683_27,9473_1,85.52446147235328
3300081967_20.fna,3300081967_20,9474_0,89.62226393686262
3300044658_15.fna,3300044658_15,9475_1,60.595351430473556
3300044685_11.fna,3300044685_11,9475_2,58.46884723010268
3300048996_49.fna,3300048996_49,9476_0,88.14756872085634
3300049169_10.fna,3300049169_10,9477_1,67.40807763044484
3300049170_19.fna,3300049170_19,9477_2,56.710012865053926
3300044720_20.fna,3300044720_20,9478_0,74.84679464078974
3300059374_64.fna,3300059374_64,9479_0,56.65828954139896
3300077658_17.fna,3300077658_17,9480_0,80.12812309519867
3300082514_64.fna,3300082514_64,9481_0,70.47960530264588
3300080036_80.fna,3300080036_80,9482_0,28.95321715981447
3300081966_115.fna,3300081966_115,9483_0,81.43267341725492
3300061640_52.fna,3300061640_52,9484_0,45.921005980813334
3300078161_31.fna,3300078161_31,9485_0,83.98206045
3300082214_17.fna,3300082214_17,9486_0,76.69043946
3300063430_15.fna,3300063430_15,9487_0,91.62370141
3300082035_51.fna,3300082035_51,9488_0,59.978142339242076
3300064040_25.fna,3300064040_25,9489_0,90.51547783268417
3300066613_19.fna,3300066613_19,9490_0,68.70264174626512
3300049450_23.fna,3300049450_23,9491_0,64.69159434553762
3300049249_13.fna,3300049249_13,9492_1,79.04504729719334
3300050234_7.fna,3300050234_7,9492_2,89.96414671
3300049273_10.fna,3300049273_10,9493_0,90.97340045735692
3300061211_53.fna,3300061211_53,9494_0,66.09851615817347
3300056867_108.fna,3300056867_108,9495_0,79.88561369
3300078281_40.fna,3300078281_40,9496_0,73.13948881116634
3300078330_76.fna,3300078330_76,9497_0,75.58574554713397
3300066482_12.fna,3300066482_12,9498_1,71.06405878007038
3300076631_9.fna,3300076631_9,9499_1,48.38347758046027
3300048896_51.fna,3300048896_51,9500_1,66.55778205908965
3300079162_59.fna,3300079162_59,9500_2,63.96120834672287
3300081193_9.fna,3300081193_9,9501_0,75.97180889318282
3300031184_2.fna,3300031184_2,9502_1,74.83331437
3300054113_4.fna,3300054113_4,9503_0,55.146011513881916
3300083158_15.fna,3300083158_15,9504_0,74.89475462691355
3300076762_71.fna,3300076762_71,9505_0,73.56523159
3300082970_18.fna,3300082970_18,9506_1,70.78602594543136
3300060746_13.fna,3300060746_13,9507_0,97.32158685818762
3300077115_26.fna,3300077115_26,9508_0,91.42632020101345
3300043610_8.fna,3300043610_8,9509_0,34.860667547837274
3300080029_18.fna,3300080029_18,9510_0,90.70081020505873
3300054999_7.fna,3300054999_7,9511_0,85.52660367605188
3300064032_44.fna,3300064032_44,9512_1,87.39882008288303
3300063023_13.fna,3300063023_13,9512_2,78.93291590172927
3300063020_112.fna,3300063020_112,9513_0,76.82695599984179
3300063021_18.fna,3300063021_18,9514_0,86.81583952824855
3300066018_32.fna,3300066018_32,9515_0,60.76686386497946
3300062863_24.fna,3300062863_24,9516_1,84.45588498695261
3300066008_105.fna,3300066008_105,9517_0,85.28943736468112
3300064042_90.fna,3300064042_90,9518_0,72.73863194
3300066488_54.fna,3300066488_54,9519_1,71.72974336078495
3300061637_2.fna,3300061637_2,9520_0,76.45651722862517
3300063076_73.fna,3300063076_73,9521_1,69.53718712282316
3300063176_79.fna,3300063176_79,9522_0,95.22742079501273
3300082240_33.fna,3300082240_33,9523_0,47.53617379961233
3300048091_7.fna,3300048091_7,9524_1,81.92620003
3300062795_112.fna,3300062795_112,9525_1,70.15182109
3300062833_102.fna,3300062833_102,9525_2,70.35180472878287
3300044692_1.fna,3300044692_1,9526_0,82.35914876824734
3300044807_6.fna,3300044807_6,9527_0,61.00255598976967
3300059325_27.fna,3300059325_27,9528_0,88.84177569028475
3300062777_10.fna,3300062777_10,9529_0,92.57167159597066
3300045109_14.fna,3300045109_14,9530_1,75.70000381104332
3300043757_4.fna,3300043757_4,9531_1,63.784213136621815
3300061213_43.fna,3300061213_43,9531_2,76.67797158846952
3300061213_50.fna,3300061213_50,9532_1,74.15345746981649
3300079482_37.fna,3300079482_37,9532_2,61.81701407480159
3300049456_2.fna,3300049456_2,9533_0,61.35300042881438
3300051615_36.fna,3300051615_36,9534_0,56.79772245812217
3300066533_15.fna,3300066533_15,9535_1,74.64720325903397
3300059438_54.fna,3300059438_54,9536_0,51.10428851831633
3300059438_59.fna,3300059438_59,9537_0,71.64676337184983
3300044711_32.fna,3300044711_32,9538_0,93.64170237237005
3300056880_6.fna,3300056880_6,9539_0,88.27047388567134
3300055049_5.fna,3300055049_5,9540_0,65.03263302394369
3300082222_63.fna,3300082222_63,9541_0,90.5970642
3300082225_167.fna,3300082225_167,9542_0,81.26404150350892
3300062685_18.fna,3300062685_18,9543_0,58.265479940562436
3300078518_66.fna,3300078518_66,9544_0,65.790169
3300057048_51.fna,3300057048_51,9545_0,77.59025419725099
3300057000_88.fna,3300057000_88,9546_0,77.94727050072841
3300059598_67.fna,3300059598_67,9547_0,69.45719536119609
3300063235_8.fna,3300063235_8,9548_1,86.06490263707909
3300047317_17.fna,3300047317_17,9549_1,95.43230398498643
3300049170_20.fna,3300049170_20,9550_0,79.90592137486905
3300044691_35.fna,3300044691_35,9551_0,64.07521067323698
3300066015_56.fna,3300066015_56,9552_0,93.76596051918925
3300062862_25.fna,3300062862_25,9553_0,79.92651120139408
3300049581_12.fna,3300049581_12,9554_1,84.95756711129644
3300049581_61.fna,3300049581_61,9555_0,91.39190308562034
3300082504_21.fna,3300082504_21,9556_0,93.95456306607991
3300060663_44.fna,3300060663_44,9557_0,80.09831077303484
3300046522_38.fna,3300046522_38,9558_1,81.54657220516737
3300044816_58.fna,3300044816_58,9559_0,68.70898090226599
3300043764_7.fna,3300043764_7,9560_1,76.45636874173145
3300049590_35.fna,3300049590_35,9561_1,68.98690781786863
3300049582_33.fna,3300049582_33,9562_1,70.07424838226312
3300049574_40.fna,3300049574_40,9563_0,51.823884523130076
3300042131_1.fna,3300042131_1,9564_1,80.77783692612836
3300078402_39.fna,3300078402_39,9565_1,83.91339732806983
3300044694_9.fna,3300044694_9,9566_1,83.08262156176617
3300046522_18.fna,3300046522_18,9567_1,74.28152456
3300047322_34.fna,3300047322_34,9567_2,58.091542412660175
3300051099_122.fna,3300051099_122,9568_1,55.88635479249786
3300047317_4.fna,3300047317_4,9569_1,62.08000832124362
3300046660_50.fna,3300046660_50,9569_2,61.46010909233437
3300066008_21.fna,3300066008_21,9570_1,89.45355421434792
3300042138_1.fna,3300042138_1,9571_1,79.69329987774347
3300015262_4.fna,3300015262_4,9572_0,69.51198733469319
3300049136_38.fna,3300049136_38,9573_1,82.48444449800246
3300049166_13.fna,3300049166_13,9573_2,83.99042000791708
3300049136_43.fna,3300049136_43,9574_1,96.44627806865884
3300049137_24.fna,3300049137_24,9575_0,48.85497337862011
3300059466_6.fna,3300059466_6,9576_0,70.14457784535719
3300048995_2.fna,3300048995_2,9577_0,35.79220165087651
3300062564_73.fna,3300062564_73,9578_0,74.84776476660694
3300080684_47.fna,3300080684_47,9579_0,69.05793725142884
3300051200_51.fna,3300051200_51,9580_1,93.19450305174128
3300061462_2.fna,3300061462_2,9581_1,98.98159577598585
3300077115_25.fna,3300077115_25,9581_2,73.90123297264921
3300049170_21.fna,3300049170_21,9582_0,65.45055078784206
3300043618_6.fna,3300043618_6,9583_0,75.81211768317972
3300073834_65.fna,3300073834_65,9584_0,89.90415348117683
3300080626_4.fna,3300080626_4,9585_0,71.99081874
3300062787_2.fna,3300062787_2,9586_0,93.75323921598813
3300046462_51.fna,3300046462_51,9587_1,59.89932499742582
3300046663_30.fna,3300046663_30,9587_2,52.91631118951265
3300044822_61.fna,3300044822_61,9588_0,50.625521895918006
3300079400_43.fna,3300079400_43,9589_0,82.16523659180132
3300064043_81.fna,3300064043_81,9590_0,88.74726272095953
3300078360_3.fna,3300078360_3,9591_0,79.51202059028263
3300043247_11.fna,3300043247_11,9592_0,25.95884146745745
3300054703_82.fna,3300054703_82,9593_0,47.752306010432626
3300067513_20.fna,3300067513_20,9594_0,53.473793178537164
3300062683_7.fna,3300062683_7,9595_1,79.97102582985025
3300049780_9.fna,3300049780_9,9596_1,75.94504913592809
3300053229_34.fna,3300053229_34,9596_2,59.57182616745566
3300061638_47.fna,3300061638_47,9597_0,45.463409857733275
3300049142_4.fna,3300049142_4,9598_0,86.73211431884685
3300066322_15.fna,3300066322_15,9599_0,44.31025917139034
3300077271_30.fna,3300077271_30,9600_1,60.874566588087085
3300044831_18.fna,3300044831_18,9601_0,48.12287529067401
3300061211_16.fna,3300061211_16,9602_0,84.69475424578896
3300050227_42.fna,3300050227_42,9603_1,101.35021308510358
3300050227_69.fna,3300050227_69,9604_1,101.7124195397321
3300051099_49.fna,3300051099_49,9605_1,93.91439947
3300051096_67.fna,3300051096_67,9606_0,53.16855921217231
3300065443_5.fna,3300065443_5,9607_0,60.201846163553014
3300051099_135.fna,3300051099_135,9608_0,65.86794916
3300056863_53.fna,3300056863_53,9609_0,66.70074938980748
3300056970_64.fna,3300056970_64,9610_0,73.05566960628197
3300056970_137.fna,3300056970_137,9611_0,57.82859925763589
3300056865_87.fna,3300056865_87,9612_1,41.24721715141457
3300056864_2.fna,3300056864_2,9613_0,60.41714512783297
3300057000_34.fna,3300057000_34,9614_0,74.30191319541979
3300044667_1.fna,3300044667_1,9615_0,65.78885152077441
3300081137_3.fna,3300081137_3,9616_1,72.98351217411906
3300061204_29.fna,3300061204_29,9617_0,72.00822535686008
3300062464_8.fna,3300062464_8,9618_0,62.27994584232843
3300035019_5.fna,3300035019_5,9619_0,97.64962355466595
3300044808_20.fna,3300044808_20,9620_0,74.54848975
3300042995_7.fna,3300042995_7,9621_0,99.89646097722668
3300077553_44.fna,3300077553_44,9622_0,50.072630254759716
3300049982_47.fna,3300049982_47,9623_0,65.33694501699283
3300062832_26.fna,3300062832_26,9624_1,81.81032922956838
3300049741_30.fna,3300049741_30,9625_0,81.83366742532873
3300080028_95.fna,3300080028_95,9626_0,99.56720857226313
3300056753_256.fna,3300056753_256,9627_1,87.49527547513163
3300056797_206.fna,3300056797_206,9628_1,82.15796618120892
3300055049_35.fna,3300055049_35,9629_0,86.54490229216636
3300063062_68.fna,3300063062_68,9630_1,83.67661740329245
3300072780_32.fna,3300072780_32,9631_1,96.73222945825584
3300062777_22.fna,3300062777_22,9632_1,81.44494971035421
3300051525_18.fna,3300051525_18,9632_2,90.04301219119348
3300082211_113.fna,3300082211_113,9633_1,84.00885133199995
3300081966_157.fna,3300081966_157,9634_0,70.06557264522554
3300049136_16.fna,3300049136_16,9635_0,57.228299611350074
3300056867_134.fna,3300056867_134,9636_0,51.05116344157714
3300077658_60.fna,3300077658_60,9637_1,78.89341056168769
3300057260_10.fna,3300057260_10,9638_0,65.92355304651828
3300064482_111.fna,3300064482_111,9639_0,41.689292663931475
3300048513_2.fna,3300048513_2,9640_0,46.02280813961336
3300056798_38.fna,3300056798_38,9641_1,101.82312435248596
3300056673_301.fna,3300056673_301,9642_1,101.75484956371035
3300050240_22.fna,3300050240_22,9643_1,97.86038422854858
3300049570_21.fna,3300049570_21,9644_1,51.620484282509686
3300049573_19.fna,3300049573_19,9644_2,59.41050712185278
3300044667_48.fna,3300044667_48,9645_0,77.58415996
3300049170_5.fna,3300049170_5,9646_0,62.60745532289425
3300077179_26.fna,3300077179_26,9647_1,68.50463692
3300077807_11.fna,3300077807_11,9648_1,67.93491596
3300044809_47.fna,3300044809_47,9649_0,63.03206504099397
3300048902_44.fna,3300048902_44,9650_0,28.506256142144995
3300080031_35.fna,3300080031_35,9651_0,70.53832027078639
3300064039_60.fna,3300064039_60,9652_0,90.58428858388737
3300066006_71.fna,3300066006_71,9653_0,96.70411169246115
3300066540_104.fna,3300066540_104,9654_0,59.02320274918903
3300050225_20.fna,3300050225_20,9655_1,87.27826348934965
3300050235_51.fna,3300050235_51,9656_1,96.97966396
3300050241_99.fna,3300050241_99,9657_0,91.74902788735567
3300051099_81.fna,3300051099_81,9658_0,91.48432997573546
3300078141_22.fna,3300078141_22,9659_0,62.51839748810035
3300078515_14.fna,3300078515_14,9660_0,71.59971752493816
3300064033_37.fna,3300064033_37,9661_0,93.18522148317523
3300043353_3.fna,3300043353_3,9662_1,99.83664411242077
3300061216_11.fna,3300061216_11,9662_2,101.30900128419445
3300057020_80.fna,3300057020_80,9663_0,93.45068446
3300042996_6.fna,3300042996_6,9664_0,100.01137892298819
3300050242_7.fna,3300050242_7,9665_1,88.48815788766542
3300051204_73.fna,3300051204_73,9666_0,65.08776651974202
3300051099_55.fna,3300051099_55,9667_0,89.77094832398136
3300051099_147.fna,3300051099_147,9668_1,102.45789917004254
3300051204_14.fna,3300051204_14,9669_1,98.36993490994126
3300051096_27.fna,3300051096_27,9670_0,59.08296297788572
3300050232_37.fna,3300050232_37,9671_1,77.02619721739643
3300050240_89.fna,3300050240_89,9672_1,90.84188165803916
3300050222_49.fna,3300050222_49,9673_0,89.29071098
3300075651_141.fna,3300075651_141,9674_1,73.77613080345776
3300078394_25.fna,3300078394_25,9674_2,56.98949998610915
3300064046_105.fna,3300064046_105,9675_0,49.57951925261862
3300044841_24.fna,3300044841_24,9676_0,64.74196973
3300044831_30.fna,3300044831_30,9677_0,72.21758655
3300064040_79.fna,3300064040_79,9678_0,74.57005411020548
3300075651_20.fna,3300075651_20,9679_1,72.11357909755117
3300055239_212.fna,3300055239_212,9679_2,53.92028981078456
3300077807_62.fna,3300077807_62,9680_1,64.91816716
3300061846_45.fna,3300061846_45,9681_0,65.62080485608422
3300077435_56.fna,3300077435_56,9682_1,97.96313404237988
3300077739_33.fna,3300077739_33,9683_1,85.12713184358738
3300049003_21.fna,3300049003_21,9684_0,89.57014974974986
3300079107_22.fna,3300079107_22,9685_0,88.65911066722386
3300044817_8.fna,3300044817_8,9686_0,69.89102211968478
3300044899_38.fna,3300044899_38,9687_0,87.94024072
3300044717_1.fna,3300044717_1,9688_1,92.28755851197673
3300050657_11.fna,3300050657_11,9688_2,56.438834470281215
3300066008_98.fna,3300066008_98,9689_1,93.41831492714456
3300044703_4.fna,3300044703_4,9690_0,73.21797632919048
3300044720_16.fna,3300044720_16,9691_0,96.60493167853248
3300049982_44.fna,3300049982_44,9692_0,94.39777567062788
3300044818_7.fna,3300044818_7,9693_0,75.82177498600134
3300059325_103.fna,3300059325_103,9694_0,74.13559985840021
3300062838_12.fna,3300062838_12,9695_1,91.87113463772867
3300044899_15.fna,3300044899_15,9696_1,92.44450143381049
3300062684_13.fna,3300062684_13,9697_0,96.81700029597769
3300056811_238.fna,3300056811_238,9698_1,87.38544534
3300044703_74.fna,3300044703_74,9699_0,49.28256820320264
3300064042_134.fna,3300064042_134,9700_0,69.95673518610657
3300044734_44.fna,3300044734_44,9701_0,82.08490643963466
3300044739_26.fna,3300044739_26,9702_0,75.57753362475711
3300056674_97.fna,3300056674_97,9703_1,92.12253374831344
3300065428_44.fna,3300065428_44,9704_0,82.12783109929269
3300051238_86.fna,3300051238_86,9705_1,96.58370978022269
3300051099_150.fna,3300051099_150,9706_0,61.98799786181305
3300051204_52.fna,3300051204_52,9707_0,69.06672449430049
3300055049_45.fna,3300055049_45,9708_0,96.50059201096128
3300054961_24.fna,3300054961_24,9709_0,97.37118279042248
3300057047_58.fna,3300057047_58,9710_0,74.32096115583971
3300049260_24.fna,3300049260_24,9711_0,95.63452753
3300056811_244.fna,3300056811_244,9712_1,87.89981589359397
3300056798_229.fna,3300056798_229,9713_0,54.25258003882597
3300057260_4.fna,3300057260_4,9714_0,51.41115926105402
3300046408_1.fna,3300046408_1,9715_1,89.82667663432599
3300044652_32.fna,3300044652_32,9716_0,57.01416888952038
3300055098_22.fna,3300055098_22,9717_0,92.90997749889691
3300060914_55.fna,3300060914_55,9718_1,78.49617690144464
3300060898_9.fna,3300060898_9,9719_0,81.27644734887609
3300076762_84.fna,3300076762_84,9720_0,71.65507198053226
3300080687_80.fna,3300080687_80,9721_0,74.01991446229131
3300082258_1.fna,3300082258_1,9722_0,70.83397526
3300063053_16.fna,3300063053_16,9723_0,46.62481267667903
3300056865_46.fna,3300056865_46,9724_0,66.34981970611145
3300082266_50.fna,3300082266_50,9725_0,62.653750587361415
3300057000_123.fna,3300057000_123,9726_0,74.96515808
3300044648_56.fna,3300044648_56,9727_1,77.84597716425378
3300077165_33.fna,3300077165_33,9728_0,64.04617899183391
3300082216_51.fna,3300082216_51,9729_0,64.56498176085701
3300049824_56.fna,3300049824_56,9730_0,73.29094723546454
3300044830_19.fna,3300044830_19,9731_1,94.46342264828513
3300060884_31.fna,3300060884_31,9732_0,75.41441027
3300077553_40.fna,3300077553_40,9733_0,42.85467454037955
3300081966_78.fna,3300081966_78,9734_0,89.91463383321658
3300081724_40.fna,3300081724_40,9735_1,70.78651552
3300082054_7.fna,3300082054_7,9736_0,54.137198720390494
3300066018_57.fna,3300066018_57,9737_0,42.74389042467368
3300048896_44.fna,3300048896_44,9738_1,71.86973466270783
3300063016_7.fna,3300063016_7,9739_1,82.30870770890478
3300062799_18.fna,3300062799_18,9740_0,65.16115231146753
3300064138_19.fna,3300064138_19,9741_0,49.727971473116156
3300082226_11.fna,3300082226_11,9742_0,56.80528552424063
3300063978_21.fna,3300063978_21,9743_1,60.211708544920555
3300066538_59.fna,3300066538_59,9743_2,62.74971350380777
3300054703_43.fna,3300054703_43,9744_1,68.41289044997733
3300055098_46.fna,3300055098_46,9744_2,78.77315812985263
3300060886_36.fna,3300060886_36,9744_3,79.50273446033205
3300044734_25.fna,3300044734_25,9744_4,75.59365842040718
3300077553_107.fna,3300077553_107,9745_1,71.45966428901372
3300066457_31.fna,3300066457_31,9746_1,85.27108257918844
3300063561_2.fna,3300063561_2,9747_1,72.20694689833559
3300082200_3.fna,3300082200_3,9747_2,63.51947501075048
3300021358_2.fna,3300021358_2,9748_0,48.755035132183714
3300082193_73.fna,3300082193_73,9749_0,85.92863211222489
3300060780_5.fna,3300060780_5,9750_0,84.52319071673476
3300079107_10.fna,3300079107_10,9751_0,55.18195046
3300082220_35.fna,3300082220_35,9752_0,88.19357606747484
3300044686_6.fna,3300044686_6,9753_0,82.73801296
3300062554_11.fna,3300062554_11,9754_0,81.71372884790739
3300044689_21.fna,3300044689_21,9755_1,84.98871350721127
3300044735_1.fna,3300044735_1,9756_0,68.07589829521862
3300062688_13.fna,3300062688_13,9757_1,85.72434772354168
3300066533_30.fna,3300066533_30,9758_1,76.72136143529346
3300076031_2.fna,3300076031_2,9759_1,73.85550980695852
3300044694_34.fna,3300044694_34,9759_2,80.93595576354642
3300044654_37.fna,3300044654_37,9760_0,80.56987083052314
3300078576_24.fna,3300078576_24,9761_1,87.76179181487292
3300054680_87.fna,3300054680_87,9762_0,87.00816890638377
3300066533_34.fna,3300066533_34,9763_0,69.99665830060216
3300082277_46.fna,3300082277_46,9764_0,54.27538312
3300075321_45.fna,3300075321_45,9765_1,82.26024378142458
3300031673_28.fna,3300031673_28,9766_0,64.53301383768218
3300052901_10.fna,3300052901_10,9767_0,67.76071425918397
3300064039_34.fna,3300064039_34,9768_0,93.19510439754956
3300075322_108.fna,3300075322_108,9769_1,81.94815690832293
3300048800_18.fna,3300048800_18,9770_0,56.55062881565611
3300050140_10.fna,3300050140_10,9771_0,90.82672532550366
3300050016_22.fna,3300050016_22,9772_0,86.64626490739835
3300075533_18.fna,3300075533_18,9773_0,40.487350200857705
3300075321_84.fna,3300075321_84,9774_1,95.92365035771594
3300078387_127.fna,3300078387_127,9774_2,79.44383013546106
3300050033_6.fna,3300050033_6,9774_3,84.43491066443106
3300050033_22.fna,3300050033_22,9775_0,51.01031324346091
3300044703_20.fna,3300044703_20,9776_0,65.13843664316362
3300078213_26.fna,3300078213_26,9777_0,55.368834157199494
3300063172_168.fna,3300063172_168,9778_1,93.98276193550228
3300056676_48.fna,3300056676_48,9779_1,92.76030734398547
3300013297_36.fna,3300013297_36,9780_0,50.73258815070956
3300060670_26.fna,3300060670_26,9781_0,73.22643969358565
3300060656_13.fna,3300060656_13,9782_1,82.68911465040927
3300078328_118.fna,3300078328_118,9783_0,61.32734793595484
3300075321_114.fna,3300075321_114,9784_0,31.98619058012351
3300055023_34.fna,3300055023_34,9785_0,81.68613376427447
3300079690_45.fna,3300079690_45,9786_0,63.959399281356966
3300060670_39.fna,3300060670_39,9787_0,62.54404150350892
3300056811_333.fna,3300056811_333,9788_1,62.552840383255266
3300056809_360.fna,3300056809_360,9789_0,64.35656178770131
3300056673_277.fna,3300056673_277,9790_1,79.53947308580636
3300062794_50.fna,3300062794_50,9791_1,89.62839291185375
3300063065_40.fna,3300063065_40,9792_0,74.10337976
3300065428_31.fna,3300065428_31,9793_0,83.72455612832734
3300066006_61.fna,3300066006_61,9794_0,94.80956466390153
3300063085_106.fna,3300063085_106,9795_1,68.38477905308405
3300078279_42.fna,3300078279_42,9796_1,75.77014079316936
3300060664_36.fna,3300060664_36,9797_0,60.00540580543625
3300062862_64.fna,3300062862_64,9798_0,41.591264387639484
3300065155_9.fna,3300065155_9,9799_0,80.92574594445507
3300049574_80.fna,3300049574_80,9800_1,63.11428998913652
3300049570_91.fna,3300049570_91,9801_0,51.74105118
3300048999_75.fna,3300048999_75,9802_0,80.19687266800699
3300061639_59.fna,3300061639_59,9803_0,85.89833542718004
3300056751_297.fna,3300056751_297,9804_1,56.360435859432236
3300056797_227.fna,3300056797_227,9805_0,24.515878769767173
3300056811_317.fna,3300056811_317,9806_0,84.19578826777638
3300054982_28.fna,3300054982_28,9807_0,92.53827433
3300066008_129.fna,3300066008_129,9808_0,73.01644839221828
3300066018_71.fna,3300066018_71,9809_1,93.86433507370477
3300066006_39.fna,3300066006_39,9810_0,91.14438362
3300066006_5.fna,3300066006_5,9811_0,87.22966462
3300066659_141.fna,3300066659_141,9812_1,79.38865929368339
3300057020_67.fna,3300057020_67,9813_0,88.51570059904924
3300082215_52.fna,3300082215_52,9814_0,98.86223498466592
3300062563_57.fna,3300062563_57,9815_0,86.35146743187546
3300054982_7.fna,3300054982_7,9816_0,100.51759275360311
3300050120_33.fna,3300050120_33,9817_1,100.65586254895584
3300043640_13.fna,3300043640_13,9818_0,53.891622009315135
3300066006_135.fna,3300066006_135,9819_0,96.50945863483079
3300066018_53.fna,3300066018_53,9820_0,96.08577406988364
3300048790_30.fna,3300048790_30,9821_0,81.86358248714967
3300062719_45.fna,3300062719_45,9822_0,38.593199486517335
3300064045_129.fna,3300064045_129,9823_0,79.78468758040805
3300077907_16.fna,3300077907_16,9824_0,96.20875320084015
3300044691_13.fna,3300044691_13,9825_0,97.52945963035944
3300064043_85.fna,3300064043_85,9826_0,79.29110051
3300053239_2.fna,3300053239_2,9827_0,72.43073605850012
3300082526_19.fna,3300082526_19,9828_0,59.18482615
3300079400_13.fna,3300079400_13,9829_0,77.72401178096433
3300061638_43.fna,3300061638_43,9830_0,90.66731659934462
3300063417_48.fna,3300063417_48,9831_1,99.20374678066702
3300038555_6.fna,3300038555_6,9831_2,101.74823512525016
3300066613_53.fna,3300066613_53,9831_3,101.25378768037406
3300061216_55.fna,3300061216_55,9832_0,75.27345540516329
3300035010_11.fna,3300035010_11,9833_0,101.31687478185007
3300073834_27.fna,3300073834_27,9834_0,58.59528367046395
3300073844_45.fna,3300073844_45,9835_0,73.12424032373676
3300073834_59.fna,3300073834_59,9836_0,90.63765157231857
3300044765_30.fna,3300044765_30,9837_0,67.34845847798259
3300058668_2.fna,3300058668_2,9838_1,97.77961648456241
3300042995_4.fna,3300042995_4,9839_0,100.54475542802693
3300062820_98.fna,3300062820_98,9840_0,89.48817989
3300042923_83.fna,3300042923_83,9841_0,101.57509653802317
3300073859_7.fna,3300073859_7,9842_0,65.48865862388125
3300049167_37.fna,3300049167_37,9843_0,99.20738311
3300049171_7.fna,3300049171_7,9844_0,87.33771516765276
3300042934_11.fna,3300042934_11,9845_1,97.07585893816659
3300049571_166.fna,3300049571_166,9846_0,77.78445835013882
3300061462_32.fna,3300061462_32,9847_1,89.20357457869511
3300062563_37.fna,3300062563_37,9848_0,48.90608768848067
3300060645_49.fna,3300060645_49,9849_0,96.16148088243256
3300075532_10.fna,3300075532_10,9850_0,80.06275870380075
3300043642_15.fna,3300043642_15,9851_0,91.45410086
3300056750_141.fna,3300056750_141,9852_1,98.47825023855975
3300056749_27.fna,3300056749_27,9853_1,87.78446074
3300056676_136.fna,3300056676_136,9854_1,84.87549601438388
3300056751_54.fna,3300056751_54,9855_1,102.30222004513767
3300050132_38.fna,3300050132_38,9856_0,58.32628957770453
3300056751_80.fna,3300056751_80,9857_0,70.81997836712058
3300056809_43.fna,3300056809_43,9858_1,67.65643293410645
3300057020_36.fna,3300057020_36,9859_1,83.96094308183993
3300056751_238.fna,3300056751_238,9860_1,93.74378351565187
3300056811_109.fna,3300056811_109,9861_0,56.59765088582854
3300060645_23.fna,3300060645_23,9862_0,93.82537520950864
3300059325_21.fna,3300059325_21,9863_1,80.16395132200783
3300049004_4.fna,3300049004_4,9864_0,60.30156987955229
3300075532_39.fna,3300075532_39,9865_0,93.95039468262752
3300066006_118.fna,3300066006_118,9866_0,67.79544360201774
3300042922_136.fna,3300042922_136,9867_1,73.75974341778232
3300042923_112.fna,3300042923_112,9867_2,76.88704407832641
3300075591_28.fna,3300075591_28,9868_0,64.03999407979565
3300080651_32.fna,3300080651_32,9869_0,85.22359323091837
3300057020_88.fna,3300057020_88,9870_1,96.29000997049995
3300054982_26.fna,3300054982_26,9871_0,92.48856103
3300062805_106.fna,3300062805_106,9872_0,66.19630684832254
3300063429_36.fna,3300063429_36,9873_0,53.14481362
3300056752_18.fna,3300056752_18,9874_1,72.97936526395638
3300046471_50.fna,3300046471_50,9875_0,91.17866394114718
3300056809_266.fna,3300056809_266,9876_0,88.66068217063639
3300056809_293.fna,3300056809_293,9877_1,97.19509620173773
3300046643_19.fna,3300046643_19,9878_0,59.79857575134375
3300042934_99.fna,3300042934_99,9879_0,93.09976653914885
3300042996_4.fna,3300042996_4,9880_0,90.09257289170286
3300062863_14.fna,3300062863_14,9881_0,48.082956637516915
3300064042_133.fna,3300064042_133,9882_0,74.21955302965488
3300056787_34.fna,3300056787_34,9883_0,98.12501035720751
3300046457_5.fna,3300046457_5,9884_0,89.08166274921837
3300050653_11.fna,3300050653_11,9885_0,68.38113854
3300049742_52.fna,3300049742_52,9886_1,92.76640105601959
3300062683_11.fna,3300062683_11,9887_0,66.91078364501423
3300049589_73.fna,3300049589_73,9888_0,97.55606052303492
3300066608_38.fna,3300066608_38,9889_0,99.65284804420259
3300063054_34.fna,3300063054_34,9890_1,94.60440307
3300063045_59.fna,3300063045_59,9891_1,67.89466277537521
3300063176_14.fna,3300063176_14,9891_2,65.37417400508902
3300063058_91.fna,3300063058_91,9892_1,91.13121659946465
3300063288_46.fna,3300063288_46,9892_2,96.80198394032382
3300050241_24.fna,3300050241_24,9893_1,81.25374228105379
3300063044_26.fna,3300063044_26,9894_1,96.60179542814771
3300063044_40.fna,3300063044_40,9895_1,84.45268607165552
3300063062_21.fna,3300063062_21,9895_2,98.28988860676662
3300050235_13.fna,3300050235_13,9896_0,68.74538880066883
3300063057_36.fna,3300063057_36,9897_0,88.92938357675088
3300048687_13.fna,3300048687_13,9898_0,44.94157402990534
3300065456_32.fna,3300065456_32,9899_1,86.76620231995516
3300049744_64.fna,3300049744_64,9900_0,97.43303996908759
3300049822_14.fna,3300049822_14,9901_0,79.28671187774347
3300044683_29.fna,3300044683_29,9902_0,90.50018823987222
3300062683_30.fna,3300062683_30,9903_0,95.81391275635202
3300062862_16.fna,3300062862_16,9904_0,74.58253098796759
3300035020_4.fna,3300035020_4,9905_0,96.01708677954304
3300064407_58.fna,3300064407_58,9906_0,61.86519032842342
3300066006_101.fna,3300066006_101,9907_0,96.00106947316223
3300065425_6.fna,3300065425_6,9908_1,96.13326157525904
3300044811_7.fna,3300044811_7,9909_0,97.32148737152829
3300061638_19.fna,3300061638_19,9910_0,88.49332068378072
3300066486_37.fna,3300066486_37,9911_1,74.44506724
3300066521_2.fna,3300066521_2,9911_2,85.43769029657169
3300064033_72.fna,3300064033_72,9912_0,49.573392809650585
3300049580_78.fna,3300049580_78,9913_0,87.48733681773044
3300029957_7.fna,3300029957_7,9914_0,89.49958643097641
3300052894_10.fna,3300052894_10,9915_1,75.01469500332246
3300064046_50.fna,3300064046_50,9915_2,88.39263458039818
3300077818_67.fna,3300077818_67,9916_1,77.29192255419119
3300082514_52.fna,3300082514_52,9916_2,67.70070739812714
3300082028_77.fna,3300082028_77,9917_0,72.1910281
3300082210_15.fna,3300082210_15,9918_0,54.85034248718164
3300046460_58.fna,3300046460_58,9919_0,57.03173711458514
3300046482_42.fna,3300046482_42,9920_0,64.86750091811564
3300060894_44.fna,3300060894_44,9921_0,56.64574291962433
3300063020_7.fna,3300063020_7,9922_0,92.58449785350119
3300063065_75.fna,3300063065_75,9923_0,89.39911479066294
3300048612_7.fna,3300048612_7,9924_0,79.59107846423373
3300048615_13.fna,3300048615_13,9925_0,84.02314432263285
3300049576_44.fna,3300049576_44,9926_1,45.103750673654474
3300034126_2.fna,3300034126_2,9927_1,93.43764498923034
3300034358_3.fna,3300034358_3,9927_2,92.82567613310395
3300064041_60.fna,3300064041_60,9928_0,76.49655297
3300072699_67.fna,3300072699_67,9929_1,85.57938723
3300082210_73.fna,3300082210_73,9930_0,48.967148198702674
3300057015_8.fna,3300057015_8,9931_1,97.55395262842184
3300056885_117.fna,3300056885_117,9932_0,94.56625360638503
3300056877_10.fna,3300056877_10,9933_0,60.89593930851313
3300062797_19.fna,3300062797_19,9934_0,70.16956914864726
3300064003_45.fna,3300064003_45,9935_0,73.58278897895526
3300045051_11.fna,3300045051_11,9936_1,86.0456313
3300042876_4.fna,3300042876_4,9937_0,68.79729054062994
3300035016_3.fna,3300035016_3,9938_0,100.41257926060636
3300031728_11.fna,3300031728_11,9939_0,60.45548004984109
3300057027_18.fna,3300057027_18,9940_0,56.634494603125574
3300056896_75.fna,3300056896_75,9941_0,81.73301749737033
3300057024_83.fna,3300057024_83,9942_1,64.83473342004066
3300045941_15.fna,3300045941_15,9943_1,76.84944744598742
3300045930_6.fna,3300045930_6,9944_0,49.36879292
3300056868_111.fna,3300056868_111,9945_0,61.377577989203346
3300056996_111.fna,3300056996_111,9946_0,75.34085499864918
3300045240_7.fna,3300045240_7,9947_0,89.82601391239892
3300046817_21.fna,3300046817_21,9948_0,78.63068275453928
3300048800_38.fna,3300048800_38,9949_0,92.72698680013733
3300044714_5.fna,3300044714_5,9950_1,96.56572236587238
3300048793_37.fna,3300048793_37,9951_0,81.24299063
3300062812_45.fna,3300062812_45,9952_0,80.19115231146753
3300075573_68.fna,3300075573_68,9953_0,82.49498027
3300062724_57.fna,3300062724_57,9954_1,101.17027199042519
3300062129_82.fna,3300062129_82,9955_0,80.73508522941148
3300054680_83.fna,3300054680_83,9956_1,84.96697032976057
3300054987_25.fna,3300054987_25,9957_0,82.65123739521906
3300054987_32.fna,3300054987_32,9958_0,69.54820798823656
3300054968_43.fna,3300054968_43,9959_1,88.96466991981553
3300082213_58.fna,3300082213_58,9960_0,76.36614220104019
3300063177_21.fna,3300063177_21,9961_0,69.85660544014131
3300067033_42.fna,3300067033_42,9962_0,69.24840901093975
3300056901_76.fna,3300056901_76,9963_0,77.66604976095824
3300055024_56.fna,3300055024_56,9964_0,71.99473247
3300065082_78.fna,3300065082_78,9965_0,80.32308270441963
3300049793_32.fna,3300049793_32,9966_0,72.13746270394654
3300063180_144.fna,3300063180_144,9967_0,84.17863975801897
3300045051_115.fna,3300045051_115,9968_0,73.12197024254151
3300056753_98.fna,3300056753_98,9969_1,82.29366972547241
3300078217_93.fna,3300078217_93,9970_1,72.45027222670075
3300037156_13.fna,3300037156_13,9971_0,85.41588801080145
3300044796_96.fna,3300044796_96,9972_0,63.530448921378266
3300072699_81.fna,3300072699_81,9973_1,93.10231387
3300059341_67.fna,3300059341_67,9974_0,66.89672377213242
3300056797_24.fna,3300056797_24,9975_1,67.21324271698984
3300080032_47.fna,3300080032_47,9976_0,90.10166887925207
3300056972_39.fna,3300056972_39,9977_0,41.95074281291371
3300057031_80.fna,3300057031_80,9978_0,62.65853617
3300043652_5.fna,3300043652_5,9979_0,79.03385566336334
3300046829_34.fna,3300046829_34,9980_0,49.12769485459933
3300050222_45.fna,3300050222_45,9981_1,62.89396222094408
3300050240_110.fna,3300050240_110,9982_0,63.246980069247385
3300066322_12.fna,3300066322_12,9983_1,76.38688409007938
3300067093_25.fna,3300067093_25,9983_2,74.11496491812032
3300064408_35.fna,3300064408_35,9984_0,67.68883321309677
3300066484_39.fna,3300066484_39,9985_1,57.831131870084704
3300066521_77.fna,3300066521_77,9985_2,64.27042503468772
3300065475_35.fna,3300065475_35,9986_0,37.22775533
3300066490_44.fna,3300066490_44,9987_0,55.033348327989074
3300066478_28.fna,3300066478_28,9988_0,68.49665039342844
3300066521_92.fna,3300066521_92,9989_0,57.54432291945356
3300012984_9.fna,3300012984_9,9990_1,63.64204858584381
3300023073_1.fna,3300023073_1,9990_2,79.13072671716665
3300063430_84.fna,3300063430_84,9991_0,79.46348239849488
3300045955_43.fna,3300045955_43,9992_1,84.77327598307927
3300045952_27.fna,3300045952_27,9993_0,76.02526389344366
3300081965_197.fna,3300081965_197,9994_0,72.63320186311154
3300055048_56.fna,3300055048_56,9995_0,59.57022889771173
3300045978_33.fna,3300045978_33,9996_1,78.27193322
3300056885_154.fna,3300056885_154,9997_1,60.86555478520015
3300012984_4.fna,3300012984_4,9998_0,61.155326194242996
3300012984_5.fna,3300012984_5,9999_0,41.75240705
3300066482_22.fna,3300066482_22,10000_0,58.57274728465927
3300037165_5.fna,3300037165_5,10001_0,54.06002833298611
3300046732_19.fna,3300046732_19,10002_0,55.698877261029715
3300064407_28.fna,3300064407_28,10003_0,59.680876914930295
3300066489_34.fna,3300066489_34,10004_0,59.70715976227931
3300063020_98.fna,3300063020_98,10005_0,64.88596964760521
3300063050_7.fna,3300063050_7,10006_0,54.97151784839424
3300072335_29.fna,3300072335_29,10007_0,61.710382717815605
3300072348_48.fna,3300072348_48,10008_1,70.51999404586556
3300066484_37.fna,3300066484_37,10009_0,65.09422420176169
3300045996_139.fna,3300045996_139,10010_0,61.53331303429746
3300066489_39.fna,3300066489_39,10011_0,64.84188098041435
3300056876_75.fna,3300056876_75,10012_0,73.7505386
3300062625_90.fna,3300062625_90,10013_1,57.64928247427697
3300063084_63.fna,3300063084_63,10014_0,77.52755723160465
3300075769_41.fna,3300075769_41,10015_0,70.15677655
3300063084_25.fna,3300063084_25,10016_0,78.36413014905105
3300043778_11.fna,3300043778_11,10017_1,84.92217600270908
3300021170_13.fna,3300021170_13,10018_0,68.06937286768057
3300080626_59.fna,3300080626_59,10019_1,56.23624768921897
3300045085_5.fna,3300045085_5,10020_0,63.92875617656105
3300046798_10.fna,3300046798_10,10021_0,78.14552264694933
3300060665_23.fna,3300060665_23,10022_0,72.09694095407099
3300062799_37.fna,3300062799_37,10023_0,73.14347883
3300080737_102.fna,3300080737_102,10024_0,60.04733829345932
3300062567_36.fna,3300062567_36,10025_1,65.61299756152735
3300078328_72.fna,3300078328_72,10025_2,67.52237558
3300044797_47.fna,3300044797_47,10026_1,63.06669928746506
3300061180_48.fna,3300061180_48,10026_2,72.31538598621341
3300048773_18.fna,3300048773_18,10027_1,74.16894314091172
3300075492_88.fna,3300075492_88,10027_2,70.1722871
3300060668_27.fna,3300060668_27,10028_0,56.650944138791154
3300075935_50.fna,3300075935_50,10029_0,57.30947808260879
3300060646_13.fna,3300060646_13,10030_0,35.24593577856418
3300062843_67.fna,3300062843_67,10031_0,58.52224302186695
3300062569_17.fna,3300062569_17,10032_1,52.052614457101704
3300062721_87.fna,3300062721_87,10032_2,44.68112533729896
3300082265_31.fna,3300082265_31,10033_0,72.42173457311576
3300056752_169.fna,3300056752_169,10034_1,68.53601400414263
3300044796_102.fna,3300044796_102,10035_0,77.82028231198514
3300076763_124.fna,3300076763_124,10036_0,54.30730607094536
3300050119_5.fna,3300050119_5,10037_0,73.38340756222372
3300050192_56.fna,3300050192_56,10038_0,64.99489426870747
3300062725_20.fna,3300062725_20,10039_0,68.38830777377859
3300064038_12.fna,3300064038_12,10040_0,40.650783645014215
3300063174_27.fna,3300063174_27,10041_0,72.16960243486095
3300075492_63.fna,3300075492_63,10042_0,76.84902174695497
3300081826_85.fna,3300081826_85,10043_1,75.89167727
3300050134_14.fna,3300050134_14,10044_0,71.75670574729138
3300082526_16.fna,3300082526_16,10045_0,72.74909046773026
3300044823_11.fna,3300044823_11,10046_0,63.36025586441653
3300046829_4.fna,3300046829_4,10047_0,70.47890213326264
3300079534_90.fna,3300079534_90,10048_0,73.09304525813758
3300064041_17.fna,3300064041_17,10049_0,75.07558663219253
3300044680_30.fna,3300044680_30,10050_1,81.75183141
3300046479_3.fna,3300046479_3,10051_1,74.02342960409429
3300048763_34.fna,3300048763_34,10052_1,77.28927243
3300044679_51.fna,3300044679_51,10053_0,71.37362554223792
3300051238_79.fna,3300051238_79,10054_1,72.21175221852316
3300056751_15.fna,3300056751_15,10055_1,80.38258577
3300056673_182.fna,3300056673_182,10056_1,59.13236371469182
3300056751_273.fna,3300056751_273,10056_2,77.38995882239145
3300064033_137.fna,3300064033_137,10057_0,42.53891125801724
3300062564_107.fna,3300062564_107,10058_0,67.71889520911087
3300081829_96.fna,3300081829_96,10059_0,62.08005343017744
3300062842_37.fna,3300062842_37,10060_0,40.782206029568854
3300081826_72.fna,3300081826_72,10061_0,57.97105032994697
3300079534_32.fna,3300079534_32,10062_0,65.73890934234917
3300064045_89.fna,3300064045_89,10063_0,68.72517336120872
3300032805_11.fna,3300032805_11,10064_0,79.25309687
3300078328_109.fna,3300078328_109,10065_0,65.37790867714673
3300065475_29.fna,3300065475_29,10066_0,61.60572176751668
3300049448_4.fna,3300049448_4,10067_1,91.49876451
3300045977_4.fna,3300045977_4,10068_1,83.86571419308966
3300043602_8.fna,3300043602_8,10069_0,69.18628372666828
3300051082_12.fna,3300051082_12,10070_0,49.68534534863687
3300047312_3.fna,3300047312_3,10071_1,75.34870084077971
3300065424_59.fna,3300065424_59,10072_0,43.312911876514505
3300079690_1.fna,3300079690_1,10073_0,81.12865222
3300043499_14.fna,3300043499_14,10074_1,73.43374113033853
3300043639_2.fna,3300043639_2,10074_2,100.64668053700903
3300050655_23.fna,3300050655_23,10074_3,86.34964269872307
3300045110_13.fna,3300045110_13,10075_0,92.06696739836535
3300045241_16.fna,3300045241_16,10076_0,81.76404446814578
3300055273_88.fna,3300055273_88,10077_0,83.44174647560088
3300078330_67.fna,3300078330_67,10078_0,98.12212301
3300081487_173.fna,3300081487_173,10079_0,63.13548004984109
3300056884_73.fna,3300056884_73,10080_0,65.27980953947835
3300057017_52.fna,3300057017_52,10081_0,74.57709256410115
3300060885_57.fna,3300060885_57,10082_1,101.40342234704022
3300057003_64.fna,3300057003_64,10083_0,41.700263889099396
3300057004_77.fna,3300057004_77,10084_0,85.16194516949953
3300056896_128.fna,3300056896_128,10085_1,81.17958793746601
3300057026_16.fna,3300057026_16,10086_0,60.050358539141186
3300043607_4.fna,3300043607_4,10087_1,80.42505838303394
3300050575_16.fna,3300050575_16,10087_2,85.48236942396747
3300037446_2.fna,3300037446_2,10088_0,33.71915239653705
3300046788_29.fna,3300046788_29,10089_1,91.74688583559531
3300053070_30.fna,3300053070_30,10090_0,69.44491448053394
3300045303_11.fna,3300045303_11,10091_0,61.491523292037755
3300044742_30.fna,3300044742_30,10092_0,62.96478343458232
3300082035_116.fna,3300082035_116,10093_0,86.34345983978044
3300032144_10.fna,3300032144_10,10094_0,90.97455946
3300045955_31.fna,3300045955_31,10095_0,81.63323513186464
3300055273_49.fna,3300055273_49,10096_0,68.03623410524396
3300044455_9.fna,3300044455_9,10097_0,64.31567889272102
3300055273_59.fna,3300055273_59,10098_0,63.208384842141555
3300057009_23.fna,3300057009_23,10099_1,80.37660735
3300081966_44.fna,3300081966_44,10100_0,82.59700834056021
3300045953_17.fna,3300045953_17,10101_1,62.08648887277841
3300045885_14.fna,3300045885_14,10102_1,63.72668257559412
3300055099_36.fna,3300055099_36,10103_0,47.01326628
3300062823_139.fna,3300062823_139,10104_1,73.45688993746602
3300063015_98.fna,3300063015_98,10105_0,80.29577438025376
3300063044_75.fna,3300063044_75,10106_1,83.12030917353542
3300062833_13.fna,3300062833_13,10107_0,89.74763188915706
3300036860_10.fna,3300036860_10,10108_1,93.83000537886319
3300050230_40.fna,3300050230_40,10109_0,70.98201989033397
3300056901_166.fna,3300056901_166,10110_0,76.95948263
3300056888_72.fna,3300056888_72,10111_1,73.90250905016356
3300057055_26.fna,3300057055_26,10112_1,86.70058943330699
3300057034_153.fna,3300057034_153,10113_0,94.57050525654732
3300081965_185.fna,3300081965_185,10114_1,92.54668159255942
3300017935_14.fna,3300017935_14,10115_0,78.97926713525594
3300064040_80.fna,3300064040_80,10116_0,61.29667166156761
3300079526_13.fna,3300079526_13,10117_0,72.69265067787516
3300080028_166.fna,3300080028_166,10118_0,78.93490617227232
3300066488_59.fna,3300066488_59,10119_1,93.73741348752952
3300053710_29.fna,3300053710_29,10120_0,90.96529230675368
3300043676_3.fna,3300043676_3,10121_0,86.58384987139715
3300081487_22.fna,3300081487_22,10122_0,89.82347787171413
3300063045_72.fna,3300063045_72,10123_0,94.78679287367629
3300064040_8.fna,3300064040_8,10124_0,71.38022207768327
3300053709_4.fna,3300053709_4,10125_0,100.07076963928974
3300057051_5.fna,3300057051_5,10126_1,70.51939917689855
3300057026_70.fna,3300057026_70,10127_0,69.43862814146257
3300056896_157.fna,3300056896_157,10128_1,47.655631366239305
3300057032_42.fna,3300057032_42,10129_1,78.89238381228604
3300056901_82.fna,3300056901_82,10130_1,87.53620856131792
3300057025_60.fna,3300057025_60,10131_1,93.99039290996528
3300056895_58.fna,3300056895_58,10132_1,77.15036773056184
3300052918_16.fna,3300052918_16,10133_1,93.73957482865526
3300044747_5.fna,3300044747_5,10134_0,86.18189559946464
3300062823_126.fna,3300062823_126,10135_1,69.81114132568838
3300063017_104.fna,3300063017_104,10136_1,72.92602619981805
3300062799_44.fna,3300062799_44,10137_1,81.09064303
3300064095_11.fna,3300064095_11,10138_0,51.57700081320121
3300066328_53.fna,3300066328_53,10139_1,74.97942113847867
3300063288_54.fna,3300063288_54,10140_0,44.131543536083164
3300066187_53.fna,3300066187_53,10141_0,42.232847590559246
3300049259_26.fna,3300049259_26,10142_0,68.19965391379179
3300056977_174.fna,3300056977_174,10143_1,92.96482376430762
3300063180_289.fna,3300063180_289,10144_0,88.17884750080256
3300065475_30.fna,3300065475_30,10145_0,51.97729827
3300082504_6.fna,3300082504_6,10146_0,40.62050712185278
3300051194_30.fna,3300051194_30,10147_1,71.71268478710107
3300081965_119.fna,3300081965_119,10148_0,61.899250792079386
3300042876_149.fna,3300042876_149,10149_0,43.30925106981808
3300045977_48.fna,3300045977_48,10150_0,65.22937339826449
3300045884_37.fna,3300045884_37,10151_1,87.10459087247287
3300043579_1.fna,3300043579_1,10152_1,85.22020875533411
3300047314_37.fna,3300047314_37,10153_1,80.29724189
3300043499_18.fna,3300043499_18,10154_0,77.45890491432381
3300065424_35.fna,3300065424_35,10155_0,65.42595504298541
3300076021_32.fna,3300076021_32,10156_0,69.88276541659404
3300047310_23.fna,3300047310_23,10157_0,45.157836597209624
3300045885_17.fna,3300045885_17,10158_0,69.41224426170541
3300050242_47.fna,3300050242_47,10159_0,41.72077791489666
3300051099_14.fna,3300051099_14,10160_0,56.42111050119518
3300056996_199.fna,3300056996_199,10161_1,84.60401209
3300081968_139.fna,3300081968_139,10161_2,49.213004965926636
3300081965_129.fna,3300081965_129,10162_0,82.91066992549253
3300063085_14.fna,3300063085_14,10163_0,56.22553913
3300063015_96.fna,3300063015_96,10164_0,86.21748416607149
3300063016_46.fna,3300063016_46,10165_0,43.58255062227482
3300079560_160.fna,3300079560_160,10166_0,63.03672015125288
3300082209_69.fna,3300082209_69,10167_0,56.19760073738944
3300082225_32.fna,3300082225_32,10168_0,46.02942984770479
3300054965_46.fna,3300054965_46,10169_0,77.30991141549666
3300056905_72.fna,3300056905_72,10170_0,61.55908010174591
3300055047_61.fna,3300055047_61,10171_1,82.53413093
3300042876_123.fna,3300042876_123,10172_0,70.11857657492297
3300062820_40.fna,3300062820_40,10173_0,70.81588144424059
3300048997_34.fna,3300048997_34,10174_0,58.11252534806903
3300048896_25.fna,3300048896_25,10175_0,36.35597780515148
3300063017_85.fna,3300063017_85,10176_0,73.75637484918711
3300057025_27.fna,3300057025_27,10177_0,79.52792558935789
3300079118_74.fna,3300079118_74,10178_0,68.57102654105766
3300066601_10.fna,3300066601_10,10179_1,68.42099706261469
3300078327_1.fna,3300078327_1,10180_0,34.14930989075134
3300044712_4.fna,3300044712_4,10181_0,49.72950907194444
3300082281_128.fna,3300082281_128,10182_0,59.82717625
3300037104_14.fna,3300037104_14,10183_0,88.54656024574335
3300054704_70.fna,3300054704_70,10184_0,82.48995888851194
3300055239_69.fna,3300055239_69,10185_0,71.78108500434088
3300045085_10.fna,3300045085_10,10186_0,63.80351994021487
3300059598_90.fna,3300059598_90,10187_0,61.79020858092187
3300047320_43.fna,3300047320_43,10188_0,60.15565735
3300055099_12.fna,3300055099_12,10189_0,75.79214767411526
3300055240_85.fna,3300055240_85,10190_1,75.83641842068403
3300072699_27.fna,3300072699_27,10191_1,86.01878506265783
3300046559_29.fna,3300046559_29,10192_1,59.24658899817162
3300046543_27.fna,3300046543_27,10192_2,81.16205948353873
3300078761_62.fna,3300078761_62,10192_3,71.91333996387041
3300075937_2.fna,3300075937_2,10193_0,58.19298036737086
3300066488_42.fna,3300066488_42,10194_0,54.91089864943717
3300066506_68.fna,3300066506_68,10195_0,56.00859790597027
3300063020_92.fna,3300063020_92,10196_1,63.406741222407234
3300063018_46.fna,3300063018_46,10197_0,41.77618645369922
3300066322_45.fna,3300066322_45,10198_0,51.193317807115186
3300080055_5.fna,3300080055_5,10199_0,63.026670802397554
3300080028_91.fna,3300080028_91,10200_0,86.88728816105898
3300081967_47.fna,3300081967_47,10201_0,67.04563998211441
3300077655_19.fna,3300077655_19,10202_1,89.64095587
3300047625_2.fna,3300047625_2,10203_0,47.56842483936258
3300077298_73.fna,3300077298_73,10204_0,90.36118194555638
3300082281_167.fna,3300082281_167,10205_0,64.95608128710724
3300050033_31.fna,3300050033_31,10206_1,79.59509586785248
3300018429_7.fna,3300018429_7,10207_0,66.03702178127405
3300060695_58.fna,3300060695_58,10208_0,72.71085421044572
3300078714_24.fna,3300078714_24,10209_0,74.75185055979476
3300044819_19.fna,3300044819_19,10210_0,61.22424850904518
3300054963_55.fna,3300054963_55,10211_1,92.35463801924776
3300082239_13.fna,3300082239_13,10212_0,77.64562017516216
3300056879_25.fna,3300056879_25,10213_1,75.82607434
3300056880_13.fna,3300056880_13,10214_0,66.09959354865411
3300045941_3.fna,3300045941_3,10215_1,83.46196317157445
3300045955_40.fna,3300045955_40,10216_1,75.62103793406409
3300045978_30.fna,3300045978_30,10217_1,78.06796273918985
3300048901_27.fna,3300048901_27,10218_1,57.91462421739641
3300081965_14.fna,3300081965_14,10219_1,76.21609023936117
3300079543_84.fna,3300079543_84,10220_0,58.82638543473744
3300063052_7.fna,3300063052_7,10221_1,62.94950818405962
3300045975_44.fna,3300045975_44,10222_0,67.67696234670808
3300046383_3.fna,3300046383_3,10223_0,70.61763092342059
3300063066_52.fna,3300063066_52,10224_0,62.077732712146236
3300066520_5.fna,3300066520_5,10225_0,49.50585233811958
3300063045_50.fna,3300063045_50,10226_0,59.904823318585606
3300056863_51.fna,3300056863_51,10227_0,69.32112807520974
3300057031_103.fna,3300057031_103,10228_0,85.14130744229425
3300045977_51.fna,3300045977_51,10229_1,97.48947943115536
3300045977_41.fna,3300045977_41,10230_0,73.41565872
3300066488_78.fna,3300066488_78,10231_0,87.68239741
3300050232_30.fna,3300050232_30,10232_0,63.58691001300805
3300050242_33.fna,3300050242_33,10233_0,64.64721088897127
3300079103_9.fna,3300079103_9,10234_0,71.26833440515003
3300079549_82.fna,3300079549_82,10235_0,65.94845784047261
3300079549_104.fna,3300079549_104,10236_0,77.10261823002344
3300054704_6.fna,3300054704_6,10237_0,91.81904526424054
3300055047_38.fna,3300055047_38,10238_0,83.83640912852414
3300066008_22.fna,3300066008_22,10239_0,85.40846482
3300079385_113.fna,3300079385_113,10240_0,73.26411783663528
3300080623_20.fna,3300080623_20,10241_0,70.06627199282181
3300081788_50.fna,3300081788_50,10242_0,54.549707079851295
3300082277_32.fna,3300082277_32,10243_0,42.56145524470952
3300044823_56.fna,3300044823_56,10244_1,97.32275779890722
3300049725_10.fna,3300049725_10,10245_1,92.60761299596439
3300055024_47.fna,3300055024_47,10246_1,92.60768765262489
3300055024_43.fna,3300055024_43,10247_0,65.59253919
3300046480_29.fna,3300046480_29,10248_0,21.278241982221306
3300063053_34.fna,3300063053_34,10249_0,71.61790014165105
3300064310_7.fna,3300064310_7,10250_0,63.922073566577225
3300064042_3.fna,3300064042_3,10251_0,72.06825659074676
3300046780_11.fna,3300046780_11,10252_0,80.67100489961835
3300063056_16.fna,3300063056_16,10253_0,80.7272454
3300063075_59.fna,3300063075_59,10254_1,62.15845058273129
3300065425_79.fna,3300065425_79,10254_2,57.18870023397763
3300046781_1.fna,3300046781_1,10255_0,72.47986084
3300063058_8.fna,3300063058_8,10256_0,60.30349902283555
3300045978_23.fna,3300045978_23,10257_1,85.57721837
3300050649_31.fna,3300050649_31,10258_0,43.60685395699024
3300046718_32.fna,3300046718_32,10259_0,83.87967106
3300046791_3.fna,3300046791_3,10260_0,85.69351606
3300046796_19.fna,3300046796_19,10261_0,85.77383813527734
3300044742_22.fna,3300044742_22,10262_1,87.74877422402831
3300046517_17.fna,3300046517_17,10262_2,88.33054370319454
3300046817_17.fna,3300046817_17,10262_3,56.80532009743432
3300050664_21.fna,3300050664_21,10263_0,82.68399063484715
3300045284_39.fna,3300045284_39,10264_0,55.14587784904411
3300078328_12.fna,3300078328_12,10265_0,64.44495508
3300050651_9.fna,3300050651_9,10266_1,87.20418311691856
3300057009_30.fna,3300057009_30,10267_0,89.02046421043342
3300046559_54.fna,3300046559_54,10268_1,76.51926572444916
3300046718_40.fna,3300046718_40,10269_1,66.66602599890346
3300051079_9.fna,3300051079_9,10270_0,58.09650347000046
3300062798_39.fna,3300062798_39,10271_1,86.74435242113468
3300050240_68.fna,3300050240_68,10272_1,86.63599929504751
3300063059_67.fna,3300063059_67,10273_1,87.13630555161693
3300082035_49.fna,3300082035_49,10274_0,82.13411954869107
3300065082_163.fna,3300065082_163,10275_0,88.47632619770016
3300055273_75.fna,3300055273_75,10276_1,80.52602075791849
3300044796_107.fna,3300044796_107,10277_0,59.37074086501642
3300082192_61.fna,3300082192_61,10278_0,65.12105118
3300046722_4.fna,3300046722_4,10279_0,80.16222881732676
3300079560_178.fna,3300079560_178,10280_0,60.651728630058344
3300055239_184.fna,3300055239_184,10281_0,48.80401972496711
3300082283_1.fna,3300082283_1,10282_0,55.657675348289644
3300048800_66.fna,3300048800_66,10283_0,54.66146781744381
3300046718_56.fna,3300046718_56,10284_0,49.82895321381855
3300046721_32.fna,3300046721_32,10285_1,64.28488984
3300045885_8.fna,3300045885_8,10286_0,67.83992676738322
3300045978_25.fna,3300045978_25,10287_0,63.72468447144897
3300045920_22.fna,3300045920_22,10288_1,76.36158846033643
3300046482_11.fna,3300046482_11,10289_1,77.85876780155974
3300045968_20.fna,3300045968_20,10290_1,82.74856032685868
3300072780_57.fna,3300072780_57,10291_1,94.88613395219045
3300046724_45.fna,3300046724_45,10292_1,94.74082086234665
3300051182_9.fna,3300051182_9,10293_0,78.86454684630516
3300062805_102.fna,3300062805_102,10294_0,93.91105247767526
3300062795_97.fna,3300062795_97,10295_0,70.56005628478273
3300064095_199.fna,3300064095_199,10296_0,82.76414559442563
3300050033_11.fna,3300050033_11,10297_0,62.92939540891369
3300050230_21.fna,3300050230_21,10298_0,78.66254726054073
3300056903_70.fna,3300056903_70,10299_0,67.54552438822634
3300054986_37.fna,3300054986_37,10300_0,74.29825456426637
3300055072_63.fna,3300055072_63,10301_0,78.88135453
3300072776_29.fna,3300072776_29,10302_1,98.52043559476436
3300045303_14.fna,3300045303_14,10303_1,74.17510367940342
3300048888_46.fna,3300048888_46,10303_2,73.08111992
3300077110_81.fna,3300077110_81,10304_0,73.22289044997733
3300054704_77.fna,3300054704_77,10305_0,88.49792222237551
3300054966_48.fna,3300054966_48,10306_0,64.63382248179931
3300054681_33.fna,3300054681_33,10307_0,71.0265458
3300061641_140.fna,3300061641_140,10308_0,54.71140688961233
3300077658_33.fna,3300077658_33,10309_1,76.81058271266276
3300055099_38.fna,3300055099_38,10310_0,81.70654626029878
3300056877_16.fna,3300056877_16,10311_0,56.11617899183391
3300056877_154.fna,3300056877_154,10312_0,69.46974275358062
3300056970_132.fna,3300056970_132,10313_0,65.42515614540997
3300046686_12.fna,3300046686_12,10314_1,76.09794137023077
3300044800_12.fna,3300044800_12,10315_0,64.74246558273572
3300076008_19.fna,3300076008_19,10316_1,63.79567129920262
3300048896_48.fna,3300048896_48,10316_2,54.77491658930428
3300050029_28.fna,3300050029_28,10317_1,62.41666262
3300050020_13.fna,3300050020_13,10318_0,52.39799299895691
3300057003_169.fna,3300057003_169,10319_0,53.681665881443706
3300059417_4.fna,3300059417_4,10320_1,60.30280563390706
3300059415_12.fna,3300059415_12,10321_1,35.443129506778284
3300080031_9.fna,3300080031_9,10322_0,44.16406903236177
3300082223_30.fna,3300082223_30,10323_0,43.25565264071084
3300046522_40.fna,3300046522_40,10324_0,55.53221864739805
3300050236_29.fna,3300050236_29,10325_0,60.891024582488924
3300061536_38.fna,3300061536_38,10326_1,77.57692785195705
3300082205_37.fna,3300082205_37,10327_0,70.10780525583715
3300054986_2.fna,3300054986_2,10328_0,88.04162007587374
3300079532_21.fna,3300079532_21,10329_1,91.77671117084809
3300082209_70.fna,3300082209_70,10330_0,74.82692824
3300043788_32.fna,3300043788_32,10331_0,74.14063079531104
3300080028_34.fna,3300080028_34,10332_0,75.26322446348992
3300066018_23.fna,3300066018_23,10333_1,94.32134065985943
3300077740_10.fna,3300077740_10,10334_1,96.52334204939055
3300048776_10.fna,3300048776_10,10335_1,78.88239854610532
3300063430_9.fna,3300063430_9,10336_0,72.39499904
3300065473_61.fna,3300065473_61,10337_0,53.66110327113854
3300062802_113.fna,3300062802_113,10338_0,72.98176320668011
3300054704_116.fna,3300054704_116,10339_0,77.73419562841184
3300081965_65.fna,3300081965_65,10340_0,74.66281538799849
3300055072_12.fna,3300055072_12,10341_0,73.21517247412453
3300062799_82.fna,3300062799_82,10342_0,85.40102925988921
3300076606_24.fna,3300076606_24,10343_1,69.57135785888775
3300077332_47.fna,3300077332_47,10344_0,56.50323228298587
3300079107_14.fna,3300079107_14,10345_0,69.07995223383337
3300062787_39.fna,3300062787_39,10346_1,67.12283402476582
3300063430_73.fna,3300063430_73,10347_0,42.09865043919666
3300079103_15.fna,3300079103_15,10348_1,75.42037160082391
3300062782_11.fna,3300062782_11,10349_0,42.65669606872449
3300065424_40.fna,3300065424_40,10350_0,37.36020669993896
3300046714_13.fna,3300046714_13,10351_0,73.69732491721935
3300045886_3.fna,3300045886_3,10352_1,62.24419918120891
3300045947_2.fna,3300045947_2,10353_0,54.75449344849221
3300061213_24.fna,3300061213_24,10354_0,72.95428439879872
3300064040_120.fna,3300064040_120,10355_0,77.15400674931186
3300051099_32.fna,3300051099_32,10356_0,63.411012427178605
3300055072_125.fna,3300055072_125,10357_0,65.08175465323251
3300050218_13.fna,3300050218_13,10358_0,48.10097322711471
3300062863_7.fna,3300062863_7,10359_0,41.71074938980749
3300060675_127.fna,3300060675_127,10360_0,55.38860476
3300061637_40.fna,3300061637_40,10361_0,48.15736410372008
3300060675_75.fna,3300060675_75,10362_0,64.19470688202135
3300045000_60.fna,3300045000_60,10363_0,64.87272201018864
3300077271_9.fna,3300077271_9,10364_0,51.79273383623281
3300059598_4.fna,3300059598_4,10365_1,40.38303003641597
3300064482_103.fna,3300064482_103,10366_1,39.23121998636479
3300063082_44.fna,3300063082_44,10366_2,59.776553919462216
3300045941_16.fna,3300045941_16,10367_0,40.78173026605475
3300045941_26.fna,3300045941_26,10368_1,61.210862224848114
3300082269_44.fna,3300082269_44,10369_1,65.41288533719258
3300082245_57.fna,3300082245_57,10370_0,64.46020048156377
3300082282_50.fna,3300082282_50,10371_0,84.44492456
3300050232_46.fna,3300050232_46,10372_1,52.97920884291374
3300050241_2.fna,3300050241_2,10373_1,60.860089180458885
3300066490_31.fna,3300066490_31,10374_1,58.65856588959277
3300066478_37.fna,3300066478_37,10375_0,34.29290145437181
3300051202_10.fna,3300051202_10,10376_0,67.62365881
3300066328_6.fna,3300066328_6,10377_0,50.48296327480454
3300081524_61.fna,3300081524_61,10378_0,32.48655849072102
3300082033_46.fna,3300082033_46,10379_0,36.421155081607196
3300082282_78.fna,3300082282_78,10380_1,66.95144326282147
3300081487_107.fna,3300081487_107,10381_0,57.16467113481899
3300062812_21.fna,3300062812_21,10382_0,66.66710664378694
3300064109_124.fna,3300064109_124,10383_0,74.86062579827343
3300082225_138.fna,3300082225_138,10384_0,56.64445767330245
3300082281_124.fna,3300082281_124,10385_0,63.886057864539424
3300046707_15.fna,3300046707_15,10386_0,60.697926435321975
3300046788_61.fna,3300046788_61,10387_0,55.067880686169964
3300045945_25.fna,3300045945_25,10388_1,72.11917040259254
3300063085_4.fna,3300063085_4,10389_0,34.35593488714025
3300059418_10.fna,3300059418_10,10390_1,61.42088926679096
3300062823_93.fna,3300062823_93,10391_0,63.07246591369781
3300064746_130.fna,3300064746_130,10392_1,62.75044316
3300063017_124.fna,3300063017_124,10393_1,71.69897753041501
3300063021_33.fna,3300063021_33,10394_1,68.85042940440324
3300066486_60.fna,3300066486_60,10395_1,72.93158371914652
3300062823_10.fna,3300062823_10,10396_1,69.80839438636889
3300063058_112.fna,3300063058_112,10397_0,66.74586263719058
3300072967_31.fna,3300072967_31,10398_0,53.56025503985164
3300062863_52.fna,3300062863_52,10399_0,48.43099572390314
3300064033_86.fna,3300064033_86,10400_0,26.09442674683574
3300072659_16.fna,3300072659_16,10401_1,66.3830604
3300050222_7.fna,3300050222_7,10402_0,62.44611903776131
3300046482_15.fna,3300046482_15,10403_1,72.42766668736894
3300045944_23.fna,3300045944_23,10404_0,48.75699318261981
3300054960_44.fna,3300054960_44,10405_0,64.93183071757682
3300049589_21.fna,3300049589_21,10406_0,46.707729843310524
3300066520_15.fna,3300066520_15,10407_0,64.72592043737659
3300047310_18.fna,3300047310_18,10408_1,67.77784238746501
3300051238_48.fna,3300051238_48,10409_0,75.37049399198794
3300064058_39.fna,3300064058_39,10410_0,62.26457260049559
3300060730_2.fna,3300060730_2,10411_0,39.64006366110831
3300065475_62.fna,3300065475_62,10412_1,55.80164610621365
3300048902_57.fna,3300048902_57,10413_1,62.131402375434675
3300045303_4.fna,3300045303_4,10413_2,67.96830355700114
3300079690_69.fna,3300079690_69,10414_0,53.07280472268013
3300045945_7.fna,3300045945_7,10415_1,66.84842404380089
3300045977_37.fna,3300045977_37,10416_1,64.10450453543613
3300045952_36.fna,3300045952_36,10417_0,63.45946391684035
3300078139_39.fna,3300078139_39,10418_0,59.79782837364083
3300048900_28.fna,3300048900_28,10419_0,61.540092618473665
3300066521_8.fna,3300066521_8,10420_0,59.55128866082931
3300045910_32.fna,3300045910_32,10421_1,78.07495650213734
3300075650_18.fna,3300075650_18,10422_1,51.836607353908924
3300044726_11.fna,3300044726_11,10423_0,75.78620838934383
3300062795_22.fna,3300062795_22,10424_0,63.35034964460935
3300064038_57.fna,3300064038_57,10425_1,64.05344880744171
3300043471_4.fna,3300043471_4,10426_0,45.11213684840218
3300066613_25.fna,3300066613_25,10427_0,56.691077162615535
3300064109_85.fna,3300064109_85,10428_1,47.061014198750634
3300065074_52.fna,3300065074_52,10428_2,65.41908010174592
3300037852_19.fna,3300037852_19,10429_0,59.90813824800151
3300063339_99.fna,3300063339_99,10430_0,50.512857255285454
3300063080_36.fna,3300063080_36,10431_0,54.19475133
3300063174_53.fna,3300063174_53,10432_0,56.95616845324096
3300077301_77.fna,3300077301_77,10433_1,62.031825576907586
3300076629_44.fna,3300076629_44,10433_2,66.29003400686967
3300061538_32.fna,3300061538_32,10434_0,59.495900899422324
3300076762_76.fna,3300076762_76,10435_0,69.64640359418453
3300076606_92.fna,3300076606_92,10436_1,65.54452873327453
3300063044_11.fna,3300063044_11,10437_0,60.53227906491687
3300055273_90.fna,3300055273_90,10438_0,52.890670362023236
3300082259_10.fna,3300082259_10,10439_0,35.03151833433539
3300061213_22.fna,3300061213_22,10440_1,82.57564200985618
3300050657_29.fna,3300050657_29,10441_0,38.76952939453402
3300060643_16.fna,3300060643_16,10442_0,51.95855120212846
3300055099_78.fna,3300055099_78,10443_0,48.30243947
3300082212_82.fna,3300082212_82,10444_0,61.16867570510563
3300066322_58.fna,3300066322_58,10445_1,63.32638513736539
3300065083_46.fna,3300065083_46,10446_0,76.90781759729877
3300082034_58.fna,3300082034_58,10447_0,61.32963398
3300059576_12.fna,3300059576_12,10448_0,67.90552363065275
3300061538_40.fna,3300061538_40,10449_0,45.49813117095174
3300044708_23.fna,3300044708_23,10450_0,47.91088773359172
3300044697_46.fna,3300044697_46,10451_0,67.42646484
3300079560_127.fna,3300079560_127,10452_0,71.30295193846653
3300082208_47.fna,3300082208_47,10453_1,47.80042925235099
3300082267_42.fna,3300082267_42,10453_2,70.23147626467285
3300062790_35.fna,3300062790_35,10454_0,45.28237416781482
3300066608_69.fna,3300066608_69,10455_0,61.56483405
3300049445_25.fna,3300049445_25,10456_0,67.71804334621096
3300055239_194.fna,3300055239_194,10457_0,44.91349790655533
3300056753_232.fna,3300056753_232,10458_0,39.09807113102953
3300079509_188.fna,3300079509_188,10459_0,57.996412577949805
3300066659_156.fna,3300066659_156,10460_0,39.91835201985001
3300059598_34.fna,3300059598_34,10461_1,63.663878073121715
3300082035_118.fna,3300082035_118,10462_0,41.55571798414457
3300075593_49.fna,3300075593_49,10463_0,65.15103138
3300076021_43.fna,3300076021_43,10464_1,68.41085074
3300079526_28.fna,3300079526_28,10465_0,78.87266213021559
3300064109_62.fna,3300064109_62,10466_0,74.90844859372469
3300062781_49.fna,3300062781_49,10467_0,73.06207271253082
3300062857_14.fna,3300062857_14,10468_0,71.71395419284251
3300062859_10.fna,3300062859_10,10469_0,84.06437208369084
3300063014_47.fna,3300063014_47,10470_1,83.81974521930798
3300062872_66.fna,3300062872_66,10471_1,70.88991480070581
3300082191_30.fna,3300082191_30,10471_2,53.77589296893955
3300049002_21.fna,3300049002_21,10472_0,62.953620118539156
3300063022_57.fna,3300063022_57,10473_0,46.715950356432806
3300044741_33.fna,3300044741_33,10474_0,63.73628498351778
3300066482_29.fna,3300066482_29,10475_0,58.57006372089072
3300044693_26.fna,3300044693_26,10476_0,57.94658891699523
3300063076_10.fna,3300063076_10,10477_1,69.12441586
3300062799_115.fna,3300062799_115,10477_2,57.692548023789236
3300080621_13.fna,3300080621_13,10477_3,72.77821535075846
3300036443_2.fna,3300036443_2,10478_0,72.05695764852345
3300081525_21.fna,3300081525_21,10479_0,57.72351644107935
3300063016_12.fna,3300063016_12,10480_0,64.36954694314181
3300046522_33.fna,3300046522_33,10481_0,72.19222439103567
3300062797_133.fna,3300062797_133,10482_0,72.8319729
3300063022_59.fna,3300063022_59,10483_0,81.5208832
3300065440_8.fna,3300065440_8,10484_0,71.90569490121682
3300062686_5.fna,3300062686_5,10485_0,65.48443154418266
3300051078_7.fna,3300051078_7,10486_1,60.95484482044948
3300065457_20.fna,3300065457_20,10486_2,66.90192901179162
3300065442_4.fna,3300065442_4,10487_0,67.61305754030519
3300065441_5.fna,3300065441_5,10488_1,71.89441174309738
3300063016_71.fna,3300063016_71,10489_0,67.02632218976288
3300034220_2.fna,3300034220_2,10490_0,73.11663008121012
3300036665_1.fna,3300036665_1,10491_0,73.99977928631301
3300034136_2.fna,3300034136_2,10492_0,73.03540483507892
3300035019_3.fna,3300035019_3,10493_0,56.55921999809119
3300063168_7.fna,3300063168_7,10494_0,37.082035624442824
3300081526_4.fna,3300081526_4,10495_0,37.855382579890374
3300064042_99.fna,3300064042_99,10496_0,73.53551925
3300050239_44.fna,3300050239_44,10497_1,87.30823204211966
3300080737_113.fna,3300080737_113,10498_0,86.45321385007541
3300044709_20.fna,3300044709_20,10499_0,82.70735394674492
3300064095_33.fna,3300064095_33,10500_0,73.06689081726441
3300080737_96.fna,3300080737_96,10501_0,50.2045554
3300081966_130.fna,3300081966_130,10502_0,60.91315242749673
3300081965_198.fna,3300081965_198,10503_0,76.94668372899847
3300044982_31.fna,3300044982_31,10504_0,70.68275925953739
3300082252_57.fna,3300082252_57,10505_0,84.98117131051232
3300062569_27.fna,3300062569_27,10506_1,89.69211536344015
3300062790_13.fna,3300062790_13,10507_0,95.77093094007378
3300065074_11.fna,3300065074_11,10508_1,88.32767615239972
3300060655_3.fna,3300060655_3,10509_0,88.33648511375608
3300060889_15.fna,3300060889_15,10510_0,84.14614145
3300062837_47.fna,3300062837_47,10511_1,93.84037619225387
3300062570_29.fna,3300062570_29,10512_1,89.47445417878869
3300062567_47.fna,3300062567_47,10512_2,87.43576808765002
3300053227_7.fna,3300053227_7,10512_3,85.43716633062114
3300050573_1.fna,3300050573_1,10513_1,81.99083323929835
3300082536_28.fna,3300082536_28,10513_2,81.97777303416754
3300082221_25.fna,3300082221_25,10513_3,61.15860579141625
3300062837_15.fna,3300062837_15,10513_4,89.56281454543614
3300081506_64.fna,3300081506_64,10513_5,64.21442571167339
3300043251_12.fna,3300043251_12,10513_6,69.43593930851314
3300076027_18.fna,3300076027_18,10513_7,81.72357918913636
3300049794_42.fna,3300049794_42,10513_8,69.01629208195708
3300063339_45.fna,3300063339_45,10514_1,89.71130647
3300062566_42.fna,3300062566_42,10515_0,64.41580889159476
3300051189_31.fna,3300051189_31,10516_0,55.8204528
3300044813_37.fna,3300044813_37,10517_1,65.76237416781483
3300066457_60.fna,3300066457_60,10517_2,81.36438157350126
3300044737_58.fna,3300044737_58,10517_3,66.05351998672754
3300066457_64.fna,3300066457_64,10518_0,85.89782890951427
3300066018_33.fna,3300066018_33,10519_0,77.47377882344281
3300049593_18.fna,3300049593_18,10520_1,70.43562456342755
3300046706_9.fna,3300046706_9,10521_1,78.25383146
3300048888_2.fna,3300048888_2,10521_2,71.63018356432825
3300081138_2.fna,3300081138_2,10522_0,68.29354796710165
3300082353_37.fna,3300082353_37,10523_0,59.205332876726864
3300053062_25.fna,3300053062_25,10524_0,67.65719802606489
3300081523_26.fna,3300081523_26,10525_0,76.01281073
3300061177_12.fna,3300061177_12,10526_1,81.55961196168329
3300081525_41.fna,3300081525_41,10526_2,79.14158441352872
3300062802_20.fna,3300062802_20,10527_1,80.82629237301333
3300078575_29.fna,3300078575_29,10527_2,74.14182244012625
3300063054_31.fna,3300063054_31,10528_1,81.82443384943237
3300063263_4.fna,3300063263_4,10528_2,84.72075088758199
3300062798_14.fna,3300062798_14,10529_0,82.82364241765282
3300049002_22.fna,3300049002_22,10530_0,54.75822919385606
3300050661_12.fna,3300050661_12,10531_0,79.93504119
3300066608_76.fna,3300066608_76,10532_0,77.86241415915495
3300050663_30.fna,3300050663_30,10533_0,77.55158708118802
3300062805_51.fna,3300062805_51,10534_0,64.90836388
3300051098_15.fna,3300051098_15,10535_0,59.04451713358063
3300063050_1.fna,3300063050_1,10536_0,82.86336004033241
3300048687_8.fna,3300048687_8,10537_1,58.90240702376431
3300066481_29.fna,3300066481_29,10537_2,78.28896990077943
3300066506_66.fna,3300066506_66,10538_0,51.934591429616134
3300054113_5.fna,3300054113_5,10539_1,75.08979077731469
3300051178_1.fna,3300051178_1,10540_1,71.50932883639243
3300063018_41.fna,3300063018_41,10541_1,68.66083495383603
3300063022_27.fna,3300063022_27,10541_2,79.19288860894488
3300044738_8.fna,3300044738_8,10541_3,78.94286024521756
3300080653_6.fna,3300080653_6,10541_4,81.08270228938144
3300050664_4.fna,3300050664_4,10542_0,60.37150353777687
3300050651_23.fna,3300050651_23,10543_0,82.39281158870246
3300062568_5.fna,3300062568_5,10544_0,71.52387100909031
3300066538_48.fna,3300066538_48,10545_0,81.22462532226619
3300045284_26.fna,3300045284_26,10546_0,55.23672434469255
3300057035_107.fna,3300057035_107,10547_0,79.84691311
3300065083_92.fna,3300065083_92,10548_0,86.16322121961745
3300044812_37.fna,3300044812_37,10549_1,79.88452274041289
3300081272_12.fna,3300081272_12,10549_2,63.740631454659464
3300045108_11.fna,3300045108_11,10550_1,82.93458749147587
3300048893_78.fna,3300048893_78,10550_2,70.65906683783811
3300062569_2.fna,3300062569_2,10551_0,89.42594724001829
3300077819_16.fna,3300077819_16,10552_0,85.08050864642283
3300051158_39.fna,3300051158_39,10553_1,86.79053674015108
3300037503_2.fna,3300037503_2,10554_0,87.30607832687055
3300062845_14.fna,3300062845_14,10555_1,73.28142947115603
3300079394_20.fna,3300079394_20,10555_2,63.32124621057929
3300048890_9.fna,3300048890_9,10556_1,57.940390513676746
3300049001_4.fna,3300049001_4,10556_2,52.4180113
3300064033_6.fna,3300064033_6,10556_3,85.61050594533792
3300066540_42.fna,3300066540_42,10556_4,85.64234520442795
3300060665_35.fna,3300060665_35,10557_1,90.40261870820717
3300061638_8.fna,3300061638_8,10557_2,65.15647338131292
3300082526_37.fna,3300082526_37,10557_3,69.73506979094235
3300060654_21.fna,3300060654_21,10558_1,81.62678788873693
3300060655_10.fna,3300060655_10,10558_2,79.29771205603825
3300063428_39.fna,3300063428_39,10558_3,66.81847405609764
3300066538_74.fna,3300066538_74,10558_4,91.47473502471696
3300076631_18.fna,3300076631_18,10559_1,62.449028933489586
3300077288_65.fna,3300077288_65,10559_2,79.43084503
3300049744_5.fna,3300049744_5,10560_0,80.3553116
3300044839_13.fna,3300044839_13,10561_1,86.39043689364429
3300062839_5.fna,3300062839_5,10561_2,72.75108519313804
3300053644_52.fna,3300053644_52,10561_3,62.24364332233889
3300044736_31.fna,3300044736_31,10561_4,82.84736501
3300059598_79.fna,3300059598_79,10562_1,73.07261171242907
3300078530_3.fna,3300078530_3,10562_2,83.96311265097484
3300021339_3.fna,3300021339_3,10562_3,80.29366933425159
3300066541_13.fna,3300066541_13,10562_4,75.80767303
3300062461_11.fna,3300062461_11,10562_5,82.45962188
3300050464_6.fna,3300050464_6,10562_6,71.15061559852234
3300055048_76.fna,3300055048_76,10562_7,81.49535871067383
3300066608_50.fna,3300066608_50,10562_8,62.826450913054785
3300050473_7.fna,3300050473_7,10563_0,72.88828121918705
3300050235_30.fna,3300050235_30,10564_1,75.70265203916524
3300065480_80.fna,3300065480_80,10565_0,75.93787896387309
3300054704_73.fna,3300054704_73,10566_0,91.40921856766276
3300081525_34.fna,3300081525_34,10567_0,42.58119356284321
3300054704_65.fna,3300054704_65,10568_0,70.11094963837103
3300055048_18.fna,3300055048_18,10569_0,73.13810498560476
3300055099_79.fna,3300055099_79,10570_0,79.78602016509582
3300055273_73.fna,3300055273_73,10571_0,53.22918636512901
3300079690_49.fna,3300079690_49,10572_0,74.23041285
3300078164_6.fna,3300078164_6,10573_0,44.58347959893356
3300082217_81.fna,3300082217_81,10574_0,29.69359848002064
3300055072_61.fna,3300055072_61,10575_0,79.21670018
3300049575_69.fna,3300049575_69,10576_1,71.86531638
3300049743_54.fna,3300049743_54,10577_0,52.91709219875064
3300055072_6.fna,3300055072_6,10578_0,42.38207821837294
3300056867_97.fna,3300056867_97,10579_1,56.634479388224335
3300049795_21.fna,3300049795_21,10580_0,50.23208603476195
3300060015_79.fna,3300060015_79,10581_1,58.95784749426326
3300061537_94.fna,3300061537_94,10581_2,47.149329947151244
3300055072_122.fna,3300055072_122,10582_0,74.13326482693577
3300076762_62.fna,3300076762_62,10583_1,63.66851339904881
3300045947_27.fna,3300045947_27,10584_1,72.03376247094815
3300045284_23.fna,3300045284_23,10585_0,63.50813474787141
3300064746_81.fna,3300064746_81,10586_0,63.172642063173996
3300055072_80.fna,3300055072_80,10587_0,72.17535803926961
3300045965_6.fna,3300045965_6,10588_1,64.34159014931292
3300062131_65.fna,3300062131_65,10589_1,61.11074566271074
3300061538_34.fna,3300061538_34,10590_0,53.56395919532279
3300054960_67.fna,3300054960_67,10591_1,38.893233738370135
3300062776_34.fna,3300062776_34,10591_2,56.68287277047133
3300050240_57.fna,3300050240_57,10592_1,62.587904726904966
3300082261_50.fna,3300082261_50,10592_2,52.170384222391576
3300079545_22.fna,3300079545_22,10593_0,62.54644800546093
3300080031_6.fna,3300080031_6,10594_0,56.12780997296439
3300051520_18.fna,3300051520_18,10595_0,59.28381718369449
3300055072_57.fna,3300055072_57,10596_0,48.58361930991574
3300082222_127.fna,3300082222_127,10597_0,62.84405915311638
3300082261_4.fna,3300082261_4,10598_0,65.93365603149027
3300060314_37.fna,3300060314_37,10599_0,60.58002336202575
3300060015_32.fna,3300060015_32,10600_1,55.81934671570528
3300079099_46.fna,3300079099_46,10601_1,61.71247008016779
3300060351_34.fna,3300060351_34,10602_0,53.77318904402413
3300062768_5.fna,3300062768_5,10603_0,37.10278897895525
3300046472_45.fna,3300046472_45,10604_0,50.52343991115314
3300054967_66.fna,3300054967_66,10605_0,79.04376833606825
3300055048_7.fna,3300055048_7,10606_0,58.93994916216501
3300042876_109.fna,3300042876_109,10607_1,64.51663004304572
3300082268_35.fna,3300082268_35,10608_1,61.81757185877552
3300075582_4.fna,3300075582_4,10609_1,52.62629415623278
3300081720_47.fna,3300081720_47,10609_2,71.97009916305828
3300082210_27.fna,3300082210_27,10610_0,62.59695078
3300080035_62.fna,3300080035_62,10611_0,36.50684051477064
3300046482_39.fna,3300046482_39,10612_1,64.78976427
3300049580_3.fna,3300049580_3,10613_1,69.27056656915852
3300051098_18.fna,3300051098_18,10613_2,50.115586347533274
3300045977_8.fna,3300045977_8,10614_1,63.26067273377977
3300050216_65.fna,3300050216_65,10615_1,59.270730084332484
3300050235_83.fna,3300050235_83,10616_1,61.615202969356076
3300059576_43.fna,3300059576_43,10616_2,68.73554767826386
3300044521_30.fna,3300044521_30,10616_3,55.663228056715894
3300043613_11.fna,3300043613_11,10617_0,29.455454649773223
3300066485_2.fna,3300066485_2,10618_0,53.00194801906299
3300054967_9.fna,3300054967_9,10619_0,43.97531776313077
3300043157_2.fna,3300043157_2,10620_1,72.53979868579185
3300079101_15.fna,3300079101_15,10621_1,76.85901929
3300053070_36.fna,3300053070_36,10622_1,48.736343333982795
3300077556_27.fna,3300077556_27,10622_2,47.63490287593404
3300082215_70.fna,3300082215_70,10623_1,51.509844388872864
3300060322_100.fna,3300060322_100,10623_2,45.532761070704886
3300046747_54.fna,3300046747_54,10624_1,65.23290656329365
3300079385_27.fna,3300079385_27,10624_2,52.08050712185278
3300082536_40.fna,3300082536_40,10625_0,48.25230368190772
3300051519_11.fna,3300051519_11,10626_1,59.496632468574994
3300056876_5.fna,3300056876_5,10627_0,57.402561636276005
3300060321_65.fna,3300060321_65,10628_1,70.06430788042736
3300059582_36.fna,3300059582_36,10628_2,54.98200862575762
3300075320_16.fna,3300075320_16,10628_3,27.17881354564522
3300063339_51.fna,3300063339_51,10629_1,61.84889261537614
3300043654_9.fna,3300043654_9,10629_2,69.58029520722675
3300079533_42.fna,3300079533_42,10630_1,74.27291524
3300080028_27.fna,3300080028_27,10630_2,80.55126903060211
3300037159_6.fna,3300037159_6,10631_1,91.83468661753882
3300061180_9.fna,3300061180_9,10632_1,78.27969054091706
3300078364_40.fna,3300078364_40,10633_0,71.50159560093522
3300079690_62.fna,3300079690_62,10634_0,85.2331338
3300079549_97.fna,3300079549_97,10635_1,80.97445906493114
3300061845_67.fna,3300061845_67,10636_1,76.16526047500639
3300082523_42.fna,3300082523_42,10636_2,86.65768874713956
3300061640_24.fna,3300061640_24,10637_0,60.79336347966561
3300079533_62.fna,3300079533_62,10638_1,92.73216157674761
3300032205_5.fna,3300032205_5,10638_2,24.70791440723231
3300080036_67.fna,3300080036_67,10639_1,72.72391071
3300082245_35.fna,3300082245_35,10639_2,62.27611641146214
3300050219_38.fna,3300050219_38,10640_1,73.74748394238289
3300013306_28.fna,3300013306_28,10641_1,91.36686750334758
3300082267_35.fna,3300082267_35,10642_0,76.64595132472833
3300018432_6.fna,3300018432_6,10643_0,58.52207821837294
3300055099_49.fna,3300055099_49,10644_0,67.35777490150504
3300059438_37.fna,3300059438_37,10645_0,73.00301040957014
3300064039_87.fna,3300064039_87,10646_0,82.60340416
3300034004_3.fna,3300034004_3,10647_0,78.98734846
3300034008_2.fna,3300034008_2,10648_0,60.223247582167346
3300062776_78.fna,3300062776_78,10649_0,67.98082915624904
3300039306_1.fna,3300039306_1,10650_0,92.41996146652694
3300049822_134.fna,3300049822_134,10651_0,90.60620592791481
3300077110_43.fna,3300077110_43,10652_1,81.01202817656106
3300082223_42.fna,3300082223_42,10653_0,77.98342272
3300054988_23.fna,3300054988_23,10654_0,97.00564478653227
3300048996_25.fna,3300048996_25,10655_1,52.48715328
3300060665_3.fna,3300060665_3,10655_2,65.63571527588299
3300048996_45.fna,3300048996_45,10656_0,58.00209416906216
3300049324_14.fna,3300049324_14,10657_0,55.05449460312558
3300059325_133.fna,3300059325_133,10658_0,67.23922487120058
3300081487_61.fna,3300081487_61,10659_0,61.93593480036489
3300064043_84.fna,3300064043_84,10660_0,68.71577777524169
3300063017_130.fna,3300063017_130,10661_0,85.38017535
3300049589_11.fna,3300049589_11,10662_0,68.76364327
3300064044_95.fna,3300064044_95,10663_0,35.35179948129862
3300054114_48.fna,3300054114_48,10664_1,88.05186847377618
3300060883_14.fna,3300060883_14,10665_0,50.13257900013472
3300049586_63.fna,3300049586_63,10666_0,65.92492771972196
3300080028_69.fna,3300080028_69,10667_0,46.948703569830776
3300044250_6.fna,3300044250_6,10668_0,49.065085029904104
3300064041_65.fna,3300064041_65,10669_0,77.68636272202974
3300060883_42.fna,3300060883_42,10670_0,59.87986564804933
3300064040_108.fna,3300064040_108,10671_0,74.6594512
3300077493_36.fna,3300077493_36,10672_1,68.23489684979256
3300056876_63.fna,3300056876_63,10673_0,84.19319388826663
3300060668_29.fna,3300060668_29,10674_0,59.231073420769796
3300064041_42.fna,3300064041_42,10675_0,69.96563362
3300082252_56.fna,3300082252_56,10676_0,86.37446772
3300044708_5.fna,3300044708_5,10677_0,57.04702913871216
3300077553_58.fna,3300077553_58,10678_0,70.89157225795364
3300062841_12.fna,3300062841_12,10679_0,58.291538642086806
3300064040_91.fna,3300064040_91,10680_0,64.57207685348361
3300060695_35.fna,3300060695_35,10681_0,73.50162816267907
3300079526_23.fna,3300079526_23,10682_0,59.85194839566314
3300047316_5.fna,3300047316_5,10683_0,57.119989858472074
3300046780_39.fna,3300046780_39,10684_1,76.48976477687145
3300079101_23.fna,3300079101_23,10685_1,70.55788157
3300082073_125.fna,3300082073_125,10686_0,83.07270964642512
3300048901_45.fna,3300048901_45,10687_0,54.554217827050905
3300055240_29.fna,3300055240_29,10688_0,64.42293676410391
3300066506_58.fna,3300066506_58,10689_0,58.904855885126665
3300045933_11.fna,3300045933_11,10690_0,73.83785735365433
3300046699_6.fna,3300046699_6,10691_1,76.18346577636933
3300044529_11.fna,3300044529_11,10692_1,75.76871564963392
3300060668_6.fna,3300060668_6,10692_2,75.65583052589534
3300044697_57.fna,3300044697_57,10693_0,99.25810955355139
3300054984_41.fna,3300054984_41,10694_0,87.57060338443753
3300060318_26.fna,3300060318_26,10695_0,69.94188098041435
3300080036_64.fna,3300080036_64,10696_1,44.41294235433461
3300082536_7.fna,3300082536_7,10696_2,61.84639262518405
3300076642_25.fna,3300076642_25,10697_0,58.03126226897743
3300056868_100.fna,3300056868_100,10698_0,80.76965217740677
3300079482_49.fna,3300079482_49,10699_0,38.39467101918065
3300075660_10.fna,3300075660_10,10700_0,51.83751985251685
3300054680_57.fna,3300054680_57,10701_1,61.56660010126656
3300045282_3.fna,3300045282_3,10702_0,77.71588371239402
3300055273_87.fna,3300055273_87,10703_0,54.32675708751432
3300051238_144.fna,3300051238_144,10704_0,67.68960589011574
3300066484_43.fna,3300066484_43,10705_1,63.64028366708917
3300079161_2.fna,3300079161_2,10706_0,79.36955814522354
3300063042_6.fna,3300063042_6,10707_0,76.11410374
3300063058_39.fna,3300063058_39,10708_1,66.87436309711838
3300063060_49.fna,3300063060_49,10709_1,83.87876107341802
3300065082_71.fna,3300065082_71,10710_1,90.45993068
3300063058_120.fna,3300063058_120,10710_2,77.10467591898488
3300081965_98.fna,3300081965_98,10711_0,84.08783499
3300066521_83.fna,3300066521_83,10712_1,69.14107331279054
3300061641_92.fna,3300061641_92,10713_0,70.66216068689131
3300066490_79.fna,3300066490_79,10714_0,52.667517158337944
3300076021_26.fna,3300076021_26,10715_0,62.37187522278005
3300044250_2.fna,3300044250_2,10716_0,57.03693837769502
3300046747_41.fna,3300046747_41,10717_0,78.66949205947137
3300044255_2.fna,3300044255_2,10718_0,41.90255809751095
3300051175_13.fna,3300051175_13,10719_1,84.96190788274333
3300062689_12.fna,3300062689_12,10720_0,56.381658580672095
3300081523_20.fna,3300081523_20,10721_0,74.76680188523906
3300046798_9.fna,3300046798_9,10722_1,56.80380865016786
3300079526_62.fna,3300079526_62,10722_2,88.55456092046984
3300062687_24.fna,3300062687_24,10723_0,37.657846141419896
3300043503_1.fna,3300043503_1,10724_0,52.42379266327351
3300062855_32.fna,3300062855_32,10725_0,66.95926713525593
3300062855_3.fna,3300062855_3,10726_0,94.44907331812337
3300046797_4.fna,3300046797_4,10727_0,43.553020605121276
3300066613_20.fna,3300066613_20,10728_0,87.24520437180824
3300081487_53.fna,3300081487_53,10729_0,45.04094773683393
3300063261_70.fna,3300063261_70,10730_0,79.05920907110496
3300063017_73.fna,3300063017_73,10731_1,85.45901715359173
3300043652_17.fna,3300043652_17,10732_0,88.81727685447078
3300046409_2.fna,3300046409_2,10733_0,74.27238901
3300056809_161.fna,3300056809_161,10734_0,45.70345832359245
3300059325_134.fna,3300059325_134,10735_0,74.82801491420554
3300049665_4.fna,3300049665_4,10736_0,56.80725697618413
3300044712_235.fna,3300044712_235,10737_0,79.50644864043687
3300055072_28.fna,3300055072_28,10738_0,94.00339453
3300036520_3.fna,3300036520_3,10739_1,72.76457517193778
3300037833_6.fna,3300037833_6,10739_2,77.21850238931222
3300059341_40.fna,3300059341_40,10740_1,78.96189589174755
3300081487_182.fna,3300081487_182,10741_0,64.74797108149626
3300056896_158.fna,3300056896_158,10742_1,71.61830271122517
3300045978_21.fna,3300045978_21,10743_0,43.59653565318803
3300056877_73.fna,3300056877_73,10744_0,54.25283267421266
3300056877_150.fna,3300056877_150,10745_0,65.45379184315428
3300081965_194.fna,3300081965_194,10746_0,86.33562409
3300062783_6.fna,3300062783_6,10747_1,91.41866018
3300062803_18.fna,3300062803_18,10748_0,79.30089223971493
3300081487_181.fna,3300081487_181,10749_0,71.49507796121104
3300066488_79.fna,3300066488_79,10750_1,77.00919357106991
3300066485_48.fna,3300066485_48,10751_1,65.55188638913855
3300051615_74.fna,3300051615_74,10752_0,64.71394267547045
3300061537_52.fna,3300061537_52,10753_0,45.93725091141365
3300082212_5.fna,3300082212_5,10754_0,62.489683121198084
3300049927_13.fna,3300049927_13,10755_0,64.95621151318836
3300059578_28.fna,3300059578_28,10756_0,63.37950907194444
3300053671_63.fna,3300053671_63,10757_0,73.56269493510756
3300060321_25.fna,3300060321_25,10758_0,52.50369519234248
3300061537_54.fna,3300061537_54,10759_0,68.29515815299429
3300077288_4.fna,3300077288_4,10760_0,73.00787778962902
3300061846_17.fna,3300061846_17,10761_0,68.84134378411748
3300044521_21.fna,3300044521_21,10762_0,77.34182914972811
3300077821_61.fna,3300077821_61,10763_0,74.21030672882395
3300060913_17.fna,3300060913_17,10764_0,69.56871851
3300064046_6.fna,3300064046_6,10765_0,91.41621756
3300056676_14.fna,3300056676_14,10766_1,96.40630653416295
3300056809_308.fna,3300056809_308,10766_2,66.64040679091283
3300056751_295.fna,3300056751_295,10766_3,75.54097749
3300030225_10.fna,3300030225_10,10767_0,85.37951641837248
3300056797_115.fna,3300056797_115,10768_1,89.07927957166888
3300059594_12.fna,3300059594_12,10769_0,81.55022639853037
3300077816_14.fna,3300077816_14,10770_0,60.25994979393297
3300057049_81.fna,3300057049_81,10771_1,83.94752824207136
3300055024_19.fna,3300055024_19,10771_2,56.05458336771353
3300044679_41.fna,3300044679_41,10772_1,89.51523476891967
3300079118_64.fna,3300079118_64,10773_0,56.37676895098585
3300077816_3.fna,3300077816_3,10774_1,79.12625353781823
3300057024_19.fna,3300057024_19,10775_1,84.67444116563641
3300057024_143.fna,3300057024_143,10776_0,88.57146486667158
3300062792_47.fna,3300062792_47,10777_1,69.80760115350948
3300063019_12.fna,3300063019_12,10777_2,63.64837449063351
3300063045_35.fna,3300063045_35,10777_3,74.04326750938118
3300045996_342.fna,3300045996_342,10778_0,48.65743516430561
3300063066_78.fna,3300063066_78,10779_0,46.23189719616288
3300046747_48.fna,3300046747_48,10780_1,46.850349644609345
3300046816_19.fna,3300046816_19,10780_2,68.39310870784666
3300054114_52.fna,3300054114_52,10781_0,63.900953188676155
3300045303_10.fna,3300045303_10,10782_0,61.854671134818986
3300046509_6.fna,3300046509_6,10783_0,64.09721341898208
3300062801_98.fna,3300062801_98,10784_0,75.00945990612237
3300063430_93.fna,3300063430_93,10785_0,82.39896066
3300062822_51.fna,3300062822_51,10786_0,63.879630202060866
3300063430_42.fna,3300063430_42,10787_0,81.83638945613554
3300049588_48.fna,3300049588_48,10788_1,88.09414596721956
3300063176_49.fna,3300063176_49,10789_0,72.64684452085194
3300048805_2.fna,3300048805_2,10790_0,82.39032548
3300055024_38.fna,3300055024_38,10791_0,66.67299071386847
3300045770_17.fna,3300045770_17,10792_1,80.04865347544855
3300046490_6.fna,3300046490_6,10792_2,69.11140923404112
3300044673_53.fna,3300044673_53,10793_0,90.90422058363917
3300045051_37.fna,3300045051_37,10794_1,86.65060779997499
3300042876_75.fna,3300042876_75,10795_0,100.31814256154234
3300045051_36.fna,3300045051_36,10796_0,96.30523803977214
3300061213_41.fna,3300061213_41,10797_0,91.17191042804374
3300080066_16.fna,3300080066_16,10798_0,69.08461069712696
3300050231_17.fna,3300050231_17,10799_0,82.51020402253093
3300075587_49.fna,3300075587_49,10800_1,83.57279909726091
3300076610_5.fna,3300076610_5,10800_2,87.46443199087688
3300075636_45.fna,3300075636_45,10801_1,86.15736392389091
3300082286_45.fna,3300082286_45,10802_0,68.17974864
3300079157_36.fna,3300079157_36,10803_1,98.48494195578533
3300075664_44.fna,3300075664_44,10804_1,98.29968719604351
3300046472_7.fna,3300046472_7,10805_0,66.68608299533777
3300049447_28.fna,3300049447_28,10806_0,70.18121902809933
3300055099_87.fna,3300055099_87,10807_1,82.17377236
3300076037_21.fna,3300076037_21,10808_0,41.174087020429816
3300055099_7.fna,3300055099_7,10809_0,68.42253724423935
3300045770_13.fna,3300045770_13,10810_1,76.81678453191529
3300080064_71.fna,3300080064_71,10811_0,80.32185383815604
3300045051_62.fna,3300045051_62,10812_0,65.26020623080345
3300081534_31.fna,3300081534_31,10813_0,76.01328204204866
3300037843_13.fna,3300037843_13,10814_1,92.86592354
3300050034_4.fna,3300050034_4,10815_1,69.76122126555191
3300048820_38.fna,3300048820_38,10816_1,85.05200367934806
3300014199_10.fna,3300014199_10,10817_1,95.85133475018577
3300050034_59.fna,3300050034_59,10818_0,77.69129524324576
3300048797_23.fna,3300048797_23,10819_0,78.29460359816002
3300072779_62.fna,3300072779_62,10820_1,68.83261043734579
3300075591_59.fna,3300075591_59,10821_1,67.33848925
3300063015_9.fna,3300063015_9,10822_0,62.62798341048483
3300063058_89.fna,3300063058_89,10823_0,67.62676488660115
3300079103_32.fna,3300079103_32,10824_0,59.43178714
3300044712_336.fna,3300044712_336,10825_0,76.21259765314285
3300044712_97.fna,3300044712_97,10826_0,63.722519423331605
3300057055_174.fna,3300057055_174,10827_0,82.87820095084608
3300079533_12.fna,3300079533_12,10828_0,83.98272527204878
3300079560_4.fna,3300079560_4,10829_0,72.47637538601073
3300054985_76.fna,3300054985_76,10830_0,92.28975231
3300056903_55.fna,3300056903_55,10831_1,91.05036744188017
3300057044_68.fna,3300057044_68,10832_0,81.36790832913643
3300031949_31.fna,3300031949_31,10833_0,100.27943362287246
3300082281_115.fna,3300082281_115,10834_1,88.4604995
3300055047_25.fna,3300055047_25,10835_0,80.24753972121378
3300057030_75.fna,3300057030_75,10836_1,68.73660309819228
3300056887_137.fna,3300056887_137,10837_1,60.75555083642156
3300056877_136.fna,3300056877_136,10838_0,60.6314821
3300057044_39.fna,3300057044_39,10839_0,77.7072982
3300052918_27.fna,3300052918_27,10840_1,96.20539982311307
3300046697_2.fna,3300046697_2,10841_1,96.76109679653653
3300056791_82.fna,3300056791_82,10841_2,77.91299877
3300051196_17.fna,3300051196_17,10842_0,91.98757388233426
3300051196_63.fna,3300051196_63,10843_0,66.90528314420996
3300044709_39.fna,3300044709_39,10844_1,83.03511459028216
3300048086_39.fna,3300048086_39,10845_0,60.14984032055462
3300066613_58.fna,3300066613_58,10846_0,75.14244767225334
3300081965_70.fna,3300081965_70,10847_0,86.09306093102292
3300045120_14.fna,3300045120_14,10848_1,78.84738038487488
3300081487_191.fna,3300081487_191,10848_2,76.04344146
3300050651_24.fna,3300050651_24,10849_0,57.831601929514314
3300081487_41.fna,3300081487_41,10850_0,77.08817613643996
3300047322_13.fna,3300047322_13,10851_1,83.20008890890193
3300046717_42.fna,3300046717_42,10852_1,86.63364972615574
3300046475_5.fna,3300046475_5,10852_2,87.15101414115819
3300076015_2.fna,3300076015_2,10853_1,66.49534266948793
3300043633_2.fna,3300043633_2,10854_1,75.56629201499696
3300051202_12.fna,3300051202_12,10855_1,82.36023562050967
3300044742_31.fna,3300044742_31,10855_2,77.30529819108243
3300045977_14.fna,3300045977_14,10856_1,84.67220373109407
3300046791_45.fna,3300046791_45,10857_0,65.70824360643432
3300061641_46.fna,3300061641_46,10858_0,77.85794840933949
3300078542_32.fna,3300078542_32,10859_0,56.05935880743015
3300075574_26.fna,3300075574_26,10860_0,59.78945645217939
3300064746_61.fna,3300064746_61,10861_1,69.97291854054978
3300065473_36.fna,3300065473_36,10861_2,65.96175862383481
3300051184_8.fna,3300051184_8,10862_0,52.49907154498497
3300082266_39.fna,3300082266_39,10863_1,63.20320158005378
3300082317_15.fna,3300082317_15,10864_0,71.36388967151986
3300056902_16.fna,3300056902_16,10865_1,69.57636309
3300057049_151.fna,3300057049_151,10866_0,39.58085499864918
3300057050_129.fna,3300057050_129,10867_1,83.23648064778719
3300060291_229.fna,3300060291_229,10867_2,41.02831252602536
3300018064_9.fna,3300018064_9,10868_0,44.34021124171161
3300056900_19.fna,3300056900_19,10869_1,68.00839200863344
3300057003_97.fna,3300057003_97,10870_1,49.87855275138062
3300057040_39.fna,3300057040_39,10870_2,66.94960882851146
3300057035_42.fna,3300057035_42,10871_1,87.07061985585531
3300057025_121.fna,3300057025_121,10871_2,67.29728491961433
3300054986_107.fna,3300054986_107,10872_0,96.47629766
3300076803_21.fna,3300076803_21,10873_0,40.92114840046883
3300064746_77.fna,3300064746_77,10874_0,96.46722609
3300066487_118.fna,3300066487_118,10875_0,71.05226601049598
3300047318_9.fna,3300047318_9,10876_0,76.05715328
3300051099_141.fna,3300051099_141,10877_0,44.08661607442024
3300055072_113.fna,3300055072_113,10878_0,76.22974167575222
3300056996_70.fna,3300056996_70,10879_1,58.57299761100873
3300057003_122.fna,3300057003_122,10880_1,73.31485711484014
3300056996_134.fna,3300056996_134,10880_2,68.89068275453927
3300082225_157.fna,3300082225_157,10881_0,67.72641500128115
3300057029_78.fna,3300057029_78,10882_1,63.86257477
3300056887_19.fna,3300056887_19,10883_1,65.33155149
3300057047_67.fna,3300057047_67,10883_2,69.26854374772495
3300056888_177.fna,3300056888_177,10883_3,56.615320097434314
3300056867_53.fna,3300056867_53,10884_0,49.16190186047797
3300056996_11.fna,3300056996_11,10885_0,42.40153526282148
3300057000_4.fna,3300057000_4,10886_0,34.40308348218864
3300082225_105.fna,3300082225_105,10887_0,45.37430354698416
3300045932_4.fna,3300045932_4,10888_0,56.06929644766671
3300061641_75.fna,3300061641_75,10889_0,58.80451075
3300066520_29.fna,3300066520_29,10890_0,51.06224771339636
3300036836_8.fna,3300036836_8,10891_0,33.51732353472592
3300044983_96.fna,3300044983_96,10892_0,42.84845592
3300065480_53.fna,3300065480_53,10893_0,62.449828190152814
3300067033_23.fna,3300067033_23,10894_0,71.84071395039565
3300051096_20.fna,3300051096_20,10895_1,68.26872876755834
3300078518_42.fna,3300078518_42,10896_0,62.01570062996237
3300044834_30.fna,3300044834_30,10897_0,67.06960016811041
3300066328_27.fna,3300066328_27,10898_1,53.63286063406185
3300066484_1.fna,3300066484_1,10899_1,51.740026363518545
3300063416_63.fna,3300063416_63,10900_1,71.81328290669006
3300066328_81.fna,3300066328_81,10900_2,56.59460359816003
3300066485_58.fna,3300066485_58,10901_0,58.44871893410646
3300066490_61.fna,3300066490_61,10902_0,70.34562948021042
3300047320_24.fna,3300047320_24,10903_0,59.60136788983324
3300081966_70.fna,3300081966_70,10904_0,61.00568189927444
3300082028_38.fna,3300082028_38,10905_0,46.09302060512128
3300082511_8.fna,3300082511_8,10906_0,47.51715524048164
3300061641_100.fna,3300061641_100,10907_0,37.746414383450414
3300062812_18.fna,3300062812_18,10908_1,71.70687963
3300066614_99.fna,3300066614_99,10908_2,64.03503438032502
3300062561_65.fna,3300062561_65,10909_1,56.39521693758627
3300064058_20.fna,3300064058_20,10909_2,75.91308456706412
3300060322_55.fna,3300060322_55,10909_3,39.21363205088539
3300060321_12.fna,3300060321_12,10910_0,53.26410074372925
3300060323_35.fna,3300060323_35,10911_0,53.88155407
3300082035_141.fna,3300082035_141,10912_0,57.44222483043445
3300081487_177.fna,3300081487_177,10913_1,65.47211044
3300081487_115.fna,3300081487_115,10914_1,32.89158118548423
3300044821_13.fna,3300044821_13,10915_0,37.664706882021356
3300062568_46.fna,3300062568_46,10916_0,58.471877563484334
3300062570_52.fna,3300062570_52,10917_0,64.39014716580571
3300060357_33.fna,3300060357_33,10918_0,44.903942991394935
3300062722_22.fna,3300062722_22,10919_0,78.12073705525205
3300063031_61.fna,3300063031_61,10920_0,64.99164754136825
3300055099_33.fna,3300055099_33,10921_0,68.10770047775694
3300055099_53.fna,3300055099_53,10922_0,89.34284994777467
3300078432_19.fna,3300078432_19,10923_0,48.72685395699024
3300077743_64.fna,3300077743_64,10924_1,88.08006486785281
3300078526_18.fna,3300078526_18,10925_0,46.43174160533503
3300052901_3.fna,3300052901_3,10926_0,78.98916224701311
3300061843_76.fna,3300061843_76,10927_0,60.64110793913641
3300051200_3.fna,3300051200_3,10928_1,61.91908150131897
3300059598_86.fna,3300059598_86,10929_0,89.69040934421966
3300051101_21.fna,3300051101_21,10930_1,90.56443991680543
3300066540_74.fna,3300066540_74,10931_0,64.10693633939754
3300045257_28.fna,3300045257_28,10932_0,46.699659232548555
3300075533_43.fna,3300075533_43,10933_1,86.30268098417977
3300050350_28.fna,3300050350_28,10934_0,63.89166356499602
3300051098_9.fna,3300051098_9,10935_1,75.30781556
3300078161_62.fna,3300078161_62,10936_0,79.21768928776592
3300046710_43.fna,3300046710_43,10937_1,85.33667421012052
3300037261_7.fna,3300037261_7,10938_0,78.46755610345143
3300082193_55.fna,3300082193_55,10939_0,88.50579111
3300060665_27.fna,3300060665_27,10940_0,84.95438460793663
3300050240_38.fna,3300050240_38,10941_1,78.42201607
3300051201_13.fna,3300051201_13,10942_1,60.327951901505024
3300031251_24.fna,3300031251_24,10943_0,86.26876499416073
3300056753_46.fna,3300056753_46,10944_1,75.99033719840672
3300063180_195.fna,3300063180_195,10945_0,62.68987531194229
3300049889_2.fna,3300049889_2,10946_0,57.79561988637664
3300080684_48.fna,3300080684_48,10947_0,64.88073582030687
3300043640_4.fna,3300043640_4,10948_0,88.39900499481628
3300077208_3.fna,3300077208_3,10949_0,65.23821399615902
3300043640_49.fna,3300043640_49,10950_0,70.74177042
3300056809_180.fna,3300056809_180,10951_1,60.30843074711937
3300056799_6.fna,3300056799_6,10952_1,80.40105443113586
3300065078_146.fna,3300065078_146,10953_1,68.77517263778323
3300059325_44.fna,3300059325_44,10954_0,55.42287657379706
3300064033_4.fna,3300064033_4,10955_0,62.23024989
3300044521_39.fna,3300044521_39,10956_0,67.32987889025095
3300056876_30.fna,3300056876_30,10957_0,64.55180428171552
3300066322_92.fna,3300066322_92,10958_0,59.492698811008474
3300064033_102.fna,3300064033_102,10959_0,83.31351083
3300062690_7.fna,3300062690_7,10960_0,76.11436863764439
3300066540_48.fna,3300066540_48,10961_0,67.82926279766099
3300042990_5.fna,3300042990_5,10962_0,56.05109144381513
3300051525_1.fna,3300051525_1,10963_0,83.09892509325539
3300060317_54.fna,3300060317_54,10964_0,57.61986967255327
3300059325_106.fna,3300059325_106,10965_0,61.948474624247694
3300066008_62.fna,3300066008_62,10966_0,66.68087032
3300056798_114.fna,3300056798_114,10967_1,84.76322368024817
3300059325_140.fna,3300059325_140,10968_0,50.175260475006375
3300056753_29.fna,3300056753_29,10969_0,54.98374113033853
3300056752_314.fna,3300056752_314,10970_1,79.58168571360694
3300056675_85.fna,3300056675_85,10971_1,60.17777269458579
3300056673_28.fna,3300056673_28,10972_1,89.44317047005977
3300066486_70.fna,3300066486_70,10973_0,86.61131430408672
3300066487_21.fna,3300066487_21,10974_0,83.30911375393582
3300064746_4.fna,3300064746_4,10975_0,88.64587112281092
3300063429_46.fna,3300063429_46,10976_1,89.51770515171242
3300054960_54.fna,3300054960_54,10977_0,48.90601767957476
3300062796_46.fna,3300062796_46,10978_0,59.26937339826447
3300063015_95.fna,3300063015_95,10979_0,88.59201603026946
3300063017_72.fna,3300063017_72,10980_0,88.46106026645136
3300050029_18.fna,3300050029_18,10981_1,57.74344196
3300075321_88.fna,3300075321_88,10981_2,68.56801387904318
3300050130_29.fna,3300050130_29,10982_1,77.42821939127116
3300050011_47.fna,3300050011_47,10983_1,74.71512974
3300050139_40.fna,3300050139_40,10983_2,61.73017765
3300050132_3.fna,3300050132_3,10983_3,88.46688634037925
3300046652_17.fna,3300046652_17,10984_0,87.76495202
3300047629_4.fna,3300047629_4,10985_0,68.20472530906576
3300044521_33.fna,3300044521_33,10986_0,74.56146134302772
3300075518_5.fna,3300075518_5,10987_0,69.73245364477901
3300079560_52.fna,3300079560_52,10988_0,68.59222822
3300063174_69.fna,3300063174_69,10989_0,57.77029489540661
3300050241_72.fna,3300050241_72,10990_1,85.25098996555933
3300050235_56.fna,3300050235_56,10991_1,85.30598551
3300037104_17.fna,3300037104_17,10992_1,76.81724561512313
3300078716_9.fna,3300078716_9,10993_0,68.93118929906994
3300064040_76.fna,3300064040_76,10994_0,82.57942756129029
3300014497_12.fna,3300014497_12,10995_0,60.238518113025016
3300050122_25.fna,3300050122_25,10996_0,73.01853850160471
3300044521_54.fna,3300044521_54,10997_0,63.89125166210556
3300064109_78.fna,3300064109_78,10998_1,84.71846817242628
3300045012_43.fna,3300045012_43,10998_2,79.50280132998745
3300043777_45.fna,3300043777_45,10998_3,75.25344685397395
3300063428_37.fna,3300063428_37,10998_4,64.78575414
3300062848_6.fna,3300062848_6,10998_5,58.01467113481898
3300060357_76.fna,3300060357_76,10999_0,56.88244437
3300066614_85.fna,3300066614_85,11000_0,59.600235296401884
3300060355_12.fna,3300060355_12,11001_0,66.35056927785752
3300082510_48.fna,3300082510_48,11002_0,65.00537241899382
3300078418_12.fna,3300078418_12,11003_0,86.34025666659905
3300013100_29.fna,3300013100_29,11004_0,42.30456677798337
3300055239_57.fna,3300055239_57,11005_0,53.49230865661838
3300055098_48.fna,3300055098_48,11006_0,66.93465825254512
3300044983_63.fna,3300044983_63,11007_0,51.97998922082101
3300061539_18.fna,3300061539_18,11008_0,24.622107165230666
3300077164_14.fna,3300077164_14,11009_1,55.68960352479735
3300055239_138.fna,3300055239_138,11010_0,61.254555732200295
3300077501_97.fna,3300077501_97,11011_1,62.39578486865273
3300046836_47.fna,3300046836_47,11012_1,79.85193463540543
3300051238_82.fna,3300051238_82,11013_1,58.81402793704938
3300061536_81.fna,3300061536_81,11013_2,66.73726419719061
3300055239_141.fna,3300055239_141,11014_0,65.51655618
3300077727_63.fna,3300077727_63,11015_1,68.00002211212322
3300079509_195.fna,3300079509_195,11016_0,51.646456275588044
3300051096_93.fna,3300051096_93,11017_0,84.25887225386775
3300067033_67.fna,3300067033_67,11018_0,63.85259146716773
3300048793_41.fna,3300048793_41,11019_1,88.90433160426632
3300050029_47.fna,3300050029_47,11020_0,64.16860593620444
3300046817_4.fna,3300046817_4,11021_1,85.16508950094102
3300046721_30.fna,3300046721_30,11022_1,79.80491888
3300077211_30.fna,3300077211_30,11023_0,54.972389340561755
3300072979_66.fna,3300072979_66,11024_0,86.25848974728339
3300081965_189.fna,3300081965_189,11025_0,63.394727582835145
3300057031_107.fna,3300057031_107,11026_0,79.97233251660701
3300061211_17.fna,3300061211_17,11027_0,83.95882641069915
3300078330_83.fna,3300078330_83,11028_1,86.91507680172913
3300049457_5.fna,3300049457_5,11029_0,57.99807775597572
3300078280_32.fna,3300078280_32,11030_0,88.70475552611495
3300077110_31.fna,3300077110_31,11031_0,68.13645319637516
3300050241_89.fna,3300050241_89,11032_1,84.44245139896832
3300078432_37.fna,3300078432_37,11033_0,62.17565373333447
3300060674_7.fna,3300060674_7,11034_1,82.85508108211485
3300080055_45.fna,3300080055_45,11035_0,49.11377672702511
3300082240_38.fna,3300082240_38,11036_0,61.236402161168286
3300079100_15.fna,3300079100_15,11037_1,74.12383063879089
3300077172_3.fna,3300077172_3,11038_0,64.95401076657056
3300080057_29.fna,3300080057_29,11039_1,66.40788968098448
3300076294_32.fna,3300076294_32,11040_1,67.67628346790647
3300079157_75.fna,3300079157_75,11041_1,78.83721726370372
3300081523_31.fna,3300081523_31,11042_0,85.67360620848523
3300044983_9.fna,3300044983_9,11043_1,67.84847388310831
3300063016_38.fna,3300063016_38,11044_1,66.50674163438799
3300044711_25.fna,3300044711_25,11045_0,51.15604898713711
3300062802_53.fna,3300062802_53,11046_0,69.11210716523065
3300054704_59.fna,3300054704_59,11047_0,78.12946391684036
3300046517_27.fna,3300046517_27,11048_1,66.35389168732624
3300055239_168.fna,3300055239_168,11049_0,55.007617473225075
3300045285_6.fna,3300045285_6,11050_1,84.19433391319492
3300055072_69.fna,3300055072_69,11051_0,92.84565842436477
3300066488_2.fna,3300066488_2,11052_1,87.34839027954897
3300055240_112.fna,3300055240_112,11053_0,69.68390276613532
3300013297_27.fna,3300013297_27,11054_1,65.71726768276292
3300044983_94.fna,3300044983_94,11055_0,62.20856602169104
3300037153_9.fna,3300037153_9,11056_0,40.925294334342574
3300079103_61.fna,3300079103_61,11057_1,77.30193208202134
3300048890_33.fna,3300048890_33,11057_2,68.35219371017064
3300055240_96.fna,3300055240_96,11058_0,69.12183407689135
3300082054_10.fna,3300082054_10,11059_0,51.22416206963808
3300081487_94.fna,3300081487_94,11060_0,69.13557368038789
3300079103_52.fna,3300079103_52,11061_0,62.47993427222975
3300082223_33.fna,3300082223_33,11062_0,71.71152329203775
3300050242_71.fna,3300050242_71,11063_1,68.70048063
3300061846_25.fna,3300061846_25,11064_0,64.87402688068983
3300061536_80.fna,3300061536_80,11065_0,64.89632710866651
3300079509_193.fna,3300079509_193,11066_0,56.29194215
3300082277_41.fna,3300082277_41,11067_0,60.45719160415274
3300049571_163.fna,3300049571_163,11068_1,69.58854389356216
3300062794_87.fna,3300062794_87,11069_0,68.64894471268573
3300066322_74.fna,3300066322_74,11070_1,70.18226516786187
3300055099_37.fna,3300055099_37,11071_0,69.16923852090666
3300082277_7.fna,3300082277_7,11072_0,66.18840901093975
3300066485_39.fna,3300066485_39,11073_1,65.81092306
3300059418_11.fna,3300059418_11,11074_1,63.91878665022261
3300063262_60.fna,3300063262_60,11075_1,63.76825888794775
3300063042_11.fna,3300063042_11,11076_0,28.29574006
3300064032_36.fna,3300064032_36,11077_1,77.52587516734607
3300060149_50.fna,3300060149_50,11078_1,65.71971786532828
3300077282_52.fna,3300077282_52,11079_1,74.8504219
3300075650_22.fna,3300075650_22,11080_1,76.18842187755789
3300078213_11.fna,3300078213_11,11080_2,64.9058159
3300081965_57.fna,3300081965_57,11081_0,58.116631142943994
3300048899_58.fna,3300048899_58,11082_0,58.763968258069035
3300061641_139.fna,3300061641_139,11083_0,89.66269047570452
3300043353_4.fna,3300043353_4,11084_0,62.38878268
3300076027_35.fna,3300076027_35,11085_0,93.63464950565499
3300045978_29.fna,3300045978_29,11086_1,80.71611149
3300081487_111.fna,3300081487_111,11087_0,76.46810448330243
3300050242_30.fna,3300050242_30,11088_1,91.89447096692643
3300081867_23.fna,3300081867_23,11088_2,86.15425049381368
3300061844_36.fna,3300061844_36,11089_1,65.81039198103792
3300079118_152.fna,3300079118_152,11089_2,66.38528426460822
3300082225_108.fna,3300082225_108,11090_0,66.51707118077249
3300078327_52.fna,3300078327_52,11091_0,79.56891299044992
3300045928_7.fna,3300045928_7,11092_1,91.75409675
3300044854_33.fna,3300044854_33,11093_1,75.15750427480454
3300061535_63.fna,3300061535_63,11094_0,88.93522766391526
3300060321_9.fna,3300060321_9,11095_0,62.67464827041736
3300060355_120.fna,3300060355_120,11096_0,26.633780520465006
3300043674_1.fna,3300043674_1,11097_0,57.04580465068941
3300050649_30.fna,3300050649_30,11098_0,71.47440650452604
3300075320_18.fna,3300075320_18,11099_1,77.98341336864291
3300054983_38.fna,3300054983_38,11100_0,71.47584860362441
3300078434_29.fna,3300078434_29,11101_0,78.06293713695209
3300060323_120.fna,3300060323_120,11102_0,63.92513927625902
3300080062_41.fna,3300080062_41,11103_0,77.83464044212768
3300075563_50.fna,3300075563_50,11104_0,83.55204105880142
3300044834_81.fna,3300044834_81,11105_0,74.77972676853841
3300054965_23.fna,3300054965_23,11106_0,74.19196218
3300055048_71.fna,3300055048_71,11107_0,83.94759807089281
3300043674_4.fna,3300043674_4,11108_0,56.714388886832346
3300059582_8.fna,3300059582_8,11109_0,56.69108403968401
3300082204_8.fna,3300082204_8,11110_0,78.23422542
3300078520_20.fna,3300078520_20,11111_0,68.5323289
3300036861_13.fna,3300036861_13,11112_0,78.44974384213721
3300063066_86.fna,3300063066_86,11113_0,89.19484868173268
3300050235_44.fna,3300050235_44,11114_1,100.38105211408245
3300062776_148.fna,3300062776_148,11115_1,76.89484770555923
3300063177_11.fna,3300063177_11,11115_2,94.04720114489024
3300062776_83.fna,3300062776_83,11116_0,99.03422130249375
3300062801_63.fna,3300062801_63,11117_0,81.04933199
3300066478_32.fna,3300066478_32,11118_0,71.56390885635446
3300066485_68.fna,3300066485_68,11119_0,41.20297884954621
3300059581_32.fna,3300059581_32,11120_1,94.22269537614231
3300051521_75.fna,3300051521_75,11121_0,75.09995203
3300056751_70.fna,3300056751_70,11122_1,84.45984133863821
3300042876_73.fna,3300042876_73,11123_0,72.03982042267779
3300044712_259.fna,3300044712_259,11124_0,36.50521295869555
3300056973_37.fna,3300056973_37,11125_0,47.066482810352035
3300057012_24.fna,3300057012_24,11126_1,80.12996283529301
3300057042_66.fna,3300057042_66,11127_0,36.92371686094353
3300081965_103.fna,3300081965_103,11128_0,93.35144788
3300081965_66.fna,3300081965_66,11129_0,37.716316058343146
3300072976_54.fna,3300072976_54,11130_0,76.66736397
3300082197_129.fna,3300082197_129,11131_0,77.97289264097961
3300050016_64.fna,3300050016_64,11132_0,76.43213619200047
3300066478_66.fna,3300066478_66,11133_1,88.03959492598048
3300048902_47.fna,3300048902_47,11134_0,68.27667401996163
3300049570_2.fna,3300049570_2,11135_0,58.330338637216684
3300081966_122.fna,3300081966_122,11136_0,73.02597409543928
3300050137_19.fna,3300050137_19,11137_1,89.76974538254497
3300082252_23.fna,3300082252_23,11138_1,68.32366586258824
3300048817_30.fna,3300048817_30,11139_0,57.89312602568468
3300064045_43.fna,3300064045_43,11140_0,65.54486659897125
3300062799_63.fna,3300062799_63,11141_1,83.86329719111406
3300045996_273.fna,3300045996_273,11142_0,67.01279001411763
3300078422_26.fna,3300078422_26,11143_1,57.38410772186221
3300045996_141.fna,3300045996_141,11144_1,88.04603191663276
3300079162_52.fna,3300079162_52,11144_2,66.30521168694634
3300081137_2.fna,3300081137_2,11144_3,70.08835653164044
3300063260_23.fna,3300063260_23,11145_0,25.915352384107887
3300060914_26.fna,3300060914_26,11146_1,77.63897700203471
3300080685_4.fna,3300080685_4,11146_2,74.24042557685983
3300059420_6.fna,3300059420_6,11147_1,73.89607513895068
3300080627_59.fna,3300080627_59,11147_2,77.36094427485294
3300064482_91.fna,3300064482_91,11148_0,26.00562930845206
3300082073_50.fna,3300082073_50,11149_1,68.90518943879282
3300075532_19.fna,3300075532_19,11150_0,80.72564889829881
3300078521_12.fna,3300078521_12,11151_1,80.41819719842768
3300075770_53.fna,3300075770_53,11152_1,61.46166487641163
3300072968_6.fna,3300072968_6,11153_0,71.79114856716403
3300082531_42.fna,3300082531_42,11154_1,63.41611783691323
3300041972_6.fna,3300041972_6,11155_0,81.95234190748802
3300072963_2.fna,3300072963_2,11156_0,78.70540102438613
3300081526_32.fna,3300081526_32,11157_0,44.97514332362276
3300045778_10.fna,3300045778_10,11158_0,84.29960882851145
3300063430_38.fna,3300063430_38,11159_0,76.75321887322698
3300056753_248.fna,3300056753_248,11160_0,79.87805860783574
3300066322_20.fna,3300066322_20,11161_0,46.605086448196566
3300065475_6.fna,3300065475_6,11162_1,83.71972080458553
3300066485_78.fna,3300066485_78,11162_2,78.18183177650226
3300062833_104.fna,3300062833_104,11163_0,84.73864336575706
3300072780_47.fna,3300072780_47,11164_0,58.71903335327325
3300031720_3.fna,3300031720_3,11165_0,26.96803761741919
3300055098_20.fna,3300055098_20,11166_0,79.28181398819194
3300060322_45.fna,3300060322_45,11167_0,61.170478852977716
3300056972_8.fna,3300056972_8,11168_1,74.35639914107396
3300056996_201.fna,3300056996_201,11169_0,64.01865222
3300056752_133.fna,3300056752_133,11170_1,85.57186894269314
3300080687_71.fna,3300080687_71,11171_0,47.21763480004972
3300056888_71.fna,3300056888_71,11172_1,72.50313845619573
3300037054_4.fna,3300037054_4,11173_0,89.68739213952351
3300055048_21.fna,3300055048_21,11174_0,81.15209145571023
3300062768_13.fna,3300062768_13,11175_0,81.21839527
3300077816_28.fna,3300077816_28,11176_0,81.54690485133646
3300060015_75.fna,3300060015_75,11177_0,89.29950241585317
3300061536_28.fna,3300061536_28,11178_0,72.06374136827846
3300061537_4.fna,3300061537_4,11179_0,86.72124473229088
3300048797_45.fna,3300048797_45,11180_1,93.83483404722098
3300050029_60.fna,3300050029_60,11181_0,69.63148552672959
3300050242_14.fna,3300050242_14,11182_0,51.47542547868696
3300061844_2.fna,3300061844_2,11183_0,62.55689219323469
3300065474_35.fna,3300065474_35,11184_1,79.94695396
3300077577_12.fna,3300077577_12,11185_1,89.98909001317192
3300078750_60.fna,3300078750_60,11185_2,68.85923217267072
3300050230_45.fna,3300050230_45,11186_1,87.86689247
3300051200_9.fna,3300051200_9,11187_1,93.44051734
3300060313_44.fna,3300060313_44,11188_0,92.601864
3300044521_57.fna,3300044521_57,11189_0,58.21804254271163
3300078387_22.fna,3300078387_22,11190_0,67.5842242
3300044799_38.fna,3300044799_38,11191_0,86.95977441182904
3300050015_100.fna,3300050015_100,11192_0,67.33154667254809
3300055072_76.fna,3300055072_76,11193_0,84.50763264
3300080029_4.fna,3300080029_4,11194_0,97.60619480712953
3300061213_17.fna,3300061213_17,11195_0,81.18697528003152
3300076037_46.fna,3300076037_46,11196_0,42.99993954320061
3300051099_53.fna,3300051099_53,11197_1,82.04862646524758
3300082281_18.fna,3300082281_18,11198_0,70.03137116807227
3300063339_23.fna,3300063339_23,11199_0,72.93588711350371
3300051204_26.fna,3300051204_26,11200_0,50.914322919453554
3300082192_70.fna,3300082192_70,11201_0,59.479031308913186
3300077821_31.fna,3300077821_31,11202_0,71.00961811670646
3300082192_56.fna,3300082192_56,11203_0,87.94226963698276
3300079509_204.fna,3300079509_204,11204_1,91.54973414786606
3300050011_38.fna,3300050011_38,11205_0,96.24856283664269
3300050473_3.fna,3300050473_3,11206_0,50.83782175241203
3300050481_5.fna,3300050481_5,11207_0,65.71642973758117
3300050471_6.fna,3300050471_6,11208_0,75.79723647526168
3300050475_3.fna,3300050475_3,11209_0,74.85685459144864
3300050463_4.fna,3300050463_4,11210_0,51.90907562519182
3300054703_35.fna,3300054703_35,11211_0,85.22110478355805
3300050029_46.fna,3300050029_46,11212_1,61.11697152905435
3300075574_78.fna,3300075574_78,11213_1,89.06002900925894
3300078328_64.fna,3300078328_64,11213_2,76.47599512554038
3300048800_54.fna,3300048800_54,11214_0,77.60906289
3300082510_13.fna,3300082510_13,11215_0,52.410274780070374
3300062768_44.fna,3300062768_44,11216_0,90.98564123778354
3300063084_77.fna,3300063084_77,11217_0,49.38288196155558
3300050029_39.fna,3300050029_39,11218_0,76.40914598797225
3300047313_6.fna,3300047313_6,11219_0,66.45250493045292
3300054968_7.fna,3300054968_7,11220_1,98.6874224
3300054680_23.fna,3300054680_23,11221_1,99.43928792
3300054968_49.fna,3300054968_49,11222_0,79.95626269122577
3300063339_126.fna,3300063339_126,11223_1,85.91236193151188
3300048797_59.fna,3300048797_59,11224_0,77.16264756152114
3300065074_45.fna,3300065074_45,11225_0,73.68178842
3300048797_28.fna,3300048797_28,11226_0,99.27601276
3300054703_78.fna,3300054703_78,11227_0,62.36842632380066
3300082212_59.fna,3300082212_59,11228_0,25.087356844378885
3300082192_73.fna,3300082192_73,11229_0,57.07295472324728
3300082192_74.fna,3300082192_74,11230_0,59.34369985637974
3300060355_7.fna,3300060355_7,11231_1,56.164179053258394
3300076642_41.fna,3300076642_41,11232_0,49.257788615564266
3300065074_41.fna,3300065074_41,11233_0,78.86432627
3300061536_79.fna,3300061536_79,11234_0,85.80121037710978
3300062827_54.fna,3300062827_54,11235_0,76.58793400082389
3300076621_65.fna,3300076621_65,11236_0,66.18662933264176
3300061537_124.fna,3300061537_124,11237_0,60.49948489861145
3300077816_49.fna,3300077816_49,11238_0,77.98290265070132
3300060016_11.fna,3300060016_11,11239_0,42.095806364609714
3300066457_2.fna,3300066457_2,11240_0,51.44420677570018
3300060317_18.fna,3300060317_18,11241_1,94.01940523280985
3300031691_8.fna,3300031691_8,11242_0,30.264190257659788
3300078172_4.fna,3300078172_4,11243_1,60.751622527406575
3300082193_79.fna,3300082193_79,11243_2,63.49627675891607
3300045253_2.fna,3300045253_2,11243_3,72.91531613025626
3300051099_24.fna,3300051099_24,11244_1,50.28419334
3300082033_53.fna,3300082033_53,11244_2,80.14767595480451
3300044832_6.fna,3300044832_6,11245_0,92.73889631212148
3300076027_22.fna,3300076027_22,11246_0,61.657449512136694
3300060779_2.fna,3300060779_2,11247_0,61.03245964714332
3300059374_52.fna,3300059374_52,11248_0,67.71857044489239
3300061537_5.fna,3300061537_5,11249_0,49.66146445750756
3300051521_18.fna,3300051521_18,11250_0,89.49520494959917
3300059594_33.fna,3300059594_33,11251_1,84.47902777
3300060015_12.fna,3300060015_12,11252_1,93.71023991132039
3300060313_27.fna,3300060313_27,11253_0,58.19825581233064
3300066457_18.fna,3300066457_18,11254_0,76.34743590877002
3300051238_74.fna,3300051238_74,11255_1,74.51096952723957
3300076762_75.fna,3300076762_75,11256_1,86.06318577771782
3300062820_12.fna,3300062820_12,11257_0,79.09043327729104
3300077907_48.fna,3300077907_48,11258_0,83.75852291737692
3300057005_3.fna,3300057005_3,11259_0,59.361164634498415
3300056751_229.fna,3300056751_229,11260_1,100.10409289245035
3300065082_49.fna,3300065082_49,11261_1,101.04400089178472
3300066008_102.fna,3300066008_102,11262_0,53.39187886158194
3300051201_61.fna,3300051201_61,11263_1,82.21769698684392
3300053671_82.fna,3300053671_82,11263_2,72.01889009
3300063054_29.fna,3300063054_29,11264_0,84.71388072479414
3300075575_27.fna,3300075575_27,11265_1,84.75245799085991
3300054114_37.fna,3300054114_37,11266_0,75.53282548684547
3300014839_30.fna,3300014839_30,11267_0,63.972951883108294
3300082211_125.fna,3300082211_125,11268_0,32.05602640434892
3300057053_126.fna,3300057053_126,11269_0,68.74378628939927
3300081968_46.fna,3300081968_46,11270_0,58.97166143006022
3300082211_118.fna,3300082211_118,11271_0,63.26611167071387
3300082211_50.fna,3300082211_50,11272_0,66.05020635059863
3300056798_29.fna,3300056798_29,11273_1,90.22149135747195
3300056674_122.fna,3300056674_122,11273_2,85.69112910223264
3300044796_7.fna,3300044796_7,11274_0,96.27828288640676
3300056797_182.fna,3300056797_182,11275_0,98.23409701007031
3300045996_105.fna,3300045996_105,11276_0,78.63259877347969
3300028590_18.fna,3300028590_18,11277_0,77.33713638
3300064003_35.fna,3300064003_35,11278_0,79.03674364392434
3300045996_65.fna,3300045996_65,11279_0,98.13618018336507
3300054704_156.fna,3300054704_156,11280_0,72.63380988725869
3300045996_144.fna,3300045996_144,11281_1,102.59702441592209
3300042904_3.fna,3300042904_3,11282_0,100.80886145734542
3300081966_146.fna,3300081966_146,11283_0,83.64084680748486
3300037196_13.fna,3300037196_13,11284_1,78.24555775
3300078359_86.fna,3300078359_86,11285_0,79.01186618227632
3300080028_32.fna,3300080028_32,11286_0,90.32615538181405
3300050027_52.fna,3300050027_52,11287_1,100.01502933730097
3300060918_47.fna,3300060918_47,11288_1,77.12787659
3300060644_35.fna,3300060644_35,11289_1,96.97164489325657
3300081831_110.fna,3300081831_110,11289_2,95.05874108578058
3300081828_89.fna,3300081828_89,11290_0,68.04643969358565
3300081831_89.fna,3300081831_89,11291_1,99.34677224683072
3300081831_37.fna,3300081831_37,11292_0,97.42742881739832
3300061638_41.fna,3300061638_41,11293_0,77.19334774754805
3300045801_5.fna,3300045801_5,11294_0,89.91157671093892
3300056676_162.fna,3300056676_162,11295_1,85.53027509220239
3300056674_222.fna,3300056674_222,11296_0,54.19330757
3300056752_323.fna,3300056752_323,11297_0,91.80052789294763
3300056977_9.fna,3300056977_9,11298_0,68.79571133304451
3300044648_99.fna,3300044648_99,11299_0,83.12638142613754
3300045996_112.fna,3300045996_112,11300_0,83.56589091527404
3300056977_15.fna,3300056977_15,11301_1,72.85076979106273
3300063242_2.fna,3300063242_2,11302_0,75.98273429
3300063050_9.fna,3300063050_9,11303_1,98.23218541249182
3300060354_6.fna,3300060354_6,11303_2,90.84398663
3300063085_46.fna,3300063085_46,11304_1,74.34118959584124
3300045996_482.fna,3300045996_482,11305_0,54.236282071545325
3300063416_73.fna,3300063416_73,11306_1,100.6099360026228
3300045733_20.fna,3300045733_20,11307_1,81.08895303355266
3300063261_12.fna,3300063261_12,11308_0,89.09172334455486
3300079690_38.fna,3300079690_38,11309_0,77.23997602996111
3300072780_34.fna,3300072780_34,11310_0,90.19173518303059
3300078761_57.fna,3300078761_57,11311_0,95.30785024639094
3300072780_12.fna,3300072780_12,11312_1,96.77768498371945
3300056673_29.fna,3300056673_29,11313_1,99.59382450114748
3300072960_34.fna,3300072960_34,11314_0,66.32139819758778
3300072958_17.fna,3300072958_17,11315_0,97.03052086185801
3300014325_9.fna,3300014325_9,11316_0,91.07635339444919
3300044983_44.fna,3300044983_44,11317_0,77.90779235
3300049747_1.fna,3300049747_1,11318_1,96.63740172931111
3300049748_6.fna,3300049748_6,11318_2,83.15592156540235
3300031251_20.fna,3300031251_20,11319_0,91.73546957094858
3300033561_4.fna,3300033561_4,11320_1,72.79350672999688
3300050034_38.fna,3300050034_38,11321_0,69.98237892444064
3300051063_4.fna,3300051063_4,11322_0,97.91363084617693
3300057055_132.fna,3300057055_132,11323_0,54.71401860320344
3300056799_239.fna,3300056799_239,11324_1,55.54378561722374
3300056675_48.fna,3300056675_48,11324_2,69.83999417865621
3300056676_70.fna,3300056676_70,11325_0,86.97140584590358
3300056811_159.fna,3300056811_159,11326_1,93.60583559009795
3300063172_77.fna,3300063172_77,11327_1,86.42324300952826
3300056674_43.fna,3300056674_43,11328_1,96.77831116906849
3300045855_9.fna,3300045855_9,11329_0,95.33198042
3300056674_302.fna,3300056674_302,11330_0,53.42075059423083
3300060323_13.fna,3300060323_13,11331_1,76.59360945532312
3300064042_91.fna,3300064042_91,11332_0,64.96136672902271
3300051094_82.fna,3300051094_82,11333_0,96.62477115173103
3300013296_24.fna,3300013296_24,11334_0,83.68928247144062
3300063168_12.fna,3300063168_12,11335_1,72.50495691790228
3300031251_15.fna,3300031251_15,11336_0,95.27367028938569
3300031344_12.fna,3300031344_12,11337_0,100.15072666399774
3300048800_55.fna,3300048800_55,11338_1,99.42452428717937
3300044529_3.fna,3300044529_3,11339_0,55.39732786629905
3300050139_57.fna,3300050139_57,11340_0,87.59632581298177
3300031577_3.fna,3300031577_3,11341_0,89.69200493731356
3300044712_163.fna,3300044712_163,11342_0,93.43116691938678
3300072652_47.fna,3300072652_47,11343_1,94.08494728697777
3300062820_52.fna,3300062820_52,11344_0,76.00037822
3300049728_17.fna,3300049728_17,11345_1,94.54185563
3300036884_17.fna,3300036884_17,11346_0,85.97971151097155
3300051094_19.fna,3300051094_19,11347_0,87.44530074923279
3300051196_31.fna,3300051196_31,11348_0,77.54837016683817
3300042876_6.fna,3300042876_6,11349_1,102.60917190447276
3300044712_78.fna,3300044712_78,11350_0,100.06949062360447
3300033486_16.fna,3300033486_16,11351_0,57.324366614902395
3300050024_24.fna,3300050024_24,11352_0,97.03658079056622
3300056876_61.fna,3300056876_61,11353_0,65.28796852124155
3300063017_126.fna,3300063017_126,11354_1,96.07363616022634
3300072776_31.fna,3300072776_31,11355_0,76.64850646968826
3300044797_43.fna,3300044797_43,11356_1,82.53896259476501
3300080028_35.fna,3300080028_35,11356_2,96.27905487552387
3300079305_17.fna,3300079305_17,11357_0,62.888420245079615
3300079404_24.fna,3300079404_24,11358_0,71.62750135360747
3300045806_25.fna,3300045806_25,11359_0,82.56413276660496
3300045994_20.fna,3300045994_20,11360_0,92.04476495278777
3300037196_10.fna,3300037196_10,11361_1,89.77048042776094
3300050132_29.fna,3300050132_29,11362_0,83.40782152511044
3300056977_328.fna,3300056977_328,11363_1,99.89677852
3300056811_36.fna,3300056811_36,11364_0,85.97432137558359
3300063180_51.fna,3300063180_51,11365_1,94.24248349781134
3300056753_88.fna,3300056753_88,11366_0,58.41316733162647
3300056676_109.fna,3300056676_109,11367_1,91.25433071085757
3300056676_104.fna,3300056676_104,11368_1,97.67253960188015
3300056811_276.fna,3300056811_276,11369_1,93.95601719528807
3300065078_175.fna,3300065078_175,11369_2,79.49585640858278
3300050132_53.fna,3300050132_53,11369_3,93.53976046110246
3300044712_186.fna,3300044712_186,11370_1,63.02153620614226
3300045051_189.fna,3300045051_189,11370_2,79.81240394119247
3300042876_144.fna,3300042876_144,11371_0,67.19689403978376
3300056753_81.fna,3300056753_81,11372_1,99.03715357179586
3300056977_220.fna,3300056977_220,11373_1,102.08014240876362
3300081966_131.fna,3300081966_131,11374_1,88.26577847
3300056811_23.fna,3300056811_23,11375_1,59.02581981095206
3300056673_112.fna,3300056673_112,11375_2,95.92974043733159
3300056797_6.fna,3300056797_6,11375_3,96.39115308416393
3300075321_72.fna,3300075321_72,11376_1,89.28676892888062
3300050019_61.fna,3300050019_61,11376_2,97.88559735983954
3300048800_29.fna,3300048800_29,11376_3,76.65151000331036
3300080942_5.fna,3300080942_5,11377_0,31.534537200700452
3300082211_26.fna,3300082211_26,11378_1,67.80556783719459
3300057048_22.fna,3300057048_22,11379_1,87.88470669003186
3300057056_13.fna,3300057056_13,11379_2,41.25807775597572
3300082281_148.fna,3300082281_148,11380_1,77.31822666508585
3300054963_86.fna,3300054963_86,11381_0,96.68963947533034
3300045051_112.fna,3300045051_112,11382_0,96.10145000358106
3300056677_13.fna,3300056677_13,11383_1,99.18414964134266
3300057050_113.fna,3300057050_113,11384_0,55.98632355310916
3300078541_48.fna,3300078541_48,11385_1,88.57185175156846
3300077178_36.fna,3300077178_36,11386_1,89.86273835906881
3300077285_38.fna,3300077285_38,11387_1,94.03659374497148
3300077207_4.fna,3300077207_4,11387_2,85.91461332934186
3300078492_15.fna,3300078492_15,11387_3,72.80446937179124
3300060805_22.fna,3300060805_22,11388_0,89.27934235854086
3300056867_118.fna,3300056867_118,11389_0,69.28754748
3300081524_23.fna,3300081524_23,11390_0,64.69811350546306
3300050132_30.fna,3300050132_30,11391_0,92.00525553484079
3300050132_47.fna,3300050132_47,11392_0,85.60586077161557
3300045743_17.fna,3300045743_17,11393_0,97.11868245764894
3300057012_35.fna,3300057012_35,11394_0,77.37869291626872
3300044821_31.fna,3300044821_31,11395_0,80.40896028317518
3300060695_77.fna,3300060695_77,11396_0,73.37311363152617
3300063172_230.fna,3300063172_230,11397_1,89.23013459388613
3300063180_286.fna,3300063180_286,11398_1,91.08617234902927
3300056811_326.fna,3300056811_326,11399_0,97.77241886709163
3300063015_104.fna,3300063015_104,11400_0,79.55225078065479
3300072653_42.fna,3300072653_42,11401_0,87.91014845815455
3300063261_40.fna,3300063261_40,11402_0,87.38080270493234
3300021066_4.fna,3300021066_4,11403_0,75.98048958173848
3300064095_19.fna,3300064095_19,11404_0,66.91049896
3300020215_14.fna,3300020215_14,11405_0,87.39316733162647
3300072654_76.fna,3300072654_76,11406_0,89.46007859901029
3300051099_145.fna,3300051099_145,11407_0,83.67964266
3300060297_44.fna,3300060297_44,11408_1,101.79314697491739
3300044807_26.fna,3300044807_26,11409_0,84.70266910117347
3300077282_50.fna,3300077282_50,11410_1,70.40814799728156
3300077302_53.fna,3300077302_53,11410_2,69.54771486909227
3300033481_15.fna,3300033481_15,11411_0,81.42281535111397
3300035109_6.fna,3300035109_6,11412_0,67.03798995707011
3300080744_43.fna,3300080744_43,11413_0,93.44510188341197
3300044796_53.fna,3300044796_53,11414_0,93.09940245670325
3300044796_73.fna,3300044796_73,11415_0,93.12739652949047
3300050137_23.fna,3300050137_23,11416_1,77.72307816017461
3300064407_53.fna,3300064407_53,11417_0,62.45970355400944
3300072128_19.fna,3300072128_19,11418_0,69.07587784904413
3300072657_21.fna,3300072657_21,11419_0,96.56491209290913
3300036859_10.fna,3300036859_10,11420_0,84.16055082
3300044693_2.fna,3300044693_2,11421_0,78.15002365883069
3300017972_8.fna,3300017972_8,11422_0,56.15873106900653
3300077018_45.fna,3300077018_45,11423_1,81.64199966950993
3300054965_59.fna,3300054965_59,11424_0,84.02873277723708
3300045049_17.fna,3300045049_17,11425_0,78.06102457
3300060918_29.fna,3300060918_29,11426_0,60.872591467167716
3300076649_87.fna,3300076649_87,11427_1,87.91892430527372
3300044713_56.fna,3300044713_56,11428_1,90.33844237109983
3300082173_56.fna,3300082173_56,11428_2,75.44222279071654
3300043778_28.fna,3300043778_28,11429_0,72.26379710591311
3300045020_23.fna,3300045020_23,11430_1,80.62375459
3300063922_6.fna,3300063922_6,11431_1,91.33032680120495
3300073837_10.fna,3300073837_10,11432_0,54.86866578519557
3300073838_26.fna,3300073838_26,11433_0,52.59030371320334
3300081828_6.fna,3300081828_6,11434_0,69.33260279301751
3300041404_3.fna,3300041404_3,11435_1,92.67932683528034
3300042184_3.fna,3300042184_3,11436_0,89.70384053637643
3300049459_30.fna,3300049459_30,11437_1,95.9865928
3300046492_19.fna,3300046492_19,11437_2,93.2017944
3300047323_33.fna,3300047323_33,11438_1,79.16452681779582
3300046648_13.fna,3300046648_13,11438_2,88.29642442959059
3300054999_51.fna,3300054999_51,11438_3,80.83604777305268
3300046452_18.fna,3300046452_18,11439_0,68.18679382985358
3300046501_39.fna,3300046501_39,11440_0,61.262608840605786
3300062838_18.fna,3300062838_18,11441_0,70.12793559536368
3300013105_27.fna,3300013105_27,11442_0,39.52729723596614
3300073844_10.fna,3300073844_10,11443_0,82.72655096833192
3300046460_36.fna,3300046460_36,11444_1,86.34695312460977
3300061639_8.fna,3300061639_8,11445_1,89.10963689795311
3300043640_16.fna,3300043640_16,11446_0,81.79877276915437
3300043640_17.fna,3300043640_17,11447_0,98.29982408628561
3300050134_11.fna,3300050134_11,11448_0,78.08023980266756
3300061639_94.fna,3300061639_94,11449_0,74.90853208
3300056750_101.fna,3300056750_101,11450_1,89.85176867047596
3300077164_78.fna,3300077164_78,11451_1,99.50153631665965
3300045240_16.fna,3300045240_16,11452_0,93.57743807
3300050120_29.fna,3300050120_29,11453_0,67.67579660217447
3300062862_39.fna,3300062862_39,11454_1,69.20882279942857
3300077302_7.fna,3300077302_7,11455_1,95.17602849088169
3300075634_29.fna,3300075634_29,11455_2,73.58982566
3300056753_103.fna,3300056753_103,11456_0,94.92121703147079
3300062563_10.fna,3300062563_10,11457_0,78.91794089931481
3300079119_34.fna,3300079119_34,11458_0,90.10531411
3300046471_22.fna,3300046471_22,11459_1,92.94888713
3300048890_45.fna,3300048890_45,11459_2,62.71391284222123
3300046507_1.fna,3300046507_1,11460_1,85.86882732754226
3300046460_2.fna,3300046460_2,11460_2,79.18626254758638
3300054964_20.fna,3300054964_20,11461_0,91.91327673898064
3300036991_3.fna,3300036991_3,11462_0,86.30105579603007
3300046471_48.fna,3300046471_48,11463_0,89.96459073798893
3300048890_34.fna,3300048890_34,11464_0,94.47378765865452
3300082538_36.fna,3300082538_36,11465_0,94.90774832957712
3300061638_39.fna,3300061638_39,11466_0,66.08332553854443
3300064033_64.fna,3300064033_64,11467_0,72.68015450178531
3300079560_20.fna,3300079560_20,11468_0,84.87821985990838
3300050139_43.fna,3300050139_43,11469_1,93.70437381226257
3300064044_104.fna,3300064044_104,11470_0,80.33899197472356
3300049573_28.fna,3300049573_28,11471_1,84.77084967057986
3300044765_12.fna,3300044765_12,11472_1,81.65394845190117
3300049574_70.fna,3300049574_70,11473_1,80.72617063560622
3300060353_8.fna,3300060353_8,11474_0,84.93079130776516
3300048890_52.fna,3300048890_52,11475_0,88.21692412635613
3300043390_4.fna,3300043390_4,11476_0,76.40360984448706
3300048892_39.fna,3300048892_39,11477_1,93.20324216
3300043616_2.fna,3300043616_2,11478_0,64.61118929906995
3300013306_33.fna,3300013306_33,11479_0,94.70914733040951
3300062563_45.fna,3300062563_45,11480_0,90.76265572577914
3300043642_14.fna,3300043642_14,11481_0,93.28670006281843
3300079533_51.fna,3300079533_51,11482_1,89.97867935828853
3300049588_19.fna,3300049588_19,11483_1,80.36067207
3300049589_52.fna,3300049589_52,11484_0,53.86583450368997
3300054984_75.fna,3300054984_75,11485_1,93.59210258903211
3300055049_32.fna,3300055049_32,11485_2,86.15918704307569
3300055239_208.fna,3300055239_208,11486_0,65.91158754
3300056674_277.fna,3300056674_277,11487_1,86.58419049391942
3300056673_95.fna,3300056673_95,11488_1,59.95154819
3300059325_52.fna,3300059325_52,11489_0,80.12904079159416
3300043595_8.fna,3300043595_8,11490_0,69.23177937345736
3300056809_306.fna,3300056809_306,11491_1,98.43189694254198
3300062805_59.fna,3300062805_59,11492_1,93.73470815
3300063045_26.fna,3300063045_26,11493_0,88.98737287368238
3300063062_14.fna,3300063062_14,11494_0,87.27127926742516
3300063032_24.fna,3300063032_24,11495_0,89.83944844991488
3300066486_38.fna,3300066486_38,11496_1,96.17585783617535
3300049570_3.fna,3300049570_3,11497_0,66.16788066001804
3300049571_135.fna,3300049571_135,11498_0,72.43194111
3300050225_3.fna,3300050225_3,11499_1,85.72273332196846
3300050241_67.fna,3300050241_67,11500_1,92.49126384
3300082286_28.fna,3300082286_28,11501_1,91.01132189
3300050222_47.fna,3300050222_47,11502_1,92.58560746
3300050225_17.fna,3300050225_17,11502_2,54.93173191
3300061177_31.fna,3300061177_31,11503_0,80.70165524289706
3300050236_34.fna,3300050236_34,11504_0,76.55722687557547
3300062822_95.fna,3300062822_95,11505_1,95.47785964449201
3300063075_63.fna,3300063075_63,11505_2,59.96147458735776
3300063020_40.fna,3300063020_40,11506_0,99.4486334
3300049171_30.fna,3300049171_30,11507_0,97.49386978547305
3300049571_114.fna,3300049571_114,11508_0,89.79666116169301
3300066521_90.fna,3300066521_90,11509_0,89.23984902771444
3300060652_32.fna,3300060652_32,11510_0,92.07353643494366
3300065457_31.fna,3300065457_31,11511_0,94.19987410946594
3300065456_25.fna,3300065456_25,11512_0,96.54848650938278
3300072783_74.fna,3300072783_74,11513_0,84.03518342287569
3300062795_55.fna,3300062795_55,11514_1,83.17734013
3300063429_38.fna,3300063429_38,11514_2,97.51151072460229
3300063066_30.fna,3300063066_30,11514_3,93.24072225404315
3300053710_34.fna,3300053710_34,11515_0,101.84745794181285
3300064408_51.fna,3300064408_51,11516_0,71.77174969
3300082533_18.fna,3300082533_18,11517_0,93.54477860986628
3300062684_33.fna,3300062684_33,11518_0,77.54206639858462
3300072778_55.fna,3300072778_55,11519_1,97.80174821272368
3300054986_71.fna,3300054986_71,11520_0,96.66997122657963
3300054986_34.fna,3300054986_34,11521_0,95.21174052510219
3300045051_171.fna,3300045051_171,11522_1,93.78034827006174
3300072967_18.fna,3300072967_18,11523_0,56.975838924595735
3300046525_10.fna,3300046525_10,11524_0,76.02615400483106
3300065480_27.fna,3300065480_27,11525_0,98.66807583330204
3300072978_30.fna,3300072978_30,11526_0,70.38516688424751
3300065155_13.fna,3300065155_13,11527_0,89.45046980101903
3300065155_2.fna,3300065155_2,11528_0,87.29506641
3300062792_57.fna,3300062792_57,11529_1,97.47266882
3300063177_5.fna,3300063177_5,11529_2,73.20688982657528
3300053709_6.fna,3300053709_6,11530_1,101.19236731833878
3300034630_6.fna,3300034630_6,11531_0,69.7251903
3300049571_10.fna,3300049571_10,11532_0,83.82067031536299
3300042922_24.fna,3300042922_24,11533_1,72.53977636
3300047320_34.fna,3300047320_34,11533_2,79.95108034449773
3300063162_38.fna,3300063162_38,11533_3,94.49709586631229
3300036771_10.fna,3300036771_10,11534_0,94.4204623
3300060645_73.fna,3300060645_73,11535_0,91.42893032969246
3300073834_21.fna,3300073834_21,11536_0,94.97824327869051
3300028331_2.fna,3300028331_2,11537_0,101.0707000954622
3300063032_67.fna,3300063032_67,11538_0,83.55031704735394
3300063164_6.fna,3300063164_6,11539_1,55.972553856613544
3300062833_72.fna,3300062833_72,11540_1,96.80306246678185
3300063261_33.fna,3300063261_33,11540_2,68.53568167216257
3300045240_19.fna,3300045240_19,11541_0,95.76719662698805
3300063046_37.fna,3300063046_37,11542_0,71.66541497992426
3300056753_241.fna,3300056753_241,11543_1,98.23284406747553
3300056811_323.fna,3300056811_323,11544_1,91.62579879126217
3300056603_10.fna,3300056603_10,11544_2,83.20283519239368
3300063153_36.fna,3300063153_36,11545_1,88.64339084375449
3300063137_60.fna,3300063137_60,11546_0,67.19718581778211
3300072636_7.fna,3300072636_7,11547_1,92.6356781
3300072658_40.fna,3300072658_40,11547_2,88.36814518876531
3300050232_58.fna,3300050232_58,11548_1,82.97277877
3300050241_56.fna,3300050241_56,11549_0,77.8161217
3300072651_8.fna,3300072651_8,11550_1,101.21280503032182
3300072685_23.fna,3300072685_23,11550_2,98.21339951567577
3300072776_24.fna,3300072776_24,11551_1,101.93094143846514
3300049259_50.fna,3300049259_50,11552_0,40.940316862567414
3300072687_55.fna,3300072687_55,11553_1,95.20592576340695
3300054704_44.fna,3300054704_44,11553_2,92.27533939057324
3300072652_2.fna,3300072652_2,11554_1,92.03886865296576
3300072976_37.fna,3300072976_37,11555_0,55.88653537681122
3300050574_13.fna,3300050574_13,11556_0,88.70158810964872
3300050663_26.fna,3300050663_26,11557_0,74.90916608392384
3300051239_35.fna,3300051239_35,11558_0,91.97239179400202
3300051615_17.fna,3300051615_17,11559_0,75.12204778671212
3300063132_86.fna,3300063132_86,11560_1,72.69055253
3300064095_192.fna,3300064095_192,11561_0,93.61632116556986
3300050649_4.fna,3300050649_4,11562_0,69.82125893012231
3300050232_59.fna,3300050232_59,11563_0,78.95536193269588
3300044648_47.fna,3300044648_47,11564_0,75.56157281855332
3300051097_19.fna,3300051097_19,11565_0,44.99790472690496
3300081965_81.fna,3300081965_81,11566_0,54.45684053316598
3300028440_2.fna,3300028440_2,11567_0,100.31634039093208
3300028447_3.fna,3300028447_3,11568_0,54.21675895895069
3300049581_143.fna,3300049581_143,11569_0,73.43142550327717
3300050132_43.fna,3300050132_43,11570_0,75.44057667555053
3300064183_29.fna,3300064183_29,11571_0,62.68680916670005
3300046453_13.fna,3300046453_13,11572_0,63.15888246313095
3300046458_6.fna,3300046458_6,11573_0,56.27587027166068
3300046665_11.fna,3300046665_11,11574_1,78.34966441374618
3300046660_80.fna,3300046660_80,11575_1,81.04300548025746
3300046538_36.fna,3300046538_36,11576_0,74.26226565
3300042115_3.fna,3300042115_3,11577_1,95.00532683572148
3300042139_1.fna,3300042139_1,11577_2,66.71803399134414
3300035010_5.fna,3300035010_5,11578_1,99.44957581715482
3300072972_39.fna,3300072972_39,11578_2,100.8757188334412
3300063017_82.fna,3300063017_82,11578_3,97.07102397689133
3300041404_16.fna,3300041404_16,11579_0,74.10773320793318
3300038555_4.fna,3300038555_4,11580_0,96.97673808763317
3300072780_81.fna,3300072780_81,11581_0,98.94268775534098
3300046665_34.fna,3300046665_34,11582_0,86.52832756887432
3300046515_18.fna,3300046515_18,11583_0,96.72622972786493
3300063059_85.fna,3300063059_85,11584_0,77.28449816332416
3300042934_24.fna,3300042934_24,11585_0,79.2915425
3300013105_33.fna,3300013105_33,11586_0,71.86111649589736
3300063015_53.fna,3300063015_53,11587_0,59.90133949711386
3300013102_11.fna,3300013102_11,11588_0,37.29471292396034
3300030519_12.fna,3300030519_12,11589_1,85.79178409576951
3300042904_74.fna,3300042904_74,11590_1,100.0501248424539
3300044648_9.fna,3300044648_9,11590_2,64.26821960530602
3300045996_346.fna,3300045996_346,11591_0,91.92239915088724
3300045996_47.fna,3300045996_47,11592_0,77.91679710485865
3300044648_46.fna,3300044648_46,11593_0,68.68679175560663
3300050232_63.fna,3300050232_63,11594_0,95.24622096409743
3300050120_36.fna,3300050120_36,11595_0,95.80814362854954
3300082510_71.fna,3300082510_71,11596_0,71.72414319655306
3300078359_149.fna,3300078359_149,11597_0,71.78735782
3300060918_26.fna,3300060918_26,11598_1,82.63341091558851
3300045003_27.fna,3300045003_27,11599_0,73.83289794018393
3300063081_24.fna,3300063081_24,11600_0,87.99845693118263
3300042005_4.fna,3300042005_4,11601_1,82.29652610169632
3300078541_78.fna,3300078541_78,11602_1,81.68517913744535
3300044719_18.fna,3300044719_18,11603_0,66.25092990488753
3300013105_19.fna,3300013105_19,11604_0,90.51339212104013
3300044684_27.fna,3300044684_27,11605_0,90.58541622
3300054964_27.fna,3300054964_27,11606_0,94.90327998407692
3300077654_32.fna,3300077654_32,11607_0,80.33727447383306
3300060644_6.fna,3300060644_6,11608_0,76.65892076916333
3300082538_57.fna,3300082538_57,11609_0,44.05285303097989
3300044691_34.fna,3300044691_34,11610_1,51.52166562928066
3300077991_10.fna,3300077991_10,11610_2,60.62938953477777
3300066006_32.fna,3300066006_32,11611_1,71.07810816294119
3300050120_20.fna,3300050120_20,11611_2,73.00550097046235
3300077818_65.fna,3300077818_65,11611_3,70.13046416
3300047320_5.fna,3300047320_5,11612_0,44.80120899407162
3300060645_68.fna,3300060645_68,11613_0,82.09170752943417
3300047472_31.fna,3300047472_31,11614_0,91.63313233215943
3300060883_61.fna,3300060883_61,11615_0,75.68144672917825
3300061639_7.fna,3300061639_7,11616_0,83.90314381546071
3300046512_8.fna,3300046512_8,11617_0,70.83859393628545
3300059343_53.fna,3300059343_53,11618_0,75.81065047
3300075937_22.fna,3300075937_22,11619_1,76.32697359508116
3300046557_2.fna,3300046557_2,11620_0,84.27835289046695
3300046459_41.fna,3300046459_41,11621_0,45.61028961930855
3300079560_55.fna,3300079560_55,11622_1,80.90402427938109
3300081831_29.fna,3300081831_29,11623_1,74.66639816107623
3300062719_49.fna,3300062719_49,11623_2,52.919376800476414
3300062810_12.fna,3300062810_12,11624_0,80.48166493944358
3300062811_68.fna,3300062811_68,11625_0,68.38815339974704
3300061639_13.fna,3300061639_13,11626_0,87.81623096362603
3300024279_1.fna,3300024279_1,11627_0,64.7140341
3300060779_23.fna,3300060779_23,11628_1,92.30985758
3300064109_29.fna,3300064109_29,11628_2,92.56453027496505
3300060918_96.fna,3300060918_96,11629_1,81.44707075829426
3300062563_30.fna,3300062563_30,11630_0,78.60018135631738
3300073845_20.fna,3300073845_20,11631_1,40.236017719163755
3300082533_31.fna,3300082533_31,11631_2,76.03481162575763
3300046460_40.fna,3300046460_40,11632_0,70.16227123303958
3300047443_29.fna,3300047443_29,11633_0,96.26602940355781
3300054964_23.fna,3300054964_23,11634_0,90.16337651896514
3300066014_5.fna,3300066014_5,11635_0,89.26466842504371
3300050120_9.fna,3300050120_9,11636_1,62.82794779194231
3300052935_31.fna,3300052935_31,11636_2,63.49508407840892
3300065428_33.fna,3300065428_33,11636_3,76.75056842800943
3300066006_140.fna,3300066006_140,11637_0,100.47575598855592
3300050120_27.fna,3300050120_27,11638_1,100.03735287354729
3300057020_43.fna,3300057020_43,11639_0,97.2077697
3300057020_9.fna,3300057020_9,11640_0,87.06414269
3300056797_116.fna,3300056797_116,11641_0,97.87232818578075
3300066008_31.fna,3300066008_31,11642_1,82.76173388143874
3300064042_68.fna,3300064042_68,11643_0,68.40456811679836
3300062796_35.fna,3300062796_35,11644_0,67.61329563544857
3300065455_9.fna,3300065455_9,11645_0,88.67465477847384
3300056811_258.fna,3300056811_258,11646_1,102.05096062790706
3300049823_151.fna,3300049823_151,11647_0,90.35341825
3300056863_67.fna,3300056863_67,11648_0,75.24280813961336
3300056877_147.fna,3300056877_147,11649_0,67.90895469794835
3300082205_46.fna,3300082205_46,11650_1,85.45312579850084
3300077288_12.fna,3300077288_12,11651_0,80.02421301273355
3300062826_52.fna,3300062826_52,11652_1,89.78098810192084
3300044999_8.fna,3300044999_8,11653_0,64.18106978519918
3300060314_21.fna,3300060314_21,11654_1,86.11088063521409
3300076036_23.fna,3300076036_23,11655_0,77.20421812385584
3300080033_38.fna,3300080033_38,11656_0,75.72656561259173
3300055047_67.fna,3300055047_67,11657_0,71.33021703873966
3300055072_106.fna,3300055072_106,11658_0,81.3746838
3300045051_195.fna,3300045051_195,11659_0,86.64624881005156
3300054986_98.fna,3300054986_98,11660_0,90.03369545223536
3300054967_58.fna,3300054967_58,11661_0,89.79442622538976
3300062131_66.fna,3300062131_66,11662_0,72.33857008537429
3300044979_25.fna,3300044979_25,11663_0,75.09622590636451
3300063431_87.fna,3300063431_87,11664_0,99.85693097970939
3300045743_13.fna,3300045743_13,11665_0,82.74371805488684
3300049572_52.fna,3300049572_52,11666_1,94.96003625281107
3300049581_123.fna,3300049581_123,11667_1,76.13785034622441
3300050235_22.fna,3300050235_22,11668_1,100.35497245159482
3300042922_138.fna,3300042922_138,11669_1,100.17596015961095
3300080627_45.fna,3300080627_45,11670_0,93.00275001765843
3300049823_48.fna,3300049823_48,11671_0,92.77107435390542
3300045996_180.fna,3300045996_180,11672_0,92.78458720779581
3300060672_35.fna,3300060672_35,11673_0,76.50869807532075
3300049000_17.fna,3300049000_17,11674_1,84.33404890037953
3300046471_42.fna,3300046471_42,11675_0,83.07503547762313
3300057020_65.fna,3300057020_65,11676_0,83.83720693075078
3300049459_34.fna,3300049459_34,11677_0,53.076990851957056
3300047320_41.fna,3300047320_41,11678_0,92.30517289887237
3300063155_35.fna,3300063155_35,11679_1,97.24542384081577
3300050485_15.fna,3300050485_15,11679_2,95.12798677713896
3300021559_7.fna,3300021559_7,11679_3,71.11938325629448
3300077333_73.fna,3300077333_73,11680_1,94.58617768797671
3300075618_32.fna,3300075618_32,11680_2,81.74855813526753
3300046507_62.fna,3300046507_62,11681_0,96.07914052712243
3300047472_50.fna,3300047472_50,11682_0,86.96951641
3300063137_58.fna,3300063137_58,11683_0,75.58839390580104
3300077440_3.fna,3300077440_3,11684_0,71.08668666512301
3300045996_148.fna,3300045996_148,11685_1,90.85477651053372
3300050219_36.fna,3300050219_36,11686_0,86.97745009570743
3300045996_119.fna,3300045996_119,11687_0,80.53031104
3300050214_14.fna,3300050214_14,11688_0,67.01547451558376
3300051100_4.fna,3300051100_4,11689_0,69.36942932971027
3300046616_37.fna,3300046616_37,11690_1,92.70532071
3300047472_63.fna,3300047472_63,11690_2,67.48184257355099
3300046538_18.fna,3300046538_18,11691_1,83.75624267080175
3300051100_6.fna,3300051100_6,11692_0,92.16472792212033
3300046453_7.fna,3300046453_7,11693_1,94.71017919504928
3300049459_12.fna,3300049459_12,11693_2,99.46632313
3300046474_29.fna,3300046474_29,11694_0,100.05375866532458
3300046616_29.fna,3300046616_29,11695_0,93.83240564555913
3300046530_26.fna,3300046530_26,11696_1,92.3030058
3300046471_38.fna,3300046471_38,11697_1,88.59423026675353
3300046512_12.fna,3300046512_12,11697_2,96.18675959157785
3300047469_5.fna,3300047469_5,11697_3,92.92920811333312
3300046463_43.fna,3300046463_43,11698_0,92.3615721
3300048998_22.fna,3300048998_22,11699_0,82.88064550474412
3300034220_3.fna,3300034220_3,11700_0,99.03126559206282
3300049766_3.fna,3300049766_3,11701_0,78.93973720976552
3300046471_19.fna,3300046471_19,11702_1,89.74674317985487
3300046557_19.fna,3300046557_19,11702_2,76.96557826982495
3300063167_57.fna,3300063167_57,11703_1,101.89272884995628
3300047469_28.fna,3300047469_28,11704_0,89.01407574487746
3300063431_111.fna,3300063431_111,11705_1,95.06123431229206
3300046457_1.fna,3300046457_1,11706_1,96.35944680249698
3300046506_9.fna,3300046506_9,11707_1,96.73254574381296
3300046810_11.fna,3300046810_11,11708_1,56.965540056481764
3300047320_45.fna,3300047320_45,11708_2,89.65269117763027
3300075583_87.fna,3300075583_87,11709_0,92.17121953797675
3300063419_25.fna,3300063419_25,11710_1,99.77472272474377
3300045996_386.fna,3300045996_386,11711_0,88.74462113767294
3300063155_17.fna,3300063155_17,11712_1,76.36795226208113
3300056811_226.fna,3300056811_226,11713_1,65.08506714053675
3300056751_138.fna,3300056751_138,11714_1,89.71705420727541
3300056797_240.fna,3300056797_240,11715_0,68.61876879608792
3300046506_13.fna,3300046506_13,11716_0,78.09497839591856
3300064183_5.fna,3300064183_5,11717_0,79.75537434511436
3300063431_134.fna,3300063431_134,11718_0,38.168233445232914
3300077653_75.fna,3300077653_75,11719_1,92.42214147975263
3300077297_54.fna,3300077297_54,11720_1,90.61979739
3300077164_34.fna,3300077164_34,11721_0,90.38055884304278
3300046524_37.fna,3300046524_37,11722_1,82.88892130650615
3300046491_21.fna,3300046491_21,11722_2,80.19674840123716
3300047323_14.fna,3300047323_14,11722_3,70.67203656874119
3300059325_130.fna,3300059325_130,11723_0,55.555884873449656
3300082240_46.fna,3300082240_46,11724_0,98.73831843932162
3300048996_24.fna,3300048996_24,11725_1,93.73977334842432
3300046373_22.fna,3300046373_22,11726_0,79.11823703955011
3300056811_69.fna,3300056811_69,11727_1,96.75423207602478
3300076608_74.fna,3300076608_74,11728_1,85.83895181041773
3300046538_37.fna,3300046538_37,11729_1,96.77468338
3300048091_30.fna,3300048091_30,11729_2,89.27777751862725
3300060674_41.fna,3300060674_41,11729_3,96.59005033121423
3300077653_11.fna,3300077653_11,11729_4,87.98366783797438
3300076636_71.fna,3300076636_71,11730_1,86.90807753469586
3300049822_67.fna,3300049822_67,11731_0,68.12630749156739
3300063166_11.fna,3300063166_11,11732_1,86.16347891255998
3300043754_14.fna,3300043754_14,11733_0,86.93294284556096
3300046457_14.fna,3300046457_14,11734_0,53.89839953082384
3300046616_28.fna,3300046616_28,11735_1,80.17556165029099
3300047443_21.fna,3300047443_21,11735_2,87.71976633921093
3300047443_6.fna,3300047443_6,11735_3,83.49076186
3300046452_10.fna,3300046452_10,11736_1,95.70531605896316
3300046520_20.fna,3300046520_20,11737_1,94.70712965069897
3300047472_75.fna,3300047472_75,11737_2,81.32657756626915
3300046519_22.fna,3300046519_22,11738_0,82.55950489053181
3300047322_35.fna,3300047322_35,11739_0,65.57855825538353
3300046471_1.fna,3300046471_1,11740_0,75.84574921537049
3300082226_94.fna,3300082226_94,11741_0,70.34847405609764
3300013307_24.fna,3300013307_24,11742_1,95.62708731
3300049571_94.fna,3300049571_94,11743_0,76.24896197102025
3300079100_5.fna,3300079100_5,11744_0,68.92640926003334
3300064746_12.fna,3300064746_12,11745_0,66.10193040043329
3300036443_4.fna,3300036443_4,11746_0,97.77247032316104
3300036520_7.fna,3300036520_7,11747_0,88.03192500192341
3300056676_103.fna,3300056676_103,11748_1,94.89308210727131
3300056797_42.fna,3300056797_42,11749_1,71.64527335209357
3300063122_35.fna,3300063122_35,11750_1,100.37251452452004
3300063137_43.fna,3300063137_43,11750_2,99.69720997138062
3300060652_21.fna,3300060652_21,11751_0,91.29676697585543
3300046665_45.fna,3300046665_45,11752_0,69.63709767467392
3300064183_20.fna,3300064183_20,11753_0,91.79122723065709
3300062688_26.fna,3300062688_26,11754_1,58.17094425018299
3300062781_62.fna,3300062781_62,11754_2,64.07719536119609
3300060297_21.fna,3300060297_21,11755_0,95.70732735119313
3300075597_50.fna,3300075597_50,11756_1,84.68248699121929
3300075583_43.fna,3300075583_43,11757_1,98.98890272
3300077333_62.fna,3300077333_62,11758_0,67.00833482
3300075613_20.fna,3300075613_20,11759_1,83.08080661942293
3300075613_28.fna,3300075613_28,11760_0,86.11814386381212
3300077500_40.fna,3300077500_40,11761_1,92.80592772241856
3300077488_58.fna,3300077488_58,11761_2,89.25207042630385
3300077165_96.fna,3300077165_96,11762_1,86.29666788527189
3300077657_37.fna,3300077657_37,11762_2,92.72950557655714
3300044658_14.fna,3300044658_14,11763_0,90.44991141549666
3300077179_31.fna,3300077179_31,11764_0,79.96451713358063
3300039308_9.fna,3300039308_9,11765_0,98.03108019910258
3300046507_52.fna,3300046507_52,11766_0,60.64930989075134
3300049662_5.fna,3300049662_5,11767_1,96.54425478964419
3300072779_31.fna,3300072779_31,11768_0,91.45305709633924
3300056674_234.fna,3300056674_234,11769_1,97.87387848236978
3300056797_252.fna,3300056797_252,11770_1,96.36866240580812
3300037257_1.fna,3300037257_1,11771_1,71.01596770399865
3300056752_40.fna,3300056752_40,11772_0,63.627488117361025
3300064032_35.fna,3300064032_35,11773_1,101.95498540389545
3300064746_85.fna,3300064746_85,11774_1,100.72531749929583
3300063167_52.fna,3300063167_52,11775_1,86.28152220222321
3300063431_113.fna,3300063431_113,11775_2,98.82734910940941
3300064407_32.fna,3300064407_32,11775_3,86.52715524048165
3300072335_44.fna,3300072335_44,11775_4,101.81056315525063
3300063066_11.fna,3300063066_11,11776_0,97.24569823467104
3300066486_7.fna,3300066486_7,11777_0,93.17797955307412
3300056752_199.fna,3300056752_199,11778_1,99.44205123829737
3300033289_6.fna,3300033289_6,11779_1,102.16492806864373
3300031238_5.fna,3300031238_5,11780_0,88.93034001862378
3300048797_33.fna,3300048797_33,11781_0,91.41658592825421
3300050139_59.fna,3300050139_59,11782_0,71.16356329053819
3300037076_9.fna,3300037076_9,11783_0,88.75391729
3300065078_133.fna,3300065078_133,11784_1,92.21938635368424
3300056798_99.fna,3300056798_99,11785_1,77.90099216586201
3300056751_40.fna,3300056751_40,11785_2,46.84361961810082
3300063172_29.fna,3300063172_29,11786_1,92.71421396235908
3300056797_160.fna,3300056797_160,11787_0,96.86478589964942
3300056799_107.fna,3300056799_107,11788_0,66.30904363343481
3300045051_196.fna,3300045051_196,11789_1,74.44021399404909
3300031726_16.fna,3300031726_16,11790_1,96.53210800953356
3300056809_346.fna,3300056809_346,11791_1,89.47339701524504
3300046542_23.fna,3300046542_23,11792_0,81.05545227702747
3300057020_14.fna,3300057020_14,11793_0,95.82639383
3300045733_13.fna,3300045733_13,11794_1,100.95154328433213
3300056675_56.fna,3300056675_56,11795_1,81.74446227521149
3300062793_26.fna,3300062793_26,11796_1,83.02838027940473
3300063016_32.fna,3300063016_32,11796_2,61.40851645465518
3300062820_36.fna,3300062820_36,11797_0,94.55412712798115
3300062799_25.fna,3300062799_25,11798_0,97.15934533
3300064095_18.fna,3300064095_18,11799_0,89.44568090442785
3300049442_18.fna,3300049442_18,11800_1,89.78285687088987
3300036867_3.fna,3300036867_3,11801_1,75.42458383018727
3300043613_3.fna,3300043613_3,11802_0,62.921626408446976
3300056876_83.fna,3300056876_83,11803_0,68.73140273142373
3300075573_17.fna,3300075573_17,11804_0,74.31624029
3300080064_118.fna,3300080064_118,11805_0,79.16183346
3300055239_14.fna,3300055239_14,11806_0,48.40857575134374
3300082209_77.fna,3300082209_77,11807_0,62.81528041499701
3300066540_59.fna,3300066540_59,11808_0,77.99293917642869
3300064058_31.fna,3300064058_31,11809_1,65.99990003058618
3300079540_35.fna,3300079540_35,11810_0,61.40917263438799
3300066008_99.fna,3300066008_99,11811_0,97.58383465
3300046506_27.fna,3300046506_27,11812_1,97.86550059
3300050216_44.fna,3300050216_44,11813_1,61.769751424393704
3300050219_24.fna,3300050219_24,11813_2,80.45465432273173
3300077727_28.fna,3300077727_28,11814_1,65.91123003873967
3300077496_39.fna,3300077496_39,11815_1,90.78567944013074
3300050219_26.fna,3300050219_26,11815_2,73.47258481760718
3300078541_77.fna,3300078541_77,11816_1,67.50606321501803
3300077739_93.fna,3300077739_93,11817_1,95.41556927161632
3300065083_37.fna,3300065083_37,11817_2,77.74869815966161
3300056675_64.fna,3300056675_64,11818_1,92.08428723853493
3300056753_222.fna,3300056753_222,11819_1,99.09925977546209
3300056751_282.fna,3300056751_282,11820_0,68.32167965076114
3300059595_16.fna,3300059595_16,11821_0,99.11856035251499
3300044684_49.fna,3300044684_49,11822_0,74.36229469
3300053037_14.fna,3300053037_14,11823_1,101.05110809048492
3300072651_6.fna,3300072651_6,11823_2,99.77669741
3300072342_15.fna,3300072342_15,11824_0,56.310292265680424
3300064095_186.fna,3300064095_186,11825_0,92.49098397197143
3300035114_2.fna,3300035114_2,11826_0,87.78971981460086
3300063132_111.fna,3300063132_111,11827_0,61.237047134177736
3300056787_15.fna,3300056787_15,11828_0,95.98364932309917
3300062822_53.fna,3300062822_53,11829_0,66.96476639040449
3300031250_9.fna,3300031250_9,11830_0,58.031681383051875
3300072335_38.fna,3300072335_38,11831_1,91.23897959154232
3300062805_4.fna,3300062805_4,11832_1,93.82933718792691
3300062820_7.fna,3300062820_7,11832_2,95.57666537096796
3300062805_17.fna,3300062805_17,11833_1,87.77132088481277
3300062823_135.fna,3300062823_135,11833_2,90.37608180694562
3300062801_89.fna,3300062801_89,11834_0,64.62500659377706
3300062792_101.fna,3300062792_101,11835_1,90.19914471006813
3300062799_113.fna,3300062799_113,11836_0,87.20579006617534
3300066488_32.fna,3300066488_32,11837_0,49.331214811889666
3300049723_1.fna,3300049723_1,11838_0,66.02848345096658
3300044656_21.fna,3300044656_21,11839_0,83.85854859492613
3300045049_56.fna,3300045049_56,11840_0,82.63517247412453
3300044658_31.fna,3300044658_31,11841_0,73.67592302682245
3300059579_1.fna,3300059579_1,11842_0,89.85350765
3300042531_7.fna,3300042531_7,11843_0,79.20619389055302
3300059411_9.fna,3300059411_9,11844_0,76.15875856470026
3300063176_44.fna,3300063176_44,11845_1,93.56868084
3300062822_86.fna,3300062822_86,11845_2,100.7808944244754
3300062823_54.fna,3300062823_54,11846_0,88.22382820573829
3300081523_33.fna,3300081523_33,11847_0,91.04810413867278
3300063177_15.fna,3300063177_15,11848_1,100.62319502320968
3300059414_4.fna,3300059414_4,11848_2,92.17566683696577
3300063061_8.fna,3300063061_8,11849_1,89.38274770042628
3300063059_81.fna,3300063059_81,11849_2,88.01387592389483
3300062805_104.fna,3300062805_104,11850_0,89.57084662217737
3300051095_2.fna,3300051095_2,11851_0,76.89589296893955
3300064746_101.fna,3300064746_101,11852_0,63.36324528322659
3300049581_50.fna,3300049581_50,11853_1,99.93503820148382
3300064042_44.fna,3300064042_44,11854_0,95.10222241698196
3300066608_52.fna,3300066608_52,11855_0,98.05969593328645
3300042994_15.fna,3300042994_15,11856_0,92.30214820077406
3300056799_15.fna,3300056799_15,11857_1,83.87315751220136
3300049793_17.fna,3300049793_17,11858_0,94.71895322984399
3300046701_20.fna,3300046701_20,11859_0,66.15369547
3300051096_104.fna,3300051096_104,11860_1,85.5358571
3300050240_8.fna,3300050240_8,11861_1,82.25341848135348
3300051238_103.fna,3300051238_103,11861_2,65.67323825065742
3300046694_26.fna,3300046694_26,11862_0,44.81889217654833
3300047443_25.fna,3300047443_25,11863_0,84.19291335664285
3300056798_320.fna,3300056798_320,11864_1,69.27189909471406
3300056673_55.fna,3300056673_55,11865_0,82.13908073221212
3300046454_24.fna,3300046454_24,11866_0,76.94423580351662
3300047472_64.fna,3300047472_64,11867_0,43.66315584032979
3300063021_92.fna,3300063021_92,11868_1,51.698639900748525
3300062802_116.fna,3300062802_116,11869_0,60.60830015874132
3300062796_51.fna,3300062796_51,11870_1,100.86296509961149
3300063032_50.fna,3300063032_50,11870_2,89.95041833878408
3300063075_98.fna,3300063075_98,11870_3,58.23574610728479
3300062823_100.fna,3300062823_100,11871_0,81.88056180001131
3300063017_20.fna,3300063017_20,11872_0,95.58430033917111
3300064094_40.fna,3300064094_40,11873_1,89.05750327198211
3300072954_14.fna,3300072954_14,11874_1,79.28396589633728
3300063053_68.fna,3300063053_68,11875_0,98.01532369600343
3300072982_5.fna,3300072982_5,11876_0,30.687746864207558
3300063176_86.fna,3300063176_86,11877_1,94.81444970963564
3300065082_72.fna,3300065082_72,11878_1,96.36936270961226
3300063015_47.fna,3300063015_47,11878_2,82.76100360351823
3300050227_30.fna,3300050227_30,11879_1,78.92129783343951
3300051099_39.fna,3300051099_39,11880_1,86.46511236133658
3300079549_138.fna,3300079549_138,11881_0,66.11762326999816
3300064407_49.fna,3300064407_49,11882_1,90.03663049936787
3300066489_7.fna,3300066489_7,11882_2,90.97790249458784
3300050241_42.fna,3300050241_42,11883_0,66.91301081394779
3300051100_15.fna,3300051100_15,11884_0,76.22830734
3300066659_91.fna,3300066659_91,11885_0,76.27001919490358
3300062794_78.fna,3300062794_78,11886_1,86.69038566754513
3300062794_85.fna,3300062794_85,11887_0,83.08850374359571
3300062833_52.fna,3300062833_52,11888_0,96.76354007011696
3300066488_44.fna,3300066488_44,11889_0,80.99207906
3300063056_32.fna,3300063056_32,11890_0,57.51565345540898
3300062822_158.fna,3300062822_158,11891_1,101.58543254242069
3300063058_65.fna,3300063058_65,11891_2,70.05969578085953
3300062795_40.fna,3300062795_40,11892_0,70.3653808
3300072699_52.fna,3300072699_52,11893_1,65.37767231583801
3300072687_31.fna,3300072687_31,11893_2,90.43755016375167
3300031238_9.fna,3300031238_9,11894_1,97.63717114836017
3300044712_230.fna,3300044712_230,11895_1,100.11993788911579
3300045051_198.fna,3300045051_198,11895_2,77.48053322487696
3300062822_157.fna,3300062822_157,11896_1,96.95464139829404
3300063045_14.fna,3300063045_14,11897_1,84.29272942738933
3300063058_70.fna,3300063058_70,11897_2,91.85031324
3300056843_14.fna,3300056843_14,11898_1,98.48094282223018
3300062796_12.fna,3300062796_12,11899_1,98.77932547567492
3300060733_36.fna,3300060733_36,11900_1,100.63464609062966
3300062792_54.fna,3300062792_54,11900_2,78.50351490545106
3300062822_34.fna,3300062822_34,11900_3,97.52187845274666
3300063261_37.fna,3300063261_37,11901_1,72.15398683013902
3300072652_35.fna,3300072652_35,11901_2,77.09466767645824
3300053711_12.fna,3300053711_12,11902_1,100.76297723190157
3300072651_10.fna,3300072651_10,11903_1,85.97269433607293
3300034630_3.fna,3300034630_3,11904_1,91.29440577791728
3300056793_12.fna,3300056793_12,11904_2,99.71479684220164
3300035013_3.fna,3300035013_3,11905_0,80.90487420025258
3300034631_7.fna,3300034631_7,11906_0,99.31743883374304
3300063056_9.fna,3300063056_9,11907_1,96.17370155875821
3300042115_5.fna,3300042115_5,11908_0,71.92689403978375
3300042006_21.fna,3300042006_21,11909_1,61.71743335666472
3300061462_10.fna,3300061462_10,11909_2,96.66617694346549
3300050240_5.fna,3300050240_5,11909_3,83.95757017609793
3300063021_53.fna,3300063021_53,11910_0,61.33980595353292
3300063431_102.fna,3300063431_102,11911_1,97.90440712
3300035001_2.fna,3300035001_2,11912_1,100.37491349263307
3300046660_56.fna,3300046660_56,11913_1,73.70414873108277
3300062776_96.fna,3300062776_96,11913_2,76.37637484918712
3300049173_15.fna,3300049173_15,11913_3,86.82591701424282
3300049751_1.fna,3300049751_1,11913_4,68.04248696907345
3300063417_37.fna,3300063417_37,11914_1,99.34315291898491
3300080029_8.fna,3300080029_8,11914_2,93.98655550582805
3300063057_6.fna,3300063057_6,11914_3,79.12481555131018
3300049173_16.fna,3300049173_16,11915_0,84.80935467472129
3300063418_45.fna,3300063418_45,11916_1,91.25796347230056
3300082533_25.fna,3300082533_25,11916_2,98.23019984
3300046518_5.fna,3300046518_5,11917_1,64.12567731
3300056843_19.fna,3300056843_19,11917_2,101.68329653465103
3300069309_61.fna,3300069309_61,11918_1,96.43017053856703
3300063162_57.fna,3300063162_57,11918_2,96.19007711
3300065155_28.fna,3300065155_28,11919_0,94.44601204832577
3300057020_41.fna,3300057020_41,11920_0,96.33793290750847
3300077800_2.fna,3300077800_2,11921_1,71.77568764405706
3300076635_36.fna,3300076635_36,11922_1,80.45553811020548
3300050218_15.fna,3300050218_15,11923_0,75.46118929906994
3300077561_48.fna,3300077561_48,11924_1,77.20634899042528
3300079509_218.fna,3300079509_218,11925_0,80.26038789
3300075597_3.fna,3300075597_3,11926_1,80.71291080533503
3300077206_23.fna,3300077206_23,11927_1,94.28950926
3300056675_89.fna,3300056675_89,11928_1,76.57896825111936
3300064058_19.fna,3300064058_19,11929_0,96.56026868371035
3300050222_72.fna,3300050222_72,11930_1,84.59467456904041
3300066520_44.fna,3300066520_44,11931_0,94.47329075534876
3300050235_26.fna,3300050235_26,11932_0,71.92382541307323
3300050226_17.fna,3300050226_17,11933_1,91.71887011
3300045996_143.fna,3300045996_143,11934_0,86.50215977883099
3300060676_41.fna,3300060676_41,11935_1,81.65336780747548
3300077731_26.fna,3300077731_26,11936_0,33.872381118532786
3300054982_42.fna,3300054982_42,11937_0,69.62479164
3300066608_26.fna,3300066608_26,11938_0,78.32905657324358
3300076611_19.fna,3300076611_19,11939_1,92.37232937558933
3300072659_53.fna,3300072659_53,11940_1,79.56324977525955
3300050222_61.fna,3300050222_61,11941_0,76.85462256198196
3300062805_21.fna,3300062805_21,11942_0,100.66047859461061
3300062805_86.fna,3300062805_86,11943_0,96.77496546
3300066489_49.fna,3300066489_49,11944_0,72.47508502990408
3300056916_5.fna,3300056916_5,11945_0,94.52334040936807
3300066008_117.fna,3300066008_117,11946_0,93.40697961031186
3300050222_77.fna,3300050222_77,11947_0,83.01150497136943
3300077307_19.fna,3300077307_19,11948_1,97.92671703744423
3300044673_58.fna,3300044673_58,11949_0,81.77795489922829
3300060733_32.fna,3300060733_32,11950_1,97.77063075
3300042904_59.fna,3300042904_59,11951_1,97.71641919780912
3300045996_176.fna,3300045996_176,11951_2,86.09460127774489
3300067033_92.fna,3300067033_92,11952_0,74.82822084468943
3300067033_114.fna,3300067033_114,11953_0,58.23040196740518
3300056915_9.fna,3300056915_9,11954_1,102.22648002215576
3300042994_20.fna,3300042994_20,11955_0,99.31152157090922
3300039308_8.fna,3300039308_8,11956_0,100.84250527797697
3300056915_3.fna,3300056915_3,11957_0,95.99354085747734
3300072979_27.fna,3300072979_27,11958_0,71.48090463851116
3300076634_29.fna,3300076634_29,11959_1,58.98324491760613
3300075577_14.fna,3300075577_14,11960_1,98.99713086877586
3300077561_11.fna,3300077561_11,11961_1,81.96347412615192
3300077301_27.fna,3300077301_27,11962_1,86.66459079096741
3300077731_75.fna,3300077731_75,11962_2,39.65734227697737
3300059325_51.fna,3300059325_51,11963_0,73.49198550348237
3300064033_78.fna,3300064033_78,11964_0,38.38260101433115
3300056749_81.fna,3300056749_81,11965_1,100.43784683760747
3300056797_69.fna,3300056797_69,11966_1,99.52399246063571
3300056676_12.fna,3300056676_12,11967_1,96.19409397806457
3300056797_188.fna,3300056797_188,11968_0,80.78194658888762
3300078726_51.fna,3300078726_51,11969_1,76.15924994121609
3300077299_57.fna,3300077299_57,11970_1,98.62464385493372
3300076606_96.fna,3300076606_96,11971_1,95.55841624243988
3300077731_80.fna,3300077731_80,11972_1,86.69275443973744
3300076607_57.fna,3300076607_57,11972_2,92.61747323773437
3300046508_24.fna,3300046508_24,11973_0,28.60534822899462
3300046685_3.fna,3300046685_3,11974_0,78.30593357340223
3300046485_23.fna,3300046485_23,11975_0,79.47340410424628
3300064746_56.fna,3300064746_56,11976_0,83.47394582535443
3300065473_62.fna,3300065473_62,11977_0,68.21353112
3300056798_46.fna,3300056798_46,11978_1,87.71941526463306
3300056751_235.fna,3300056751_235,11979_1,76.87947621
3300063172_284.fna,3300063172_284,11979_2,98.13868914141511
3300045806_35.fna,3300045806_35,11980_0,91.92235700633445
3300063059_16.fna,3300063059_16,11981_1,93.62322905240353
3300072683_44.fna,3300072683_44,11981_2,72.69798423
3300066487_50.fna,3300066487_50,11982_1,97.04634885193109
3300063059_43.fna,3300063059_43,11983_1,101.1182877818599
3300063017_26.fna,3300063017_26,11983_2,98.33858326696085
3300062802_108.fna,3300062802_108,11984_1,85.33543878416636
3300062803_21.fna,3300062803_21,11985_1,63.89280648052341
3300065082_58.fna,3300065082_58,11986_0,62.21750167680002
3300065083_103.fna,3300065083_103,11987_0,75.91872838406712
3300078213_19.fna,3300078213_19,11988_0,77.36902174695499
3300049457_23.fna,3300049457_23,11989_0,57.010558022080694
3300049742_134.fna,3300049742_134,11990_1,79.93863226
3300077309_6.fna,3300077309_6,11991_0,60.15150876172302
3300077554_59.fna,3300077554_59,11992_0,44.463763205599875
3300077442_15.fna,3300077442_15,11993_1,78.77797329982367
3300080686_180.fna,3300080686_180,11994_0,70.95390276613531
3300050664_10.fna,3300050664_10,11995_1,81.53838565863077
3300050242_22.fna,3300050242_22,11996_0,93.98373107587356
3300062799_105.fna,3300062799_105,11997_0,59.32056434987365
3300048895_34.fna,3300048895_34,11998_0,66.88833223
3300079526_33.fna,3300079526_33,11999_0,68.32695167089663
3300082197_104.fna,3300082197_104,12000_0,75.30916616585449
3300079549_103.fna,3300079549_103,12001_0,82.47388013321782
3300082208_53.fna,3300082208_53,12002_0,66.62515460844996
3300063080_53.fna,3300063080_53,12003_1,93.31496518441993
3300064038_56.fna,3300064038_56,12003_2,80.29175757749466
3300062561_18.fna,3300062561_18,12004_1,75.55707607
3300075573_34.fna,3300075573_34,12004_2,86.96638276305092
3300082196_32.fna,3300082196_32,12005_0,86.44196574
3300062811_53.fna,3300062811_53,12006_0,60.15663994663875
3300051099_154.fna,3300051099_154,12007_1,73.30213106
3300044521_37.fna,3300044521_37,12008_0,94.87948668795987
3300049455_23.fna,3300049455_23,12009_0,30.83085118377071
3300080028_172.fna,3300080028_172,12010_0,92.34320098606989
3300048896_53.fna,3300048896_53,12011_1,75.42663021363843
3300044521_60.fna,3300044521_60,12012_0,49.58178938259439
3300049440_64.fna,3300049440_64,12013_0,51.76691121935404
3300075324_40.fna,3300075324_40,12014_0,72.37629036632448
3300075573_79.fna,3300075573_79,12015_0,88.97071924787677
3300064095_176.fna,3300064095_176,12016_1,54.66126376100502
3300049743_22.fna,3300049743_22,12017_0,45.70258471399966
3300055072_119.fna,3300055072_119,12018_0,96.40405299358662
3300043608_4.fna,3300043608_4,12019_0,71.64674217310925
3300059598_27.fna,3300059598_27,12020_0,96.90900425478662
3300054704_75.fna,3300054704_75,12021_0,82.05265444
3300064042_16.fna,3300064042_16,12022_0,77.94008353262711
3300044807_55.fna,3300044807_55,12023_0,65.80174097151998
3300059325_110.fna,3300059325_110,12024_0,58.82562631456246
3300064033_45.fna,3300064033_45,12025_0,82.01835999931062
3300082028_60.fna,3300082028_60,12026_0,72.35375425
3300051192_5.fna,3300051192_5,12027_1,90.90645253779941
3300079509_60.fna,3300079509_60,12028_0,65.08765544745525
3300081487_32.fna,3300081487_32,12029_0,66.67924653408329
3300056876_33.fna,3300056876_33,12030_0,72.85280304152622
3300081965_168.fna,3300081965_168,12031_0,79.88463683639245
3300046722_56.fna,3300046722_56,12032_1,82.33599112630799
3300082287_45.fna,3300082287_45,12033_0,81.79147562252012
3300046718_35.fna,3300046718_35,12034_0,46.22880909
3300046836_26.fna,3300046836_26,12035_0,58.66551675802724
3300046543_2.fna,3300046543_2,12036_0,81.00579478
3300049175_2.fna,3300049175_2,12037_0,72.49563208549918
3300047310_35.fna,3300047310_35,12038_1,67.41294945
3300046517_37.fna,3300046517_37,12039_1,71.89213643409137
3300066613_57.fna,3300066613_57,12040_0,72.78625174984086
3300044254_1.fna,3300044254_1,12041_1,90.44873658860129
3300059578_24.fna,3300059578_24,12042_1,71.85846821
3300075320_7.fna,3300075320_7,12042_2,86.65144456109468
3300077821_9.fna,3300077821_9,12043_0,85.27763299944958
3300045946_7.fna,3300045946_7,12044_1,87.98576779997212
3300050230_35.fna,3300050230_35,12045_0,63.48830592255467
3300055072_97.fna,3300055072_97,12046_0,59.94803682724264
3300076632_2.fna,3300076632_2,12047_0,61.932000962384386
3300055047_46.fna,3300055047_46,12048_0,79.56571133304452
3300056922_36.fna,3300056922_36,12049_1,65.59758549
3300057031_116.fna,3300057031_116,12050_0,54.240677356540715
3300056880_15.fna,3300056880_15,12051_0,64.95198862092278
3300081968_34.fna,3300081968_34,12052_0,66.61698768563994
3300067033_35.fna,3300067033_35,12053_0,69.95571297142399
3300057049_167.fna,3300057049_167,12054_1,75.68274020833034
3300054984_98.fna,3300054984_98,12055_0,50.31732491721936
3300057014_102.fna,3300057014_102,12056_0,61.64031115215498
3300057024_126.fna,3300057024_126,12057_0,68.87199546634065
3300082223_66.fna,3300082223_66,12058_1,69.67060908097486
3300045967_2.fna,3300045967_2,12059_1,72.48833786994203
3300060915_24.fna,3300060915_24,12059_2,56.57029643
3300065474_33.fna,3300065474_33,12060_0,44.40174969
3300072117_6.fna,3300072117_6,12061_0,75.48871964663462
3300065474_5.fna,3300065474_5,12062_0,60.63170036909027
3300050239_1.fna,3300050239_1,12063_1,75.69881218111591
3300051201_64.fna,3300051201_64,12064_1,62.669638661330985
3300082539_37.fna,3300082539_37,12065_0,53.965995873981086
3300066485_3.fna,3300066485_3,12066_1,78.20520713871217
3300044709_2.fna,3300044709_2,12067_0,65.42875529159531
3300063053_51.fna,3300063053_51,12068_0,48.15699053781824
3300045996_304.fna,3300045996_304,12069_0,30.23406375528393
3300078520_55.fna,3300078520_55,12070_1,61.443555351562445
3300082200_41.fna,3300082200_41,12070_2,50.17151644350736
3300063415_32.fna,3300063415_32,12070_3,77.80680691141366
3300049927_22.fna,3300049927_22,12070_4,41.975385005617184
3300047322_52.fna,3300047322_52,12071_1,75.18163650985801
3300044739_12.fna,3300044739_12,12072_0,80.36066456
3300059579_27.fna,3300059579_27,12073_0,66.20924491
3300046737_10.fna,3300046737_10,12074_1,65.92738459472403
3300048888_52.fna,3300048888_52,12075_1,84.28843435421415
3300044742_23.fna,3300044742_23,12075_2,64.24037476284492
3300045241_32.fna,3300045241_32,12075_3,65.90725848286426
3300055240_25.fna,3300055240_25,12075_4,47.502733400345775
3300060670_25.fna,3300060670_25,12076_0,90.99508735318184
3300066328_10.fna,3300066328_10,12077_0,58.45656374255286
3300063017_34.fna,3300063017_34,12078_0,42.22914594539999
3300049577_7.fna,3300049577_7,12079_1,79.22111681499639
3300044705_16.fna,3300044705_16,12080_0,81.89728738
3300063085_92.fna,3300063085_92,12081_0,74.36058488670486
3300061537_25.fna,3300061537_25,12082_0,81.53410952346638
3300082277_35.fna,3300082277_35,12083_0,76.84274551493971
3300054704_150.fna,3300054704_150,12084_1,93.57525755318768
3300063176_78.fna,3300063176_78,12085_1,91.02500077610779
3300062796_72.fna,3300062796_72,12086_1,88.43432797154188
3300063017_6.fna,3300063017_6,12086_2,69.14170610598921
3300059598_70.fna,3300059598_70,12087_1,99.23483077169976
3300044742_21.fna,3300044742_21,12088_0,67.80479705258877
3300061641_166.fna,3300061641_166,12089_0,80.29494157767031
3300048610_7.fna,3300048610_7,12090_0,63.54780098994709
3300081965_188.fna,3300081965_188,12091_0,48.73710526412499
3300081966_46.fna,3300081966_46,12092_0,83.04842589164218
3300045920_16.fna,3300045920_16,12093_0,66.66524190471556
3300082287_27.fna,3300082287_27,12094_0,76.73969624387962
3300049742_74.fna,3300049742_74,12095_0,82.14043956
3300059598_58.fna,3300059598_58,12096_0,50.02112172051324
3300061641_96.fna,3300061641_96,12097_0,57.096998056879634
3300067033_101.fna,3300067033_101,12098_1,89.62938146009589
3300065480_36.fna,3300065480_36,12099_0,67.65150420493997
3300063017_61.fna,3300063017_61,12100_0,92.65399547998024
3300050664_8.fna,3300050664_8,12101_0,70.01491900031128
3300044819_9.fna,3300044819_9,12102_0,68.33135430545465
3300053710_11.fna,3300053710_11,12103_1,103.37145272745222
3300049776_7.fna,3300049776_7,12103_2,77.58015861078711
3300076614_43.fna,3300076614_43,12104_1,93.90740435
3300075618_25.fna,3300075618_25,12105_1,99.09090151796315
3300055024_78.fna,3300055024_78,12106_1,76.69492126490488
3300046488_36.fna,3300046488_36,12107_0,77.84323750687707
3300044712_110.fna,3300044712_110,12108_0,72.12413462
3300082287_31.fna,3300082287_31,12109_0,53.128451919687826
3300048802_24.fna,3300048802_24,12110_0,51.55179683238566
3300060650_78.fna,3300060650_78,12111_0,89.51281949519792
3300049720_12.fna,3300049720_12,12112_1,69.45813001
3300046701_40.fna,3300046701_40,12113_0,80.61343065500587
3300044712_119.fna,3300044712_119,12114_1,98.42786962
3300044712_115.fna,3300044712_115,12115_0,90.47459436801182
3300044712_286.fna,3300044712_286,12116_0,91.67049708462726
3300054984_52.fna,3300054984_52,12117_0,84.86460190947439
3300082211_172.fna,3300082211_172,12118_0,79.30634278146876
3300065475_39.fna,3300065475_39,12119_0,84.39016343
3300066488_40.fna,3300066488_40,12120_0,58.25049279039336
3300054984_25.fna,3300054984_25,12121_1,88.80946811084438
3300054984_16.fna,3300054984_16,12122_0,91.3288726
3300056676_64.fna,3300056676_64,12123_1,90.4857141
3300044904_42.fna,3300044904_42,12124_0,94.50047547
3300054984_62.fna,3300054984_62,12125_0,75.88213856040092
3300062833_56.fna,3300062833_56,12126_0,95.02968588
3300031238_10.fna,3300031238_10,12127_0,93.57728602
3300050232_53.fna,3300050232_53,12128_0,78.06547972988582
3300055072_16.fna,3300055072_16,12129_1,84.93769463702603
3300054704_17.fna,3300054704_17,12130_0,87.13796418192679
3300054986_16.fna,3300054986_16,12131_0,90.4364926
3300044708_36.fna,3300044708_36,12132_1,67.47353212385586
3300047636_13.fna,3300047636_13,12133_1,87.50039392171293
3300059325_75.fna,3300059325_75,12134_0,79.75720336468277
3300076763_200.fna,3300076763_200,12135_0,67.79667585119346
3300056753_193.fna,3300056753_193,12136_0,45.94203621495518
3300056876_2.fna,3300056876_2,12137_0,76.01431270243798
3300049588_45.fna,3300049588_45,12138_0,66.74201189642001
3300049742_26.fna,3300049742_26,12139_0,65.77525247071203
3300066520_30.fna,3300066520_30,12140_0,70.04839135624343
3300067033_89.fna,3300067033_89,12141_0,73.45356860359576
3300063058_50.fna,3300063058_50,12142_1,71.40568699
3300072780_26.fna,3300072780_26,12143_1,95.53188913213472
3300072636_14.fna,3300072636_14,12144_0,65.24801387904319
3300045940_19.fna,3300045940_19,12145_1,74.20588623535377
3300081965_13.fna,3300081965_13,12146_0,49.207699543319634
3300072659_12.fna,3300072659_12,12147_1,79.82253115670385
3300054704_49.fna,3300054704_49,12148_0,92.35797534570874
3300063018_45.fna,3300063018_45,12149_0,58.50266042039614
3300082192_26.fna,3300082192_26,12150_0,70.81048381195956
3300048888_50.fna,3300048888_50,12151_1,63.83196088
3300079509_61.fna,3300079509_61,12151_2,66.79538823142173
3300063058_61.fna,3300063058_61,12152_0,95.42914167
3300049571_100.fna,3300049571_100,12153_1,98.91274433826472
3300049582_36.fna,3300049582_36,12154_0,87.57243947
3300082533_20.fna,3300082533_20,12155_0,77.56614333475494
3300079560_91.fna,3300079560_91,12156_0,95.10881097622938
3300060291_64.fna,3300060291_64,12157_0,76.26607826792974
3300049170_30.fna,3300049170_30,12158_0,91.49039538831263
3300079690_6.fna,3300079690_6,12159_0,50.52653386240759
3300081527_28.fna,3300081527_28,12160_0,45.22787669451814
3300053036_29.fna,3300053036_29,12161_1,100.6881286494773
3300063044_50.fna,3300063044_50,12162_0,76.35808422
3300082035_100.fna,3300082035_100,12163_0,31.798871332080754
3300066614_74.fna,3300066614_74,12164_1,75.96741056186866
3300082212_6.fna,3300082212_6,12164_2,76.63939106215733
3300062724_11.fna,3300062724_11,12165_1,71.22124615437409
3300055278_23.fna,3300055278_23,12165_2,83.63096464775161
3300043661_26.fna,3300043661_26,12165_3,75.60644272237879
3300082193_94.fna,3300082193_94,12165_4,70.44663114
3300081506_63.fna,3300081506_63,12165_5,56.29685257573392
3300060895_30.fna,3300060895_30,12166_0,76.67875662574883
3300082193_34.fna,3300082193_34,12167_0,79.63868166237518
3300078372_32.fna,3300078372_32,12168_0,35.73496512987641
3300051166_7.fna,3300051166_7,12169_1,90.59297501635618
3300075646_42.fna,3300075646_42,12170_0,73.60396180991587
3300076036_60.fna,3300076036_60,12171_1,85.48570042664639
3300073840_9.fna,3300073840_9,12172_0,75.69455922766447
3300054984_18.fna,3300054984_18,12173_0,74.08467101918066
3300050120_16.fna,3300050120_16,12174_1,101.86983463803342
3300045803_10.fna,3300045803_10,12175_0,75.40248573056185
3300075573_84.fna,3300075573_84,12176_0,71.12429551829698
3300050024_17.fna,3300050024_17,12177_0,98.89374119607126
3300050017_7.fna,3300050017_7,12178_1,75.52435522465862
3300054963_47.fna,3300054963_47,12179_0,99.90796044049962
3300061644_62.fna,3300061644_62,12180_0,77.17437719718183
3300081967_37.fna,3300081967_37,12181_0,100.59191641554719
3300044801_7.fna,3300044801_7,12182_1,93.84317438
3300062721_45.fna,3300062721_45,12183_0,92.44001910474427
3300056811_241.fna,3300056811_241,12184_0,34.437121254719656
3300049142_2.fna,3300049142_2,12185_1,74.39712066508365
3300049143_6.fna,3300049143_6,12185_2,96.89415439063733
3300042538_1.fna,3300042538_1,12186_0,95.02490060240993
3300049170_13.fna,3300049170_13,12187_0,91.32556896792003
3300049172_19.fna,3300049172_19,12188_0,81.04250112608251
3300081041_26.fna,3300081041_26,12189_0,69.22704713417774
3300049780_1.fna,3300049780_1,12190_0,65.70761269192691
3300042538_10.fna,3300042538_10,12191_0,89.4112912
3300049170_36.fna,3300049170_36,12192_1,98.70753552249008
3300073843_15.fna,3300073843_15,12193_1,67.47248022539479
3300073938_8.fna,3300073938_8,12193_2,79.76219875957058
3300049171_8.fna,3300049171_8,12194_0,95.45767822034163
3300042923_55.fna,3300042923_55,12195_0,71.53989609222266
3300073846_20.fna,3300073846_20,12196_0,60.53641861235258
3300053037_23.fna,3300053037_23,12197_0,101.39618356974175
3300049000_7.fna,3300049000_7,12198_1,57.83976925261862
3300066659_31.fna,3300066659_31,12199_0,70.20145205889632
3300066008_132.fna,3300066008_132,12200_0,85.3840129
3300042994_10.fna,3300042994_10,12201_0,96.35448223
3300056868_3.fna,3300056868_3,12202_0,63.94401860320343
3300062567_28.fna,3300062567_28,12203_1,71.56233177145556
3300064066_74.fna,3300064066_74,12204_1,72.96940747131346
3300076763_173.fna,3300076763_173,12205_0,78.49971302079699
3300056916_3.fna,3300056916_3,12206_1,100.3983191552355
3300060658_11.fna,3300060658_11,12207_0,79.79211792189673
3300082201_55.fna,3300082201_55,12208_0,40.56149248350177
3300060866_94.fna,3300060866_94,12209_1,67.65630044656878
3300062802_106.fna,3300062802_106,12210_0,74.65560478236706
3300057024_114.fna,3300057024_114,12211_0,74.58349301255896
3300065457_23.fna,3300065457_23,12212_1,93.54573254599713
3300065454_5.fna,3300065454_5,12213_0,93.03952217953537
3300079400_14.fna,3300079400_14,12214_1,80.01071669777095
3300060649_39.fna,3300060649_39,12215_0,78.26318545064427
3300051094_102.fna,3300051094_102,12216_0,90.67009216481111
3300072780_106.fna,3300072780_106,12217_0,75.24561340332163
3300079400_60.fna,3300079400_60,12218_0,100.26148140447124
3300039305_10.fna,3300039305_10,12219_1,98.61687261842447
3300056877_148.fna,3300056877_148,12220_0,54.56526720977007
3300064039_47.fna,3300064039_47,12221_0,30.705580829788797
3300072660_90.fna,3300072660_90,12222_1,101.65714185215428
3300072967_28.fna,3300072967_28,12223_1,99.82453652219347
3300072970_9.fna,3300072970_9,12224_1,97.74753621
3300049172_2.fna,3300049172_2,12225_0,83.59865874
3300063022_18.fna,3300063022_18,12226_1,97.50180485
3300032004_16.fna,3300032004_16,12227_0,68.40786792113884
3300072699_73.fna,3300072699_73,12228_0,78.61427153589234
3300072979_80.fna,3300072979_80,12229_0,49.711915856664724
3300062855_20.fna,3300062855_20,12230_0,61.44868350814379
3300053711_26.fna,3300053711_26,12231_1,100.09662167576057
3300042994_7.fna,3300042994_7,12232_0,92.54873376231836
3300072121_27.fna,3300072121_27,12233_0,74.39430132740304
3300072970_22.fna,3300072970_22,12234_1,99.37905592751756
3300072176_19.fna,3300072176_19,12235_1,76.18535669806472
3300042538_9.fna,3300042538_9,12236_0,72.19680872
3300036667_1.fna,3300036667_1,12237_0,101.26780794040657
3300082260_14.fna,3300082260_14,12238_0,101.30575281608309
3300062862_26.fna,3300062862_26,12239_0,98.40894172453956
3300066018_55.fna,3300066018_55,12240_0,65.61080474401366
3300066538_62.fna,3300066538_62,12241_0,93.84699807739258
3300049324_3.fna,3300049324_3,12242_1,71.11046183304812
3300044807_28.fna,3300044807_28,12243_1,80.91525979504425
3300059325_104.fna,3300059325_104,12243_2,70.34292980999682
3300062781_19.fna,3300062781_19,12244_0,67.49148239688888
3300064040_62.fna,3300064040_62,12245_0,85.32018951269824
3300064040_81.fna,3300064040_81,12246_0,100.92906178585226
3300059373_74.fna,3300059373_74,12247_0,40.40636368365076
3300066008_116.fna,3300066008_116,12248_0,94.65666065569195
3300064040_102.fna,3300064040_102,12249_0,95.87915542957369
3300076631_2.fna,3300076631_2,12250_0,72.95154499349597
3300044734_43.fna,3300044734_43,12251_0,91.71543907
3300053644_17.fna,3300053644_17,12252_0,59.46677654675681
3300048998_21.fna,3300048998_21,12253_0,43.939605302645866
3300044703_71.fna,3300044703_71,12254_1,88.10955814522353
3300044838_28.fna,3300044838_28,12254_2,82.83886349
3300021358_3.fna,3300021358_3,12255_0,82.94717276205323
3300044827_22.fna,3300044827_22,12256_1,92.16481412
3300044734_41.fna,3300044734_41,12256_2,90.99565392504051
3300079107_53.fna,3300079107_53,12257_0,93.72217475377039
3300044717_26.fna,3300044717_26,12258_1,54.62114784127746
3300044734_37.fna,3300044734_37,12258_2,72.89244397877398
3300044704_36.fna,3300044704_36,12259_0,66.22933916478821
3300064039_55.fna,3300064039_55,12260_0,95.86282895832404
3300044738_32.fna,3300044738_32,12261_1,92.66848428152221
3300044703_15.fna,3300044703_15,12262_1,100.24215729668754
3300044836_23.fna,3300044836_23,12262_2,99.28304065477474
3300063164_10.fna,3300063164_10,12263_1,101.14595320384333
3300076038_21.fna,3300076038_21,12264_0,93.32299529191793
3300066008_107.fna,3300066008_107,12265_0,61.274203207038774
3300044720_50.fna,3300044720_50,12266_0,86.08593241510968
3300066505_20.fna,3300066505_20,12267_0,68.43415615181365
3300076803_25.fna,3300076803_25,12268_0,95.82801837
3300079107_20.fna,3300079107_20,12269_0,68.20535981828148
3300044808_48.fna,3300044808_48,12270_0,92.66089066643929
3300051103_13.fna,3300051103_13,12271_0,78.52690296
3300082191_28.fna,3300082191_28,12272_0,89.66846887061038
3300052901_8.fna,3300052901_8,12273_0,86.05428148569904
3300034174_4.fna,3300034174_4,12274_0,86.70323977799329
3300021080_3.fna,3300021080_3,12275_0,75.19974327715242
3300082226_34.fna,3300082226_34,12276_0,89.21247268519322
3300062859_8.fna,3300062859_8,12277_0,98.23826555998481
3300066659_126.fna,3300066659_126,12278_0,101.19067652962656
3300062863_18.fna,3300062863_18,12279_0,88.09109699013598
3300066008_85.fna,3300066008_85,12280_1,92.25443154454616
3300044738_34.fna,3300044738_34,12281_0,93.54379123241587
3300064033_71.fna,3300064033_71,12282_0,91.36281599561366
3300072952_6.fna,3300072952_6,12283_0,94.37595918018141
3300066322_82.fna,3300066322_82,12284_1,98.41358132560428
3300067033_29.fna,3300067033_29,12285_1,94.44636235729004
3300067033_91.fna,3300067033_91,12285_2,95.55830173510071
3300044720_36.fna,3300044720_36,12286_1,101.78444701250544
3300078728_6.fna,3300078728_6,12286_2,99.8005799
3300075606_38.fna,3300075606_38,12286_3,97.83607648301972
3300044738_6.fna,3300044738_6,12287_1,99.32020323
3300061175_37.fna,3300061175_37,12287_2,100.8739505676184
3300044834_66.fna,3300044834_66,12288_0,99.88987077
3300044836_3.fna,3300044836_3,12289_1,98.86224448808275
3300044854_5.fna,3300044854_5,12289_2,92.86749860865473
3300059598_77.fna,3300059598_77,12290_1,98.67005126422565
3300044737_11.fna,3300044737_11,12290_2,98.93414336954736
3300044750_13.fna,3300044750_13,12290_3,90.03565009709466
3300080098_49.fna,3300080098_49,12291_0,61.49248696907344
3300060885_4.fna,3300060885_4,12292_0,77.12648672966657
3300054982_18.fna,3300054982_18,12293_0,90.27309431
3300045085_7.fna,3300045085_7,12294_0,91.34589965240924
3300066490_17.fna,3300066490_17,12295_0,73.82106142311258
3300082533_16.fna,3300082533_16,12296_0,62.43391045402279
3300054704_67.fna,3300054704_67,12297_0,90.69887256463478
3300062987_39.fna,3300062987_39,12298_1,101.9455859739999
3300064033_67.fna,3300064033_67,12299_0,79.39841013079722
3300072118_9.fna,3300072118_9,12300_1,95.60752131413258
3300072660_96.fna,3300072660_96,12301_1,101.28150759911765
3300042538_5.fna,3300042538_5,12302_0,100.32165367834453
3300035013_4.fna,3300035013_4,12303_0,101.54386712785686
3300044809_9.fna,3300044809_9,12304_0,75.50191419626744
3300065455_3.fna,3300065455_3,12305_0,98.27916236964727
3300055240_121.fna,3300055240_121,12306_0,54.56138429
3300028709_1.fna,3300028709_1,12307_0,64.02488495736638
3300066377_12.fna,3300066377_12,12308_1,73.44991721
3300055099_77.fna,3300055099_77,12309_0,97.97214469912741
3300042995_14.fna,3300042995_14,12310_0,95.99056996559841
3300082245_72.fna,3300082245_72,12311_0,80.57356918773858
3300080737_11.fna,3300080737_11,12312_0,58.20942984770478
3300051100_37.fna,3300051100_37,12313_0,65.95106623464912
3300059446_12.fna,3300059446_12,12314_0,63.409800511892044
3300082240_28.fna,3300082240_28,12315_0,76.75558023425545
3300046558_20.fna,3300046558_20,12316_0,56.71455716348969
3300077309_41.fna,3300077309_41,12317_1,87.40203725622081
3300077311_44.fna,3300077311_44,12318_1,83.44528968416284
3300066457_65.fna,3300066457_65,12319_0,99.51894682021731
3300076296_49.fna,3300076296_49,12320_0,54.727195361196095
3300066322_38.fna,3300066322_38,12321_0,73.18723927
3300039308_10.fna,3300039308_10,12322_0,74.33377598083175
3300062862_11.fna,3300062862_11,12323_0,83.93888546147512
3300049005_35.fna,3300049005_35,12324_1,88.02191250066039
3300064040_104.fna,3300064040_104,12325_0,85.63977826143464
3300059325_96.fna,3300059325_96,12326_0,80.39555161318826
3300078358_19.fna,3300078358_19,12327_0,60.72489963895949
3300048997_57.fna,3300048997_57,12328_0,94.54359224646733
3300055099_30.fna,3300055099_30,12329_0,77.25246678746836
3300051238_151.fna,3300051238_151,12330_1,97.05051465946717
3300043771_13.fna,3300043771_13,12331_0,91.72076080029282
3300044709_59.fna,3300044709_59,12332_0,79.01381435836413
3300066008_119.fna,3300066008_119,12333_0,93.64457145036458
3300064033_7.fna,3300064033_7,12334_0,91.89439004721753
3300064039_46.fna,3300064039_46,12335_0,95.57151593752694
3300063045_33.fna,3300063045_33,12336_0,101.64651531565393
3300059438_46.fna,3300059438_46,12337_1,75.70451786687993
3300062781_61.fna,3300062781_61,12338_0,53.614181051041044
3300082267_12.fna,3300082267_12,12339_0,76.74048257404854
3300056811_188.fna,3300056811_188,12340_1,96.02668775
3300056809_196.fna,3300056809_196,12341_1,97.51895241428404
3300056809_345.fna,3300056809_345,12341_2,85.37104071125812
3300056797_293.fna,3300056797_293,12342_0,83.93043109767059
3300063058_111.fna,3300063058_111,12343_1,97.38172180590992
3300051096_49.fna,3300051096_49,12344_1,93.32407641777063
3300050226_47.fna,3300050226_47,12345_0,72.03438522496886
3300050227_59.fna,3300050227_59,12346_0,57.897219251241076
3300050241_12.fna,3300050241_12,12347_0,80.33203480585505
3300072699_59.fna,3300072699_59,12348_1,90.61489412348129
3300050236_35.fna,3300050236_35,12349_1,80.93687834211306
3300050239_21.fna,3300050239_21,12350_1,94.64283709103093
3300055240_41.fna,3300055240_41,12351_1,89.22637534380779
3300055240_74.fna,3300055240_74,12352_0,39.705711333044526
3300051097_52.fna,3300051097_52,12353_0,78.31118254566925
3300063016_22.fna,3300063016_22,12354_0,78.15543570240074
3300042004_1.fna,3300042004_1,12355_0,64.31651430735648
3300062822_133.fna,3300062822_133,12356_0,72.92702990386252
3300042934_94.fna,3300042934_94,12357_1,96.70550202666254
3300042923_100.fna,3300042923_100,12358_0,96.43544435
3300035016_7.fna,3300035016_7,12359_0,97.72221779274284
3300051525_15.fna,3300051525_15,12360_1,95.89720525
3300063137_8.fna,3300063137_8,12361_1,86.99802994205017
3300042006_6.fna,3300042006_6,12362_0,74.64324758216735
3300045996_412.fna,3300045996_412,12363_0,50.48386391645485
3300056916_4.fna,3300056916_4,12364_0,98.61620897095905
3300063162_55.fna,3300063162_55,12365_1,92.69851324208814
3300056793_11.fna,3300056793_11,12366_0,92.91788271129772
3300073938_27.fna,3300073938_27,12367_0,80.71581945855695
3300046691_16.fna,3300046691_16,12368_0,79.35036321212664
3300065455_22.fna,3300065455_22,12369_0,95.35791089381019
3300063022_74.fna,3300063022_74,12370_0,75.24229911317181
3300063431_75.fna,3300063431_75,12371_0,57.69309364552362
3300047472_54.fna,3300047472_54,12372_0,79.28595145
3300049982_46.fna,3300049982_46,12373_0,89.85398768
3300046471_43.fna,3300046471_43,12374_1,85.00779728
3300046507_69.fna,3300046507_69,12375_1,66.43376919982629
3300046616_39.fna,3300046616_39,12375_2,85.94496273362034
3300046524_44.fna,3300046524_44,12376_1,90.45906113902743
3300046660_41.fna,3300046660_41,12376_2,85.70193511031393
3300044815_20.fna,3300044815_20,12377_0,92.75642221306039
3300046660_77.fna,3300046660_77,12378_0,68.41417119701136
3300055072_91.fna,3300055072_91,12379_0,84.91092847608509
3300053707_17.fna,3300053707_17,12380_1,101.16288946388326
3300053717_4.fna,3300053717_4,12380_2,100.73596495925787
3300072964_14.fna,3300072964_14,12381_0,88.57146223329653
3300056915_10.fna,3300056915_10,12382_1,102.83208261401731
3300072967_48.fna,3300072967_48,12383_1,100.03874496970447
3300072124_1.fna,3300072124_1,12384_1,95.10344567843161
3300072965_42.fna,3300072965_42,12384_2,81.26449073324834
3300038555_5.fna,3300038555_5,12385_1,92.95308582
3300053717_5.fna,3300053717_5,12385_2,98.77692586359932
3300056843_9.fna,3300056843_9,12386_1,96.67944902598863
3300058668_1.fna,3300058668_1,12387_1,99.24104575922945
3300036390_5.fna,3300036390_5,12388_0,99.80235835788918
3300072778_28.fna,3300072778_28,12389_0,73.27103981319655
3300063431_67.fna,3300063431_67,12390_1,91.71451979595827
3300060733_31.fna,3300060733_31,12391_1,94.75952970330526
3300063057_61.fna,3300063057_61,12392_1,62.81401710003565
3300050225_11.fna,3300050225_11,12393_1,93.41797226616042
3300046616_9.fna,3300046616_9,12394_0,95.27954520790055
3300057297_2.fna,3300057297_2,12395_1,97.30281623583677
3300056793_24.fna,3300056793_24,12396_0,96.67382741477381
3300036393_7.fna,3300036393_7,12397_0,73.83505382
3300053036_7.fna,3300053036_7,12398_0,82.53173965773145
3300072121_13.fna,3300072121_13,12399_1,90.35949589023475
3300073843_35.fna,3300073843_35,12400_0,78.54217914
3300072123_14.fna,3300072123_14,12401_0,79.01445549655467
3300072958_21.fna,3300072958_21,12402_0,68.9370195
3300072342_20.fna,3300072342_20,12403_1,92.91126519017739
3300066006_78.fna,3300066006_78,12404_1,76.48889317700987
3300048595_5.fna,3300048595_5,12405_0,90.46503109625026
3300063431_30.fna,3300063431_30,12406_0,88.37167762287814
3300049664_5.fna,3300049664_5,12407_1,95.55654560280995
3300049775_4.fna,3300049775_4,12408_1,98.16216826
3300049686_10.fna,3300049686_10,12409_0,93.67921731010217
3300048623_5.fna,3300048623_5,12410_0,78.14302742004689
3300072335_58.fna,3300072335_58,12411_0,98.18073705525205
3300065155_29.fna,3300065155_29,12412_0,60.498647468889054
3300049451_2.fna,3300049451_2,12413_0,67.00649237231396
3300063016_43.fna,3300063016_43,12414_1,50.53809532999027
3300065082_23.fna,3300065082_23,12414_2,73.89982274654008
3300063260_28.fna,3300063260_28,12415_1,96.98228850172366
3300063019_36.fna,3300063019_36,12415_2,86.96563647217408
3300066006_100.fna,3300066006_100,12416_1,95.62085113
3300063122_2.fna,3300063122_2,12417_1,98.80661633128996
3300063419_31.fna,3300063419_31,12417_2,98.83368681867465
3300049581_137.fna,3300049581_137,12418_0,57.54168665304451
3300046471_44.fna,3300046471_44,12419_0,76.50471729109545
3300065155_12.fna,3300065155_12,12420_0,90.79277663531535
3300046513_17.fna,3300046513_17,12421_0,94.58147626467286
3300046512_21.fna,3300046512_21,12422_1,99.92748276516704
3300046525_3.fna,3300046525_3,12423_1,99.38632999613623
3300046524_14.fna,3300046524_14,12424_1,93.39336656820764
3300063431_63.fna,3300063431_63,12425_1,94.03282281875259
3300065155_30.fna,3300065155_30,12426_0,96.93553049
3300072335_31.fna,3300072335_31,12427_0,77.13001481677134
3300053709_35.fna,3300053709_35,12428_1,100.46837401457246
3300072658_66.fna,3300072658_66,12429_1,95.43554809592855
3300047472_71.fna,3300047472_71,12430_0,86.34529477830404
3300037196_12.fna,3300037196_12,12431_0,58.13359833035547
3300045806_10.fna,3300045806_10,12432_0,75.46341587641163
3300056751_171.fna,3300056751_171,12433_0,84.41118510827489
3300056811_256.fna,3300056811_256,12434_1,100.80553099547005
3300056799_97.fna,3300056799_97,12435_1,91.11119301841644
3300056811_37.fna,3300056811_37,12436_1,93.10755178445577
3300063180_48.fna,3300063180_48,12437_1,95.46657904515754
3300056809_326.fna,3300056809_326,12438_0,65.00921307315274
3300056674_137.fna,3300056674_137,12439_1,99.63207219949791
3300056749_255.fna,3300056749_255,12440_0,49.59577707672303
3300056675_252.fna,3300056675_252,12441_1,84.99399294917312
3300056811_214.fna,3300056811_214,12442_1,98.82643473644347
3300056793_27.fna,3300056793_27,12443_1,101.00821153685838
3300038557_5.fna,3300038557_5,12443_2,97.69846557422201
3300045051_99.fna,3300045051_99,12444_0,93.20969804782133
3300036390_6.fna,3300036390_6,12445_0,82.48993512519779
3300063429_10.fna,3300063429_10,12446_1,102.12154620770069
3300063059_7.fna,3300063059_7,12446_2,96.48432006428824
3300049137_22.fna,3300049137_22,12447_0,84.63999552751899
3300049165_13.fna,3300049165_13,12448_0,89.09196250387406
3300042922_93.fna,3300042922_93,12449_1,98.37503442696892
3300048091_11.fna,3300048091_11,12450_1,82.26721983468346
3300046500_5.fna,3300046500_5,12451_1,85.72258962090528
3300046512_34.fna,3300046512_34,12452_1,87.36912538340633
3300046453_29.fna,3300046453_29,12453_1,90.51786197111254
3300046512_18.fna,3300046512_18,12453_2,92.5524
3300046519_23.fna,3300046519_23,12453_3,66.38432578889473
3300048090_3.fna,3300048090_3,12454_0,91.88131128745027
3300049823_46.fna,3300049823_46,12455_0,74.66286195476287
3300062776_37.fna,3300062776_37,12456_0,63.55203035870932
3300072659_32.fna,3300072659_32,12457_1,99.29646939
3300072687_36.fna,3300072687_36,12457_2,75.35047891902606
3300072978_6.fna,3300072978_6,12458_0,91.63621219967841
3300072778_42.fna,3300072778_42,12459_1,93.28936054
3300072652_36.fna,3300072652_36,12460_1,93.51347989
3300062783_31.fna,3300062783_31,12461_0,92.90669537523124
3300072475_11.fna,3300072475_11,12462_1,97.11187207516915
3300072976_23.fna,3300072976_23,12463_1,93.72506431928673
3300072123_37.fna,3300072123_37,12464_1,100.68970295107776
3300056843_28.fna,3300056843_28,12465_0,98.52826788525579
3300062802_32.fna,3300062802_32,12466_0,96.39139356146714
3300072687_41.fna,3300072687_41,12467_0,98.51155849270283
3300050222_15.fna,3300050222_15,12468_1,96.37205490632495
3300049780_12.fna,3300049780_12,12469_0,97.85730546009525
3300062823_4.fna,3300062823_4,12470_0,56.909362227934686
3300063018_20.fna,3300063018_20,12471_1,80.88778869488594
3300049295_4.fna,3300049295_4,12472_0,76.73803682724264
3300064095_175.fna,3300064095_175,12473_0,53.23679228775771
3300049169_3.fna,3300049169_3,12474_0,88.79978475857358
3300049170_9.fna,3300049170_9,12475_0,49.65784123927294
3300062833_11.fna,3300062833_11,12476_1,76.69728808371295
3300050222_51.fna,3300050222_51,12477_0,87.72889695892589
3300065428_57.fna,3300065428_57,12478_0,75.94382541307324
3300066006_2.fna,3300066006_2,12479_0,56.84816215871011
3300056676_80.fna,3300056676_80,12480_0,87.26288947757553
3300049171_26.fna,3300049171_26,12481_1,99.78078226645542
3300049171_34.fna,3300049171_34,12482_0,91.56663623072308
3300063165_11.fna,3300063165_11,12483_1,98.47442525444248
3300046506_38.fna,3300046506_38,12484_0,95.19239063815861
3300063167_47.fna,3300063167_47,12485_0,46.99512877149915
3300056675_23.fna,3300056675_23,12486_1,98.67648485697627
3300056904_154.fna,3300056904_154,12487_0,64.33868567293489
3300064042_30.fna,3300064042_30,12488_1,100.42836555219979
3300056896_55.fna,3300056896_55,12489_0,74.03831821526478
3300081965_30.fna,3300081965_30,12490_0,64.70781996850208
3300054704_53.fna,3300054704_53,12491_0,56.692454297081305
3300061641_134.fna,3300061641_134,12492_0,41.52531848096585
3300065425_53.fna,3300065425_53,12493_0,49.70728023390145
3300065082_160.fna,3300065082_160,12494_1,77.57647767143459
3300077816_75.fna,3300077816_75,12495_0,77.68440086206101
3300036407_4.fna,3300036407_4,12496_1,101.61294251099693
3300039306_8.fna,3300039306_8,12497_0,71.59764387
3300056843_11.fna,3300056843_11,12498_1,100.50620276934049
3300064095_198.fna,3300064095_198,12498_2,59.37529583494156
3300072658_36.fna,3300072658_36,12499_1,99.06973243359508
3300065082_109.fna,3300065082_109,12500_0,93.25785731321979
3300065082_83.fna,3300065082_83,12501_0,68.43803682724263
3300063018_16.fna,3300063018_16,12502_0,97.39742077028056
3300063177_28.fna,3300063177_28,12503_0,95.16655297806457
3300051525_2.fna,3300051525_2,12504_1,101.3109213173239
3300053036_28.fna,3300053036_28,12505_1,102.04862165760399
3300062784_54.fna,3300062784_54,12506_0,58.01074056
3300063132_71.fna,3300063132_71,12507_1,93.16391835
3300063020_72.fna,3300063020_72,12507_2,88.50768520299185
3300049571_162.fna,3300049571_162,12508_0,57.24325563068229
3300063020_104.fna,3300063020_104,12509_0,95.12493413334904
3300042922_17.fna,3300042922_17,12510_0,71.75428562634626
3300063057_18.fna,3300063057_18,12511_1,92.49029417146242
3300065475_12.fna,3300065475_12,12512_0,57.868877261029716
3300056673_298.fna,3300056673_298,12513_0,66.53404632727093
3300049589_29.fna,3300049589_29,12514_1,63.34114810523262
3300064095_117.fna,3300064095_117,12515_1,71.54035770414963
3300049593_6.fna,3300049593_6,12516_1,89.11631095855569
3300063288_33.fna,3300063288_33,12517_1,90.50259019325944
3300062823_142.fna,3300062823_142,12517_2,92.33504638
3300062796_71.fna,3300062796_71,12518_0,86.26295343356108
3300047472_69.fna,3300047472_69,12519_0,96.11955118818892
3300062801_103.fna,3300062801_103,12520_0,90.26555730900778
3300063062_60.fna,3300063062_60,12521_0,65.50111992
3300062801_81.fna,3300062801_81,12522_0,94.81935878394921
3300072783_21.fna,3300072783_21,12523_1,101.17004748881952
3300049742_105.fna,3300049742_105,12524_1,73.20812011446439
3300049581_90.fna,3300049581_90,12525_0,91.09142618620808
3300051238_35.fna,3300051238_35,12526_0,86.67305523048542
3300062831_17.fna,3300062831_17,12527_1,73.98528973027634
3300065082_92.fna,3300065082_92,12527_2,58.887528050860055
3300056843_5.fna,3300056843_5,12528_0,99.03910808553357
3300062833_61.fna,3300062833_61,12529_0,86.59946969578033
3300020152_8.fna,3300020152_8,12530_0,58.83864616878372
3300062793_74.fna,3300062793_74,12531_1,102.11821660990707
3300062823_85.fna,3300062823_85,12532_1,101.49094409175653
3300050240_105.fna,3300050240_105,12533_0,94.58777370051257
3300081702_64.fna,3300081702_64,12534_0,90.80971302079699
3300057032_45.fna,3300057032_45,12535_0,80.54022304730553
3300054986_63.fna,3300054986_63,12536_0,98.30915242
3300056751_270.fna,3300056751_270,12537_1,93.84828146254803
3300056809_167.fna,3300056809_167,12538_1,98.48585307132987
3300062805_12.fna,3300062805_12,12539_0,96.76452632
3300042994_21.fna,3300042994_21,12540_0,88.02775882459639
3300062805_32.fna,3300062805_32,12541_1,99.24313683649848
3300062792_94.fna,3300062792_94,12542_0,88.46494174466773
3300062795_68.fna,3300062795_68,12543_1,82.38732710700556
3300063065_28.fna,3300063065_28,12544_0,98.35346802593017
3300063059_50.fna,3300063059_50,12545_1,100.64614648369498
3300053036_27.fna,3300053036_27,12546_1,100.75207715136308
3300063065_68.fna,3300063065_68,12547_1,101.29225198789887
3300063021_68.fna,3300063021_68,12548_0,89.79729879262125
3300062795_57.fna,3300062795_57,12549_0,92.61663543831561
3300072779_61.fna,3300072779_61,12550_0,87.34843763402984
3300045051_121.fna,3300045051_121,12551_0,90.91911023655433
3300066489_29.fna,3300066489_29,12552_1,101.65394689172129
3300063132_13.fna,3300063132_13,12553_1,94.27333612050221
3300063044_46.fna,3300063044_46,12554_1,100.06032646155064
3300062822_6.fna,3300062822_6,12554_2,98.80968904
3300049571_69.fna,3300049571_69,12555_0,90.25501054782961
3300062802_102.fna,3300062802_102,12556_0,82.06195608355061
3300053717_23.fna,3300053717_23,12557_0,99.82796511762523
3300056970_124.fna,3300056970_124,12558_0,74.38717625
3300057032_50.fna,3300057032_50,12559_0,67.81610297298788
3300062797_134.fna,3300062797_134,12560_0,99.54842770694236
3300063015_84.fna,3300063015_84,12561_0,88.07768940991107
3300031965_23.fna,3300031965_23,12562_0,89.34166414249312
3300063430_11.fna,3300063430_11,12563_0,85.65496962746376
3300048792_20.fna,3300048792_20,12564_1,91.58383111329744
3300036901_8.fna,3300036901_8,12565_1,71.04925663130821
3300037139_5.fna,3300037139_5,12565_2,83.43650347000046
3300050011_30.fna,3300050011_30,12566_0,74.65733451091276
3300051094_48.fna,3300051094_48,12567_0,91.16117552905251
3300034631_8.fna,3300034631_8,12568_1,101.05724749809904
3300013104_48.fna,3300013104_48,12568_2,40.28092990488753
3300046558_40.fna,3300046558_40,12569_0,90.17254225166761
3300063137_84.fna,3300063137_84,12570_1,100.44919139048095
3300046694_35.fna,3300046694_35,12571_0,88.9828021
3300065155_15.fna,3300065155_15,12572_0,98.44499792576532
3300035010_12.fna,3300035010_12,12573_0,98.61278071498444
3300063396_47.fna,3300063396_47,12574_1,101.98916287598877
3300056787_3.fna,3300056787_3,12575_1,102.3260341677983
3300053037_18.fna,3300053037_18,12576_1,102.5250415267242
3300012989_14.fna,3300012989_14,12576_2,84.15128814
3300054982_51.fna,3300054982_51,12577_0,33.03595941
3300053036_35.fna,3300053036_35,12578_1,100.32085085192631
3300061463_2.fna,3300061463_2,12579_1,101.3561395585593
3300049137_10.fna,3300049137_10,12579_2,94.87525481791741
3300053711_7.fna,3300053711_7,12580_1,103.1942616375025
3300053036_17.fna,3300053036_17,12580_2,101.14510193998647
3300021066_2.fna,3300021066_2,12581_0,59.0799526
3300080627_27.fna,3300080627_27,12582_0,87.41880545507922
3300072121_21.fna,3300072121_21,12583_1,96.88806827430923
3300072964_8.fna,3300072964_8,12583_2,79.67677173426624
3300059579_13.fna,3300059579_13,12584_0,91.96689896518522
3300036389_5.fna,3300036389_5,12585_1,102.32088934051012
3300072780_79.fna,3300072780_79,12586_1,85.27197991014407
3300072778_57.fna,3300072778_57,12587_1,99.32708310786157
3300034630_7.fna,3300034630_7,12588_0,101.48376332711626
3300035020_6.fna,3300035020_6,12589_0,80.74000371041984
3300072659_10.fna,3300072659_10,12590_0,69.21420208386851
3300072954_67.fna,3300072954_67,12591_1,96.41588090451816
3300072963_24.fna,3300072963_24,12592_0,81.38271120040729
3300063085_94.fna,3300063085_94,12593_1,68.10620757084513
3300046684_1.fna,3300046684_1,12594_0,67.65092719
3300046684_21.fna,3300046684_21,12595_0,97.80434824399046
3300055240_81.fna,3300055240_81,12596_0,76.82735427578757
3300056811_202.fna,3300056811_202,12597_0,68.81596909533899
3300037063_13.fna,3300037063_13,12598_1,83.26150620792062
3300050120_12.fna,3300050120_12,12599_1,79.76160231270082
3300056811_195.fna,3300056811_195,12599_2,89.35549303960643
3300050132_20.fna,3300050132_20,12600_0,67.83473320504042
3300061639_19.fna,3300061639_19,12601_0,77.91396656
3300066006_123.fna,3300066006_123,12602_0,84.68019495507579
3300046689_48.fna,3300046689_48,12603_0,78.3702095
3300049570_12.fna,3300049570_12,12604_1,67.89683248160158
3300049571_171.fna,3300049571_171,12604_2,73.08224115320112
3300047469_34.fna,3300047469_34,12605_1,82.57364606952711
3300063419_28.fna,3300063419_28,12605_2,85.71353358
3300046457_24.fna,3300046457_24,12605_3,78.61054435988396
3300049459_21.fna,3300049459_21,12605_4,86.39664812257423
3300046530_27.fna,3300046530_27,12606_1,95.21013226726132
3300046512_9.fna,3300046512_9,12606_2,83.28436236222471
3300046507_6.fna,3300046507_6,12606_3,77.09634301958106
3300046513_3.fna,3300046513_3,12606_4,83.28218405883308
3300051096_169.fna,3300051096_169,12606_5,77.25327411
3300047469_15.fna,3300047469_15,12606_6,35.593455147300084
3300046453_30.fna,3300046453_30,12607_1,95.25776803105921
3300047469_11.fna,3300047469_11,12607_2,99.49095190031805
3300060733_26.fna,3300060733_26,12607_3,102.61956605146246
3300044815_33.fna,3300044815_33,12607_4,72.13046784628055
3300046660_38.fna,3300046660_38,12608_0,72.48843522416205
3300046616_19.fna,3300046616_19,12609_1,80.99370265565666
3300063137_23.fna,3300063137_23,12609_2,75.85301298714143
3300072335_56.fna,3300072335_56,12610_0,98.24619438781919
3300063431_20.fna,3300063431_20,12611_0,62.11894391568043
3300051095_30.fna,3300051095_30,12612_1,101.19611562147387
3300051615_80.fna,3300051615_80,12613_0,93.43120341911009
3300066486_41.fna,3300066486_41,12614_1,77.73724411
3300066486_45.fna,3300066486_45,12614_2,99.46595666174898
3300065474_59.fna,3300065474_59,12615_0,99.64434677284291
3300064043_15.fna,3300064043_15,12616_1,43.34615580456556
3300066006_7.fna,3300066006_7,12616_2,88.29012853175986
3300053710_30.fna,3300053710_30,12617_1,100.09276313931436
3300045996_381.fna,3300045996_381,12618_0,100.27651986335687
3300064033_17.fna,3300064033_17,12619_0,94.91203993168841
3300051238_129.fna,3300051238_129,12620_1,90.01226979
3300062865_4.fna,3300062865_4,12621_0,88.92179728702737
3300056753_133.fna,3300056753_133,12622_1,76.83377385320557
3300056674_194.fna,3300056674_194,12622_2,66.92431752990737
3300044807_10.fna,3300044807_10,12623_1,55.84526047500638
3300064044_22.fna,3300064044_22,12623_2,51.44146056037999
3300064033_8.fna,3300064033_8,12623_3,43.62923029736284
3300064044_75.fna,3300064044_75,12624_0,75.92907909667039
3300060656_26.fna,3300060656_26,12625_1,78.25817045790045
3300044830_14.fna,3300044830_14,12626_1,83.58100699
3300060354_14.fna,3300060354_14,12626_2,76.38715695
3300051098_25.fna,3300051098_25,12627_0,70.82081765075148
3300044708_16.fna,3300044708_16,12628_0,77.10989209830177
3300064003_18.fna,3300064003_18,12629_0,70.89149317042839
3300056752_177.fna,3300056752_177,12630_1,78.93042651447527
3300079101_119.fna,3300079101_119,12631_0,77.28103560630865
3300049167_3.fna,3300049167_3,12632_0,64.85984794370542
3300059325_5.fna,3300059325_5,12633_0,71.19189706979402
3300051096_66.fna,3300051096_66,12634_1,91.21541797904185
3300048998_34.fna,3300048998_34,12635_0,56.440494588208026
3300066659_36.fna,3300066659_36,12636_0,84.23716305
3300060733_10.fna,3300060733_10,12637_1,95.11525035
3300049982_73.fna,3300049982_73,12638_0,92.22506625560646
3300042994_12.fna,3300042994_12,12639_0,96.03772937150983
3300056797_156.fna,3300056797_156,12640_1,90.71258799068038
3300056751_84.fna,3300056751_84,12640_2,75.41599018865249
3300066006_85.fna,3300066006_85,12641_0,74.88409819632986
3300049823_154.fna,3300049823_154,12642_0,74.78474155
3300055240_16.fna,3300055240_16,12643_0,81.16717244438381
3300072699_75.fna,3300072699_75,12644_1,85.94473890771951
3300050235_107.fna,3300050235_107,12645_1,87.59843793
3300050222_3.fna,3300050222_3,12645_2,74.12337931
3300053707_24.fna,3300053707_24,12645_3,87.29960008043062
3300050222_18.fna,3300050222_18,12646_1,84.58252315376846
3300050236_1.fna,3300050236_1,12647_0,61.79226841415064
3300053037_15.fna,3300053037_15,12648_0,99.71977198169311
3300028449_3.fna,3300028449_3,12649_0,86.19324564810846
3300056915_7.fna,3300056915_7,12650_0,90.54728362993444
3300042994_13.fna,3300042994_13,12651_0,97.02070581949833
3300063431_109.fna,3300063431_109,12652_1,100.09164495037679
3300046557_8.fna,3300046557_8,12653_1,61.478661049876116
3300045003_43.fna,3300045003_43,12654_0,70.54949919824959
3300044713_59.fna,3300044713_59,12655_0,75.69963479316937
3300081485_108.fna,3300081485_108,12656_0,65.62414592267825
3300044682_31.fna,3300044682_31,12657_0,65.19207706843918
3300044822_30.fna,3300044822_30,12658_0,71.42758883276312
3300030687_9.fna,3300030687_9,12659_1,40.10011482218742
3300078417_60.fna,3300078417_60,12660_0,76.85048094056046
3300051094_85.fna,3300051094_85,12661_0,90.57278665532571
3300065081_99.fna,3300065081_99,12662_0,80.25871893410645
3300078359_162.fna,3300078359_162,12663_0,70.94222230856568
3300064043_80.fna,3300064043_80,12664_0,76.82259247583299
3300073837_35.fna,3300073837_35,12665_0,64.13363384040544
3300062626_49.fna,3300062626_49,12666_0,80.57865874
3300079305_42.fna,3300079305_42,12667_0,75.32956193
3300078359_23.fna,3300078359_23,12668_1,83.77546487181307
3300082506_42.fna,3300082506_42,12669_1,74.58760722824573
3300079560_133.fna,3300079560_133,12670_0,57.35821985990839
3300082510_66.fna,3300082510_66,12671_0,80.13408292892777
3300062843_42.fna,3300062843_42,12672_0,63.72163412576312
3300055024_33.fna,3300055024_33,12673_0,78.10679407259275
3300062129_25.fna,3300062129_25,12674_1,81.96586067702184
3300048812_27.fna,3300048812_27,12675_0,85.29825640821936
3300079560_129.fna,3300079560_129,12676_0,88.81622018827457
3300060780_39.fna,3300060780_39,12677_1,57.73262405389069
3300077818_39.fna,3300077818_39,12677_2,76.57109538484956
3300050138_18.fna,3300050138_18,12678_0,71.24311781204929
3300062836_44.fna,3300062836_44,12679_0,67.89997334083942
3300044796_81.fna,3300044796_81,12680_0,79.89532777447648
3300051094_86.fna,3300051094_86,12681_0,82.73017306914095
3300056797_60.fna,3300056797_60,12682_1,94.54724825556107
3300050132_41.fna,3300050132_41,12683_0,89.41163946
3300066006_141.fna,3300066006_141,12684_0,92.26979806308154
3300056811_343.fna,3300056811_343,12685_0,84.76078990459807
3300053710_37.fna,3300053710_37,12686_0,100.54564645087206
3300064041_109.fna,3300064041_109,12687_0,95.42383013961798
3300049141_11.fna,3300049141_11,12688_0,84.11463405223856
3300056977_259.fna,3300056977_259,12689_1,91.32150222368357
3300055072_17.fna,3300055072_17,12690_0,72.07358479520431
3300065456_19.fna,3300065456_19,12691_1,94.81555998520552
3300054967_76.fna,3300054967_76,12692_0,89.84510556934008
3300062793_73.fna,3300062793_73,12693_0,90.98295536
3300055048_27.fna,3300055048_27,12694_0,94.07931847419222
3300080032_114.fna,3300080032_114,12695_0,71.59562296207095
3300056834_61.fna,3300056834_61,12696_1,68.83613258350398
3300079534_63.fna,3300079534_63,12697_0,70.06199953452858
3300043755_4.fna,3300043755_4,12698_0,60.78220602956886
3300055048_53.fna,3300055048_53,12699_0,68.29052094777134
3300060353_79.fna,3300060353_79,12700_0,63.19555078225068
3300082225_71.fna,3300082225_71,12701_0,58.01424868567412
3300054704_72.fna,3300054704_72,12702_0,84.49401581325121
3300072960_32.fna,3300072960_32,12703_0,79.69711715247051
3300053709_8.fna,3300053709_8,12704_1,101.19884114241637
3300063066_5.fna,3300063066_5,12705_0,101.48009980465719
3300055048_54.fna,3300055048_54,12706_1,100.31147527282688
3300049580_105.fna,3300049580_105,12707_0,91.54940011757158
3300082224_66.fna,3300082224_66,12708_1,73.53770779547551
3300082029_6.fna,3300082029_6,12708_2,69.61621606169555
3300082220_26.fna,3300082220_26,12709_0,55.08071541
3300077115_23.fna,3300077115_23,12710_0,53.526490083019745
3300081527_31.fna,3300081527_31,12711_1,75.37275926
3300082053_10.fna,3300082053_10,12712_1,78.19797147311616
3300082283_2.fna,3300082283_2,12712_2,54.33081893733663
3300073873_26.fna,3300073873_26,12713_0,30.43519162945312
3300079101_138.fna,3300079101_138,12714_0,69.84474468596677
3300082268_52.fna,3300082268_52,12715_0,68.34021973763956
3300076642_31.fna,3300076642_31,12716_0,56.32508042151865
3300076621_43.fna,3300076621_43,12717_0,78.69450135170088
3300079118_126.fna,3300079118_126,12718_1,90.45918740561329
3300053671_88.fna,3300053671_88,12719_0,53.108612028921584
3300053671_79.fna,3300053671_79,12720_0,72.56324839
3300079482_28.fna,3300079482_28,12721_0,77.12357028473265
3300056903_59.fna,3300056903_59,12722_0,47.54369377551369
3300066613_15.fna,3300066613_15,12723_0,67.92377398810943
3300081038_17.fna,3300081038_17,12724_0,56.643588496235274
3300081487_45.fna,3300081487_45,12725_1,79.07164707978905
3300081487_40.fna,3300081487_40,12726_1,82.15828470381315
3300081966_23.fna,3300081966_23,12727_0,50.54689144
3300062805_66.fna,3300062805_66,12728_0,54.00809419129489
3300063053_6.fna,3300063053_6,12729_0,78.24284283414045
3300054114_3.fna,3300054114_3,12730_0,28.222029323546973
3300055099_47.fna,3300055099_47,12731_0,92.41975591
3300076762_86.fna,3300076762_86,12732_0,65.88702545139644
3300080065_24.fna,3300080065_24,12733_0,51.40115515497713
3300076644_31.fna,3300076644_31,12734_1,70.68626965
3300060916_131.fna,3300060916_131,12735_1,74.12150965165748
3300082026_35.fna,3300082026_35,12735_2,73.48459792675975
3300047320_21.fna,3300047320_21,12736_0,82.90988732980644
3300081965_24.fna,3300081965_24,12737_0,62.16575727935418
3300072958_2.fna,3300072958_2,12738_0,85.13813270264085
3300081965_181.fna,3300081965_181,12739_0,87.84561369
3300057020_104.fna,3300057020_104,12740_0,56.05370283
3300078823_82.fna,3300078823_82,12741_1,80.43689635164338
3300078542_28.fna,3300078542_28,12742_0,66.75738219833401
3300063021_44.fna,3300063021_44,12743_1,76.73537293977591
3300061462_1.fna,3300061462_1,12744_1,99.34464947256225
3300053037_7.fna,3300053037_7,12744_2,98.60354546163059
3300036444_8.fna,3300036444_8,12745_0,101.41719289476727
3300056843_1.fna,3300056843_1,12746_1,98.52610193760783
3300058668_8.fna,3300058668_8,12746_2,101.76706878810904
3300038555_3.fna,3300038555_3,12747_0,100.73987365494759
3300064032_90.fna,3300064032_90,12748_0,34.815055577682195
3300034630_5.fna,3300034630_5,12749_0,101.6215199751782
3300049167_43.fna,3300049167_43,12750_1,95.02315732094142
3300063396_61.fna,3300063396_61,12750_2,85.19275358570484
3300049140_5.fna,3300049140_5,12751_0,69.57311592701427
3300056787_9.fna,3300056787_9,12752_0,99.22065212319366
3300045996_394.fna,3300045996_394,12753_1,96.09341247251727
3300053710_20.fna,3300053710_20,12754_0,85.39203188947586
3300081789_4.fna,3300081789_4,12755_0,52.49904139232109
3300053710_42.fna,3300053710_42,12756_0,95.52089143835867
3300056915_11.fna,3300056915_11,12757_1,98.59398778
3300042922_96.fna,3300042922_96,12758_1,56.41167304917829
3300042923_105.fna,3300042923_105,12758_2,97.98276531083825
3300062987_20.fna,3300062987_20,12759_1,103.12693452223999
3300042922_102.fna,3300042922_102,12760_0,48.88660245004215
3300081965_78.fna,3300081965_78,12761_1,76.14001479699623
3300082225_169.fna,3300082225_169,12761_2,41.97581260157664
3300042995_19.fna,3300042995_19,12762_0,83.26428161635197
3300062799_108.fna,3300062799_108,12763_0,70.41910149125185
3300049822_120.fna,3300049822_120,12764_1,77.40343074
3300049574_117.fna,3300049574_117,12765_0,55.96106954006607
3300049822_59.fna,3300049822_59,12766_0,43.91541265502748
3300072780_41.fna,3300072780_41,12767_1,94.13317969407123
3300072687_30.fna,3300072687_30,12768_1,100.4225903285085
3300072683_24.fna,3300072683_24,12769_0,87.83931692067931
3300063020_95.fna,3300063020_95,12770_1,96.75546260018359
3300063017_83.fna,3300063017_83,12770_2,99.59321775704915
3300053709_37.fna,3300053709_37,12771_1,88.32450000100387
3300063065_24.fna,3300063065_24,12772_0,93.00774035156056
3300056843_24.fna,3300056843_24,12773_1,97.30148581999084
3300057297_9.fna,3300057297_9,12774_0,72.53917580741191
3300060733_18.fna,3300060733_18,12775_1,102.08982116027487
3300062799_48.fna,3300062799_48,12776_0,98.69878662713502
3300053711_19.fna,3300053711_19,12777_1,83.78368084327427
3300056787_24.fna,3300056787_24,12778_1,80.90867129
3300073843_51.fna,3300073843_51,12779_0,52.020609060597465
3300072653_14.fna,3300072653_14,12780_1,93.21528646226659
3300044739_50.fna,3300044739_50,12781_0,70.47063079531104
3300050240_56.fna,3300050240_56,12782_1,90.72969170787853
3300049168_11.fna,3300049168_11,12782_2,83.47800969990683
3300049169_7.fna,3300049169_7,12782_3,100.38847502137574
3300049140_14.fna,3300049140_14,12782_4,70.87818110255775
3300049171_15.fna,3300049171_15,12783_1,83.41189035506693
3300049172_28.fna,3300049172_28,12783_2,96.84956713
3300063132_10.fna,3300063132_10,12784_0,42.65113561651978
3300049570_73.fna,3300049570_73,12785_1,98.37143638534558
3300049575_49.fna,3300049575_49,12786_1,92.82677120992128
3300049585_37.fna,3300049585_37,12787_1,98.25697613549755
3300053717_17.fna,3300053717_17,12788_0,98.52256605463693
3300050236_33.fna,3300050236_33,12789_1,73.58066196805035
3300065082_158.fna,3300065082_158,12790_0,91.96819584118857
3300067033_5.fna,3300067033_5,12791_0,55.471680668127654
3300049782_17.fna,3300049782_17,12792_0,66.09305958396844
3300062822_82.fna,3300062822_82,12793_1,100.82349995492783
3300053711_21.fna,3300053711_21,12794_1,102.06395750217969
3300063021_59.fna,3300063021_59,12795_0,100.9066571097094
3300072335_57.fna,3300072335_57,12796_0,99.7137769
3300072687_51.fna,3300072687_51,12797_0,88.98338100769868
3300064044_13.fna,3300064044_13,12798_0,85.88138877923403
3300077906_18.fna,3300077906_18,12799_0,97.65848237260265
3300046460_45.fna,3300046460_45,12800_1,59.915113817493236
3300015262_7.fna,3300015262_7,12801_0,56.348621051402674
3300061216_39.fna,3300061216_39,12802_0,80.28551544973317
3300066006_22.fna,3300066006_22,12803_0,74.67643670762178
3300080029_1.fna,3300080029_1,12804_0,84.23820648253731
3300053717_19.fna,3300053717_19,12805_1,98.87005509068987
3300063289_23.fna,3300063289_23,12806_1,77.08977756
3300072783_67.fna,3300072783_67,12807_1,95.47274449386386
3300072128_42.fna,3300072128_42,12808_0,89.00466217330204
3300062822_159.fna,3300062822_159,12809_0,48.75863211190393
3300072972_57.fna,3300072972_57,12810_0,52.41083460848311
3300062987_38.fna,3300062987_38,12811_1,97.54268949991616
3300076292_4.fna,3300076292_4,12812_0,88.19718285
3300072654_14.fna,3300072654_14,12813_1,89.06678146684652
3300060294_27.fna,3300060294_27,12814_1,99.08114761148032
3300064482_82.fna,3300064482_82,12815_0,83.63136169383428
3300063431_107.fna,3300063431_107,12816_1,92.11908906551186
3300063431_43.fna,3300063431_43,12817_1,92.76330804205665
3300065474_27.fna,3300065474_27,12817_2,92.51837135603576
3300035013_2.fna,3300035013_2,12818_0,98.67839662867343
3300046373_25.fna,3300046373_25,12819_0,76.64590419591656
3300050232_51.fna,3300050232_51,12820_1,83.93039553
3300062795_107.fna,3300062795_107,12820_2,85.08959379
3300062792_102.fna,3300062792_102,12821_0,61.734402509356016
3300042994_16.fna,3300042994_16,12822_1,96.34702420547067
3300023055_11.fna,3300023055_11,12823_1,70.65591878080835
3300072777_35.fna,3300072777_35,12824_1,101.37246917899787
3300057297_6.fna,3300057297_6,12824_2,102.39317161238853
3300046530_25.fna,3300046530_25,12825_0,76.47523147374034
3300062803_44.fna,3300062803_44,12826_0,74.50048036807887
3300061462_25.fna,3300061462_25,12827_1,96.75924102610851
3300049167_25.fna,3300049167_25,12827_2,78.09303444742041
3300049172_29.fna,3300049172_29,12828_0,86.63832806054597
3300042994_9.fna,3300042994_9,12829_0,85.99742220657251
3300056793_2.fna,3300056793_2,12830_0,67.35934979
3300064040_73.fna,3300064040_73,12831_0,95.17546687142627
3300063180_266.fna,3300063180_266,12832_1,94.37864188689721
3300056673_81.fna,3300056673_81,12833_1,92.87658720108331
3300055023_43.fna,3300055023_43,12834_0,81.67792828437648
3300045777_19.fna,3300045777_19,12835_0,60.7814614
3300045778_14.fna,3300045778_14,12836_0,69.79144499369589
3300061624_62.fna,3300061624_62,12837_0,60.35342895782991
3300077553_14.fna,3300077553_14,12838_0,72.67590805976243
3300049005_11.fna,3300049005_11,12839_0,73.70026388909939
3300077309_39.fna,3300077309_39,12840_1,73.95753503849869
3300077740_89.fna,3300077740_89,12841_0,45.886602154638524
3300056977_194.fna,3300056977_194,12842_1,97.85405995
3300050020_22.fna,3300050020_22,12843_0,87.83469170498896
3300064033_141.fna,3300064033_141,12844_0,58.26980051189204
3300060645_84.fna,3300060645_84,12845_0,92.98116546
3300078417_43.fna,3300078417_43,12846_0,79.62941097956781
3300082538_32.fna,3300082538_32,12847_0,69.382574
3300055024_29.fna,3300055024_29,12848_1,101.49156841462835
3300077820_73.fna,3300077820_73,12849_0,73.70968763221998
3300078418_1.fna,3300078418_1,12850_0,64.33184616355301
3300050019_35.fna,3300050019_35,12851_1,88.07975731987885
3300048813_11.fna,3300048813_11,12852_1,95.54270965112863
3300043673_4.fna,3300043673_4,12853_0,46.88031978372186
3300062848_41.fna,3300062848_41,12854_0,56.985945151968025
3300075654_83.fna,3300075654_83,12855_1,79.59512591467235
3300061644_59.fna,3300061644_59,12856_1,89.49782807163267
3300082822_42.fna,3300082822_42,12856_2,64.66079750188479
3300046829_38.fna,3300046829_38,12857_1,94.45660643
3300077310_61.fna,3300077310_61,12858_0,29.583781555627368
3300075563_32.fna,3300075563_32,12859_1,83.0759851
3300082073_45.fna,3300082073_45,12860_0,63.152659118901866
3300079548_37.fna,3300079548_37,12861_0,72.45218152315654
3300062722_34.fna,3300062722_34,12862_0,83.80819864221867
3300079526_30.fna,3300079526_30,12863_1,95.47777191825683
3300082193_67.fna,3300082193_67,12864_1,71.73073915904273
3300060913_14.fna,3300060913_14,12865_0,83.79943249217382
3300082214_6.fna,3300082214_6,12866_0,56.71386686849882
3300076027_3.fna,3300076027_3,12867_0,79.41910786618547
3300079509_92.fna,3300079509_92,12868_0,76.96665113928383
3300062836_56.fna,3300062836_56,12869_0,34.87674217310924
3300051855_7.fna,3300051855_7,12870_0,73.00047120299935
3300066006_92.fna,3300066006_92,12871_0,59.79372425012498
3300079509_209.fna,3300079509_209,12872_0,66.36152102
3300054988_34.fna,3300054988_34,12873_0,99.15611050696933
3300082197_102.fna,3300082197_102,12874_0,91.63663311326646
3300073834_30.fna,3300073834_30,12875_1,91.93327680954562
3300044822_52.fna,3300044822_52,12876_0,24.94069918776076
3300079119_70.fna,3300079119_70,12877_0,74.22262236023907
3300044682_49.fna,3300044682_49,12878_0,91.01118860645109
3300082510_36.fna,3300082510_36,12879_0,56.34851615817347
3300054988_61.fna,3300054988_61,12880_1,98.50360454768726
3300054730_22.fna,3300054730_22,12881_1,98.97859280974774
3300054984_35.fna,3300054984_35,12881_2,74.22273806056091
3300055024_68.fna,3300055024_68,12882_0,85.63308379578643
3300054730_70.fna,3300054730_70,12883_1,77.45100838869075
3300054682_70.fna,3300054682_70,12884_1,89.49673352
3300050034_54.fna,3300050034_54,12885_1,99.48687031189168
3300050132_24.fna,3300050132_24,12886_1,87.89888932
3300051094_93.fna,3300051094_93,12886_2,99.20012133432027
3300081824_73.fna,3300081824_73,12887_0,51.937987366179534
3300066006_137.fna,3300066006_137,12888_0,89.52220602956885
3300081824_2.fna,3300081824_2,12889_0,62.63469777298355
3300080028_36.fna,3300080028_36,12890_1,82.42563490926189
3300079560_82.fna,3300079560_82,12890_2,94.75366343495223
3300078418_36.fna,3300078418_36,12891_0,78.40167363896228
3300081830_39.fna,3300081830_39,12892_0,58.678084215237675
3300049141_14.fna,3300049141_14,12893_0,99.11278617206543
3300079305_26.fna,3300079305_26,12894_0,65.80391071384139
3300048814_49.fna,3300048814_49,12895_1,99.49349659624016
3300048813_15.fna,3300048813_15,12896_0,68.56516014842013
3300078436_20.fna,3300078436_20,12897_0,54.42640319633065
3300077907_15.fna,3300077907_15,12898_1,92.09022906
3300082172_24.fna,3300082172_24,12899_1,93.17688562971614
3300073837_18.fna,3300073837_18,12900_1,52.679204396311526
3300081831_78.fna,3300081831_78,12900_2,87.60350317319077
3300061624_38.fna,3300061624_38,12901_1,98.48440056927487
3300081831_13.fna,3300081831_13,12901_2,92.62531975307706
3300063920_12.fna,3300063920_12,12902_0,75.56417400508901
3300035020_3.fna,3300035020_3,12903_0,99.46330623816493
3300064042_184.fna,3300064042_184,12904_0,75.25440086206102
3300064033_106.fna,3300064033_106,12905_0,69.32065047
3300049171_28.fna,3300049171_28,12906_1,92.70716863818079
3300049140_1.fna,3300049140_1,12906_2,88.64496884295397
3300034631_5.fna,3300034631_5,12907_0,96.76726437490083
3300045996_57.fna,3300045996_57,12908_0,51.28329652696703
3300054986_77.fna,3300054986_77,12909_0,39.42755749281518
3300036392_3.fna,3300036392_3,12910_1,102.16036724053353
3300036395_3.fna,3300036395_3,12910_2,84.71571841372291
3300049170_18.fna,3300049170_18,12911_0,83.11940959154943
3300073845_22.fna,3300073845_22,12912_0,69.86948747747773
3300042538_8.fna,3300042538_8,12913_0,88.50368968564642
3300042995_13.fna,3300042995_13,12914_0,81.56486211
3300042995_15.fna,3300042995_15,12915_0,95.86664634112333
3300049171_2.fna,3300049171_2,12916_0,95.53541973957148
3300056787_11.fna,3300056787_11,12917_1,94.99042831694315
3300042996_3.fna,3300042996_3,12918_1,102.32946102155067
3300056787_20.fna,3300056787_20,12919_1,100.43440624470186
3300053710_38.fna,3300053710_38,12919_2,98.44386457274723
3300035010_7.fna,3300035010_7,12920_0,101.76188641549777
3300072659_14.fna,3300072659_14,12921_0,54.305963767110335
3300053711_17.fna,3300053711_17,12922_0,101.47822423334989
3300056809_338.fna,3300056809_338,12923_1,100.69499399619573
3300063419_43.fna,3300063419_43,12924_1,99.07059739740207
3300049136_35.fna,3300049136_35,12925_0,98.46884155710602
3300051196_66.fna,3300051196_66,12926_0,85.2704676
3300060645_58.fna,3300060645_58,12927_0,69.61136680720321
3300082538_31.fna,3300082538_31,12928_0,35.44964032348624
3300055023_90.fna,3300055023_90,12929_0,68.66681955626245
3300077907_4.fna,3300077907_4,12930_0,76.88318429678513
3300076763_97.fna,3300076763_97,12931_0,65.26834864680409
3300081965_183.fna,3300081965_183,12932_0,87.68785746320728
3300055239_196.fna,3300055239_196,12933_0,34.93233125587411
3300056809_166.fna,3300056809_166,12934_1,96.51824260452914
3300056675_280.fna,3300056675_280,12934_2,64.55926044
3300078359_111.fna,3300078359_111,12935_1,77.64643225
3300044691_21.fna,3300044691_21,12936_0,75.35924387
3300081967_21.fna,3300081967_21,12937_0,67.17506682292056
3300056749_146.fna,3300056749_146,12938_0,97.18214085251209
3300080097_53.fna,3300080097_53,12939_0,61.70816141
3300082197_53.fna,3300082197_53,12940_0,92.2972055
3300055239_199.fna,3300055239_199,12941_0,65.75170036909026
3300079509_111.fna,3300079509_111,12942_0,76.19534060222868
3300076763_190.fna,3300076763_190,12943_0,74.37081765075148
3300082265_7.fna,3300082265_7,12944_0,76.03246591369782
3300051096_153.fna,3300051096_153,12945_1,78.22295548985367
3300062131_57.fna,3300062131_57,12946_0,71.91197788588087
3300082286_38.fna,3300082286_38,12947_0,47.40980225284485
3300057000_21.fna,3300057000_21,12948_0,80.99002504132523
3300055278_68.fna,3300055278_68,12949_0,61.89296529893424
3300075647_31.fna,3300075647_31,12950_0,70.74855040228957
3300063081_28.fna,3300063081_28,12951_1,54.88654923
3300051663_7.fna,3300051663_7,12952_0,50.346178991833916
3300060314_36.fna,3300060314_36,12953_0,24.446955177064478
3300079559_17.fna,3300079559_17,12954_0,73.17529086014363
3300079560_30.fna,3300079560_30,12955_0,87.89658193956448
3300050347_3.fna,3300050347_3,12956_1,66.07520057399857
3300078367_48.fna,3300078367_48,12956_2,52.492624375483565
3300062564_63.fna,3300062564_63,12957_1,84.21585609122307
3300062569_25.fna,3300062569_25,12958_0,95.51012409964864
3300064066_59.fna,3300064066_59,12959_0,67.24000933
3300077208_29.fna,3300077208_29,12960_0,59.994722070120254
3300062124_3.fna,3300062124_3,12961_0,41.73301383768219
3300046711_22.fna,3300046711_22,12962_0,70.71090930358532
3300054984_67.fna,3300054984_67,12963_0,81.76418296303156
3300082281_65.fna,3300082281_65,12964_0,95.14455272165786
3300080028_169.fna,3300080028_169,12965_1,86.46317415652801
3300064109_47.fna,3300064109_47,12966_0,66.04126226897743
3300046739_11.fna,3300046739_11,12967_1,73.467212
3300050350_24.fna,3300050350_24,12968_1,66.28197465115035
3300050019_57.fna,3300050019_57,12968_2,42.96776881739048
3300050011_17.fna,3300050011_17,12969_0,76.50554931580916
3300050138_61.fna,3300050138_61,12970_0,88.03064125192883
3300050130_58.fna,3300050130_58,12971_0,63.558850485612055
3300081965_4.fna,3300081965_4,12972_0,60.240083857017034
3300076027_26.fna,3300076027_26,12973_0,96.58881649177637
3300079534_23.fna,3300079534_23,12974_0,76.69055454223407
3300077675_101.fna,3300077675_101,12975_1,53.718903583982055
3300061856_39.fna,3300061856_39,12976_1,68.84181904152622
3300051099_97.fna,3300051099_97,12977_0,80.81627907476076
3300062827_23.fna,3300062827_23,12978_0,43.56222774803525
3300082267_8.fna,3300082267_8,12979_0,62.30804254271164
3300043661_36.fna,3300043661_36,12980_0,67.59538315561653
3300054680_78.fna,3300054680_78,12981_0,82.91612448543141
3300044679_4.fna,3300044679_4,12982_0,95.62608045
3300054966_47.fna,3300054966_47,12983_1,93.37281351567933
3300054966_37.fna,3300054966_37,12984_0,89.59145927268492
3300054968_39.fna,3300054968_39,12985_1,98.29864305
3300054682_69.fna,3300054682_69,12986_1,96.39968287208089
3300055023_100.fna,3300055023_100,12986_2,89.60768366034385
3300054964_37.fna,3300054964_37,12987_0,59.427703766654396
3300054985_35.fna,3300054985_35,12988_0,88.55110172949459
3300054965_20.fna,3300054965_20,12989_1,87.94109390291653
3300061845_66.fna,3300061845_66,12990_0,32.341707792884534
3300043162_20.fna,3300043162_20,12991_0,68.34769355
3300062720_73.fna,3300062720_73,12992_0,32.84556450036364
3300081485_17.fna,3300081485_17,12993_1,85.05900072786655
3300062811_7.fna,3300062811_7,12994_0,49.37125893
3300080930_8.fna,3300080930_8,12995_0,69.60406067472242
3300081827_36.fna,3300081827_36,12996_0,74.11730675458004
3300055099_14.fna,3300055099_14,12997_0,90.68526488076893
3300079509_134.fna,3300079509_134,12998_1,80.00461105173652
3300078218_38.fna,3300078218_38,12999_1,86.04562843845389
3300054963_74.fna,3300054963_74,13000_0,82.34105375816164
3300082225_139.fna,3300082225_139,13001_0,40.45701950907973
3300062708_56.fna,3300062708_56,13002_0,75.01000431800676
3300082252_34.fna,3300082252_34,13003_0,60.08187393723545
3300064045_65.fna,3300064045_65,13004_0,91.73240584069451
3300081967_14.fna,3300081967_14,13005_0,69.94263700515562
3300078372_2.fna,3300078372_2,13006_0,98.44340370509168
3300061639_73.fna,3300061639_73,13007_0,97.05090758429071
3300054682_10.fna,3300054682_10,13008_1,99.51950372940416
3300054703_32.fna,3300054703_32,13008_2,86.61860034773247
3300065428_52.fna,3300065428_52,13009_0,63.0254857
3300078367_15.fna,3300078367_15,13010_1,83.25173257694483
3300046479_21.fna,3300046479_21,13011_1,101.36902967679653
3300062560_43.fna,3300062560_43,13012_1,77.46188872
3300054966_17.fna,3300054966_17,13013_0,86.49464972
3300080032_147.fna,3300080032_147,13014_1,85.98956005544738
3300054966_72.fna,3300054966_72,13015_1,79.63906439129647
3300078310_18.fna,3300078310_18,13016_1,54.03162238783934
3300082193_29.fna,3300082193_29,13017_0,67.28275633390707
3300054965_47.fna,3300054965_47,13018_0,93.78516468160709
3300079534_82.fna,3300079534_82,13019_0,84.02072012170552
3300051238_202.fna,3300051238_202,13020_1,69.52386455431164
3300049982_74.fna,3300049982_74,13021_0,64.98403551785314
3300061213_29.fna,3300061213_29,13022_0,51.02179671638418
3300049982_68.fna,3300049982_68,13023_0,83.45191212215244
3300079509_74.fna,3300079509_74,13024_0,47.57368926205709
3300059595_73.fna,3300059595_73,13025_1,60.380974272837975
3300077152_21.fna,3300077152_21,13026_1,52.83469857462772
3300061536_88.fna,3300061536_88,13026_2,63.63213677532642
3300061213_16.fna,3300061213_16,13027_0,83.31978856036424
3300060670_67.fna,3300060670_67,13028_0,30.259459906122387
3300063058_133.fna,3300063058_133,13029_1,77.73698254
3300080627_31.fna,3300080627_31,13030_0,67.31385156663505
3300082166_9.fna,3300082166_9,13031_1,81.26137080393535
3300063262_27.fna,3300063262_27,13032_0,90.60231697358424
3300044521_2.fna,3300044521_2,13033_0,85.31700803043051
3300081965_156.fna,3300081965_156,13034_0,46.16877970094875
3300045051_122.fna,3300045051_122,13035_0,58.091631681825234
3300065457_21.fna,3300065457_21,13036_0,64.44396933
3300056811_80.fna,3300056811_80,13037_1,84.05690099989178
3300080028_98.fna,3300080028_98,13038_0,77.53560320991373
3300053707_8.fna,3300053707_8,13039_0,92.63853766471372
3300045051_128.fna,3300045051_128,13040_0,87.49521259631958
3300053709_30.fna,3300053709_30,13041_0,101.31318769698015
3300054986_60.fna,3300054986_60,13042_0,94.07636014838943
3300065083_78.fna,3300065083_78,13043_1,82.26771505671744
3300061213_81.fna,3300061213_81,13044_0,69.88005780142959
3300076028_9.fna,3300076028_9,13045_0,62.688992645514745
3300056750_156.fna,3300056750_156,13046_1,88.70527977983033
3300056811_64.fna,3300056811_64,13046_2,96.35237817146734
3300056798_171.fna,3300056798_171,13047_0,30.961018201129775
3300056793_29.fna,3300056793_29,13048_0,99.68822696493713
3300055258_31.fna,3300055258_31,13049_1,67.98538500561718
3300063066_75.fna,3300063066_75,13049_2,65.11974864362472
3300061213_95.fna,3300061213_95,13050_1,78.33932306580702
3300060323_9.fna,3300060323_9,13050_2,68.92433588233858
3300082261_11.fna,3300082261_11,13050_3,67.76061474
3300059341_5.fna,3300059341_5,13051_1,62.54676245635311
3300062565_54.fna,3300062565_54,13051_2,84.04505573487349
3300075578_18.fna,3300075578_18,13051_3,78.09344616499052
3300044810_8.fna,3300044810_8,13052_0,65.02693633939754
3300066614_80.fna,3300066614_80,13053_0,79.50954199
3300047314_59.fna,3300047314_59,13054_1,77.75343736
3300064058_51.fna,3300064058_51,13054_2,87.11420699427713
3300066614_51.fna,3300066614_51,13055_0,65.78236936888482
3300055239_117.fna,3300055239_117,13056_0,71.96050712185279
3300061537_116.fna,3300061537_116,13057_0,42.516216862984194
3300044713_58.fna,3300044713_58,13058_0,63.53728796682462
3300043640_36.fna,3300043640_36,13059_0,87.16521766
3300061213_21.fna,3300061213_21,13060_0,78.50659628493922
3300080028_111.fna,3300080028_111,13061_0,81.07472128258702
3300036911_6.fna,3300036911_6,13062_1,97.86191130964912
3300037276_6.fna,3300037276_6,13063_1,66.45676082701864
3300060353_80.fna,3300060353_80,13064_0,63.596818806226764
3300055072_5.fna,3300055072_5,13065_0,87.10080072191282
3300079549_72.fna,3300079549_72,13066_1,76.78215352
3300082222_15.fna,3300082222_15,13066_2,63.29036518826797
3300080028_12.fna,3300080028_12,13067_0,73.19210023009192
3300054704_84.fna,3300054704_84,13068_0,70.93151264811472
3300063076_80.fna,3300063076_80,13069_1,88.43570783274983
3300056858_6.fna,3300056858_6,13070_0,77.77104089359395
3300044712_77.fna,3300044712_77,13071_0,66.92071317050763
3300045996_175.fna,3300045996_175,13072_0,72.60119356284322
3300046713_24.fna,3300046713_24,13073_1,65.17783097047864
3300047312_52.fna,3300047312_52,13074_0,48.09282802999177
3300050117_39.fna,3300050117_39,13075_1,89.43368705669396
3300062790_54.fna,3300062790_54,13076_0,69.99337583202569
3300044983_64.fna,3300044983_64,13077_0,45.68212819579322
3300055239_16.fna,3300055239_16,13078_0,96.37437162735812
3300046829_8.fna,3300046829_8,13079_0,67.79893439828193
3300049139_10.fna,3300049139_10,13080_0,69.98516672792653
3300063044_73.fna,3300063044_73,13081_0,100.05612380836244
3300055239_118.fna,3300055239_118,13082_0,86.44376343290148
3300056749_13.fna,3300056749_13,13083_0,85.53560705
3300052304_59.fna,3300052304_59,13084_1,88.95884722887557
3300044680_42.fna,3300044680_42,13084_2,71.98822008397806
3300064045_28.fna,3300064045_28,13084_3,96.22781197275052
3300056868_92.fna,3300056868_92,13085_1,78.11231823379424
3300082197_50.fna,3300082197_50,13085_2,82.21835887298874
3300081485_36.fna,3300081485_36,13086_1,78.79734233752708
3300080028_160.fna,3300080028_160,13087_1,97.66210425772229
3300036792_9.fna,3300036792_9,13088_1,84.99089651298127
3300049580_55.fna,3300049580_55,13089_1,84.32499838362402
3300028577_10.fna,3300028577_10,13090_0,69.38393772277402
3300049581_141.fna,3300049581_141,13091_0,78.46387102630347
3300061639_23.fna,3300061639_23,13092_1,71.59019160584856
3300050120_34.fna,3300050120_34,13093_0,97.66700693302141
3300056751_202.fna,3300056751_202,13094_1,89.16982346214868
3300056797_220.fna,3300056797_220,13094_2,88.09845522983396
3300066486_28.fna,3300066486_28,13094_3,91.44409106530682
3300060668_58.fna,3300060668_58,13095_1,88.16185481233065
3300056674_255.fna,3300056674_255,13096_0,79.26144083726189
3300048999_63.fna,3300048999_63,13097_0,68.41577952558586
3300064044_88.fna,3300064044_88,13098_0,81.12714622755136
3300060913_12.fna,3300060913_12,13099_1,77.04874328953694
3300062687_11.fna,3300062687_11,13099_2,90.78340401865631
3300082514_28.fna,3300082514_28,13100_0,73.46721826391583
3300050120_8.fna,3300050120_8,13101_0,79.12273429
3300044679_74.fna,3300044679_74,13102_0,100.31140165799931
3300060666_19.fna,3300060666_19,13103_0,51.83079707232192
3300049586_83.fna,3300049586_83,13104_0,55.61466438209825
3300075935_48.fna,3300075935_48,13105_0,61.45748873622216
3300044470_58.fna,3300044470_58,13106_1,99.25484128090339
3300046687_22.fna,3300046687_22,13107_0,54.380128929218884
3300078418_14.fna,3300078418_14,13108_0,92.60792611080389
3300060883_17.fna,3300060883_17,13109_0,101.83059398581466
3300045284_40.fna,3300045284_40,13110_1,92.08467730801664
3300045582_20.fna,3300045582_20,13110_2,96.92163927281324
3300082197_79.fna,3300082197_79,13111_0,67.77165527722823
3300060883_60.fna,3300060883_60,13112_1,66.69674317985486
3300082526_38.fna,3300082526_38,13112_2,99.17021453392243
3300049588_66.fna,3300049588_66,13113_1,69.84418028232915
3300061638_66.fna,3300061638_66,13114_1,98.86640658690992
3300061639_66.fna,3300061639_66,13114_2,90.17212602444293
3300077907_11.fna,3300077907_11,13115_1,71.97856062735983
3300082822_43.fna,3300082822_43,13115_2,98.92722450359915
3300060780_28.fna,3300060780_28,13116_0,96.38891936128633
3300044835_20.fna,3300044835_20,13117_0,75.21752755620665
3300081823_67.fna,3300081823_67,13118_0,86.40962286401748
3300049822_112.fna,3300049822_112,13119_0,65.99885775827975
3300055239_67.fna,3300055239_67,13120_0,55.10533217676478
3300044821_36.fna,3300044821_36,13121_1,89.79493152
3300063338_50.fna,3300063338_50,13121_2,83.59488027588124
3300078045_42.fna,3300078045_42,13122_0,71.22841514324445
3300054963_6.fna,3300054963_6,13123_1,96.54585055659051
3300031251_21.fna,3300031251_21,13124_0,96.21479782040223
3300050130_41.fna,3300050130_41,13125_0,95.91388830187084
3300044680_51.fna,3300044680_51,13126_0,68.29310250588163
3300081485_101.fna,3300081485_101,13127_1,81.84944955094113
3300082209_10.fna,3300082209_10,13128_0,85.92584811998655
3300082166_88.fna,3300082166_88,13129_0,30.174063755283942
3300044679_38.fna,3300044679_38,13130_0,91.09839390580105
3300044796_29.fna,3300044796_29,13131_0,47.441293895350825
3300063062_5.fna,3300063062_5,13132_1,101.74472098764689
3300062820_38.fna,3300062820_38,13133_0,84.79886922520085
3300051094_77.fna,3300051094_77,13134_0,95.32460866694507
3300056878_13.fna,3300056878_13,13135_0,45.982099116103434
3300082252_10.fna,3300082252_10,13136_0,69.24554257401974
3300079533_14.fna,3300079533_14,13137_0,87.85363654161897
3300079559_20.fna,3300079559_20,13138_0,44.62719417464419
3300079548_71.fna,3300079548_71,13139_0,83.65410222801924
3300079548_87.fna,3300079548_87,13140_0,49.63003171374098
3300076622_6.fna,3300076622_6,13141_0,72.58820416351949
3300082197_122.fna,3300082197_122,13142_0,85.41433771
3300065074_16.fna,3300065074_16,13143_0,66.11420980850804
3300077208_9.fna,3300077208_9,13144_0,52.51471603707778
3300082193_80.fna,3300082193_80,13145_0,36.09675442
3300079548_95.fna,3300079548_95,13146_0,62.25954833
3300079509_105.fna,3300079509_105,13147_0,49.60318895337928
3300054703_92.fna,3300054703_92,13148_1,72.137211
3300082202_32.fna,3300082202_32,13149_0,79.47081788619505
3300063080_30.fna,3300063080_30,13150_1,75.75913896303992
3300048818_36.fna,3300048818_36,13151_1,79.40065820327538
3300081829_100.fna,3300081829_100,13152_1,70.55233786198444
3300063083_81.fna,3300063083_81,13152_2,80.91736459134573
3300078359_183.fna,3300078359_183,13153_0,69.49921301
3300063310_14.fna,3300063310_14,13154_0,72.73428629842881
3300064046_71.fna,3300064046_71,13155_0,60.74068103360178
3300078358_13.fna,3300078358_13,13156_0,67.50323177454639
3300046673_57.fna,3300046673_57,13157_1,92.79363188843116
3300045820_5.fna,3300045820_5,13158_1,69.36747708172076
3300046701_32.fna,3300046701_32,13159_1,64.70034052252207
3300048774_16.fna,3300048774_16,13160_0,68.53036518826798
3300056809_187.fna,3300056809_187,13161_1,85.50068148376371
3300045797_13.fna,3300045797_13,13162_0,54.398433135414486
3300048898_43.fna,3300048898_43,13163_1,64.33976348938609
3300044718_36.fna,3300044718_36,13164_1,80.01659945
3300044833_9.fna,3300044833_9,13164_2,96.13845327712124
3300064039_93.fna,3300064039_93,13164_3,70.69090852008385
3300049004_36.fna,3300049004_36,13165_0,55.06119616568787
3300060895_20.fna,3300060895_20,13166_0,82.46508523857476
3300066457_24.fna,3300066457_24,13167_0,87.89100973518013
3300044734_10.fna,3300044734_10,13168_0,45.92714103990668
3300048595_23.fna,3300048595_23,13169_1,66.35391080747547
3300079540_2.fna,3300079540_2,13170_0,74.30233643920805
3300049982_32.fna,3300049982_32,13171_0,82.8287562
3300053709_32.fna,3300053709_32,13172_1,103.06724673164634
3300081966_114.fna,3300081966_114,13173_0,75.74707240589623
3300081965_148.fna,3300081965_148,13174_0,77.00420979252472
3300057025_35.fna,3300057025_35,13175_1,90.42783631342994
3300048770_38.fna,3300048770_38,13176_1,90.822499
3300048759_18.fna,3300048759_18,13177_1,91.60288009508176
3300075321_76.fna,3300075321_76,13177_2,70.39884103089821
3300061641_119.fna,3300061641_119,13178_0,69.79381348122247
3300082225_81.fna,3300082225_81,13179_1,83.57184525568515
3300064066_89.fna,3300064066_89,13180_0,93.59492610750003
3300045778_3.fna,3300045778_3,13181_1,85.20610067
3300045777_5.fna,3300045777_5,13182_1,88.11581451928487
3300045806_36.fna,3300045806_36,13182_2,65.02059425233104
3300034199_4.fna,3300034199_4,13183_0,55.31795990871679
3300079560_27.fna,3300079560_27,13184_0,75.43498868688745
3300081966_127.fna,3300081966_127,13185_0,85.90897556386489
3300062625_60.fna,3300062625_60,13186_1,82.97594867
3300062846_79.fna,3300062846_79,13186_2,72.04024966325376
3300082822_41.fna,3300082822_41,13187_0,48.47899187658822
3300080064_125.fna,3300080064_125,13188_1,77.36751077579217
3300062889_52.fna,3300062889_52,13188_2,55.92993381563521
3300079394_24.fna,3300079394_24,13189_0,40.24490287593404
3300062725_70.fna,3300062725_70,13190_0,73.50548766896644
3300054682_7.fna,3300054682_7,13191_0,93.02723382
3300060780_20.fna,3300060780_20,13192_0,85.11943989071429
3300060780_33.fna,3300060780_33,13193_0,49.91713033222349
3300081829_40.fna,3300081829_40,13194_1,81.28929401025002
3300060332_5.fna,3300060332_5,13195_1,69.53914576986219
3300054965_24.fna,3300054965_24,13196_0,86.11300907420724
3300051100_13.fna,3300051100_13,13197_1,57.57476683685148
3300060885_38.fna,3300060885_38,13197_2,70.04063119799078
3300079397_16.fna,3300079397_16,13198_1,70.08470842
3300043689_5.fna,3300043689_5,13199_1,80.20074035413326
3300061856_83.fna,3300061856_83,13200_0,78.78587492719934
3300066377_26.fna,3300066377_26,13201_0,74.24275689795206
3300077116_7.fna,3300077116_7,13202_1,87.20022709118487
3300078840_32.fna,3300078840_32,13202_2,81.41115924608485
3300075614_10.fna,3300075614_10,13202_3,89.2992306
3300075640_6.fna,3300075640_6,13203_0,44.65999121264629
3300079548_93.fna,3300079548_93,13204_0,73.16156556974272
3300066018_91.fna,3300066018_91,13205_1,87.58758964410069
3300077820_35.fna,3300077820_35,13206_0,86.77439410615767
3300078416_27.fna,3300078416_27,13207_0,85.29601496881006
3300077553_90.fna,3300077553_90,13208_0,90.29374934
3300081832_80.fna,3300081832_80,13209_0,29.485895163573893
3300056797_142.fna,3300056797_142,13210_1,93.35620567332793
3300072779_8.fna,3300072779_8,13211_1,92.36853373215796
3300056843_18.fna,3300056843_18,13211_2,97.35355417974824
3300051200_25.fna,3300051200_25,13212_1,97.50964678363916
3300078545_9.fna,3300078545_9,13213_1,91.14841931757361
3300050231_11.fna,3300050231_11,13213_2,58.16244000362031
3300081966_148.fna,3300081966_148,13214_0,60.63791581246917
3300051525_4.fna,3300051525_4,13215_0,94.67864762
3300028441_2.fna,3300028441_2,13216_0,96.45953632590493
3300043379_8.fna,3300043379_8,13217_0,62.87690992292838
3300082353_1.fna,3300082353_1,13218_0,79.18510796423895
3300044809_42.fna,3300044809_42,13219_1,83.63747049676722
3300044736_49.fna,3300044736_49,13219_2,78.81282416096302
3300044839_14.fna,3300044839_14,13219_3,76.46514825909888
3300044737_38.fna,3300044737_38,13219_4,76.48918633965242
3300043538_23.fna,3300043538_23,13220_1,66.19151896234067
3300066538_6.fna,3300066538_6,13220_2,82.42362530792828
3300044809_27.fna,3300044809_27,13220_3,45.089311214851044
3300044836_16.fna,3300044836_16,13220_4,81.51947420382605
3300044840_2.fna,3300044840_2,13220_5,70.22363341908965
3300052901_6.fna,3300052901_6,13221_0,71.03557368
3300044807_16.fna,3300044807_16,13222_1,99.67301147999659
3300043664_6.fna,3300043664_6,13223_0,95.55629775620926
3300044839_4.fna,3300044839_4,13224_1,92.50800252945297
3300066008_122.fna,3300066008_122,13224_2,80.38307433784809
3300044720_22.fna,3300044720_22,13224_3,95.62725594675878
3300043603_5.fna,3300043603_5,13225_1,26.951130596354325
3300044839_15.fna,3300044839_15,13225_2,65.84283991
3300043494_2.fna,3300043494_2,13225_3,79.08908335408407
3300060895_32.fna,3300060895_32,13225_4,81.03940137179322
3300044704_8.fna,3300044704_8,13226_0,85.87852705477366
3300082285_5.fna,3300082285_5,13227_0,99.83994134815313
3300077907_64.fna,3300077907_64,13228_1,78.89627566764672
3300078359_115.fna,3300078359_115,13228_2,77.09554035590581
3300079401_41.fna,3300079401_41,13228_3,51.88497070207911
3300076622_77.fna,3300076622_77,13229_1,73.38007928805386
3300082510_40.fna,3300082510_40,13230_0,66.57497070207911
3300082538_54.fna,3300082538_54,13231_0,55.29101884328251
3300061644_27.fna,3300061644_27,13232_0,68.87630629355388
3300061624_15.fna,3300061624_15,13233_1,88.01109026452328
3300060645_53.fna,3300060645_53,13234_1,76.68546939139463
3300082538_33.fna,3300082538_33,13234_2,87.2357355
3300078417_5.fna,3300078417_5,13234_3,79.46962047084622
3300046678_37.fna,3300046678_37,13235_1,77.68859088610917
3300044802_4.fna,3300044802_4,13236_1,59.20640191
3300078045_29.fna,3300078045_29,13236_2,85.10123746596562
3300082192_57.fna,3300082192_57,13237_0,71.03074465345514
3300050027_22.fna,3300050027_22,13238_0,66.0587045
3300064033_105.fna,3300064033_105,13239_0,69.94150673154095
3300078417_19.fna,3300078417_19,13240_0,67.74103346714254
3300063337_39.fna,3300063337_39,13241_1,70.25285078907454
3300078162_39.fna,3300078162_39,13241_2,74.34903408128076
3300076650_54.fna,3300076650_54,13242_0,72.58534393864275
3300079391_8.fna,3300079391_8,13243_1,80.40342585536769
3300060317_78.fna,3300060317_78,13243_2,59.22509783264176
3300080064_185.fna,3300080064_185,13243_3,76.24103431367075
3300044744_7.fna,3300044744_7,13244_1,81.12053750830587
3300061845_15.fna,3300061845_15,13244_2,63.43387910832567
3300059595_63.fna,3300059595_63,13245_0,24.14505838303395
3300060745_71.fna,3300060745_71,13246_0,37.84237557779549
3300050219_28.fna,3300050219_28,13247_1,86.38620991972873
3300079482_55.fna,3300079482_55,13247_2,64.56784936347965
3300050011_20.fna,3300050011_20,13248_1,91.52708410628335
3300066018_30.fna,3300066018_30,13248_2,79.18668863514249
3300050138_7.fna,3300050138_7,13249_1,66.08532641
3300075322_28.fna,3300075322_28,13249_2,69.06112159162466
3300079509_132.fna,3300079509_132,13250_1,97.70030863742022
3300063174_52.fna,3300063174_52,13251_0,62.007428817398335
3300078172_44.fna,3300078172_44,13252_0,83.36019734
3300078417_44.fna,3300078417_44,13253_0,68.54218954
3300079526_57.fna,3300079526_57,13254_0,78.17667166156761
3300064003_37.fna,3300064003_37,13255_1,95.16386832825239
3300062855_6.fna,3300062855_6,13255_2,84.02353223446772
3300066018_51.fna,3300066018_51,13256_0,81.04284171420629
3300046524_38.fna,3300046524_38,13257_0,88.71290433839373
3300076593_5.fna,3300076593_5,13258_0,52.398793219001924
3300081831_109.fna,3300081831_109,13259_0,87.94386874584775
3300049982_56.fna,3300049982_56,13260_0,54.46575436093331
3300055239_187.fna,3300055239_187,13261_0,73.62660574590683
3300056811_285.fna,3300056811_285,13262_1,79.93813168620898
3300056797_23.fna,3300056797_23,13263_0,36.343244541979885
3300035011_5.fna,3300035011_5,13264_0,70.89809114248817
3300077288_72.fna,3300077288_72,13265_0,58.09685034741018
3300080028_19.fna,3300080028_19,13266_0,84.96978434883655
3300079428_36.fna,3300079428_36,13267_0,93.35551323631134
3300079690_31.fna,3300079690_31,13268_0,52.64288697492544
3300061536_77.fna,3300061536_77,13269_0,70.75458730987687
3300082208_25.fna,3300082208_25,13270_0,33.32714820340969
3300073839_15.fna,3300073839_15,13271_0,68.07327033425827
3300080028_165.fna,3300080028_165,13272_0,84.56588083464315
3300077288_61.fna,3300077288_61,13273_0,60.176336008558565
3300082212_35.fna,3300082212_35,13274_0,65.64643959
3300044693_27.fna,3300044693_27,13275_1,63.28920693591409
3300047317_12.fna,3300047317_12,13276_0,53.416806278969446
3300049260_26.fna,3300049260_26,13277_1,53.00996953235031
3300077094_44.fna,3300077094_44,13277_2,50.74666348074545
3300028438_1.fna,3300028438_1,13278_1,99.39307488633052
3300082263_26.fna,3300082263_26,13279_0,68.34258438151697
3300076031_3.fna,3300076031_3,13280_0,61.81431553185716
3300082212_63.fna,3300082212_63,13281_0,52.83516881786886
3300077731_54.fna,3300077731_54,13282_0,23.664105486462113
3300076036_50.fna,3300076036_50,13283_0,68.81976503248772
3300066602_31.fna,3300066602_31,13284_0,47.494925054801584
3300065475_4.fna,3300065475_4,13285_1,28.923217159814477
3300065475_60.fna,3300065475_60,13285_2,68.13841820853534
3300077015_2.fna,3300077015_2,13286_0,50.83493086062909
3300062569_4.fna,3300062569_4,13287_0,55.19410222801924
3300063080_27.fna,3300063080_27,13288_0,80.39876879608792
3300064043_83.fna,3300064043_83,13289_0,69.51663311326645
3300064046_42.fna,3300064046_42,13290_0,50.90692806949313
3300082194_12.fna,3300082194_12,13291_0,48.11580636460971
3300079552_10.fna,3300079552_10,13292_1,69.86010852
3300082235_15.fna,3300082235_15,13293_0,57.698683904215756
3300066659_5.fna,3300066659_5,13294_0,58.86839135624341
3300051096_157.fna,3300051096_157,13295_1,85.90547424828736
3300082033_45.fna,3300082033_45,13295_2,64.31080326505914
3300079390_15.fna,3300079390_15,13296_0,80.04592054818767
3300043158_4.fna,3300043158_4,13297_1,74.82329804
3300063415_29.fna,3300063415_29,13298_1,77.61869127713305
3300062848_44.fna,3300062848_44,13299_1,66.68342489
3300082209_12.fna,3300082209_12,13299_2,59.94514397710786
3300063084_51.fna,3300063084_51,13300_1,78.08058040388772
3300082536_48.fna,3300082536_48,13301_0,63.217365284813965
3300082524_22.fna,3300082524_22,13302_0,90.34037516798229
3300043704_4.fna,3300043704_4,13303_1,55.24563474045513
3300082222_138.fna,3300082222_138,13303_2,52.73334511068503
3300061640_29.fna,3300061640_29,13304_1,77.53530479192717
3300076629_17.fna,3300076629_17,13304_2,80.15549986140094
3300080036_26.fna,3300080036_26,13305_1,80.43486439
3300078330_27.fna,3300078330_27,13305_2,82.02687130109632
3300077110_40.fna,3300077110_40,13305_3,83.28389666482488
3300076625_25.fna,3300076625_25,13305_4,68.62205316163984
3300051099_36.fna,3300051099_36,13306_1,79.18453829162267
3300046384_3.fna,3300046384_3,13306_2,54.001934186688075
3300059596_37.fna,3300059596_37,13306_3,81.84472322878666
3300080028_139.fna,3300080028_139,13306_4,39.008139788906774
3300079482_53.fna,3300079482_53,13306_5,86.10541051639954
3300077288_50.fna,3300077288_50,13306_6,65.33353013400209
3300059595_15.fna,3300059595_15,13307_1,71.39028386631556
3300082222_47.fna,3300082222_47,13308_1,67.90284579632684
3300079162_25.fna,3300079162_25,13309_1,55.942796195726885
3300081720_28.fna,3300081720_28,13309_2,55.37828210699192
3300078710_31.fna,3300078710_31,13309_3,76.95836436131164
3300078141_5.fna,3300078141_5,13310_1,64.77406567928783
3300067513_65.fna,3300067513_65,13310_2,53.37561486174658
3300082264_5.fna,3300082264_5,13311_0,29.507932175623647
3300053063_16.fna,3300053063_16,13312_1,47.273013837682186
3300080673_14.fna,3300080673_14,13312_2,67.63120247042805
3300059374_70.fna,3300059374_70,13313_1,65.46648004269318
3300052924_3.fna,3300052924_3,13314_0,44.696856662638496
3300057260_6.fna,3300057260_6,13315_0,39.76993641097526
3300082073_49.fna,3300082073_49,13316_0,43.111700369090265
3300064040_32.fna,3300064040_32,13317_1,83.64414916
3300065480_9.fna,3300065480_9,13318_0,37.91281793553911
3300043473_5.fna,3300043473_5,13319_1,87.74439053829786
3300060745_20.fna,3300060745_20,13320_0,54.78702545139644
3300044720_9.fna,3300044720_9,13321_0,91.73959156075854
3300044737_47.fna,3300044737_47,13322_0,93.66391036835888
3300061178_42.fna,3300061178_42,13323_0,69.09838983284011
3300081965_159.fna,3300081965_159,13324_0,67.12240063948103
3300045045_7.fna,3300045045_7,13325_0,49.00177210597282
3300062722_6.fna,3300062722_6,13326_1,71.67415815283273
3300061842_29.fna,3300061842_29,13327_1,69.56439331725475
3300062889_47.fna,3300062889_47,13327_2,71.97047343805528
3300075320_26.fna,3300075320_26,13327_3,36.57086685640449
3300078360_2.fna,3300078360_2,13327_4,49.58463280912653
3300064109_67.fna,3300064109_67,13328_0,57.25057379193111
3300079385_105.fna,3300079385_105,13329_0,46.494346351274906
3300041802_8.fna,3300041802_8,13330_0,90.43756723346992
3300049005_8.fna,3300049005_8,13331_0,46.37779566212618
3300066008_76.fna,3300066008_76,13332_0,97.22012287195003
3300063017_50.fna,3300063017_50,13333_1,96.36457402261397
3300063062_4.fna,3300063062_4,13333_2,61.04261339872997
3300044811_28.fna,3300044811_28,13334_0,96.12805595184291
3300051097_54.fna,3300051097_54,13335_0,41.05357031
3300061213_15.fna,3300061213_15,13336_0,55.12097534380781
3300044494_9.fna,3300044494_9,13337_1,93.97094342558694
3300066538_8.fna,3300066538_8,13338_1,98.63081888977598
3300044525_10.fna,3300044525_10,13338_2,93.62872203612048
3300077991_5.fna,3300077991_5,13339_0,93.95083441
3300041788_1.fna,3300041788_1,13340_0,72.62071102220116
3300078330_53.fna,3300078330_53,13341_0,48.212482631562565
3300078584_28.fna,3300078584_28,13342_0,92.83620862466323
3300044704_19.fna,3300044704_19,13343_1,62.65326590780282
3300044834_22.fna,3300044834_22,13343_2,75.85107186135055
3300045257_24.fna,3300045257_24,13344_0,100.89648288377268
3300081638_1.fna,3300081638_1,13345_0,80.64264789790583
3300055098_31.fna,3300055098_31,13346_0,52.72889852152908
3300044811_35.fna,3300044811_35,13347_0,79.17261777076959
3300061845_50.fna,3300061845_50,13348_1,77.28678188763948
3300075320_13.fna,3300075320_13,13348_2,62.58400210391466
3300046739_55.fna,3300046739_55,13348_3,66.23799703441537
3300076003_3.fna,3300076003_3,13348_4,73.74445687
3300047313_33.fna,3300047313_33,13348_5,27.44628957770452
3300061843_67.fna,3300061843_67,13348_6,73.97022004
3300082267_7.fna,3300082267_7,13348_7,68.94540247390671
3300061536_53.fna,3300061536_53,13348_8,85.72282496603842
3300052652_22.fna,3300052652_22,13349_1,73.34440149881193
3300043717_12.fna,3300043717_12,13350_0,78.18950767
3300046384_4.fna,3300046384_4,13351_1,61.331983602181694
3300066613_34.fna,3300066613_34,13352_1,59.003939704603596
3300075647_12.fna,3300075647_12,13352_2,73.90483722
3300079549_71.fna,3300079549_71,13352_3,74.98268045084608
3300075648_30.fna,3300075648_30,13352_4,44.07757779
3300044503_3.fna,3300044503_3,13353_0,28.23351759101312
3300082527_42.fna,3300082527_42,13354_0,49.55587168892796
3300077094_43.fna,3300077094_43,13355_1,54.01668105365189
3300044718_5.fna,3300044718_5,13356_0,76.01100360351823
3300076031_10.fna,3300076031_10,13357_0,86.63679254
3300049442_26.fna,3300049442_26,13358_1,62.65417816
3300047089_5.fna,3300047089_5,13359_1,94.71656742471453
3300049793_21.fna,3300049793_21,13359_2,81.28861882842712
3300054965_27.fna,3300054965_27,13360_0,89.88166864691196
3300048816_19.fna,3300048816_19,13361_0,49.772512793409966
3300081506_62.fna,3300081506_62,13362_0,68.62464795339382
3300050136_17.fna,3300050136_17,13363_0,90.93415733
3300062125_48.fna,3300062125_48,13364_0,68.30268782641306
3300054987_47.fna,3300054987_47,13365_0,92.95756246908269
3300077557_33.fna,3300077557_33,13366_1,87.03739013
3300054680_92.fna,3300054680_92,13367_0,91.36478892179208
3300078419_29.fna,3300078419_29,13368_1,79.02546534652299
3300079394_6.fna,3300079394_6,13368_2,48.95524528265313
3300043661_3.fna,3300043661_3,13368_3,78.34309235828852
3300044946_45.fna,3300044946_45,13368_4,76.60429415
3300062837_10.fna,3300062837_10,13368_5,87.80944989928456
3300063337_48.fna,3300063337_48,13368_6,88.70435259829938
3300062565_51.fna,3300062565_51,13368_7,90.57296548431626
3300045012_3.fna,3300045012_3,13368_8,33.820676601023486
3300051659_9.fna,3300051659_9,13368_9,83.17185825061472
3300080098_47.fna,3300080098_47,13368_10,67.99621091318575
3300062848_25.fna,3300062848_25,13368_11,81.98173115199289
3300037852_74.fna,3300037852_74,13368_12,64.34257923056326
3300061216_47.fna,3300061216_47,13369_0,91.98553039
3300064101_57.fna,3300064101_57,13370_0,81.00882451645923
3300062827_52.fna,3300062827_52,13371_0,81.45756051532966
3300075518_9.fna,3300075518_9,13372_0,51.619557214271595
3300078425_5.fna,3300078425_5,13373_0,75.22642143003044
3300078425_4.fna,3300078425_4,13374_0,85.67880658278749
3300082166_78.fna,3300082166_78,13375_0,54.43913474173145
3300082197_11.fna,3300082197_11,13376_0,29.742976384618498
3300045241_1.fna,3300045241_1,13377_1,70.08484514010357
3300075492_48.fna,3300075492_48,13378_0,72.33078605955724
3300077557_35.fna,3300077557_35,13379_0,51.192810727395404
3300054682_42.fna,3300054682_42,13380_0,93.04290723874422
3300082528_30.fna,3300082528_30,13381_0,90.78658151297074
3300048824_8.fna,3300048824_8,13382_1,69.38291643742878
3300046478_12.fna,3300046478_12,13383_1,86.53018809087432
3300046478_61.fna,3300046478_61,13384_1,77.16425144925785
3300080028_179.fna,3300080028_179,13385_0,81.48612184889238
3300075598_28.fna,3300075598_28,13386_0,36.63384001212122
3300075598_4.fna,3300075598_4,13387_0,27.86571090853251
3300043667_18.fna,3300043667_18,13388_0,65.90831095801714
3300044737_16.fna,3300044737_16,13389_0,95.56344044
3300044834_44.fna,3300044834_44,13390_0,96.96272867269124
3300044703_69.fna,3300044703_69,13391_0,95.26993235346171
3300044808_38.fna,3300044808_38,13392_0,83.84252830167802
3300045996_189.fna,3300045996_189,13393_0,50.70071608234012
3300078481_41.fna,3300078481_41,13394_0,81.99248759534912
3300059325_53.fna,3300059325_53,13395_0,40.06027337756308
3300082281_48.fna,3300082281_48,13396_0,40.11508059644924
3300075653_92.fna,3300075653_92,13397_1,84.77443916500707
3300050018_38.fna,3300050018_38,13398_0,93.80374867558413
3300055049_40.fna,3300055049_40,13399_0,92.70670263668045
3300078714_26.fna,3300078714_26,13400_0,71.10325214924657
3300080064_28.fna,3300080064_28,13401_0,33.043910454022786
3300061180_43.fna,3300061180_43,13402_0,76.12013080537243
3300050119_36.fna,3300050119_36,13403_1,73.87925849252441
3300051094_118.fna,3300051094_118,13403_2,68.31431799421632
3300044697_5.fna,3300044697_5,13404_0,93.37826898221724
3300056901_135.fna,3300056901_135,13405_1,67.87842166156763
3300055024_52.fna,3300055024_52,13406_1,94.10553775
3300050139_70.fna,3300050139_70,13407_1,87.68090481676144
3300048800_67.fna,3300048800_67,13407_2,74.39679228775772
3300048806_18.fna,3300048806_18,13408_1,60.102607466179606
3300045814_4.fna,3300045814_4,13408_2,91.37395419207586
3300045791_7.fna,3300045791_7,13408_3,70.05735782
3300081966_147.fna,3300081966_147,13409_0,90.28932696
3300045803_18.fna,3300045803_18,13410_1,92.26133628136216
3300046508_43.fna,3300046508_43,13411_0,62.33413025248823
3300078387_170.fna,3300078387_170,13412_0,33.76026549122637
3300048806_15.fna,3300048806_15,13413_0,45.447510303062366
3300055024_90.fna,3300055024_90,13414_0,76.19987380526213
3300063172_177.fna,3300063172_177,13415_1,73.44943219458948
3300056674_50.fna,3300056674_50,13416_1,80.12523189510179
3300059325_77.fna,3300059325_77,13417_0,71.30743358984853
3300060323_29.fna,3300060323_29,13418_0,75.59789939166268
3300048822_37.fna,3300048822_37,13419_1,94.07077078705704
3300056696_12.fna,3300056696_12,13420_1,97.15764795157254
3300054967_55.fna,3300054967_55,13421_0,75.18534870236692
3300060695_108.fna,3300060695_108,13422_0,38.027547475579304
3300081965_141.fna,3300081965_141,13423_1,84.14944380410151
3300057004_59.fna,3300057004_59,13424_1,67.55509456284322
3300056884_136.fna,3300056884_136,13425_0,65.75650292500787
3300057034_88.fna,3300057034_88,13426_0,69.39949963544488
3300081966_65.fna,3300081966_65,13427_0,69.92212783924006
3300055047_42.fna,3300055047_42,13428_1,67.09927803563072
3300055048_68.fna,3300055048_68,13429_0,84.14409536518508
3300054704_26.fna,3300054704_26,13430_0,81.27638040290431
3300057009_32.fna,3300057009_32,13431_1,70.38144687196471
3300062776_95.fna,3300062776_95,13432_1,74.52226283321659
3300064482_87.fna,3300064482_87,13433_0,66.13987789733189
3300066659_61.fna,3300066659_61,13434_0,55.64016627352427
3300061213_89.fna,3300061213_89,13435_0,88.68505361187556
3300045952_21.fna,3300045952_21,13436_0,54.255757279354185
3300064041_91.fna,3300064041_91,13437_0,58.71861022331769
3300078532_15.fna,3300078532_15,13438_0,71.75755470147229
3300060745_73.fna,3300060745_73,13439_1,72.96711021342612
3300055048_69.fna,3300055048_69,13440_0,77.42490313
3300072783_44.fna,3300072783_44,13441_0,91.81921232515506
3300045884_48.fna,3300045884_48,13442_1,79.86610902804965
3300044854_14.fna,3300044854_14,13443_1,77.91273432533372
3300064482_24.fna,3300064482_24,13443_2,43.935884873449666
3300075650_24.fna,3300075650_24,13444_1,73.15289718973784
3300055273_24.fna,3300055273_24,13444_2,32.056056930424866
3300056876_24.fna,3300056876_24,13445_0,45.14128488449286
3300073847_4.fna,3300073847_4,13446_0,76.82281248355463
3300082287_6.fna,3300082287_6,13447_0,73.44572550723244
3300046836_7.fna,3300046836_7,13448_1,75.42107604
3300079101_59.fna,3300079101_59,13448_2,59.128328375967925
3300046829_15.fna,3300046829_15,13449_1,72.73081046157296
3300082259_7.fna,3300082259_7,13449_2,73.59396904868471
3300078424_1.fna,3300078424_1,13450_1,73.58295535566558
3300080038_24.fna,3300080038_24,13450_2,70.01174173901377
3300060915_27.fna,3300060915_27,13450_3,77.19854289170044
3300079692_26.fna,3300079692_26,13450_4,59.93335238832894
3300049446_26.fna,3300049446_26,13451_0,64.06356124882548
3300046658_5.fna,3300046658_5,13452_1,77.21241571659984
3300050656_16.fna,3300050656_16,13453_1,71.80377964
3300043719_5.fna,3300043719_5,13454_1,77.80948676365196
3300044506_10.fna,3300044506_10,13454_2,64.54673662690483
3300075665_20.fna,3300075665_20,13454_3,67.26860679414486
3300043760_13.fna,3300043760_13,13455_0,76.87880239373023
3300064111_35.fna,3300064111_35,13456_0,68.19938491139156
3300056903_105.fna,3300056903_105,13457_1,88.58729922270895
3300062823_78.fna,3300062823_78,13458_0,82.95840861
3300063416_51.fna,3300063416_51,13459_0,56.450929563262676
3300043595_11.fna,3300043595_11,13460_0,91.62937701207294
3300080687_16.fna,3300080687_16,13461_0,35.12410430723398
3300063058_114.fna,3300063058_114,13462_0,72.20857105317056
3300072780_75.fna,3300072780_75,13463_1,64.71514575453928
3300072660_23.fna,3300072660_23,13464_0,99.15504353344855
3300072659_52.fna,3300072659_52,13465_1,101.17528606473927
3300072780_33.fna,3300072780_33,13466_1,100.9867514842155
3300082196_40.fna,3300082196_40,13467_1,76.59782220878748
3300075573_60.fna,3300075573_60,13468_0,61.23718291786502
3300081967_27.fna,3300081967_27,13469_0,54.42853850160471
3300063042_37.fna,3300063042_37,13470_1,69.50782758323055
3300079510_6.fna,3300079510_6,13471_1,89.19477943496021
3300081527_26.fna,3300081527_26,13472_0,48.23727887242679
3300060745_26.fna,3300060745_26,13473_0,87.50900893523239
3300057055_118.fna,3300057055_118,13474_0,83.96667022632434
3300043640_34.fna,3300043640_34,13475_0,62.33187303080672
3300059579_44.fna,3300059579_44,13476_0,66.00020469727804
3300077288_66.fna,3300077288_66,13477_0,93.64712096489711
3300060745_19.fna,3300060745_19,13478_0,76.48979527613402
3300078313_22.fna,3300078313_22,13479_0,74.30487445928343
3300055099_74.fna,3300055099_74,13480_0,96.22948748295066
3300072118_22.fna,3300072118_22,13481_0,84.99802530089437
3300063020_33.fna,3300063020_33,13482_1,99.69870848715303
3300063132_144.fna,3300063132_144,13482_2,96.52099381
3300062795_17.fna,3300062795_17,13483_0,81.11926994896989
3300063018_44.fna,3300063018_44,13484_0,93.60575690332846
3300063022_5.fna,3300063022_5,13485_0,70.13580520736173
3300062821_32.fna,3300062821_32,13486_0,65.72765973262936
3300063017_52.fna,3300063017_52,13487_0,87.30525386181466
3300063022_16.fna,3300063022_16,13488_0,42.93703848041204
3300063058_12.fna,3300063058_12,13489_0,76.57421110731792
3300063058_96.fna,3300063058_96,13490_1,98.15509555
3300063045_4.fna,3300063045_4,13491_0,63.61838570616666
3300054704_118.fna,3300054704_118,13492_0,92.21812517504955
3300049743_20.fna,3300049743_20,13493_0,62.08373374392953
3300066490_9.fna,3300066490_9,13494_0,68.60968558069575
3300055072_74.fna,3300055072_74,13495_0,80.65997891467234
3300059581_7.fna,3300059581_7,13496_1,88.06143060944828
3300056896_122.fna,3300056896_122,13497_0,79.09123202302895
3300057003_63.fna,3300057003_63,13498_0,59.043633840405434
3300050235_27.fna,3300050235_27,13499_1,80.92592195
3300062131_83.fna,3300062131_83,13500_0,46.107065756315436
3300082511_59.fna,3300082511_59,13501_0,76.84762044353268
3300079690_29.fna,3300079690_29,13502_0,87.29036784870785
3300076621_56.fna,3300076621_56,13503_1,82.96888821
3300061213_7.fna,3300061213_7,13503_2,92.30678174
3300079428_38.fna,3300079428_38,13503_3,54.38870023397762
3300052318_3.fna,3300052318_3,13504_1,83.81458133662949
3300082035_98.fna,3300082035_98,13504_2,78.90746678566236
3300046791_20.fna,3300046791_20,13505_1,95.24871912669009
3300077666_67.fna,3300077666_67,13506_1,78.23427126877098
3300075606_80.fna,3300075606_80,13507_1,80.12046110132131
3300075646_46.fna,3300075646_46,13508_1,76.24511525
3300060351_15.fna,3300060351_15,13509_1,75.57643654422998
3300050242_3.fna,3300050242_3,13509_2,75.59142877167108
3300061211_71.fna,3300061211_71,13510_1,81.23022064909736
3300078280_42.fna,3300078280_42,13510_2,66.76373374392952
3300055099_32.fna,3300055099_32,13511_0,68.78213964303093
3300052995_34.fna,3300052995_34,13512_1,64.62279317095174
3300048613_2.fna,3300048613_2,13513_1,73.46744579502372
3300075495_16.fna,3300075495_16,13514_0,80.33485371673004
3300081965_170.fna,3300081965_170,13515_0,71.47850310895615
3300082266_89.fna,3300082266_89,13516_0,70.20821338623513
3300057035_81.fna,3300057035_81,13517_1,87.03872813803424
3300051096_107.fna,3300051096_107,13518_1,86.13310876653017
3300076003_39.fna,3300076003_39,13518_2,79.13378553299184
3300075578_8.fna,3300075578_8,13519_1,65.28634301958107
3300081967_13.fna,3300081967_13,13519_2,60.939057966095035
3300061640_40.fna,3300061640_40,13520_1,94.59303164407048
3300053076_9.fna,3300053076_9,13520_2,34.72135266353717
3300073873_15.fna,3300073873_15,13520_3,79.98639845004215
3300080057_19.fna,3300080057_19,13520_4,71.29274778372186
3300079101_128.fna,3300079101_128,13521_0,56.29397036060775
3300052793_2.fna,3300052793_2,13522_1,79.81187260520349
3300060916_96.fna,3300060916_96,13523_1,78.39634310161891
3300055099_9.fna,3300055099_9,13524_0,92.12480173646387
3300050124_6.fna,3300050124_6,13525_0,91.2078311
3300079545_42.fna,3300079545_42,13526_0,65.03893227788718
3300082281_46.fna,3300082281_46,13527_0,71.21979527613402
3300075492_101.fna,3300075492_101,13528_0,77.93841114229797
3300057016_17.fna,3300057016_17,13529_1,81.76491267076658
3300057016_4.fna,3300057016_4,13530_0,56.853325538544446
3300081968_25.fna,3300081968_25,13531_0,42.54537747244506
3300054986_52.fna,3300054986_52,13532_1,67.44411727264135
3300081964_41.fna,3300081964_41,13533_1,73.78085517642869
3300080066_20.fna,3300080066_20,13533_2,42.585219797383346
3300055072_3.fna,3300055072_3,13534_0,76.20976100656445
3300077816_48.fna,3300077816_48,13535_0,58.96781358310495
3300056878_35.fna,3300056878_35,13536_0,72.22152617
3300044691_19.fna,3300044691_19,13537_0,90.96674105009448
3300078359_144.fna,3300078359_144,13538_0,89.83080588698077
3300059595_3.fna,3300059595_3,13539_1,77.36596429840549
3300054987_72.fna,3300054987_72,13540_0,71.30682831430772
3300051238_175.fna,3300051238_175,13541_1,88.76051538217372
3300049579_5.fna,3300049579_5,13542_1,94.04711717040297
3300049569_46.fna,3300049569_46,13542_2,80.04735951868393
3300054986_100.fna,3300054986_100,13543_0,68.51203284622623
3300062687_39.fna,3300062687_39,13544_0,86.06080005878525
3300037105_13.fna,3300037105_13,13545_1,74.40052953709696
3300014496_20.fna,3300014496_20,13546_0,49.282810412501746
3300054681_2.fna,3300054681_2,13547_0,75.22903176349894
3300066521_32.fna,3300066521_32,13548_0,56.490014563668666
3300044796_80.fna,3300044796_80,13549_0,65.26934757915582
3300063015_37.fna,3300063015_37,13550_0,71.03676969822641
3300062794_44.fna,3300062794_44,13551_0,74.36200442549962
3300064040_133.fna,3300064040_133,13552_0,69.19301367635883
3300056843_4.fna,3300056843_4,13553_0,72.80854156015792
3300061537_65.fna,3300061537_65,13554_0,96.25534909
3300062803_62.fna,3300062803_62,13555_1,76.98114476122518
3300064095_70.fna,3300064095_70,13556_0,62.004662603556056
3300080031_17.fna,3300080031_17,13557_0,69.25337931
3300048800_52.fna,3300048800_52,13558_0,70.52502346055635
3300057009_67.fna,3300057009_67,13559_0,50.763194460576415
3300042876_21.fna,3300042876_21,13560_0,78.64126462026441
3300044673_70.fna,3300044673_70,13561_0,60.14745975320187
3300046737_1.fna,3300046737_1,13562_0,74.30623257390403
3300057031_45.fna,3300057031_45,13563_0,70.29865598669845
3300051099_160.fna,3300051099_160,13564_1,92.38806173915805
3300060917_27.fna,3300060917_27,13565_0,91.70092020084773
3300048822_17.fna,3300048822_17,13566_0,40.19537747244506
3300079549_29.fna,3300079549_29,13567_0,79.22403514132162
3300056867_73.fna,3300056867_73,13568_0,67.84109425613302
3300081965_85.fna,3300081965_85,13569_0,61.55556871756014
3300050232_18.fna,3300050232_18,13570_0,75.91783765639897
3300055072_77.fna,3300055072_77,13571_0,75.99817473046136
3300055099_2.fna,3300055099_2,13572_0,90.96394358920477
3300080028_181.fna,3300080028_181,13573_0,81.57642208383116
3300051238_6.fna,3300051238_6,13574_1,71.46715689
3300055239_173.fna,3300055239_173,13575_0,75.62263856712792
3300077107_2.fna,3300077107_2,13576_0,42.34062158048371
3300050025_1.fna,3300050025_1,13577_0,76.20385362
3300031949_49.fna,3300031949_49,13578_0,92.64356918773858
3300055048_28.fna,3300055048_28,13579_1,89.96953361
3300064095_104.fna,3300064095_104,13580_0,85.54094586
3300072965_6.fna,3300072965_6,13581_0,69.66952721059853
3300046705_5.fna,3300046705_5,13582_0,74.37986928309857
3300072967_51.fna,3300072967_51,13583_0,78.72081303901133
3300063014_46.fna,3300063014_46,13584_1,87.04830952083482
3300072118_8.fna,3300072118_8,13585_1,84.77229244215698
3300065456_21.fna,3300065456_21,13586_1,89.05038639171667
3300064040_129.fna,3300064040_129,13587_0,89.09796982760827
3300072960_30.fna,3300072960_30,13588_0,93.21479159098587
3300062823_69.fna,3300062823_69,13589_0,54.07667873574148
3300064095_193.fna,3300064095_193,13590_0,83.42439448696778
3300044808_22.fna,3300044808_22,13591_0,67.94537588838257
3300066659_47.fna,3300066659_47,13592_0,89.04327279011757
3300044808_14.fna,3300044808_14,13593_1,73.56585254680247
3300081272_9.fna,3300081272_9,13593_2,69.16442621283728
3300034002_4.fna,3300034002_4,13594_0,70.72709912896455
3300035686_7.fna,3300035686_7,13595_0,77.64311176459537
3300072965_16.fna,3300072965_16,13596_0,55.38229469
3300072971_9.fna,3300072971_9,13597_0,62.17722397447449
3300035019_4.fna,3300035019_4,13598_0,72.80745148400375
3300072978_13.fna,3300072978_13,13599_1,63.786625946729586
3300062555_2.fna,3300062555_2,13600_1,77.16173015
3300035097_5.fna,3300035097_5,13601_0,71.18795569985849
3300043770_4.fna,3300043770_4,13602_0,73.57762773985621
3300066608_104.fna,3300066608_104,13603_0,59.52783348
3300066608_15.fna,3300066608_15,13604_0,76.25207434577567
3300082309_40.fna,3300082309_40,13605_0,76.67233039628638
3300072629_2.fna,3300072629_2,13606_1,68.39131337
3300037833_8.fna,3300037833_8,13607_0,69.23310604967018
3300064042_174.fna,3300064042_174,13608_0,64.73440927
3300046616_46.fna,3300046616_46,13609_0,80.50300856990343
3300064039_75.fna,3300064039_75,13610_0,67.61746729453871
3300039308_6.fna,3300039308_6,13611_0,72.55017611129757
3300044808_73.fna,3300044808_73,13612_0,74.42150017201058
3300045085_20.fna,3300045085_20,13613_0,92.61576194976485
3300047578_19.fna,3300047578_19,13614_0,94.56035141739385
3300062687_41.fna,3300062687_41,13615_0,78.44505838303395
3300062712_5.fna,3300062712_5,13616_0,77.69826561
3300078161_17.fna,3300078161_17,13617_0,72.07665155
3300043598_13.fna,3300043598_13,13618_1,83.90850403983532
3300044836_24.fna,3300044836_24,13618_2,67.93355337204954
3300043480_1.fna,3300043480_1,13618_3,75.61787200820912
3300018429_5.fna,3300018429_5,13618_4,47.51367880406559
3300044838_4.fna,3300044838_4,13618_5,82.11428150335735
3300043770_1.fna,3300043770_1,13619_0,77.02813725045195
3300044720_49.fna,3300044720_49,13620_0,72.82140855720475
3300082533_11.fna,3300082533_11,13621_0,60.84562341811633
3300044703_26.fna,3300044703_26,13622_0,86.57183579809325
3300064095_131.fna,3300064095_131,13623_0,84.27799598
3300051238_119.fna,3300051238_119,13624_1,90.82804951008698
3300051238_111.fna,3300051238_111,13625_1,90.94467852895045
3300082538_26.fna,3300082538_26,13626_0,75.11173842680194
3300044457_1.fna,3300044457_1,13627_0,57.78960105880171
3300046383_4.fna,3300046383_4,13628_0,49.052573906063444
3300054986_39.fna,3300054986_39,13629_0,67.38581236726701
3300061856_70.fna,3300061856_70,13630_0,54.08097114601404
3300082073_80.fna,3300082073_80,13631_0,37.258156265420595
3300060323_52.fna,3300060323_52,13632_1,75.14076726545106
3300061847_4.fna,3300061847_4,13633_0,72.42425261652383
3300060672_59.fna,3300060672_59,13634_0,62.81043974943774
3300078358_37.fna,3300078358_37,13635_0,75.54402220286848
3300050648_15.fna,3300050648_15,13636_1,63.14103489566315
3300051158_35.fna,3300051158_35,13637_0,69.68791911493106
3300063415_25.fna,3300063415_25,13638_0,80.09835189954485
3300061216_50.fna,3300061216_50,13639_0,73.56942932971027
3300081264_9.fna,3300081264_9,13640_0,59.55101037588598
3300082353_14.fna,3300082353_14,13641_0,68.25859714226202
3300044459_14.fna,3300044459_14,13642_1,62.93082693510696
3300051521_62.fna,3300051521_62,13642_2,53.98340274165564
3300062865_11.fna,3300062865_11,13643_0,65.51847087857338
3300082512_11.fna,3300082512_11,13644_0,63.97568573325729
3300082285_17.fna,3300082285_17,13645_0,50.50608817223948
3300082505_8.fna,3300082505_8,13646_0,75.13388273016702
3300055099_8.fna,3300055099_8,13647_0,71.98972284923055
3300060665_1.fna,3300060665_1,13648_0,57.154926510556805
3300036840_8.fna,3300036840_8,13649_1,46.52792025
3300055048_26.fna,3300055048_26,13650_0,72.47850646968826
3300080031_33.fna,3300080031_33,13651_0,68.9377613
3300020146_4.fna,3300020146_4,13652_0,69.94103725288689
3300049574_67.fna,3300049574_67,13653_0,78.65367283273604
3300082536_45.fna,3300082536_45,13654_0,85.24770428003853
3300043352_2.fna,3300043352_2,13655_0,86.55073260758505
3300080673_38.fna,3300080673_38,13656_0,81.19996983285857
3300049002_2.fna,3300049002_2,13657_0,57.41329335285755
3300062792_34.fna,3300062792_34,13658_1,74.47615354566926
3300037432_1.fna,3300037432_1,13659_0,78.26205639609839
3300037393_1.fna,3300037393_1,13660_0,71.03282613
3300082536_21.fna,3300082536_21,13661_0,67.30564686
3300024186_3.fna,3300024186_3,13662_0,70.35984234591203
3300062558_40.fna,3300062558_40,13663_0,90.63612734550243
3300064482_48.fna,3300064482_48,13664_0,81.11716948481336
3300082240_39.fna,3300082240_39,13665_1,86.45646718
3300081791_41.fna,3300081791_41,13666_0,90.56294700506548
3300082240_34.fna,3300082240_34,13667_0,62.31016313828632
3300055273_72.fna,3300055273_72,13668_0,38.385259048509944
3300063057_54.fna,3300063057_54,13669_1,75.81414949692284
3300036783_8.fna,3300036783_8,13670_0,78.33297079400946
3300055273_36.fna,3300055273_36,13671_0,63.39136618160269
3300049002_29.fna,3300049002_29,13672_0,56.02255752656143
3300082204_49.fna,3300082204_49,13673_0,69.79982887326179
3300081638_20.fna,3300081638_20,13674_0,83.39853749217559
3300073846_27.fna,3300073846_27,13675_0,79.34791602485635
3300077141_33.fna,3300077141_33,13676_0,53.85758075414743
3300082240_23.fna,3300082240_23,13677_0,74.78611812017502
3300075649_11.fna,3300075649_11,13678_0,66.40157017801259
3300066533_7.fna,3300066533_7,13679_0,77.97140951308674
3300066602_16.fna,3300066602_16,13680_0,63.035139076803375
3300044836_27.fna,3300044836_27,13681_0,58.72040340216718
3300049005_22.fna,3300049005_22,13682_1,72.88826678
3300064030_28.fna,3300064030_28,13682_2,73.31686052
3300034000_3.fna,3300034000_3,13683_0,64.24967435865678
3300066602_32.fna,3300066602_32,13684_0,59.53994749000582
3300079107_18.fna,3300079107_18,13685_0,66.13019266
3300062864_6.fna,3300062864_6,13686_1,70.02171606108055
3300049007_5.fna,3300049007_5,13687_0,69.67757618844571
3300044734_42.fna,3300044734_42,13688_1,75.45570698605304
3300049000_24.fna,3300049000_24,13689_0,70.19378644
3300044734_7.fna,3300044734_7,13690_0,69.81281919012227
3300049003_2.fna,3300049003_2,13691_0,70.60993954320062
3300062782_19.fna,3300062782_19,13692_1,79.48336526807068
3300037503_5.fna,3300037503_5,13692_2,78.89244096925616
3300034393_1.fna,3300034393_1,13693_0,73.83148158107072
3300036939_5.fna,3300036939_5,13694_0,72.27394524059318
3300044808_5.fna,3300044808_5,13695_0,70.46147916
3300034134_6.fna,3300034134_6,13696_1,66.25103981319654
3300062466_4.fna,3300062466_4,13696_2,55.730504900748514
3300034004_4.fna,3300034004_4,13697_0,71.94221104405636
3300044808_62.fna,3300044808_62,13698_0,81.94496200323493
3300044812_31.fna,3300044812_31,13699_1,68.39049122
3300062782_29.fna,3300062782_29,13699_2,58.81332995
3300034000_2.fna,3300034000_2,13700_0,49.27447236722886
3300082212_95.fna,3300082212_95,13701_0,66.35562341811634
3300044717_34.fna,3300044717_34,13702_0,71.28075365931247
3300078422_49.fna,3300078422_49,13703_0,55.89404723229972
3300036831_3.fna,3300036831_3,13704_1,68.94323086881568
3300062690_16.fna,3300062690_16,13704_2,61.546113110294314
3300037471_13.fna,3300037471_13,13705_0,59.27032563400218
3300055049_22.fna,3300055049_22,13706_1,70.69420188721077
3300045837_9.fna,3300045837_9,13707_1,59.55228542088099
3300079542_3.fna,3300079542_3,13707_2,61.106539221741706
3300062690_40.fna,3300062690_40,13708_0,52.53741583247138
3300018432_9.fna,3300018432_9,13709_1,58.942106083380715
3300044808_39.fna,3300044808_39,13709_2,75.72671862047935
3300043502_3.fna,3300043502_3,13710_0,69.13591262452042
3300049003_7.fna,3300049003_7,13711_0,60.718185047604074
3300062687_8.fna,3300062687_8,13712_1,69.44341792102959
3300062689_4.fna,3300062689_4,13712_2,70.17164063721269
3300064039_79.fna,3300064039_79,13713_1,66.64340961356365
3300062687_30.fna,3300062687_30,13713_2,65.88028408884584
3300044813_18.fna,3300044813_18,13713_3,62.53546280731949
3300044836_9.fna,3300044836_9,13714_0,67.49053888803367
3300082191_26.fna,3300082191_26,13715_0,70.90320910663668
3300034024_4.fna,3300034024_4,13716_0,47.394563970994625
3300041970_3.fna,3300041970_3,13717_0,62.27742590148283
3300036771_7.fna,3300036771_7,13718_0,60.43670947251728
3300062872_14.fna,3300062872_14,13719_0,56.67665890580806
3300044722_22.fna,3300044722_22,13720_0,68.13566347913014
3300034002_3.fna,3300034002_3,13721_0,58.503918604608856
3300044739_30.fna,3300044739_30,13722_0,64.36853773278247
3300082212_80.fna,3300082212_80,13723_0,66.00290697863474
3300080928_15.fna,3300080928_15,13724_0,61.62788091822442
3300044899_18.fna,3300044899_18,13725_1,69.02328771350867
3300044717_22.fna,3300044717_22,13726_1,56.41589539472086
3300044827_5.fna,3300044827_5,13727_0,72.20483198250788
3300049006_29.fna,3300049006_29,13728_0,66.99913837817863
3300049259_52.fna,3300049259_52,13729_0,55.69969335048088
3300050467_2.fna,3300050467_2,13730_0,58.74904210700162
3300072176_22.fna,3300072176_22,13731_0,68.23097893046554
3300072958_31.fna,3300072958_31,13732_0,72.33160268534775
3300081525_13.fna,3300081525_13,13733_0,61.07322910636865
3300060643_6.fna,3300060643_6,13734_0,58.533809887258705
3300061847_9.fna,3300061847_9,13735_0,43.6762024
3300081038_25.fna,3300081038_25,13736_0,59.34164580225468
3300041973_7.fna,3300041973_7,13737_0,63.020534897876736
3300044703_72.fna,3300044703_72,13738_1,62.581171318284554
3300044836_17.fna,3300044836_17,13738_2,68.12854784976155
3300049323_1.fna,3300049323_1,13739_1,76.43504454
3300044737_56.fna,3300044737_56,13740_1,74.73862978496564
3300044812_35.fna,3300044812_35,13741_0,71.40149159
3300044818_12.fna,3300044818_12,13742_1,76.35640567358973
3300044703_56.fna,3300044703_56,13743_0,72.51762857085488
3300044833_43.fna,3300044833_43,13744_1,69.84612654763782
3300061856_68.fna,3300061856_68,13744_2,67.93002652836041
3300044734_52.fna,3300044734_52,13745_1,69.07115857169714
3300052933_5.fna,3300052933_5,13746_0,67.58879589
3300062782_8.fna,3300062782_8,13747_1,78.42045043280484
3300044703_13.fna,3300044703_13,13747_2,44.24178012024421
3300049001_19.fna,3300049001_19,13747_3,62.136557637753754
3300044717_2.fna,3300044717_2,13748_0,55.379084402840896
3300044809_26.fna,3300044809_26,13749_0,78.52311434510852
3300044899_39.fna,3300044899_39,13750_0,74.95919870659064
3300030510_1.fna,3300030510_1,13751_0,55.72960530264587
3300063175_7.fna,3300063175_7,13752_1,73.72052143459243
3300063978_25.fna,3300063978_25,13753_1,75.44437358648504
3300061846_36.fna,3300061846_36,13753_2,57.61015532131823
3300062684_6.fna,3300062684_6,13753_3,73.42454759226045
3300060354_1.fna,3300060354_1,13754_0,78.61899759124137
3300078423_36.fna,3300078423_36,13755_0,55.653519986727545
3300044457_5.fna,3300044457_5,13756_0,57.03287815726721
3300060914_17.fna,3300060914_17,13757_0,71.50142254376173
3300044836_21.fna,3300044836_21,13758_0,75.32310702617525
3300034133_1.fna,3300034133_1,13759_1,76.84554545494738
3300044737_51.fna,3300044737_51,13760_0,63.75765061188028
3300044815_30.fna,3300044815_30,13761_0,65.50499180557985
3300034174_2.fna,3300034174_2,13762_0,54.81712355
3300082309_17.fna,3300082309_17,13763_0,50.966651420944096
3300081525_6.fna,3300081525_6,13764_0,55.75934385239339
3300037503_4.fna,3300037503_4,13765_0,73.27706702
3300060354_32.fna,3300060354_32,13766_0,57.31634524087792
3300044459_15.fna,3300044459_15,13767_1,64.76366025
3300082240_29.fna,3300082240_29,13767_2,57.367576888882574
3300018920_4.fna,3300018920_4,13768_0,42.29026350613728
3300061779_6.fna,3300061779_6,13769_0,68.82063314599962
3300044815_15.fna,3300044815_15,13770_0,73.03686840113842
3300050225_15.fna,3300050225_15,13771_1,76.83838755
3300055273_53.fna,3300055273_53,13772_0,81.74814763438549
3300079549_5.fna,3300079549_5,13773_0,73.48734482147498
3300060670_63.fna,3300060670_63,13774_0,64.50231823379424
3300082221_32.fna,3300082221_32,13775_0,68.45153522481498
3300082033_54.fna,3300082033_54,13776_0,51.72155104976068
3300062131_123.fna,3300062131_123,13777_0,75.06959383921608
3300082263_55.fna,3300082263_55,13778_1,74.32947045924644
3300082286_17.fna,3300082286_17,13779_0,60.53820325043556
3300043390_2.fna,3300043390_2,13780_0,76.32074725098084
3300082215_53.fna,3300082215_53,13781_0,76.51570688
3300075606_9.fna,3300075606_9,13782_0,50.370407937529954
3300080928_11.fna,3300080928_11,13783_0,76.37090281034703
3300048891_29.fna,3300048891_29,13784_0,50.49847462424769
3300078584_27.fna,3300078584_27,13785_0,91.10368147057109
3300044808_29.fna,3300044808_29,13786_1,67.92257937979669
3300075606_31.fna,3300075606_31,13786_2,89.77376075931545
3300044812_10.fna,3300044812_10,13786_3,90.58082848
3300044737_36.fna,3300044737_36,13787_0,79.29270474671364
3300013306_34.fna,3300013306_34,13788_0,80.10322262085985
3300060318_41.fna,3300060318_41,13789_0,77.24165558755548
3300076593_14.fna,3300076593_14,13790_0,78.08505363905732
3300080928_12.fna,3300080928_12,13791_0,69.56820374497156
3300050226_14.fna,3300050226_14,13792_1,86.44804612415221
3300060665_14.fna,3300060665_14,13793_0,84.91569013109789
3300015254_1.fna,3300015254_1,13794_0,67.89201330384601
3300078161_37.fna,3300078161_37,13795_0,70.41185081
3300049002_28.fna,3300049002_28,13796_0,67.03469809
3300080038_28.fna,3300080038_28,13797_0,85.77416151
3300066608_91.fna,3300066608_91,13798_0,90.63527451571659
3300044703_27.fna,3300044703_27,13799_0,85.44582194178746
3300046729_5.fna,3300046729_5,13800_0,74.02062917643093
3300044816_5.fna,3300044816_5,13801_1,82.15677123730956
3300060320_55.fna,3300060320_55,13802_0,58.32682129138587
3300075606_69.fna,3300075606_69,13803_0,86.67144920786811
3300060895_51.fna,3300060895_51,13804_0,78.69150477932277
3300080066_7.fna,3300080066_7,13805_0,81.15690370523062
3300043619_2.fna,3300043619_2,13806_0,65.59268183367706
3300049153_4.fna,3300049153_4,13807_0,78.86809066
3300044722_25.fna,3300044722_25,13808_1,86.50813156755662
3300066457_8.fna,3300066457_8,13809_0,71.13478941646022
3300046708_7.fna,3300046708_7,13810_1,87.13096303439386
3300062712_15.fna,3300062712_15,13811_0,80.35794387190761
3300061216_65.fna,3300061216_65,13812_0,80.45872704312666
3300052903_1.fna,3300052903_1,13813_0,76.77404854453884
3300044813_12.fna,3300044813_12,13814_1,85.25219076300475
3300080065_33.fna,3300080065_33,13815_1,85.95412049
3300060318_15.fna,3300060318_15,13816_0,81.75233562501698
3300063978_17.fna,3300063978_17,13817_0,77.53801313795358
3300082212_28.fna,3300082212_28,13818_0,90.66469137
3300044703_37.fna,3300044703_37,13819_0,89.41227335167478
3300066659_96.fna,3300066659_96,13820_0,92.08832100548442
3300044457_2.fna,3300044457_2,13821_0,55.35637963204601
3300047053_2.fna,3300047053_2,13822_0,54.70800372956276
3300078711_11.fna,3300078711_11,13823_0,76.65724365249285
3300044854_6.fna,3300044854_6,13824_0,80.63272914378949
3300044459_4.fna,3300044459_4,13825_0,89.36257205695783
3300034155_3.fna,3300034155_3,13826_0,78.03509920177954
3300044834_27.fna,3300044834_27,13827_1,77.49973043002208
3300044898_35.fna,3300044898_35,13828_1,85.85145608423593
3300066457_17.fna,3300066457_17,13828_2,86.37826556574687
3300061637_39.fna,3300061637_39,13829_0,82.59315143580248
3300062791_22.fna,3300062791_22,13830_0,90.23425654
3300075606_75.fna,3300075606_75,13831_0,80.23630585177911
3300051099_52.fna,3300051099_52,13832_0,86.88005419861166
3300060671_45.fna,3300060671_45,13833_0,72.26982507880685
3300075606_4.fna,3300075606_4,13834_0,75.64726213236708
3300044814_11.fna,3300044814_11,13835_1,80.80933951429122
3300059576_23.fna,3300059576_23,13835_2,85.94426151612389
3300044812_12.fna,3300044812_12,13836_0,80.55208152968062
3300044718_33.fna,3300044718_33,13837_1,89.13882595584913
3300044809_11.fna,3300044809_11,13837_2,84.35654212
3300044831_6.fna,3300044831_6,13838_0,80.83629193352748
3300065083_94.fna,3300065083_94,13839_0,82.59087655987152
3300045119_10.fna,3300045119_10,13840_0,81.52069619
3300044898_16.fna,3300044898_16,13841_0,65.67864191078002
3300045243_2.fna,3300045243_2,13842_0,77.17820361029281
3300060744_2.fna,3300060744_2,13843_0,85.77970309
3300043365_1.fna,3300043365_1,13844_0,85.91244863623481
3300044813_28.fna,3300044813_28,13845_1,95.15084485
3300078361_18.fna,3300078361_18,13845_2,95.01482153267966
3300061202_14.fna,3300061202_14,13845_3,97.60588365505652
3300066505_29.fna,3300066505_29,13846_0,77.23900955
3300082212_70.fna,3300082212_70,13847_0,89.50240907005316
3300051088_1.fna,3300051088_1,13848_1,91.35538574738571
3300082208_26.fna,3300082208_26,13849_0,85.83819558
3300045119_17.fna,3300045119_17,13850_1,73.41025775
3300051184_4.fna,3300051184_4,13850_2,51.201284249156984
3300043633_9.fna,3300043633_9,13851_0,88.92389421471407
3300060319_42.fna,3300060319_42,13852_0,90.57931196
3300060885_20.fna,3300060885_20,13853_0,85.29561735585303
3300079540_29.fna,3300079540_29,13854_0,86.44952848144634
3300044899_25.fna,3300044899_25,13855_0,87.21529649514775
3300049001_40.fna,3300049001_40,13856_0,76.94861359052156
3300045241_28.fna,3300045241_28,13857_0,82.64383186
3300055098_38.fna,3300055098_38,13858_0,87.55272485453746
3300082204_42.fna,3300082204_42,13859_0,65.85033261593657
3300061213_8.fna,3300061213_8,13860_0,84.60167152383882
3300051188_15.fna,3300051188_15,13861_1,90.91949467259242
3300045241_10.fna,3300045241_10,13862_0,62.86221718177162
3300051096_76.fna,3300051096_76,13863_0,90.52710842918707
3300061537_61.fna,3300061537_61,13864_0,87.15718163185387
3300044711_36.fna,3300044711_36,13865_1,95.31351508
3300082536_44.fna,3300082536_44,13866_0,92.01126332262649
3300048891_5.fna,3300048891_5,13867_0,87.61721807329027
3300048793_2.fna,3300048793_2,13868_0,56.73829732370804
3300045258_8.fna,3300045258_8,13869_0,61.56402589572712
3300081724_1.fna,3300081724_1,13870_0,63.76163173795142
3300044708_26.fna,3300044708_26,13871_0,51.500070509638704
3300082055_30.fna,3300082055_30,13872_0,77.47211427135349
3300082192_64.fna,3300082192_64,13873_0,90.34503621509177
3300056897_138.fna,3300056897_138,13874_1,92.85663902515246
3300049719_3.fna,3300049719_3,13875_0,62.11104254025867
3300076763_166.fna,3300076763_166,13876_0,69.33216534
3300037466_18.fna,3300037466_18,13877_1,80.92850099616993
3300072953_12.fna,3300072953_12,13878_0,87.18786843723872
3300032898_27.fna,3300032898_27,13879_0,65.49229242686576
3300033405_51.fna,3300033405_51,13880_0,76.31608338704329
3300032895_16.fna,3300032895_16,13881_0,68.47108992645438
3300018042_14.fna,3300018042_14,13882_1,77.17970468390207
3300077284_9.fna,3300077284_9,13883_1,72.04650723001144
3300033405_65.fna,3300033405_65,13884_0,72.22211539068918
3300044712_129.fna,3300044712_129,13885_0,76.19423863546328
3300014162_17.fna,3300014162_17,13886_1,84.14501670774062
3300063336_4.fna,3300063336_4,13887_1,76.91892827646842
3300018035_18.fna,3300018035_18,13888_1,85.16244434767344
3300054985_79.fna,3300054985_79,13889_0,82.33613636912375
3300050024_18.fna,3300050024_18,13890_1,78.80529893034654
3300044802_17.fna,3300044802_17,13890_2,34.125525423388694
3300081534_61.fna,3300081534_61,13890_3,50.05157017801259
3300050140_2.fna,3300050140_2,13891_1,56.12409703594262
3300046673_60.fna,3300046673_60,13892_1,75.89603719838726
3300014151_15.fna,3300014151_15,13892_2,69.65703929269456
3300018002_8.fna,3300018002_8,13893_0,47.96179901501505
3300046484_5.fna,3300046484_5,13894_0,59.60563208549919
3300037091_14.fna,3300037091_14,13895_1,76.63089984925881
3300050033_47.fna,3300050033_47,13896_1,75.62048509225761
3300037155_12.fna,3300037155_12,13897_1,81.35102450769338
3300037132_13.fna,3300037132_13,13898_0,82.78646883387547
3300046487_29.fna,3300046487_29,13899_0,72.24637614233302
3300082225_82.fna,3300082225_82,13900_0,50.13634524087792
3300057047_16.fna,3300057047_16,13901_0,54.09128498213496
3300014155_17.fna,3300014155_17,13902_1,68.47687248672246
3300033755_23.fna,3300033755_23,13902_2,68.92205890823145
3300018024_21.fna,3300018024_21,13903_0,81.69336538396747
3300038415_25.fna,3300038415_25,13904_1,69.38822898
3300056901_151.fna,3300056901_151,13905_1,89.29502419858837
3300044798_19.fna,3300044798_19,13906_1,74.06233756278499
3300044799_12.fna,3300044799_12,13907_0,28.62958560285835
3300044798_48.fna,3300044798_48,13908_0,82.09838090600678
3300044799_96.fna,3300044799_96,13909_0,86.16823012362347
3300056865_49.fna,3300056865_49,13910_1,68.85654314107396
3300082266_102.fna,3300082266_102,13911_0,63.54494107159955
3300057038_1.fna,3300057038_1,13912_0,62.07773320793319
3300057050_53.fna,3300057050_53,13913_0,63.80606227625282
3300056996_38.fna,3300056996_38,13914_0,57.24871893410646
3300057049_125.fna,3300057049_125,13915_0,55.540074280359676
3300057031_44.fna,3300057031_44,13916_1,71.50277973521408
3300054984_26.fna,3300054984_26,13917_0,86.09498786134387
3300056902_143.fna,3300056902_143,13918_0,63.37490937192446
3300057005_47.fna,3300057005_47,13919_0,48.70698768563996
3300057051_14.fna,3300057051_14,13920_0,39.26496409471406
3300060291_30.fna,3300060291_30,13921_1,70.89906449954833
3300057040_46.fna,3300057040_46,13922_0,40.04890635407541
3300056885_95.fna,3300056885_95,13923_1,72.23879169
3300056896_57.fna,3300056896_57,13924_1,53.65160989735798
3300056903_161.fna,3300056903_161,13925_1,49.99938698151229
3300057030_4.fna,3300057030_4,13926_0,72.57797570266457
3300057051_29.fna,3300057051_29,13927_0,69.20150876172302
3300057030_106.fna,3300057030_106,13928_1,73.10606453533589
3300056889_40.fna,3300056889_40,13929_0,52.85860844450399
3300056888_7.fna,3300056888_7,13930_1,72.1021286
3300056972_56.fna,3300056972_56,13930_2,72.06040848193227
3300056904_143.fna,3300056904_143,13931_0,68.65104381477539
3300056970_55.fna,3300056970_55,13932_0,67.67335124709132
3300044798_9.fna,3300044798_9,13933_0,61.40009534163498
3300051196_16.fna,3300051196_16,13934_0,75.47188766850161
3300056906_70.fna,3300056906_70,13935_0,76.68506132142964
3300057055_74.fna,3300057055_74,13936_0,51.279148768247346
3300060291_16.fna,3300060291_16,13937_1,71.2240978
3300051196_60.fna,3300051196_60,13938_0,58.86822159981672
3300060291_231.fna,3300060291_231,13939_0,39.80872461369116
3300056903_45.fna,3300056903_45,13940_1,64.71836938
3300045051_199.fna,3300045051_199,13941_0,73.10033261593657
3300057016_74.fna,3300057016_74,13942_0,64.15120834672288
3300042923_109.fna,3300042923_109,13943_0,70.21302972
3300079394_26.fna,3300079394_26,13944_0,85.56489258791612
3300063180_113.fna,3300063180_113,13945_0,83.95540137222406
3300054968_11.fna,3300054968_11,13946_0,60.501233807447676
3300056889_38.fna,3300056889_38,13947_0,43.69106774740189
3300072960_5.fna,3300072960_5,13948_0,40.802332616623936
3300056889_167.fna,3300056889_167,13949_0,78.64115463918499
3300057044_35.fna,3300057044_35,13950_0,79.25693290000117
3300056904_153.fna,3300056904_153,13951_0,79.64117603390488
3300057053_192.fna,3300057053_192,13952_0,70.29162293696841
3300046703_50.fna,3300046703_50,13953_0,77.35947280225918
